<PAMDataset>
  <Metadata>
    <MDI key="DataType">Generic</MDI>
  </Metadata>
  <PAMRasterBand band="1">
    <Description>Band_1</Description>
    <Histograms>
      <HistItem>
        <HistMin>0.5985000133514404</HistMin>
        <HistMax>0.9294074177742004</HistMax>
        <BucketCount>256</BucketCount>
        <IncludeOutOfRange>1</IncludeOutOfRange>
        <Approximate>0</Approximate>
        <HistCounts>1|0|0|0|0|0|0|1|0|0|0|0|0|0|0|0|0|0|0|0|0|0|1|2|0|0|0|0|2|0|0|1|0|1|0|1|1|0|2|4|3|1|0|2|0|0|0|0|0|1|0|2|1|2|0|0|1|2|0|5|2|0|0|1|0|0|0|0|0|2|2|2|0|1|0|6|0|2|0|1|2|0|0|5|2|1|3|4|1|4|2|7|1|1|0|1|0|8|2|5|0|1|3|0|3|5|3|0|5|10|0|7|0|3|6|8|6|13|9|5|13|3|4|6|5|7|12|7|6|8|6|7|5|10|1|10|11|8|4|7|4|2|6|4|4|12|10|7|9|10|8|4|11|9|9|8|10|11|16|11|10|13|17|10|11|10|17|6|5|13|9|6|10|14|9|11|9|11|15|11|10|6|8|8|11|1|7|8|12|9|10|5|6|2|6|4|5|4|6|7|5|4|2|7|3|5|3|2|4|3|7|9|1|7|5|1|2|3|4|4|0|2|5|4|3|1|2|4|2|2|3|3|3|2|2|1|1|0|2|1|2|7|0|2|1|0|1|10|13|7|8|8|4|3|0|2</HistCounts>
      </HistItem>
    </Histograms>
    <Metadata>
      <MDI key="BandName">Band_1</MDI>
      <MDI key="RepresentationType">ATHEMATIC</MDI>
      <MDI key="STATISTICS_COVARIANCES">0.003782578717190847,0.0003549387457442302,0.0005710445246638629</MDI>
      <MDI key="STATISTICS_EXCLUDEDVALUES"></MDI>
      <MDI key="STATISTICS_MAXIMUM">0.9294074177742</MDI>
      <MDI key="STATISTICS_MEAN">0.80608836758263</MDI>
      <MDI key="STATISTICS_MEDIAN">0.807426</MDI>
      <MDI key="STATISTICS_MINIMUM">0.59850001335144</MDI>
      <MDI key="STATISTICS_SKIPFACTORX">1</MDI>
      <MDI key="STATISTICS_SKIPFACTORY">1</MDI>
      <MDI key="STATISTICS_STDDEV">0.061502672439422</MDI>
    </Metadata>
  </PAMRasterBand>
  <PAMRasterBand band="2">
    <Description>Band_2</Description>
    <Histograms>
      <HistItem>
        <HistMin>0.1054999977350235</HistMin>
        <HistMax>0.4724999964237213</HistMax>
        <BucketCount>256</BucketCount>
        <IncludeOutOfRange>1</IncludeOutOfRange>
        <Approximate>0</Approximate>
        <HistCounts>2|0|0|0|0|0|2|0|0|0|0|0|2|0|0|1|0|0|0|0|2|0|0|1|1|0|0|0|2|2|1|0|1|0|0|0|0|1|0|1|2|0|0|0|0|0|1|1|0|3|0|0|0|0|1|0|0|1|0|0|0|0|0|2|0|0|2|0|0|2|0|4|4|3|3|1|5|0|1|6|0|3|0|5|2|2|2|3|2|5|0|3|2|0|4|2|9|5|4|5|2|1|8|1|9|7|7|8|2|11|7|1|4|3|6|5|7|10|9|8|10|7|8|6|13|10|6|2|6|4|13|6|8|10|6|7|2|4|11|6|13|6|7|6|16|7|14|6|8|9|6|13|7|15|14|15|4|6|12|1|7|10|5|8|5|9|7|15|4|16|5|13|9|8|12|6|14|9|15|10|7|7|13|7|4|9|6|4|4|5|15|12|7|3|7|13|3|3|6|1|2|7|6|4|4|4|2|5|5|1|9|0|1|4|3|11|7|7|3|6|3|6|7|4|3|0|9|0|0|1|4|4|2|0|0|2|2|1|1|2|4|1|0|0|3|2|0|0|0|0|0|0|0|0|0|1</HistCounts>
      </HistItem>
    </Histograms>
    <Metadata>
      <MDI key="BandName">Band_2</MDI>
      <MDI key="RepresentationType">ATHEMATIC</MDI>
      <MDI key="STATISTICS_COVARIANCES">0.0003549387457442302,0.00415149676124549,0.002411468957640016</MDI>
      <MDI key="STATISTICS_EXCLUDEDVALUES"></MDI>
      <MDI key="STATISTICS_MAXIMUM">0.47249999642372</MDI>
      <MDI key="STATISTICS_MEAN">0.32546133593111</MDI>
      <MDI key="STATISTICS_MEDIAN">0.327139</MDI>
      <MDI key="STATISTICS_MINIMUM">0.10549999773502</MDI>
      <MDI key="STATISTICS_SKIPFACTORX">1</MDI>
      <MDI key="STATISTICS_SKIPFACTORY">1</MDI>
      <MDI key="STATISTICS_STDDEV">0.064432109706617</MDI>
    </Metadata>
  </PAMRasterBand>
  <PAMRasterBand band="3">
    <Description>Band_3</Description>
    <Histograms>
      <HistItem>
        <HistMin>0.1620000004768372</HistMin>
        <HistMax>0.3782500028610229</HistMax>
        <BucketCount>256</BucketCount>
        <IncludeOutOfRange>1</IncludeOutOfRange>
        <Approximate>0</Approximate>
        <HistCounts>1|0|0|0|0|0|0|0|0|0|0|0|0|0|0|0|0|0|0|1|2|3|0|0|0|0|2|4|3|0|0|2|0|2|0|0|0|0|0|0|1|0|1|3|0|1|0|0|0|0|0|0|0|7|0|2|4|0|0|1|3|0|1|4|0|4|8|1|8|4|1|1|7|6|4|2|2|2|4|7|0|14|7|3|5|6|2|10|4|10|7|8|6|2|15|6|8|7|14|6|2|6|8|8|13|3|3|8|3|6|7|6|6|6|4|6|8|9|9|3|12|14|12|6|9|2|7|18|8|10|8|7|2|11|10|10|4|1|13|12|12|10|14|4|12|8|11|12|6|11|8|6|8|4|10|15|10|5|4|10|10|5|6|15|5|8|2|4|6|9|13|5|10|8|12|11|4|6|3|5|3|4|4|4|1|5|5|1|4|2|5|3|3|1|3|5|4|5|0|5|2|5|5|3|3|6|10|1|4|2|0|1|9|3|3|2|2|3|2|2|2|1|2|4|2|2|1|3|0|2|3|0|0|1|1|0|0|0|0|2|0|0|2|1|0|0|0|0|0|0|0|0|0|0|0|1</HistCounts>
      </HistItem>
    </Histograms>
    <Metadata>
      <MDI key="BandName">Band_3</MDI>
      <MDI key="RepresentationType">ATHEMATIC</MDI>
      <MDI key="STATISTICS_COVARIANCES">0.0005710445246638629,0.002411468957640016,0.001457906617296622</MDI>
      <MDI key="STATISTICS_EXCLUDEDVALUES"></MDI>
      <MDI key="STATISTICS_MAXIMUM">0.37825000286102</MDI>
      <MDI key="STATISTICS_MEAN">0.27706820351017</MDI>
      <MDI key="STATISTICS_MEDIAN">0.277333</MDI>
      <MDI key="STATISTICS_MINIMUM">0.16200000047684</MDI>
      <MDI key="STATISTICS_SKIPFACTORX">1</MDI>
      <MDI key="STATISTICS_SKIPFACTORY">1</MDI>
      <MDI key="STATISTICS_STDDEV">0.038182543358145</MDI>
    </Metadata>
  </PAMRasterBand>
</PAMDataset>
