<PAMDataset>
  <Metadata>
    <MDI key="DataType">Generic</MDI>
  </Metadata>
  <PAMRasterBand band="1">
    <Description>Band_1</Description>
    <Histograms>
      <HistItem>
        <HistMin>0.4622499942779541</HistMin>
        <HistMax>0.9122499823570251</HistMax>
        <BucketCount>256</BucketCount>
        <IncludeOutOfRange>1</IncludeOutOfRange>
        <Approximate>0</Approximate>
        <HistCounts>1|0|0|0|0|1|2|0|0|0|0|0|0|0|0|0|0|0|0|0|1|0|0|0|1|0|0|0|0|1|1|0|0|1|1|0|0|0|0|0|0|0|1|0|0|0|0|0|0|0|4|1|1|0|0|0|1|0|0|1|0|1|0|2|1|1|0|2|2|3|0|3|3|5|0|5|2|2|0|0|1|2|1|0|3|2|0|0|0|2|4|1|2|1|2|1|3|2|0|0|3|1|4|4|4|4|2|2|6|5|5|1|7|3|5|7|3|7|4|11|4|5|5|8|5|7|9|7|14|8|7|13|15|17|11|12|17|12|18|11|27|12|9|12|20|22|9|7|11|11|8|14|20|18|21|23|13|16|9|2|13|2|11|10|14|17|3|6|4|10|11|12|8|12|9|11|12|12|6|19|18|6|19|15|16|10|9|13|22|7|13|14|17|4|11|8|3|6|10|7|5|9|3|4|6|3|1|0|1|0|0|1|0|0|0|2|0|0|1|2|0|0|0|0|0|0|0|0|0|0|0|1|0|0|0|0|0|0|0|0|0|0|0|0|0|0|0|0|0|0|0|0|0|0|0|2</HistCounts>
      </HistItem>
    </Histograms>
    <Metadata>
      <MDI key="BandName">Band_1</MDI>
      <MDI key="RepresentationType">ATHEMATIC</MDI>
      <MDI key="STATISTICS_COVARIANCES">0.003746156911450783,0.001808469906541942,0.00124466202099545</MDI>
      <MDI key="STATISTICS_EXCLUDEDVALUES"></MDI>
      <MDI key="STATISTICS_MAXIMUM">0.91224998235703</MDI>
      <MDI key="STATISTICS_MEAN">0.72981505297111</MDI>
      <MDI key="STATISTICS_MEDIAN">0.732250</MDI>
      <MDI key="STATISTICS_MINIMUM">0.46224999427795</MDI>
      <MDI key="STATISTICS_SKIPFACTORX">1</MDI>
      <MDI key="STATISTICS_SKIPFACTORY">1</MDI>
      <MDI key="STATISTICS_STDDEV">0.061205856839446</MDI>
    </Metadata>
  </PAMRasterBand>
  <PAMRasterBand band="2">
    <Description>Band_2</Description>
    <Histograms>
      <HistItem>
        <HistMin>0.2084999978542328</HistMin>
        <HistMax>0.4309999942779541</HistMax>
        <BucketCount>256</BucketCount>
        <IncludeOutOfRange>1</IncludeOutOfRange>
        <Approximate>0</Approximate>
        <HistCounts>1|1|0|0|0|0|0|0|0|0|1|0|0|0|0|0|0|0|1|0|0|0|0|0|0|0|0|0|1|0|0|0|1|0|0|1|2|0|0|0|0|1|1|0|1|1|0|0|4|4|7|1|0|1|2|6|6|6|4|5|6|7|1|5|9|7|3|7|6|10|1|4|7|8|4|2|2|6|5|7|4|1|6|6|5|10|12|4|6|11|10|7|8|9|8|8|9|7|6|6|7|2|8|18|4|7|9|9|12|2|12|3|7|4|13|3|11|6|10|1|10|7|6|3|11|6|6|14|3|6|11|4|12|13|8|9|8|7|11|6|9|10|12|13|14|16|10|7|6|7|18|6|16|9|9|15|6|10|7|10|5|10|6|11|12|8|4|15|2|7|2|4|7|6|10|1|6|11|3|9|1|7|5|2|4|8|5|1|6|4|7|8|5|7|1|6|2|4|4|5|6|5|0|6|4|4|6|4|6|3|4|0|2|4|0|0|5|2|1|0|0|0|0|0|0|0|0|0|0|0|0|0|2|0|0|0|0|1|0|0|1|0|0|0|0|0|0|0|0|0|0|0|0|0|0|1</HistCounts>
      </HistItem>
    </Histograms>
    <Metadata>
      <MDI key="BandName">Band_2</MDI>
      <MDI key="RepresentationType">ATHEMATIC</MDI>
      <MDI key="STATISTICS_COVARIANCES">0.001808469906541942,0.00146762051478086,0.0009690614945987654</MDI>
      <MDI key="STATISTICS_EXCLUDEDVALUES"></MDI>
      <MDI key="STATISTICS_MAXIMUM">0.43099999427795</MDI>
      <MDI key="STATISTICS_MEAN">0.32245981329341</MDI>
      <MDI key="STATISTICS_MEDIAN">0.324549</MDI>
      <MDI key="STATISTICS_MINIMUM">0.20849999785423</MDI>
      <MDI key="STATISTICS_SKIPFACTORX">1</MDI>
      <MDI key="STATISTICS_SKIPFACTORY">1</MDI>
      <MDI key="STATISTICS_STDDEV">0.038309535559451</MDI>
    </Metadata>
  </PAMRasterBand>
  <PAMRasterBand band="3">
    <Description>Band_3</Description>
    <Histograms>
      <HistItem>
        <HistMin>0.2002499997615814</HistMin>
        <HistMax>0.3695000112056732</HistMax>
        <BucketCount>256</BucketCount>
        <IncludeOutOfRange>1</IncludeOutOfRange>
        <Approximate>0</Approximate>
        <HistCounts>1|1|0|0|0|0|0|0|1|0|0|0|0|0|0|1|0|0|0|0|0|0|0|0|0|0|1|1|0|1|1|0|0|0|0|1|0|1|1|1|1|4|3|2|1|1|0|0|7|2|5|9|6|3|8|4|6|0|3|7|5|10|2|6|3|11|5|5|7|2|1|8|8|6|3|4|4|8|12|7|11|2|16|6|6|12|4|17|7|10|4|13|9|8|8|6|13|9|6|6|10|6|5|7|7|6|11|5|6|9|9|9|12|3|12|9|11|16|5|8|7|11|15|10|6|11|20|16|9|20|10|13|9|8|17|12|15|10|15|8|16|9|9|12|9|17|14|5|7|12|2|6|13|11|7|6|2|10|8|8|17|3|4|5|1|4|9|12|7|9|5|5|0|3|7|3|6|8|5|0|6|5|7|4|4|0|4|0|0|3|2|0|1|3|0|0|0|0|0|0|0|0|0|0|0|0|0|0|0|0|0|0|0|0|0|0|0|0|0|0|0|0|0|0|0|0|0|0|0|2|0|0|0|4|0|0|0|0|0|0|0|1|0|0|0|0|0|0|0|0|0|1|0|0|0|1</HistCounts>
      </HistItem>
    </Histograms>
    <Metadata>
      <MDI key="BandName">Band_3</MDI>
      <MDI key="RepresentationType">ATHEMATIC</MDI>
      <MDI key="STATISTICS_COVARIANCES">0.00124466202099545,0.0009690614945987654,0.0006561478531506484</MDI>
      <MDI key="STATISTICS_EXCLUDEDVALUES"></MDI>
      <MDI key="STATISTICS_MAXIMUM">0.36950001120567</MDI>
      <MDI key="STATISTICS_MEAN">0.27885368502108</MDI>
      <MDI key="STATISTICS_MEDIAN">0.281225</MDI>
      <MDI key="STATISTICS_MINIMUM">0.20024999976158</MDI>
      <MDI key="STATISTICS_SKIPFACTORX">1</MDI>
      <MDI key="STATISTICS_SKIPFACTORY">1</MDI>
      <MDI key="STATISTICS_STDDEV">0.025615383134957</MDI>
    </Metadata>
  </PAMRasterBand>
</PAMDataset>
