<PAMDataset>
  <Metadata>
    <MDI key="DataType">Generic</MDI>
  </Metadata>
  <PAMRasterBand band="1">
    <Description>Band_1</Description>
    <Histograms>
      <HistItem>
        <HistMin>0.590749979019165</HistMin>
        <HistMax>0.9200370311737061</HistMax>
        <BucketCount>256</BucketCount>
        <IncludeOutOfRange>1</IncludeOutOfRange>
        <Approximate>0</Approximate>
        <HistCounts>1|0|0|0|0|0|0|0|0|0|1|0|0|0|0|0|0|1|0|0|0|0|0|0|0|0|0|0|0|0|0|0|0|0|1|0|0|0|0|0|0|0|0|0|0|0|0|0|1|0|0|0|0|0|0|0|0|2|0|1|1|1|0|2|2|3|0|3|2|1|2|0|2|4|0|1|1|4|1|0|1|0|0|3|4|6|2|5|6|10|10|7|8|5|9|4|8|8|18|8|7|11|13|14|6|10|9|12|15|7|5|11|25|15|12|12|10|4|21|6|16|10|20|16|31|18|18|14|19|15|14|11|12|11|8|14|13|23|12|19|24|22|17|14|9|9|6|5|8|11|12|5|2|9|10|7|5|10|6|1|8|11|6|6|7|6|9|12|9|4|7|5|6|5|5|6|6|2|4|9|1|3|3|1|1|4|3|2|1|1|1|0|2|3|1|0|0|0|0|1|0|1|0|0|0|0|0|1|0|0|1|0|0|0|0|0|0|0|0|0|0|0|1|0|0|0|0|0|0|0|0|0|0|0|0|0|0|0|0|0|1|0|0|0|0|0|0|0|0|0|0|0|0|0|0|1</HistCounts>
      </HistItem>
    </Histograms>
    <Metadata>
      <MDI key="BandName">Band_1</MDI>
      <MDI key="RepresentationType">ATHEMATIC</MDI>
      <MDI key="STATISTICS_COVARIANCES">0.001384849160557446,0.0007022112043780079,0.000472118604693189</MDI>
      <MDI key="STATISTICS_EXCLUDEDVALUES"></MDI>
      <MDI key="STATISTICS_MAXIMUM">0.92003703117371</MDI>
      <MDI key="STATISTICS_MEAN">0.75748231223941</MDI>
      <MDI key="STATISTICS_MEDIAN">0.756039</MDI>
      <MDI key="STATISTICS_MINIMUM">0.59074997901917</MDI>
      <MDI key="STATISTICS_SKIPFACTORX">1</MDI>
      <MDI key="STATISTICS_SKIPFACTORY">1</MDI>
      <MDI key="STATISTICS_STDDEV">0.037213561514016</MDI>
    </Metadata>
  </PAMRasterBand>
  <PAMRasterBand band="2">
    <Description>Band_2</Description>
    <Histograms>
      <HistItem>
        <HistMin>0.1117499992251396</HistMin>
        <HistMax>0.456250011920929</HistMax>
        <BucketCount>256</BucketCount>
        <IncludeOutOfRange>1</IncludeOutOfRange>
        <Approximate>0</Approximate>
        <HistCounts>1|0|0|0|0|0|0|0|0|0|1|0|0|0|0|0|0|2|0|0|0|0|0|0|0|0|0|0|0|0|0|0|0|0|0|0|0|0|0|0|0|0|0|1|4|0|1|0|2|0|2|0|0|0|2|0|0|0|1|0|2|0|0|0|1|0|0|0|0|2|2|1|0|1|1|0|0|0|0|0|2|0|0|0|4|2|2|2|1|0|5|0|1|7|9|3|5|7|13|7|13|13|15|21|18|16|34|11|15|16|15|14|11|20|17|10|19|14|14|15|15|30|14|22|6|14|16|12|11|18|15|12|11|20|14|7|12|13|17|7|18|13|15|8|14|13|10|11|5|12|13|8|11|14|6|8|14|14|15|2|13|5|7|4|9|12|6|5|4|5|1|3|3|3|1|2|4|6|0|2|2|2|5|1|4|0|4|0|1|0|5|2|0|2|2|2|0|0|0|0|0|0|0|0|0|2|0|0|0|0|0|0|0|0|0|0|0|0|0|0|0|0|0|0|0|0|0|0|0|0|0|0|0|0|0|0|0|0|0|0|0|0|0|0|0|0|0|0|0|0|0|0|0|0|0|1</HistCounts>
      </HistItem>
    </Histograms>
    <Metadata>
      <MDI key="BandName">Band_2</MDI>
      <MDI key="RepresentationType">ATHEMATIC</MDI>
      <MDI key="STATISTICS_COVARIANCES">0.0007022112043780079,0.001350019449439831,0.0008208374022830161</MDI>
      <MDI key="STATISTICS_EXCLUDEDVALUES"></MDI>
      <MDI key="STATISTICS_MAXIMUM">0.45625001192093</MDI>
      <MDI key="STATISTICS_MEAN">0.2855529303122</MDI>
      <MDI key="STATISTICS_MEDIAN">0.281974</MDI>
      <MDI key="STATISTICS_MINIMUM">0.11174999922514</MDI>
      <MDI key="STATISTICS_SKIPFACTORX">1</MDI>
      <MDI key="STATISTICS_SKIPFACTORY">1</MDI>
      <MDI key="STATISTICS_STDDEV">0.036742610814146</MDI>
    </Metadata>
  </PAMRasterBand>
  <PAMRasterBand band="3">
    <Description>Band_3</Description>
    <Histograms>
      <HistItem>
        <HistMin>0.1504999995231628</HistMin>
        <HistMax>0.4182499945163727</HistMax>
        <BucketCount>256</BucketCount>
        <IncludeOutOfRange>1</IncludeOutOfRange>
        <Approximate>0</Approximate>
        <HistCounts>1|0|1|0|0|0|0|0|0|0|0|0|0|0|0|0|2|0|0|0|0|0|0|0|0|0|0|0|0|0|0|0|0|0|0|1|0|4|1|1|1|0|0|0|0|1|0|0|0|0|2|0|4|1|0|1|3|0|2|1|0|0|0|1|0|4|2|1|2|1|2|2|1|4|2|4|13|13|3|9|12|17|7|20|20|27|20|10|19|19|26|32|17|21|18|24|11|24|13|14|31|28|21|21|17|24|9|15|14|13|21|21|12|18|23|9|13|20|10|15|22|17|11|8|13|14|19|12|8|7|7|8|14|5|4|5|2|4|8|9|2|2|1|3|3|5|3|7|5|5|1|0|0|0|2|0|0|0|2|0|1|0|0|0|0|0|0|0|0|0|0|0|0|0|0|0|0|0|0|1|0|0|0|0|0|0|0|0|0|0|0|0|0|0|0|0|0|0|0|0|0|0|0|0|0|0|0|0|0|0|0|0|0|0|0|0|0|0|0|0|0|0|0|0|0|0|0|0|0|0|0|0|0|0|0|0|0|0|0|0|0|0|0|0|0|0|0|0|0|0|0|0|0|0|0|1</HistCounts>
      </HistItem>
    </Histograms>
    <Metadata>
      <MDI key="BandName">Band_3</MDI>
      <MDI key="RepresentationType">ATHEMATIC</MDI>
      <MDI key="STATISTICS_COVARIANCES">0.000472118604693189,0.0008208374022830161,0.0005157342274391733</MDI>
      <MDI key="STATISTICS_EXCLUDEDVALUES"></MDI>
      <MDI key="STATISTICS_MAXIMUM">0.41824999451637</MDI>
      <MDI key="STATISTICS_MEAN">0.25955387554175</MDI>
      <MDI key="STATISTICS_MEDIAN">0.257600</MDI>
      <MDI key="STATISTICS_MINIMUM">0.15049999952316</MDI>
      <MDI key="STATISTICS_SKIPFACTORX">1</MDI>
      <MDI key="STATISTICS_SKIPFACTORY">1</MDI>
      <MDI key="STATISTICS_STDDEV">0.022709782637427</MDI>
    </Metadata>
  </PAMRasterBand>
</PAMDataset>
