<PAMDataset>
  <Metadata>
    <MDI key="DataType">Generic</MDI>
  </Metadata>
  <PAMRasterBand band="1">
    <Description>Band_1</Description>
    <Histograms>
      <HistItem>
        <HistMin>0.5975000262260437</HistMin>
        <HistMax>0.8345000147819519</HistMax>
        <BucketCount>256</BucketCount>
        <IncludeOutOfRange>1</IncludeOutOfRange>
        <Approximate>0</Approximate>
        <HistCounts>1|0|1|1|0|0|0|2|2|2|0|1|1|2|0|2|0|3|4|1|4|1|3|0|3|8|4|5|4|2|4|2|11|7|1|11|4|10|2|10|5|12|10|12|15|10|3|20|18|6|24|10|14|9|18|9|13|20|15|22|9|11|18|12|12|22|17|26|20|15|16|15|25|17|17|19|17|17|16|19|10|7|8|15|11|12|15|13|3|21|6|13|13|13|11|11|9|8|10|4|7|8|5|9|10|9|7|5|6|2|8|6|5|11|8|3|4|9|9|4|4|0|5|0|3|2|1|0|7|0|2|0|4|7|2|6|0|2|2|2|0|4|6|0|0|0|0|0|2|1|0|0|0|0|0|0|0|2|1|0|0|1|0|1|1|2|0|0|0|3|0|0|0|3|0|0|3|0|2|2|2|5|0|0|2|0|0|0|0|1|0|0|1|0|2|2|0|0|0|0|2|0|0|0|2|0|0|0|0|0|0|0|2|0|0|0|4|0|0|0|2|2|2|0|0|0|2|0|0|0|0|0|0|2|0|2|0|0|2|0|0|0|0|2|0|0|2|0|0|2|0|0|2|0|0|2</HistCounts>
      </HistItem>
    </Histograms>
    <Metadata>
      <MDI key="BandName">Band_1</MDI>
      <MDI key="RepresentationType">ATHEMATIC</MDI>
      <MDI key="STATISTICS_COVARIANCES">0.001462021394694218,-0.0002283476529784705,-4.047298875077463e-05</MDI>
      <MDI key="STATISTICS_EXCLUDEDVALUES"></MDI>
      <MDI key="STATISTICS_MAXIMUM">0.83450001478195</MDI>
      <MDI key="STATISTICS_MEAN">0.67248276623579</MDI>
      <MDI key="STATISTICS_MEDIAN">0.664418</MDI>
      <MDI key="STATISTICS_MINIMUM">0.59750002622604</MDI>
      <MDI key="STATISTICS_SKIPFACTORX">1</MDI>
      <MDI key="STATISTICS_SKIPFACTORY">1</MDI>
      <MDI key="STATISTICS_STDDEV">0.038236388358398</MDI>
    </Metadata>
  </PAMRasterBand>
  <PAMRasterBand band="2">
    <Description>Band_2</Description>
    <Histograms>
      <HistItem>
        <HistMin>0.1202500015497208</HistMin>
        <HistMax>0.3260000050067902</HistMax>
        <BucketCount>256</BucketCount>
        <IncludeOutOfRange>1</IncludeOutOfRange>
        <Approximate>0</Approximate>
        <HistCounts>2|0|0|2|2|0|0|0|0|0|2|0|0|0|0|0|2|4|0|0|0|0|0|0|0|2|0|2|0|0|0|2|0|0|0|0|0|2|4|4|6|2|2|0|0|2|4|2|2|0|0|0|0|2|0|0|0|0|0|0|2|0|0|0|0|0|0|0|0|0|0|0|2|1|1|1|2|4|1|1|0|4|2|8|2|2|5|5|6|8|6|4|3|7|2|6|11|4|9|3|10|13|12|13|12|24|20|23|19|21|18|12|32|18|28|15|21|21|31|29|20|16|20|23|23|19|27|29|28|28|20|35|22|18|10|26|24|18|18|9|33|17|7|10|4|7|6|5|5|10|11|6|4|4|1|6|5|5|2|1|2|2|3|1|3|1|2|2|0|5|0|2|0|2|3|2|2|1|1|1|0|3|0|0|1|0|0|3|0|0|0|2|0|0|2|0|0|3|3|0|0|0|0|0|0|0|0|0|0|2|0|0|0|1|0|1|0|0|0|1|0|0|0|0|0|0|2|0|0|0|0|0|0|0|0|0|0|2|0|0|1|0|0|0|0|0|0|0|0|1|0|0|1|0|0|2</HistCounts>
      </HistItem>
    </Histograms>
    <Metadata>
      <MDI key="BandName">Band_2</MDI>
      <MDI key="RepresentationType">ATHEMATIC</MDI>
      <MDI key="STATISTICS_COVARIANCES">-0.0002283476529784705,0.0005855365979074834,0.0003723411529684482</MDI>
      <MDI key="STATISTICS_EXCLUDEDVALUES"></MDI>
      <MDI key="STATISTICS_MAXIMUM">0.32600000500679</MDI>
      <MDI key="STATISTICS_MEAN">0.21786856314669</MDI>
      <MDI key="STATISTICS_MEDIAN">0.218687</MDI>
      <MDI key="STATISTICS_MINIMUM">0.12025000154972</MDI>
      <MDI key="STATISTICS_SKIPFACTORX">1</MDI>
      <MDI key="STATISTICS_SKIPFACTORY">1</MDI>
      <MDI key="STATISTICS_STDDEV">0.024197863498819</MDI>
    </Metadata>
  </PAMRasterBand>
  <PAMRasterBand band="3">
    <Description>Band_3</Description>
    <Histograms>
      <HistItem>
        <HistMin>0.164000004529953</HistMin>
        <HistMax>0.3005000054836273</HistMax>
        <BucketCount>256</BucketCount>
        <IncludeOutOfRange>1</IncludeOutOfRange>
        <Approximate>0</Approximate>
        <HistCounts>2|2|0|2|0|0|0|4|0|0|0|2|0|0|0|0|0|2|2|0|0|8|4|0|0|2|2|2|4|2|2|0|4|2|2|2|1|0|0|1|3|0|2|2|0|1|2|0|0|1|0|2|7|1|5|8|6|5|3|5|2|12|7|6|5|7|5|5|14|9|19|9|12|7|10|11|12|28|18|27|24|25|18|21|23|22|35|24|21|21|28|18|33|23|18|19|29|22|35|25|11|22|20|17|13|20|31|12|11|10|13|10|8|11|11|5|8|5|4|8|8|1|2|9|6|7|6|13|0|4|7|3|4|2|2|2|2|1|1|1|2|3|2|2|2|1|0|2|2|1|5|0|0|1|0|1|1|1|1|1|0|2|0|0|0|1|0|0|0|0|1|3|0|0|0|0|2|0|2|0|1|0|1|0|0|2|0|0|0|0|0|0|0|0|0|1|0|1|0|1|0|0|0|0|0|0|0|1|0|1|0|0|0|0|0|0|0|2|0|0|0|0|0|0|0|0|1|0|0|0|0|0|0|0|0|0|1|0|0|0|0|0|0|0|0|0|1|0|0|0|0|1|0|0|0|3</HistCounts>
      </HistItem>
    </Histograms>
    <Metadata>
      <MDI key="BandName">Band_3</MDI>
      <MDI key="RepresentationType">ATHEMATIC</MDI>
      <MDI key="STATISTICS_COVARIANCES">-4.047298875077463e-05,0.0003723411529684482,0.0002591539208978431</MDI>
      <MDI key="STATISTICS_EXCLUDEDVALUES"></MDI>
      <MDI key="STATISTICS_MAXIMUM">0.30050000548363</MDI>
      <MDI key="STATISTICS_MEAN">0.21346573922721</MDI>
      <MDI key="STATISTICS_MEDIAN">0.212712</MDI>
      <MDI key="STATISTICS_MINIMUM">0.16400000452995</MDI>
      <MDI key="STATISTICS_SKIPFACTORX">1</MDI>
      <MDI key="STATISTICS_SKIPFACTORY">1</MDI>
      <MDI key="STATISTICS_STDDEV">0.01609825831877</MDI>
    </Metadata>
  </PAMRasterBand>
</PAMDataset>
