<PAMDataset>
  <Metadata>
    <MDI key="DataType">Generic</MDI>
  </Metadata>
  <PAMRasterBand band="1">
    <Description>Band_1</Description>
    <Histograms>
      <HistItem>
        <HistMin>0.609499990940094</HistMin>
        <HistMax>0.9433703422546387</HistMax>
        <BucketCount>256</BucketCount>
        <IncludeOutOfRange>1</IncludeOutOfRange>
        <Approximate>0</Approximate>
        <HistCounts>1|0|0|0|1|0|1|0|0|1|0|0|1|0|0|0|0|0|2|0|1|4|0|1|4|5|4|4|1|1|1|0|2|6|2|3|2|3|3|0|0|4|3|1|2|3|5|2|7|3|6|3|1|1|3|5|10|13|6|6|3|8|7|6|5|7|4|4|1|7|3|8|5|11|9|5|1|4|2|1|7|4|1|9|3|4|0|0|2|3|0|3|1|0|2|2|0|3|3|0|0|0|2|3|0|0|0|0|0|0|0|1|2|3|0|0|3|0|6|2|2|0|1|0|0|0|1|0|0|4|1|2|0|3|1|2|2|1|2|0|0|1|0|0|1|0|1|1|2|0|1|0|0|3|0|0|0|1|1|0|0|4|2|0|1|3|1|1|1|2|2|2|4|3|2|0|0|2|1|4|2|6|0|1|6|6|5|3|3|6|11|4|2|6|5|1|1|5|5|4|3|0|9|4|4|3|9|3|4|3|5|10|2|2|5|7|2|5|5|11|6|5|3|3|4|6|8|3|2|0|4|5|8|4|4|4|8|53|76|63|42|20|6|11|9|0|0|0|0|0|1|0|1|1|0|1</HistCounts>
      </HistItem>
    </Histograms>
    <Metadata>
      <MDI key="BandName">Band_1</MDI>
      <MDI key="RepresentationType">ATHEMATIC</MDI>
      <MDI key="STATISTICS_COVARIANCES">0.01042452607329072,-0.004746615123820192,-0.002500935712399081</MDI>
      <MDI key="STATISTICS_EXCLUDEDVALUES"></MDI>
      <MDI key="STATISTICS_MAXIMUM">0.94337034225464</MDI>
      <MDI key="STATISTICS_MEAN">0.82629103789423</MDI>
      <MDI key="STATISTICS_MEDIAN">0.870050</MDI>
      <MDI key="STATISTICS_MINIMUM">0.60949999094009</MDI>
      <MDI key="STATISTICS_SKIPFACTORX">1</MDI>
      <MDI key="STATISTICS_SKIPFACTORY">1</MDI>
      <MDI key="STATISTICS_STDDEV">0.10210056842785</MDI>
    </Metadata>
  </PAMRasterBand>
  <PAMRasterBand band="2">
    <Description>Band_2</Description>
    <Histograms>
      <HistItem>
        <HistMin>0.03299999982118607</HistMin>
        <HistMax>0.3529999852180481</HistMax>
        <BucketCount>256</BucketCount>
        <IncludeOutOfRange>1</IncludeOutOfRange>
        <Approximate>0</Approximate>
        <HistCounts>2|1|1|0|0|0|0|0|0|0|0|1|1|2|0|0|0|0|0|0|0|0|0|0|0|0|0|0|0|0|0|0|0|0|0|0|0|0|0|0|0|2|0|0|0|0|0|0|0|0|0|0|0|0|0|0|0|0|0|1|0|2|1|3|0|1|3|6|0|5|2|0|2|0|2|1|2|4|0|0|0|1|1|1|1|2|1|0|1|2|3|1|1|0|0|1|1|0|2|0|0|0|0|0|1|0|5|5|0|1|2|6|1|4|6|5|7|8|5|4|8|17|20|19|21|23|23|24|19|26|17|18|20|13|21|12|19|5|7|23|5|8|9|11|12|11|6|7|4|11|2|7|5|6|3|4|1|2|5|6|6|8|5|6|4|2|3|1|2|3|0|0|2|1|0|1|3|6|1|3|3|0|2|2|3|0|2|2|2|0|4|3|0|3|2|3|2|1|1|4|6|0|2|0|1|0|0|3|3|2|1|2|1|0|1|0|1|6|11|2|10|11|10|11|9|10|10|10|6|9|11|6|8|5|4|4|5|3|5|1|4|4|2|1|0|3|1|3|2|0|2|2|0|0|0|2</HistCounts>
      </HistItem>
    </Histograms>
    <Metadata>
      <MDI key="BandName">Band_2</MDI>
      <MDI key="RepresentationType">ATHEMATIC</MDI>
      <MDI key="STATISTICS_COVARIANCES">-0.004746615123820192,0.003613344604503488,0.002026912349574368</MDI>
      <MDI key="STATISTICS_EXCLUDEDVALUES"></MDI>
      <MDI key="STATISTICS_MAXIMUM">0.35299998521805</MDI>
      <MDI key="STATISTICS_MEAN">0.22703438868348</MDI>
      <MDI key="STATISTICS_MEDIAN">0.207431</MDI>
      <MDI key="STATISTICS_MINIMUM">0.032999999821186</MDI>
      <MDI key="STATISTICS_SKIPFACTORX">1</MDI>
      <MDI key="STATISTICS_SKIPFACTORY">1</MDI>
      <MDI key="STATISTICS_STDDEV">0.060111102173421</MDI>
    </Metadata>
  </PAMRasterBand>
  <PAMRasterBand band="3">
    <Description>Band_3</Description>
    <Histograms>
      <HistItem>
        <HistMin>0.09849999845027924</HistMin>
        <HistMax>0.2935000061988831</HistMax>
        <BucketCount>256</BucketCount>
        <IncludeOutOfRange>1</IncludeOutOfRange>
        <Approximate>0</Approximate>
        <HistCounts>2|2|1|0|0|0|0|1|0|2|0|0|0|0|0|0|0|0|0|0|0|0|0|0|2|0|0|0|0|0|0|0|0|0|0|0|0|0|0|0|0|0|0|0|0|0|0|0|0|0|0|0|0|0|0|3|0|1|1|1|0|2|0|0|0|0|0|4|1|6|2|2|0|1|2|2|0|1|0|5|1|1|1|1|1|2|0|0|1|0|0|1|5|0|0|2|2|1|0|1|0|0|6|2|0|0|4|0|0|3|2|0|3|4|4|3|3|8|3|10|4|10|9|17|11|18|12|31|15|23|22|17|23|19|18|16|23|15|19|17|24|10|9|7|5|9|8|13|11|8|7|3|4|5|2|2|7|1|2|8|3|5|4|10|1|7|0|1|3|4|5|2|2|3|4|2|4|0|3|2|4|3|0|0|1|5|4|4|2|0|2|3|1|1|1|4|3|0|0|0|3|5|2|2|7|3|1|4|14|8|5|9|11|6|9|9|7|8|6|10|6|8|4|8|5|3|6|2|5|3|0|0|4|0|8|4|1|1|2|0|2|0|0|0|0|1|1|0|0|1|0|0|2|0|2|2</HistCounts>
      </HistItem>
    </Histograms>
    <Metadata>
      <MDI key="BandName">Band_3</MDI>
      <MDI key="RepresentationType">ATHEMATIC</MDI>
      <MDI key="STATISTICS_COVARIANCES">-0.002500935712399081,0.002026912349574368,0.001155676482123827</MDI>
      <MDI key="STATISTICS_EXCLUDEDVALUES"></MDI>
      <MDI key="STATISTICS_MAXIMUM">0.29350000619888</MDI>
      <MDI key="STATISTICS_MEAN">0.21564683388902</MDI>
      <MDI key="STATISTICS_MEDIAN">0.204794</MDI>
      <MDI key="STATISTICS_MINIMUM">0.098499998450279</MDI>
      <MDI key="STATISTICS_SKIPFACTORX">1</MDI>
      <MDI key="STATISTICS_SKIPFACTORY">1</MDI>
      <MDI key="STATISTICS_STDDEV">0.033995242051261</MDI>
    </Metadata>
  </PAMRasterBand>
</PAMDataset>
