<PAMDataset>
  <Metadata>
    <MDI key="DataType">Generic</MDI>
  </Metadata>
  <PAMRasterBand band="1">
    <Description>Band_1</Description>
    <Histograms>
      <HistItem>
        <HistMin>0.6217499971389771</HistMin>
        <HistMax>0.939203679561615</HistMax>
        <BucketCount>256</BucketCount>
        <IncludeOutOfRange>1</IncludeOutOfRange>
        <Approximate>0</Approximate>
        <HistCounts>3|1|0|0|1|0|0|0|1|2|0|0|1|0|0|0|1|0|2|1|0|0|2|1|0|2|0|0|1|1|0|4|3|0|0|1|2|2|3|0|0|3|1|1|0|0|1|3|0|6|2|4|0|5|3|4|0|5|0|0|2|5|4|5|1|0|2|7|3|4|1|2|1|4|6|2|1|4|2|3|0|1|5|5|3|3|2|2|3|0|1|2|2|0|3|1|4|2|2|2|2|1|2|0|1|3|2|1|3|4|2|2|3|2|2|0|1|0|1|0|1|1|2|2|1|1|5|2|2|0|4|1|0|2|0|1|0|5|0|1|3|4|6|1|2|5|5|0|1|3|3|3|0|5|2|1|4|1|4|2|5|6|1|2|3|3|2|4|1|11|10|1|2|4|6|6|10|8|11|16|3|5|8|12|12|15|12|11|10|8|9|11|15|15|16|15|4|6|14|13|10|4|19|16|13|15|8|11|9|3|6|7|1|8|11|9|6|7|2|4|3|3|9|4|7|5|1|3|3|2|1|5|1|3|0|1|3|2|0|16|22|14|13|10|12|1|2|3|1|7|2|10|2|4|2|2</HistCounts>
      </HistItem>
    </Histograms>
    <Metadata>
      <MDI key="BandName">Band_1</MDI>
      <MDI key="RepresentationType">ATHEMATIC</MDI>
      <MDI key="STATISTICS_COVARIANCES">0.005763832912388077,0.001605094360032976,0.001440932946664594</MDI>
      <MDI key="STATISTICS_EXCLUDEDVALUES"></MDI>
      <MDI key="STATISTICS_MAXIMUM">0.93920367956161</MDI>
      <MDI key="STATISTICS_MEAN">0.83358069967706</MDI>
      <MDI key="STATISTICS_MEDIAN">0.854549</MDI>
      <MDI key="STATISTICS_MINIMUM">0.62174999713898</MDI>
      <MDI key="STATISTICS_SKIPFACTORX">1</MDI>
      <MDI key="STATISTICS_SKIPFACTORY">1</MDI>
      <MDI key="STATISTICS_STDDEV">0.075919911172156</MDI>
    </Metadata>
  </PAMRasterBand>
  <PAMRasterBand band="2">
    <Description>Band_2</Description>
    <Histograms>
      <HistItem>
        <HistMin>0.05750000104308128</HistMin>
        <HistMax>0.7935000061988831</HistMax>
        <BucketCount>256</BucketCount>
        <IncludeOutOfRange>1</IncludeOutOfRange>
        <Approximate>0</Approximate>
        <HistCounts>1|0|1|1|2|2|8|0|5|8|7|3|1|0|1|0|0|0|2|0|0|0|4|0|0|0|0|0|0|4|3|0|1|0|0|0|0|0|0|0|2|1|0|1|2|3|0|3|2|3|0|3|3|8|11|8|1|6|5|1|9|5|6|11|11|12|15|17|23|16|16|24|17|17|17|3|5|4|12|6|9|11|7|8|12|8|13|6|15|3|10|13|16|14|18|20|21|28|20|32|28|23|19|26|16|24|19|19|12|13|14|9|14|21|9|9|7|5|5|5|4|2|4|0|1|0|0|0|0|0|2|0|0|1|0|0|0|1|0|0|0|0|0|0|0|0|0|0|0|0|0|0|0|0|0|0|0|0|0|0|0|0|0|0|0|0|0|0|0|0|0|0|0|0|0|0|2|0|0|0|0|0|0|0|0|0|0|0|0|0|0|0|0|0|0|0|0|0|1|0|0|0|0|0|1|0|0|0|0|0|0|0|0|0|0|0|0|0|0|0|1|0|0|0|0|0|0|0|0|0|0|0|0|0|0|0|0|0|0|0|0|0|0|0|0|0|0|1|0|0|0|0|0|0|0|2</HistCounts>
      </HistItem>
    </Histograms>
    <Metadata>
      <MDI key="BandName">Band_2</MDI>
      <MDI key="RepresentationType">ATHEMATIC</MDI>
      <MDI key="STATISTICS_COVARIANCES">0.001605094360032976,0.0066237766522357,0.004756047637193016</MDI>
      <MDI key="STATISTICS_EXCLUDEDVALUES"></MDI>
      <MDI key="STATISTICS_MAXIMUM">0.79350000619888</MDI>
      <MDI key="STATISTICS_MEAN">0.30520036212152</MDI>
      <MDI key="STATISTICS_MEDIAN">0.323037</MDI>
      <MDI key="STATISTICS_MINIMUM">0.057500001043081</MDI>
      <MDI key="STATISTICS_SKIPFACTORX">1</MDI>
      <MDI key="STATISTICS_SKIPFACTORY">1</MDI>
      <MDI key="STATISTICS_STDDEV">0.081386587667967</MDI>
    </Metadata>
  </PAMRasterBand>
  <PAMRasterBand band="3">
    <Description>Band_3</Description>
    <Histograms>
      <HistItem>
        <HistMin>0.1019999980926514</HistMin>
        <HistMax>0.6832500100135803</HistMax>
        <BucketCount>256</BucketCount>
        <IncludeOutOfRange>1</IncludeOutOfRange>
        <Approximate>0</Approximate>
        <HistCounts>1|0|1|0|7|5|2|3|4|4|2|3|6|2|0|0|6|0|0|0|0|0|0|0|0|3|4|0|1|0|0|2|1|1|2|3|0|3|2|2|5|6|4|7|7|4|5|13|6|8|13|17|14|22|14|21|16|14|28|17|14|4|8|11|11|9|7|7|6|10|13|12|6|8|13|12|14|12|29|20|22|17|31|30|21|26|37|25|22|25|22|16|17|15|16|20|9|10|8|7|7|5|2|0|2|3|0|0|2|1|0|0|2|0|0|1|0|0|0|0|0|0|0|0|0|0|0|0|0|0|0|0|0|0|0|0|0|0|0|0|1|0|0|0|0|0|0|0|0|0|0|0|0|0|0|0|0|0|0|0|0|0|0|0|0|0|0|0|0|0|0|0|0|0|0|0|0|0|2|0|0|0|0|0|0|0|0|0|0|0|0|0|0|0|0|0|0|0|0|0|0|0|0|0|0|0|2|0|0|0|1|0|0|0|0|0|0|0|0|0|0|0|0|0|0|0|0|0|0|0|0|0|0|0|0|0|0|0|0|0|0|0|0|0|0|0|0|0|0|1|0|0|0|0|0|2</HistCounts>
      </HistItem>
    </Histograms>
    <Metadata>
      <MDI key="BandName">Band_3</MDI>
      <MDI key="RepresentationType">ATHEMATIC</MDI>
      <MDI key="STATISTICS_COVARIANCES">0.001440932946664594,0.004756047637193016,0.003487421559244979</MDI>
      <MDI key="STATISTICS_EXCLUDEDVALUES"></MDI>
      <MDI key="STATISTICS_MAXIMUM">0.68325001001358</MDI>
      <MDI key="STATISTICS_MEAN">0.26589762144399</MDI>
      <MDI key="STATISTICS_MEDIAN">0.277515</MDI>
      <MDI key="STATISTICS_MINIMUM">0.10199999809265</MDI>
      <MDI key="STATISTICS_SKIPFACTORX">1</MDI>
      <MDI key="STATISTICS_SKIPFACTORY">1</MDI>
      <MDI key="STATISTICS_STDDEV">0.059054394918964</MDI>
    </Metadata>
  </PAMRasterBand>
</PAMDataset>
