<PAMDataset>
  <Metadata>
    <MDI key="DataType">Generic</MDI>
  </Metadata>
  <PAMRasterBand band="1">
    <Description>Band_1</Description>
    <Histograms>
      <HistItem>
        <HistMin>0.5727499723434448</HistMin>
        <HistMax>0.8604999780654907</HistMax>
        <BucketCount>256</BucketCount>
        <IncludeOutOfRange>1</IncludeOutOfRange>
        <Approximate>0</Approximate>
        <HistCounts>2|0|0|0|0|0|0|0|0|0|1|0|0|0|0|0|0|0|0|0|0|1|0|0|0|0|0|0|0|1|0|2|0|1|0|0|2|0|0|0|3|0|1|1|6|5|4|7|4|3|8|3|2|1|7|6|4|4|9|9|12|2|11|7|11|10|18|12|12|10|15|8|8|14|12|19|9|19|17|28|17|14|11|16|20|21|20|25|21|25|15|26|10|17|20|14|12|22|9|13|16|15|12|13|10|23|6|21|10|14|6|14|8|10|9|9|14|9|17|17|14|17|8|16|4|5|12|7|16|11|11|3|3|9|5|0|4|3|3|3|3|3|2|4|3|1|3|4|3|2|1|0|0|6|0|3|0|1|2|2|2|2|0|0|0|0|1|0|0|0|2|0|1|3|0|0|0|1|1|0|1|0|0|0|1|2|1|0|1|1|2|0|0|1|3|0|0|0|1|0|0|2|2|0|2|1|0|0|2|0|0|0|0|0|0|0|1|0|1|0|0|0|0|2|0|0|0|1|0|0|0|1|0|0|2|0|0|0|0|0|3|0|1|0|0|1|0|0|0|0|0|0|0|0|0|1</HistCounts>
      </HistItem>
    </Histograms>
    <Metadata>
      <MDI key="BandName">Band_1</MDI>
      <MDI key="RepresentationType">ATHEMATIC</MDI>
      <MDI key="STATISTICS_COVARIANCES">0.001389803370720059,-0.0002379329901095893,-7.109142485482495e-05</MDI>
      <MDI key="STATISTICS_EXCLUDEDVALUES"></MDI>
      <MDI key="STATISTICS_MAXIMUM">0.86049997806549</MDI>
      <MDI key="STATISTICS_MEAN">0.68367264338391</MDI>
      <MDI key="STATISTICS_MEDIAN">0.677694</MDI>
      <MDI key="STATISTICS_MINIMUM">0.57274997234344</MDI>
      <MDI key="STATISTICS_SKIPFACTORX">1</MDI>
      <MDI key="STATISTICS_SKIPFACTORY">1</MDI>
      <MDI key="STATISTICS_STDDEV">0.037280066667323</MDI>
    </Metadata>
  </PAMRasterBand>
  <PAMRasterBand band="2">
    <Description>Band_2</Description>
    <Histograms>
      <HistItem>
        <HistMin>0.1112499982118607</HistMin>
        <HistMax>0.2747499942779541</HistMax>
        <BucketCount>256</BucketCount>
        <IncludeOutOfRange>1</IncludeOutOfRange>
        <Approximate>0</Approximate>
        <HistCounts>1|0|1|0|1|2|1|0|0|3|0|2|3|1|3|3|3|0|1|2|0|3|0|0|2|0|0|0|0|1|3|0|0|0|0|0|1|0|1|0|2|0|0|0|0|0|0|0|0|1|0|0|0|0|0|0|0|0|0|0|0|0|1|2|0|0|0|0|0|0|0|0|0|0|0|0|0|0|0|0|0|0|0|0|0|0|0|0|0|0|0|0|0|0|0|0|0|0|0|1|1|1|1|1|2|2|0|0|0|1|3|2|2|1|2|2|1|4|6|2|1|0|3|8|1|0|4|1|5|5|6|4|2|1|8|5|9|5|7|9|1|14|9|12|18|11|27|12|18|13|32|19|36|16|27|19|17|24|11|32|15|19|27|11|39|28|19|16|30|15|23|25|10|30|15|26|17|15|17|11|26|19|15|11|14|12|14|7|8|8|5|15|2|15|4|5|7|5|7|3|8|6|3|3|1|4|0|0|3|2|4|1|2|0|0|0|0|1|0|0|0|1|0|2|0|0|0|3|0|0|1|2|0|0|1|0|1|0|0|0|0|0|0|1|0|0|1|0|0|0|0|0|2|3|1|1</HistCounts>
      </HistItem>
    </Histograms>
    <Metadata>
      <MDI key="BandName">Band_2</MDI>
      <MDI key="RepresentationType">ATHEMATIC</MDI>
      <MDI key="STATISTICS_COVARIANCES">-0.0002379329901095893,0.0004980894811467336,0.0002967242449574628</MDI>
      <MDI key="STATISTICS_EXCLUDEDVALUES"></MDI>
      <MDI key="STATISTICS_MAXIMUM">0.27474999427795</MDI>
      <MDI key="STATISTICS_MEAN">0.21355629652689</MDI>
      <MDI key="STATISTICS_MEDIAN">0.215762</MDI>
      <MDI key="STATISTICS_MINIMUM">0.11124999821186</MDI>
      <MDI key="STATISTICS_SKIPFACTORX">1</MDI>
      <MDI key="STATISTICS_SKIPFACTORY">1</MDI>
      <MDI key="STATISTICS_STDDEV">0.022317918387402</MDI>
    </Metadata>
  </PAMRasterBand>
  <PAMRasterBand band="3">
    <Description>Band_3</Description>
    <Histograms>
      <HistItem>
        <HistMin>0.1522500067949295</HistMin>
        <HistMax>0.2535000145435333</HistMax>
        <BucketCount>256</BucketCount>
        <IncludeOutOfRange>1</IncludeOutOfRange>
        <Approximate>0</Approximate>
        <HistCounts>1|0|0|1|0|1|1|0|2|1|4|0|0|0|0|3|1|3|1|0|1|0|3|1|0|0|2|0|3|0|4|0|0|0|2|0|0|0|1|0|0|0|2|0|1|2|0|0|0|0|0|0|0|0|0|0|0|0|0|2|0|1|0|0|0|0|0|0|0|0|0|0|0|0|0|0|0|0|0|0|0|0|0|0|0|0|0|0|0|0|0|3|0|1|1|3|2|0|0|2|1|1|2|4|4|1|3|6|5|1|5|1|6|4|2|7|2|6|3|8|8|4|7|1|9|6|5|13|5|15|21|9|17|14|11|5|19|16|9|45|14|18|26|17|25|21|34|25|6|25|4|29|9|23|27|17|26|20|22|21|7|14|13|24|16|15|21|10|31|7|11|15|7|14|9|24|6|10|10|8|12|17|5|11|5|7|2|7|6|2|8|6|6|2|0|7|1|2|5|1|5|2|3|2|3|1|0|2|0|1|0|0|1|0|0|0|0|2|0|1|1|1|0|0|0|0|0|2|0|1|0|0|2|0|1|0|0|0|0|0|0|0|0|0|0|0|0|0|4|1|0|0|0|1|0|2</HistCounts>
      </HistItem>
    </Histograms>
    <Metadata>
      <MDI key="BandName">Band_3</MDI>
      <MDI key="RepresentationType">ATHEMATIC</MDI>
      <MDI key="STATISTICS_COVARIANCES">-7.109142485482495e-05,0.0002967242449574628,0.0001847433813141806</MDI>
      <MDI key="STATISTICS_EXCLUDEDVALUES"></MDI>
      <MDI key="STATISTICS_MAXIMUM">0.25350001454353</MDI>
      <MDI key="STATISTICS_MEAN">0.21149979106728</MDI>
      <MDI key="STATISTICS_MEDIAN">0.212206</MDI>
      <MDI key="STATISTICS_MINIMUM">0.15225000679493</MDI>
      <MDI key="STATISTICS_SKIPFACTORX">1</MDI>
      <MDI key="STATISTICS_SKIPFACTORY">1</MDI>
      <MDI key="STATISTICS_STDDEV">0.013592033744594</MDI>
    </Metadata>
  </PAMRasterBand>
</PAMDataset>
