<PAMDataset>
  <Metadata>
    <MDI key="DataType">Generic</MDI>
  </Metadata>
  <PAMRasterBand band="1">
    <Description>Band_1</Description>
    <Histograms>
      <HistItem>
        <HistMin>0.578499972820282</HistMin>
        <HistMax>0.9411481618881226</HistMax>
        <BucketCount>256</BucketCount>
        <IncludeOutOfRange>1</IncludeOutOfRange>
        <Approximate>0</Approximate>
        <HistCounts>1|2|2|1|0|1|1|0|0|4|6|3|2|10|5|3|4|7|6|9|9|4|5|7|3|5|6|11|5|5|3|4|6|2|4|7|0|1|5|2|0|3|5|4|2|11|3|4|4|6|10|6|7|2|6|7|6|10|10|8|3|12|2|7|3|6|9|11|2|8|9|8|3|3|5|3|2|8|8|6|2|4|1|4|7|0|3|9|2|3|2|2|4|1|0|1|1|1|1|1|3|2|3|1|3|0|0|2|0|2|1|0|2|1|1|1|1|0|0|0|0|1|1|6|0|1|1|1|2|3|0|0|2|1|1|2|3|0|2|0|3|3|2|3|0|1|2|0|1|1|0|1|1|2|0|3|2|0|2|2|1|2|0|1|2|2|2|1|0|3|1|1|3|1|1|1|2|1|2|3|2|6|2|4|1|1|2|2|1|2|0|3|2|3|0|1|5|0|0|0|1|0|1|1|0|0|1|0|1|1|0|2|0|0|0|0|0|1|0|1|0|0|1|1|0|1|0|0|0|1|0|0|0|1|0|0|1|0|0|0|1|2|3|0|1|0|1|0|0|0|0|0|0|0|0|2</HistCounts>
      </HistItem>
    </Histograms>
    <Metadata>
      <MDI key="BandName">Band_1</MDI>
      <MDI key="RepresentationType">ATHEMATIC</MDI>
      <MDI key="STATISTICS_COVARIANCES">0.007058588136380539,0.001803931402619098,0.001379611895267121</MDI>
      <MDI key="STATISTICS_EXCLUDEDVALUES"></MDI>
      <MDI key="STATISTICS_MAXIMUM">0.94114816188812</MDI>
      <MDI key="STATISTICS_MEAN">0.69501201861844</MDI>
      <MDI key="STATISTICS_MEDIAN">0.670940</MDI>
      <MDI key="STATISTICS_MINIMUM">0.57849997282028</MDI>
      <MDI key="STATISTICS_SKIPFACTORX">1</MDI>
      <MDI key="STATISTICS_SKIPFACTORY">1</MDI>
      <MDI key="STATISTICS_STDDEV">0.084015404161264</MDI>
    </Metadata>
  </PAMRasterBand>
  <PAMRasterBand band="2">
    <Description>Band_2</Description>
    <Histograms>
      <HistItem>
        <HistMin>0.1129999980330467</HistMin>
        <HistMax>0.418749988079071</HistMax>
        <BucketCount>256</BucketCount>
        <IncludeOutOfRange>1</IncludeOutOfRange>
        <Approximate>0</Approximate>
        <HistCounts>2|0|2|0|1|2|0|0|2|0|1|0|1|1|0|2|0|0|0|0|0|1|0|0|0|0|0|0|0|0|1|0|0|0|0|0|0|0|1|0|1|0|0|0|0|0|0|0|0|0|1|2|1|1|2|0|2|0|1|0|1|2|2|0|1|3|8|10|3|8|8|10|14|5|7|16|9|14|12|11|14|11|15|7|12|18|9|8|15|6|13|12|11|7|10|9|14|8|5|11|5|4|2|6|4|6|5|1|5|4|1|1|5|4|8|1|1|5|1|2|1|7|4|4|2|2|0|4|1|2|3|0|1|2|4|2|2|0|1|0|0|4|0|1|0|3|5|0|3|1|3|1|3|2|2|0|1|2|0|0|0|1|0|2|1|1|6|2|0|3|1|2|0|4|3|4|2|5|3|1|4|4|3|2|7|1|0|1|0|4|0|0|0|0|0|2|0|1|0|0|0|0|0|2|0|0|0|1|0|2|0|0|0|0|0|0|0|0|0|0|0|0|0|0|0|0|0|0|2|0|0|1|0|0|0|0|0|0|0|0|0|0|1|0|0|0|0|3|0|0|0|0|0|0|0|1</HistCounts>
      </HistItem>
    </Histograms>
    <Metadata>
      <MDI key="BandName">Band_2</MDI>
      <MDI key="RepresentationType">ATHEMATIC</MDI>
      <MDI key="STATISTICS_COVARIANCES">0.001803931402619098,0.002460645893649557,0.00149114470340759</MDI>
      <MDI key="STATISTICS_EXCLUDEDVALUES"></MDI>
      <MDI key="STATISTICS_MAXIMUM">0.41874998807907</MDI>
      <MDI key="STATISTICS_MEAN">0.23724022820738</MDI>
      <MDI key="STATISTICS_MEDIAN">0.222111</MDI>
      <MDI key="STATISTICS_MINIMUM">0.11299999803305</MDI>
      <MDI key="STATISTICS_SKIPFACTORX">1</MDI>
      <MDI key="STATISTICS_SKIPFACTORY">1</MDI>
      <MDI key="STATISTICS_STDDEV">0.04960489787964</MDI>
    </Metadata>
  </PAMRasterBand>
  <PAMRasterBand band="3">
    <Description>Band_3</Description>
    <Histograms>
      <HistItem>
        <HistMin>0.1522500067949295</HistMin>
        <HistMax>0.3362500071525574</HistMax>
        <BucketCount>256</BucketCount>
        <IncludeOutOfRange>1</IncludeOutOfRange>
        <Approximate>0</Approximate>
        <HistCounts>2|0|0|4|1|1|1|1|0|1|0|0|0|0|0|0|0|0|0|0|0|0|0|0|0|0|0|1|0|0|0|0|0|0|0|0|1|0|0|0|0|0|0|0|0|0|0|0|2|0|0|3|1|0|0|1|2|2|2|7|6|7|4|4|11|12|4|6|7|11|12|12|16|13|14|9|9|8|11|3|10|8|18|12|12|13|10|3|13|14|6|13|19|5|4|6|6|8|3|7|2|3|4|5|6|2|3|2|3|3|1|6|3|5|1|3|1|2|1|4|6|2|1|2|6|3|4|0|2|1|1|2|4|0|0|0|1|0|1|1|0|0|1|2|4|2|2|2|0|1|5|1|0|5|0|0|1|2|0|2|1|1|4|2|0|0|3|1|4|3|0|1|2|1|5|5|4|4|6|1|3|6|0|3|0|6|1|0|0|1|0|0|1|2|0|0|0|0|2|1|0|0|0|0|0|0|0|0|0|2|1|0|0|0|0|0|0|0|0|0|0|0|0|0|0|0|0|1|0|0|0|0|2|0|0|0|0|0|0|0|0|0|0|0|0|1|0|0|0|3|0|0|0|0|0|1</HistCounts>
      </HistItem>
    </Histograms>
    <Metadata>
      <MDI key="BandName">Band_3</MDI>
      <MDI key="RepresentationType">ATHEMATIC</MDI>
      <MDI key="STATISTICS_COVARIANCES">0.001379611895267121,0.00149114470340759,0.0009260008477981956</MDI>
      <MDI key="STATISTICS_EXCLUDEDVALUES"></MDI>
      <MDI key="STATISTICS_MAXIMUM">0.33625000715256</MDI>
      <MDI key="STATISTICS_MEAN">0.22530903880779</MDI>
      <MDI key="STATISTICS_MEDIAN">0.215748</MDI>
      <MDI key="STATISTICS_MINIMUM">0.15225000679493</MDI>
      <MDI key="STATISTICS_SKIPFACTORX">1</MDI>
      <MDI key="STATISTICS_SKIPFACTORY">1</MDI>
      <MDI key="STATISTICS_STDDEV">0.030430262039591</MDI>
    </Metadata>
  </PAMRasterBand>
</PAMDataset>
