<PAMDataset>
  <Metadata>
    <MDI key="DataType">Generic</MDI>
  </Metadata>
  <PAMRasterBand band="1">
    <Description>Band_1</Description>
    <Histograms>
      <HistItem>
        <HistMin>0.543749988079071</HistMin>
        <HistMax>0.9114999771118164</HistMax>
        <BucketCount>256</BucketCount>
        <IncludeOutOfRange>1</IncludeOutOfRange>
        <Approximate>0</Approximate>
        <HistCounts>1|0|0|0|0|0|0|0|0|0|0|1|0|1|0|0|0|0|0|0|0|0|0|0|0|0|2|0|0|0|0|0|0|0|1|0|0|0|0|0|0|0|1|0|0|0|2|0|0|0|0|0|0|1|0|0|0|0|0|0|0|0|0|0|0|1|0|1|1|0|0|2|1|0|0|0|1|2|4|2|0|1|0|1|0|0|5|9|1|2|3|1|2|1|0|2|4|4|1|3|0|2|1|5|0|2|2|1|3|3|1|1|6|1|5|3|1|3|2|1|0|4|3|1|3|4|3|5|3|3|7|6|6|1|7|2|4|5|1|6|4|4|10|2|1|14|8|6|12|9|4|3|11|18|8|4|10|7|12|12|9|11|19|9|10|12|14|11|13|16|13|14|12|20|20|17|6|10|15|7|11|10|9|8|9|4|12|6|5|17|7|4|7|2|6|8|6|5|4|6|4|8|0|4|2|0|3|1|3|1|2|2|4|2|4|0|0|0|0|3|2|0|0|1|1|0|0|0|1|0|0|0|1|1|2|0|1|0|0|1|0|0|2|0|1|0|0|1|0|0|0|0|0|0|0|1</HistCounts>
      </HistItem>
    </Histograms>
    <Metadata>
      <MDI key="BandName">Band_1</MDI>
      <MDI key="RepresentationType">ATHEMATIC</MDI>
      <MDI key="STATISTICS_COVARIANCES">0.002605190456102869,0.0009524265207272653,0.0006803565151191045</MDI>
      <MDI key="STATISTICS_EXCLUDEDVALUES"></MDI>
      <MDI key="STATISTICS_MAXIMUM">0.91149997711182</MDI>
      <MDI key="STATISTICS_MEAN">0.77285167915904</MDI>
      <MDI key="STATISTICS_MEDIAN">0.781706</MDI>
      <MDI key="STATISTICS_MINIMUM">0.54374998807907</MDI>
      <MDI key="STATISTICS_SKIPFACTORX">1</MDI>
      <MDI key="STATISTICS_SKIPFACTORY">1</MDI>
      <MDI key="STATISTICS_STDDEV">0.051041066369178</MDI>
    </Metadata>
  </PAMRasterBand>
  <PAMRasterBand band="2">
    <Description>Band_2</Description>
    <Histograms>
      <HistItem>
        <HistMin>0.1597499996423721</HistMin>
        <HistMax>0.4395000040531158</HistMax>
        <BucketCount>256</BucketCount>
        <IncludeOutOfRange>1</IncludeOutOfRange>
        <Approximate>0</Approximate>
        <HistCounts>2|0|0|0|0|0|0|0|0|0|0|0|0|0|0|0|0|0|0|0|0|0|0|0|2|0|1|1|0|2|2|2|1|0|1|0|1|0|0|0|1|1|0|1|0|0|1|0|1|1|0|0|0|0|0|1|0|0|0|0|1|0|0|0|1|0|0|0|0|0|0|0|0|0|1|0|1|1|3|0|0|1|0|0|0|2|2|2|1|0|0|2|0|2|1|1|2|2|1|2|3|2|2|1|9|4|5|0|6|1|8|5|2|2|3|5|0|3|4|4|7|4|6|1|2|9|2|4|5|2|7|5|8|3|11|6|10|3|5|9|10|3|5|10|13|4|13|3|19|15|12|12|7|12|10|14|10|12|3|9|12|4|10|4|16|8|12|14|7|7|10|7|9|5|6|6|8|5|10|0|11|3|9|8|8|14|5|6|11|9|14|12|6|8|9|10|6|13|8|5|6|0|3|1|2|1|5|2|0|1|2|1|2|0|1|1|0|0|0|1|0|0|0|2|0|1|0|0|0|0|0|0|1|0|0|0|0|0|3|1|0|0|0|0|1|0|1|2|1|0|0|0|0|1|0|1</HistCounts>
      </HistItem>
    </Histograms>
    <Metadata>
      <MDI key="BandName">Band_2</MDI>
      <MDI key="RepresentationType">ATHEMATIC</MDI>
      <MDI key="STATISTICS_COVARIANCES">0.0009524265207272653,0.001697813350025907,0.001169371042943161</MDI>
      <MDI key="STATISTICS_EXCLUDEDVALUES"></MDI>
      <MDI key="STATISTICS_MAXIMUM">0.43950000405312</MDI>
      <MDI key="STATISTICS_MEAN">0.32955596996332</MDI>
      <MDI key="STATISTICS_MEDIAN">0.331988</MDI>
      <MDI key="STATISTICS_MINIMUM">0.15974999964237</MDI>
      <MDI key="STATISTICS_SKIPFACTORX">1</MDI>
      <MDI key="STATISTICS_SKIPFACTORY">1</MDI>
      <MDI key="STATISTICS_STDDEV">0.0412045306978</MDI>
    </Metadata>
  </PAMRasterBand>
  <PAMRasterBand band="3">
    <Description>Band_3</Description>
    <Histograms>
      <HistItem>
        <HistMin>0.1704999953508377</HistMin>
        <HistMax>0.3804999887943268</HistMax>
        <BucketCount>256</BucketCount>
        <IncludeOutOfRange>1</IncludeOutOfRange>
        <Approximate>0</Approximate>
        <HistCounts>2|0|0|0|0|0|0|0|0|0|0|0|2|0|0|0|0|1|1|0|0|0|0|0|0|0|1|2|1|0|0|0|2|0|1|1|0|2|2|0|0|0|0|0|1|0|0|0|0|2|0|1|0|0|0|0|0|0|0|2|1|3|1|0|3|2|3|2|0|0|0|0|0|1|1|2|2|0|1|3|5|3|2|3|1|4|4|10|3|4|2|3|1|2|5|5|6|3|7|4|5|2|4|3|1|9|8|4|9|3|8|3|8|5|8|18|11|6|4|13|9|9|18|5|4|16|14|18|6|13|7|19|9|4|2|10|9|7|13|15|11|7|15|10|8|6|9|5|9|9|7|6|7|15|7|11|10|7|10|15|5|6|6|13|7|6|15|11|5|2|10|6|8|4|6|3|1|0|2|1|4|0|1|2|1|2|0|5|2|1|0|0|2|0|1|0|0|0|0|0|0|0|0|0|0|0|1|1|0|1|0|0|1|0|0|0|0|0|0|0|0|0|0|0|0|0|1|0|0|0|2|0|1|0|0|1|0|2|0|0|0|0|1|1|0|1|0|0|0|0|1|0|1|0|0|1</HistCounts>
      </HistItem>
    </Histograms>
    <Metadata>
      <MDI key="BandName">Band_3</MDI>
      <MDI key="RepresentationType">ATHEMATIC</MDI>
      <MDI key="STATISTICS_COVARIANCES">0.0006803565151191045,0.001169371042943161,0.0008475590509931655</MDI>
      <MDI key="STATISTICS_EXCLUDEDVALUES"></MDI>
      <MDI key="STATISTICS_MAXIMUM">0.38049998879433</MDI>
      <MDI key="STATISTICS_MEAN">0.27934421661926</MDI>
      <MDI key="STATISTICS_MEDIAN">0.279206</MDI>
      <MDI key="STATISTICS_MINIMUM">0.17049999535084</MDI>
      <MDI key="STATISTICS_SKIPFACTORX">1</MDI>
      <MDI key="STATISTICS_SKIPFACTORY">1</MDI>
      <MDI key="STATISTICS_STDDEV">0.029112867447113</MDI>
    </Metadata>
  </PAMRasterBand>
</PAMDataset>
