<PAMDataset>
  <Metadata>
    <MDI key="DataType">Generic</MDI>
  </Metadata>
  <PAMRasterBand band="1">
    <Description>Band_1</Description>
    <Histograms>
      <HistItem>
        <HistMin>0.4539999961853027</HistMin>
        <HistMax>0.9464259147644043</HistMax>
        <BucketCount>256</BucketCount>
        <IncludeOutOfRange>1</IncludeOutOfRange>
        <Approximate>0</Approximate>
        <HistCounts>1|0|0|0|0|0|0|0|0|0|0|0|0|1|0|0|0|0|0|0|1|0|0|0|0|0|0|0|0|0|0|1|0|0|0|0|0|0|0|0|0|0|0|0|0|0|0|0|0|0|0|0|0|0|0|0|0|0|0|0|0|0|0|0|0|0|0|0|0|0|0|0|0|0|0|0|0|0|0|0|0|0|0|0|0|0|0|0|0|0|0|0|0|0|0|0|0|0|0|0|0|0|0|0|0|0|0|0|0|0|0|0|0|0|0|0|0|0|0|0|0|0|0|0|0|0|0|0|0|0|0|0|1|0|1|0|0|0|0|2|0|0|0|0|4|1|0|1|2|0|1|0|0|0|6|0|1|4|5|5|5|7|8|10|6|5|4|14|8|6|6|7|10|8|15|14|12|8|30|23|22|20|22|23|21|27|23|38|26|22|26|39|31|38|23|36|23|29|44|25|31|29|40|24|18|23|19|17|20|12|21|23|13|8|24|31|22|15|20|20|17|13|15|15|15|15|10|12|19|10|15|10|15|9|14|5|7|6|14|5|13|61|62|45|42|24|6|6|4|4|3|2|3|0|0|1</HistCounts>
      </HistItem>
    </Histograms>
    <Metadata>
      <MDI key="BandName">Band_1</MDI>
      <MDI key="RepresentationType">ATHEMATIC</MDI>
      <MDI key="STATISTICS_COVARIANCES">0.002514267621270072,-0.001457253050800499,-0.0006743034842459419</MDI>
      <MDI key="STATISTICS_EXCLUDEDVALUES"></MDI>
      <MDI key="STATISTICS_MAXIMUM">0.9464259147644</MDI>
      <MDI key="STATISTICS_MEAN">0.8508872743025</MDI>
      <MDI key="STATISTICS_MEDIAN">0.844079</MDI>
      <MDI key="STATISTICS_MINIMUM">0.4539999961853</MDI>
      <MDI key="STATISTICS_SKIPFACTORX">1</MDI>
      <MDI key="STATISTICS_SKIPFACTORY">1</MDI>
      <MDI key="STATISTICS_STDDEV">0.050142473226498</MDI>
    </Metadata>
  </PAMRasterBand>
  <PAMRasterBand band="2">
    <Description>Band_2</Description>
    <Histograms>
      <HistItem>
        <HistMin>0.08699999749660492</HistMin>
        <HistMax>0.6157500147819519</HistMax>
        <BucketCount>256</BucketCount>
        <IncludeOutOfRange>1</IncludeOutOfRange>
        <Approximate>0</Approximate>
        <HistCounts>1|0|0|1|0|1|1|0|3|1|3|2|1|1|0|2|0|1|0|0|2|1|2|0|2|0|3|1|0|3|0|0|2|0|2|0|0|0|0|0|2|2|1|4|2|0|2|1|2|2|2|1|4|11|0|0|1|2|2|0|1|2|5|0|5|4|4|4|3|2|2|2|3|3|3|8|2|3|0|7|2|4|4|7|7|4|3|2|7|5|3|4|5|7|4|2|7|5|13|8|8|4|8|6|5|6|6|20|9|7|14|8|6|14|4|13|11|10|5|11|14|8|6|8|11|10|10|6|7|18|6|13|11|14|11|12|25|19|26|22|26|20|31|17|28|36|35|37|34|49|50|46|38|48|38|35|36|28|40|35|18|16|22|24|15|18|18|4|13|7|11|7|2|7|15|8|8|6|3|13|9|8|9|9|7|5|6|11|7|4|3|6|1|1|4|1|5|1|1|2|4|1|0|3|2|1|2|0|1|0|3|0|0|1|3|0|2|3|2|0|0|0|0|0|0|0|1|1|0|0|0|0|0|0|0|0|0|0|0|1|0|0|0|0|0|0|0|0|0|0|0|0|0|0|0|1</HistCounts>
      </HistItem>
    </Histograms>
    <Metadata>
      <MDI key="BandName">Band_2</MDI>
      <MDI key="RepresentationType">ATHEMATIC</MDI>
      <MDI key="STATISTICS_COVARIANCES">-0.001457253050800499,0.005620362974139138,0.003301742068632692</MDI>
      <MDI key="STATISTICS_EXCLUDEDVALUES"></MDI>
      <MDI key="STATISTICS_MAXIMUM">0.61575001478195</MDI>
      <MDI key="STATISTICS_MEAN">0.37306875350851</MDI>
      <MDI key="STATISTICS_MEDIAN">0.391809</MDI>
      <MDI key="STATISTICS_MINIMUM">0.086999997496605</MDI>
      <MDI key="STATISTICS_SKIPFACTORX">1</MDI>
      <MDI key="STATISTICS_SKIPFACTORY">1</MDI>
      <MDI key="STATISTICS_STDDEV">0.074969080120668</MDI>
    </Metadata>
  </PAMRasterBand>
  <PAMRasterBand band="3">
    <Description>Band_3</Description>
    <Histograms>
      <HistItem>
        <HistMin>0.1312499940395355</HistMin>
        <HistMax>0.5929999947547913</HistMax>
        <BucketCount>256</BucketCount>
        <IncludeOutOfRange>1</IncludeOutOfRange>
        <Approximate>0</Approximate>
        <HistCounts>1|0|2|1|0|0|3|2|0|0|1|0|0|0|2|4|0|1|3|2|3|0|0|0|0|1|0|1|0|4|2|0|1|0|4|1|0|1|2|4|2|3|5|2|1|4|8|1|4|3|9|4|5|1|2|6|3|6|5|10|8|11|11|6|6|1|5|12|5|14|7|12|12|10|8|10|12|15|17|9|20|15|13|16|22|13|19|15|7|14|19|9|14|21|13|25|26|30|32|30|42|44|46|44|43|39|82|61|44|61|51|45|39|41|37|21|36|24|20|19|12|6|6|13|14|9|14|18|6|10|13|7|8|4|5|9|1|6|5|3|5|3|3|5|4|2|0|4|2|1|7|1|0|0|0|0|1|0|1|0|1|0|0|0|0|0|2|0|2|0|0|0|0|0|0|0|0|0|0|0|0|0|0|0|0|0|0|0|0|0|1|0|0|0|0|0|0|0|0|0|0|0|0|0|0|0|0|0|0|0|0|0|0|0|0|0|0|0|0|0|0|0|0|0|0|0|0|0|0|0|0|0|0|0|0|1|0|0|0|0|0|0|0|0|0|0|0|0|0|0|0|0|0|0|0|1</HistCounts>
      </HistItem>
    </Histograms>
    <Metadata>
      <MDI key="BandName">Band_3</MDI>
      <MDI key="RepresentationType">ATHEMATIC</MDI>
      <MDI key="STATISTICS_COVARIANCES">-0.0006743034842459419,0.003301742068632692,0.002018550568977128</MDI>
      <MDI key="STATISTICS_EXCLUDEDVALUES"></MDI>
      <MDI key="STATISTICS_MAXIMUM">0.59299999475479</MDI>
      <MDI key="STATISTICS_MEAN">0.31052915977709</MDI>
      <MDI key="STATISTICS_MEDIAN">0.319572</MDI>
      <MDI key="STATISTICS_MINIMUM">0.13124999403954</MDI>
      <MDI key="STATISTICS_SKIPFACTORX">1</MDI>
      <MDI key="STATISTICS_SKIPFACTORY">1</MDI>
      <MDI key="STATISTICS_STDDEV">0.044928282506425</MDI>
    </Metadata>
  </PAMRasterBand>
</PAMDataset>
