<PAMDataset>
  <Metadata>
    <MDI key="DataType">Generic</MDI>
  </Metadata>
  <PAMRasterBand band="1">
    <Description>Band_1</Description>
    <Histograms>
      <HistItem>
        <HistMin>0.690500020980835</HistMin>
        <HistMax>0.9222221970558167</HistMax>
        <BucketCount>256</BucketCount>
        <IncludeOutOfRange>1</IncludeOutOfRange>
        <Approximate>0</Approximate>
        <HistCounts>2|0|0|0|0|0|0|0|0|0|0|0|0|0|0|2|0|0|0|0|0|0|0|0|0|0|0|0|0|0|0|2|0|0|0|0|0|0|0|1|2|0|0|0|0|0|2|2|0|0|0|0|0|2|1|0|0|0|0|0|0|0|0|0|0|0|0|1|1|0|0|0|0|0|1|2|1|0|0|1|1|0|0|0|2|1|2|5|0|2|0|0|2|0|2|3|5|4|5|2|2|4|1|4|2|1|0|3|14|5|2|3|1|7|6|9|14|2|10|10|5|7|9|10|13|16|17|5|8|12|18|6|8|12|9|15|13|4|22|7|19|9|10|14|6|4|11|5|17|3|9|14|9|5|16|9|3|7|6|12|11|5|12|11|7|6|8|5|8|15|10|5|5|4|6|4|4|9|4|7|2|4|13|5|4|3|2|3|5|2|4|2|5|4|6|5|1|0|2|0|3|2|5|6|2|0|1|1|2|5|1|1|7|0|1|0|1|0|2|1|1|3|1|1|5|0|0|1|0|3|2|0|0|4|1|0|0|0|0|3|2|0|3|0|1|0|0|2|5|2|0|0|2|4|0|2</HistCounts>
      </HistItem>
    </Histograms>
    <Metadata>
      <MDI key="BandName">Band_1</MDI>
      <MDI key="RepresentationType">ATHEMATIC</MDI>
      <MDI key="STATISTICS_COVARIANCES">0.001229904476505346,0.0003162494408222701,0.0002562896661031859</MDI>
      <MDI key="STATISTICS_EXCLUDEDVALUES"></MDI>
      <MDI key="STATISTICS_MAXIMUM">0.92222219705582</MDI>
      <MDI key="STATISTICS_MEAN">0.82640967471846</MDI>
      <MDI key="STATISTICS_MEDIAN">0.822264</MDI>
      <MDI key="STATISTICS_MINIMUM">0.69050002098083</MDI>
      <MDI key="STATISTICS_SKIPFACTORX">1</MDI>
      <MDI key="STATISTICS_SKIPFACTORY">1</MDI>
      <MDI key="STATISTICS_STDDEV">0.035069993962152</MDI>
    </Metadata>
  </PAMRasterBand>
  <PAMRasterBand band="2">
    <Description>Band_2</Description>
    <Histograms>
      <HistItem>
        <HistMin>0.1675000041723251</HistMin>
        <HistMax>0.3240000009536743</HistMax>
        <BucketCount>256</BucketCount>
        <IncludeOutOfRange>1</IncludeOutOfRange>
        <Approximate>0</Approximate>
        <HistCounts>2|2|0|0|1|0|0|1|0|0|1|0|1|0|0|0|0|0|0|0|0|0|0|0|0|0|0|0|0|0|0|0|1|0|0|2|0|0|0|0|0|0|0|0|0|0|0|0|0|2|2|0|0|0|0|0|0|0|0|0|0|0|0|0|1|4|0|0|2|0|2|2|3|0|0|2|0|0|4|0|2|0|2|1|0|3|0|2|2|1|0|0|0|0|4|0|0|0|1|0|0|2|0|0|0|0|0|1|0|1|0|1|0|0|0|2|0|0|2|1|0|1|2|2|1|1|1|1|2|1|3|6|1|1|3|2|4|3|8|2|3|1|9|10|9|9|1|10|5|10|9|9|6|11|4|8|13|6|7|7|10|7|16|8|15|16|5|11|8|10|6|14|8|25|8|14|13|12|14|11|6|9|12|11|23|13|15|11|13|14|10|7|5|5|5|14|8|11|9|2|10|7|9|2|10|3|10|1|6|5|4|5|2|5|6|4|3|5|2|9|2|3|1|2|10|2|8|4|4|4|3|3|3|2|3|2|1|1|0|0|0|3|0|2|0|0|1|2|0|3|0|1|1|0|1|1</HistCounts>
      </HistItem>
    </Histograms>
    <Metadata>
      <MDI key="BandName">Band_2</MDI>
      <MDI key="RepresentationType">ATHEMATIC</MDI>
      <MDI key="STATISTICS_COVARIANCES">0.0003162494408222701,0.0005819509899886948,0.0003374777211914112</MDI>
      <MDI key="STATISTICS_EXCLUDEDVALUES"></MDI>
      <MDI key="STATISTICS_MAXIMUM">0.32400000095367</MDI>
      <MDI key="STATISTICS_MEAN">0.27318419497246</MDI>
      <MDI key="STATISTICS_MEDIAN">0.274902</MDI>
      <MDI key="STATISTICS_MINIMUM">0.16750000417233</MDI>
      <MDI key="STATISTICS_SKIPFACTORX">1</MDI>
      <MDI key="STATISTICS_SKIPFACTORY">1</MDI>
      <MDI key="STATISTICS_STDDEV">0.02412366037708</MDI>
    </Metadata>
  </PAMRasterBand>
  <PAMRasterBand band="3">
    <Description>Band_3</Description>
    <Histograms>
      <HistItem>
        <HistMin>0.1994999945163727</HistMin>
        <HistMax>0.2879999876022339</HistMax>
        <BucketCount>256</BucketCount>
        <IncludeOutOfRange>1</IncludeOutOfRange>
        <Approximate>0</Approximate>
        <HistCounts>1|0|0|0|0|0|0|0|0|0|0|0|0|0|0|0|0|0|0|0|2|2|0|5|0|2|0|1|0|2|0|0|1|5|0|0|2|0|4|0|2|2|0|0|0|0|2|0|2|0|0|0|0|1|0|3|0|2|0|0|2|0|1|0|0|2|2|0|0|0|0|0|0|0|0|0|0|1|0|2|0|0|0|0|0|0|0|0|1|0|0|0|0|2|1|5|1|1|0|0|4|0|0|2|1|1|3|1|4|1|1|0|1|4|2|7|0|0|1|1|2|11|6|12|2|5|8|5|14|5|4|6|3|18|7|3|9|6|7|8|8|5|18|9|12|8|8|7|3|14|7|8|11|3|15|8|11|12|13|13|5|6|15|9|20|13|4|27|8|3|22|2|9|6|2|17|5|12|10|14|11|4|3|6|6|13|2|2|14|4|7|2|7|12|1|16|3|2|5|2|9|0|1|12|2|2|7|2|9|4|0|7|2|2|3|2|5|2|6|0|2|0|1|0|6|0|3|1|0|3|2|0|0|0|3|2|2|1|0|0|1|0|0|0|1|1|0|0|0|0|0|0|1|0|0|2</HistCounts>
      </HistItem>
    </Histograms>
    <Metadata>
      <MDI key="BandName">Band_3</MDI>
      <MDI key="RepresentationType">ATHEMATIC</MDI>
      <MDI key="STATISTICS_COVARIANCES">0.0002562896661031859,0.0003374777211914112,0.0002077735799843222</MDI>
      <MDI key="STATISTICS_EXCLUDEDVALUES"></MDI>
      <MDI key="STATISTICS_MAXIMUM">0.28799998760223</MDI>
      <MDI key="STATISTICS_MEAN">0.25393591911971</MDI>
      <MDI key="STATISTICS_MEDIAN">0.255029</MDI>
      <MDI key="STATISTICS_MINIMUM">0.19949999451637</MDI>
      <MDI key="STATISTICS_SKIPFACTORX">1</MDI>
      <MDI key="STATISTICS_SKIPFACTORY">1</MDI>
      <MDI key="STATISTICS_STDDEV">0.014414353262784</MDI>
    </Metadata>
  </PAMRasterBand>
</PAMDataset>
