<PAMDataset>
  <Metadata>
    <MDI key="DataType">Generic</MDI>
  </Metadata>
  <PAMRasterBand band="1">
    <Description>Band_1</Description>
    <Histograms>
      <HistItem>
        <HistMin>0.6345000267028809</HistMin>
        <HistMax>0.9422962665557861</HistMax>
        <BucketCount>256</BucketCount>
        <IncludeOutOfRange>1</IncludeOutOfRange>
        <Approximate>0</Approximate>
        <HistCounts>1|1|0|0|0|0|0|0|0|0|0|0|0|0|0|0|0|0|0|0|0|0|0|0|0|0|0|0|0|0|0|0|0|0|0|0|0|0|0|0|0|0|0|0|0|0|0|0|0|0|0|0|0|0|2|0|1|0|0|0|0|0|0|0|0|0|0|0|0|1|0|0|0|0|0|0|0|0|1|0|1|1|1|1|0|0|0|2|0|2|1|2|1|0|1|1|3|4|1|2|0|4|0|5|3|5|2|5|2|4|0|6|2|1|9|6|5|3|4|6|9|6|1|5|8|7|3|6|0|10|6|4|10|2|10|2|5|8|11|5|5|9|3|3|3|9|5|5|5|5|4|6|7|5|6|5|1|6|3|9|5|4|3|2|1|1|7|2|3|4|6|5|5|6|3|5|8|6|6|6|10|8|14|14|4|11|8|16|10|10|16|5|11|13|14|11|22|11|12|13|13|19|12|10|11|14|10|7|16|7|7|8|4|11|13|3|9|5|9|5|6|5|7|6|6|3|2|5|2|3|5|4|5|0|2|6|11|33|17|22|18|12|20|11|12|4|3|7|2|3|1|0|2|0|2|1</HistCounts>
      </HistItem>
    </Histograms>
    <Metadata>
      <MDI key="BandName">Band_1</MDI>
      <MDI key="RepresentationType">ATHEMATIC</MDI>
      <MDI key="STATISTICS_COVARIANCES">0.002779027695236308,-0.001497816836601558,-0.0005963227506619811</MDI>
      <MDI key="STATISTICS_EXCLUDEDVALUES"></MDI>
      <MDI key="STATISTICS_MAXIMUM">0.94229626655579</MDI>
      <MDI key="STATISTICS_MEAN">0.85677745409152</MDI>
      <MDI key="STATISTICS_MEDIAN">0.866252</MDI>
      <MDI key="STATISTICS_MINIMUM">0.63450002670288</MDI>
      <MDI key="STATISTICS_SKIPFACTORX">1</MDI>
      <MDI key="STATISTICS_SKIPFACTORY">1</MDI>
      <MDI key="STATISTICS_STDDEV">0.052716484094032</MDI>
    </Metadata>
  </PAMRasterBand>
  <PAMRasterBand band="2">
    <Description>Band_2</Description>
    <Histograms>
      <HistItem>
        <HistMin>0.08250000327825546</HistMin>
        <HistMax>0.5189999938011169</HistMax>
        <BucketCount>256</BucketCount>
        <IncludeOutOfRange>1</IncludeOutOfRange>
        <Approximate>0</Approximate>
        <HistCounts>3|0|1|2|2|0|3|1|1|0|2|2|1|0|0|0|2|1|0|0|0|1|0|2|1|3|0|2|4|1|2|0|0|6|0|1|1|1|0|2|1|0|1|0|2|0|7|3|1|1|0|1|3|1|0|2|4|1|0|2|0|1|2|0|0|0|1|1|0|0|1|1|2|2|1|0|0|0|2|0|2|2|3|3|0|2|0|2|0|0|1|0|0|3|2|1|0|2|3|2|2|2|5|0|5|0|3|1|2|0|1|1|3|2|1|2|0|3|0|2|1|1|6|2|1|3|1|2|3|1|1|2|2|2|4|3|0|1|7|4|2|5|5|3|0|2|7|7|4|6|5|1|5|7|0|8|2|7|3|4|4|12|8|6|5|5|10|6|3|9|11|9|7|17|11|12|4|12|12|12|10|13|18|8|11|10|8|5|10|10|15|13|9|14|9|10|8|21|25|17|22|16|11|11|13|28|16|12|20|8|9|15|19|14|18|7|20|15|14|13|12|9|2|4|9|5|8|9|1|2|4|0|2|0|1|0|2|1|2|1|0|0|0|0|0|2|1|0|0|0|1|1|0|2|0|1</HistCounts>
      </HistItem>
    </Histograms>
    <Metadata>
      <MDI key="BandName">Band_2</MDI>
      <MDI key="RepresentationType">ATHEMATIC</MDI>
      <MDI key="STATISTICS_COVARIANCES">-0.001497816836601558,0.007981574265693807,0.004690204371437236</MDI>
      <MDI key="STATISTICS_EXCLUDEDVALUES"></MDI>
      <MDI key="STATISTICS_MAXIMUM">0.51899999380112</MDI>
      <MDI key="STATISTICS_MEAN">0.37668054294537</MDI>
      <MDI key="STATISTICS_MEDIAN">0.402600</MDI>
      <MDI key="STATISTICS_MINIMUM">0.082500003278255</MDI>
      <MDI key="STATISTICS_SKIPFACTORX">1</MDI>
      <MDI key="STATISTICS_SKIPFACTORY">1</MDI>
      <MDI key="STATISTICS_STDDEV">0.08933965673593</MDI>
    </Metadata>
  </PAMRasterBand>
  <PAMRasterBand band="3">
    <Description>Band_3</Description>
    <Histograms>
      <HistItem>
        <HistMin>0.1367499977350235</HistMin>
        <HistMax>0.4165000021457672</HistMax>
        <BucketCount>256</BucketCount>
        <IncludeOutOfRange>1</IncludeOutOfRange>
        <Approximate>0</Approximate>
        <HistCounts>1|0|1|0|0|1|2|2|4|0|2|1|0|2|0|2|0|0|1|0|0|0|1|1|0|2|0|0|1|1|2|2|0|2|4|3|4|3|1|1|1|0|1|0|0|3|3|2|4|1|2|2|2|1|1|0|0|0|0|1|2|2|1|1|2|0|0|1|1|0|0|0|1|0|2|0|2|0|1|3|0|0|1|3|0|1|4|5|0|0|6|4|2|3|2|2|1|0|3|2|5|2|0|2|2|2|3|2|0|0|3|0|2|1|3|1|6|2|1|0|4|2|4|2|0|2|3|2|3|3|1|6|4|5|5|0|1|6|2|14|6|3|5|10|4|9|12|2|5|5|10|11|12|5|16|9|11|14|4|18|7|4|9|9|12|5|6|8|12|13|20|9|12|6|15|8|18|18|10|19|12|19|14|13|10|15|11|9|16|12|11|13|7|21|15|20|11|9|13|14|18|6|2|18|4|2|11|11|8|5|7|15|16|4|4|5|10|2|8|1|8|6|5|2|0|0|0|0|2|3|0|1|0|1|1|0|3|1|0|0|2|0|0|0|0|0|0|0|1|0|2|0|0|0|0|1</HistCounts>
      </HistItem>
    </Histograms>
    <Metadata>
      <MDI key="BandName">Band_3</MDI>
      <MDI key="RepresentationType">ATHEMATIC</MDI>
      <MDI key="STATISTICS_COVARIANCES">-0.0005963227506619811,0.004690204371437236,0.002816427744546168</MDI>
      <MDI key="STATISTICS_EXCLUDEDVALUES"></MDI>
      <MDI key="STATISTICS_MAXIMUM">0.41650000214577</MDI>
      <MDI key="STATISTICS_MEAN">0.31438960507855</MDI>
      <MDI key="STATISTICS_MEDIAN">0.327638</MDI>
      <MDI key="STATISTICS_MINIMUM">0.13674999773502</MDI>
      <MDI key="STATISTICS_SKIPFACTORX">1</MDI>
      <MDI key="STATISTICS_SKIPFACTORY">1</MDI>
      <MDI key="STATISTICS_STDDEV">0.053070026799938</MDI>
    </Metadata>
  </PAMRasterBand>
</PAMDataset>
