<PAMDataset>
  <Metadata>
    <MDI key="DataType">Generic</MDI>
  </Metadata>
  <PAMRasterBand band="1">
    <Description>Band_1</Description>
    <Histograms>
      <HistItem>
        <HistMin>0.6909999847412109</HistMin>
        <HistMax>0.9354629516601562</HistMax>
        <BucketCount>256</BucketCount>
        <IncludeOutOfRange>1</IncludeOutOfRange>
        <Approximate>0</Approximate>
        <HistCounts>1|0|0|0|0|0|0|0|0|1|0|0|0|0|0|0|0|1|0|0|0|0|1|1|0|0|2|0|2|0|0|0|0|1|2|0|2|1|0|0|2|1|1|3|1|4|2|0|2|1|1|0|0|1|3|0|1|1|1|1|0|3|0|4|2|4|3|1|0|5|3|0|7|3|1|4|3|6|7|14|3|5|4|3|2|0|6|6|7|8|4|5|8|5|8|5|1|8|5|14|4|7|6|9|4|5|12|5|8|9|3|11|7|10|2|5|2|8|7|7|8|5|5|11|4|7|3|7|7|13|4|8|4|6|5|9|7|3|5|5|7|4|8|9|12|10|6|9|11|11|3|5|9|7|3|9|17|6|8|6|6|9|3|4|12|10|8|10|19|2|2|7|11|9|4|3|6|3|2|6|4|4|10|9|4|9|3|6|8|7|3|4|3|3|12|4|6|4|7|4|3|4|4|1|5|6|5|4|2|3|8|3|4|2|7|2|4|1|1|2|5|1|2|3|0|2|3|2|2|2|4|2|0|2|1|1|3|0|1|1|2|10|6|0|1|1|1|1|1|0|1|0|1|0|0|1</HistCounts>
      </HistItem>
    </Histograms>
    <Metadata>
      <MDI key="BandName">Band_1</MDI>
      <MDI key="RepresentationType">ATHEMATIC</MDI>
      <MDI key="STATISTICS_COVARIANCES">0.002214194659929385,0.000485618287343896,0.0004177336928236591</MDI>
      <MDI key="STATISTICS_EXCLUDEDVALUES"></MDI>
      <MDI key="STATISTICS_MAXIMUM">0.93546295166016</MDI>
      <MDI key="STATISTICS_MEAN">0.82793091358918</MDI>
      <MDI key="STATISTICS_MEDIAN">0.829050</MDI>
      <MDI key="STATISTICS_MINIMUM">0.69099998474121</MDI>
      <MDI key="STATISTICS_SKIPFACTORX">1</MDI>
      <MDI key="STATISTICS_SKIPFACTORY">1</MDI>
      <MDI key="STATISTICS_STDDEV">0.047055229889242</MDI>
    </Metadata>
  </PAMRasterBand>
  <PAMRasterBand band="2">
    <Description>Band_2</Description>
    <Histograms>
      <HistItem>
        <HistMin>0.07100000232458115</HistMin>
        <HistMax>0.4720000028610229</HistMax>
        <BucketCount>256</BucketCount>
        <IncludeOutOfRange>1</IncludeOutOfRange>
        <Approximate>0</Approximate>
        <HistCounts>1|0|0|0|0|2|0|2|1|0|0|0|0|0|1|1|0|0|0|0|0|0|0|0|0|0|0|0|2|0|0|0|2|0|0|0|0|0|1|1|2|1|0|0|0|0|2|1|2|0|2|1|1|2|0|0|0|2|2|0|0|1|1|0|0|0|0|0|0|1|1|1|2|0|2|1|0|0|1|0|1|0|0|1|0|2|0|1|0|0|0|1|0|0|0|2|0|0|6|0|2|0|1|0|2|2|2|0|0|0|1|1|1|5|1|1|4|1|1|5|5|3|1|3|6|8|10|5|11|4|10|8|9|9|13|16|6|12|19|12|14|14|18|22|27|10|34|26|22|22|21|13|12|25|12|14|8|26|19|16|12|9|18|11|13|12|5|11|13|12|12|12|12|4|7|8|8|5|6|11|1|5|2|10|4|4|12|2|5|3|5|3|1|3|7|0|2|5|2|3|6|7|6|1|7|4|1|2|2|1|5|4|3|6|5|5|2|3|4|0|5|3|0|0|2|0|1|6|1|2|0|0|1|1|1|1|1|2|0|1|0|1|0|1|1|0|0|0|0|0|0|0|0|0|1|1</HistCounts>
      </HistItem>
    </Histograms>
    <Metadata>
      <MDI key="BandName">Band_2</MDI>
      <MDI key="RepresentationType">ATHEMATIC</MDI>
      <MDI key="STATISTICS_COVARIANCES">0.000485618287343896,0.003190507387866582,0.002020760772340675</MDI>
      <MDI key="STATISTICS_EXCLUDEDVALUES"></MDI>
      <MDI key="STATISTICS_MAXIMUM">0.47200000286102</MDI>
      <MDI key="STATISTICS_MEAN">0.31359347394714</MDI>
      <MDI key="STATISTICS_MEDIAN">0.310027</MDI>
      <MDI key="STATISTICS_MINIMUM">0.071000002324581</MDI>
      <MDI key="STATISTICS_SKIPFACTORX">1</MDI>
      <MDI key="STATISTICS_SKIPFACTORY">1</MDI>
      <MDI key="STATISTICS_STDDEV">0.056484576548529</MDI>
    </Metadata>
  </PAMRasterBand>
  <PAMRasterBand band="3">
    <Description>Band_3</Description>
    <Histograms>
      <HistItem>
        <HistMin>0.1264999955892563</HistMin>
        <HistMax>0.3855000138282776</HistMax>
        <BucketCount>256</BucketCount>
        <IncludeOutOfRange>1</IncludeOutOfRange>
        <Approximate>0</Approximate>
        <HistCounts>1|0|0|0|0|0|0|1|0|0|0|1|0|1|0|0|0|1|1|1|1|0|0|0|0|0|0|0|0|2|2|0|0|0|1|0|0|0|1|1|0|2|0|2|2|1|0|2|3|2|0|3|0|0|0|1|0|0|0|0|0|0|1|0|0|2|0|1|0|2|0|0|0|0|0|0|0|1|0|1|0|1|0|0|0|1|0|0|1|1|2|0|0|1|2|6|0|1|0|1|0|1|3|0|0|3|3|1|4|0|0|2|2|3|3|4|1|4|5|1|5|7|10|8|5|7|10|13|9|20|15|7|8|18|14|23|18|22|14|27|13|30|16|21|27|23|16|19|15|21|17|5|14|16|13|12|10|23|11|15|13|14|3|7|6|15|4|9|10|8|12|9|8|6|5|10|5|5|4|3|7|7|0|8|3|3|5|4|3|3|3|1|5|5|1|1|2|5|1|7|5|0|3|1|8|5|1|5|5|4|3|5|0|0|6|2|3|2|3|4|3|3|2|4|3|0|3|0|1|0|1|4|0|0|0|0|0|0|2|0|0|0|0|0|0|1|1|0|0|0|0|0|0|0|0|1</HistCounts>
      </HistItem>
    </Histograms>
    <Metadata>
      <MDI key="BandName">Band_3</MDI>
      <MDI key="RepresentationType">ATHEMATIC</MDI>
      <MDI key="STATISTICS_COVARIANCES">0.0004177336928236591,0.002020760772340675,0.001310192980217719</MDI>
      <MDI key="STATISTICS_EXCLUDEDVALUES"></MDI>
      <MDI key="STATISTICS_MAXIMUM">0.38550001382828</MDI>
      <MDI key="STATISTICS_MEAN">0.27896810627896</MDI>
      <MDI key="STATISTICS_MEDIAN">0.275806</MDI>
      <MDI key="STATISTICS_MINIMUM">0.12649999558926</MDI>
      <MDI key="STATISTICS_SKIPFACTORX">1</MDI>
      <MDI key="STATISTICS_SKIPFACTORY">1</MDI>
      <MDI key="STATISTICS_STDDEV">0.036196587963753</MDI>
    </Metadata>
  </PAMRasterBand>
</PAMDataset>
