<PAMDataset>
  <Metadata>
    <MDI key="DataType">Generic</MDI>
  </Metadata>
  <PAMRasterBand band="1">
    <Description>Band_1</Description>
    <Histograms>
      <HistItem>
        <HistMin>0.550000011920929</HistMin>
        <HistMax>0.9310370087623596</HistMax>
        <BucketCount>256</BucketCount>
        <IncludeOutOfRange>1</IncludeOutOfRange>
        <Approximate>0</Approximate>
        <HistCounts>1|0|1|0|0|0|0|0|0|0|0|0|0|1|0|1|1|0|0|0|2|2|1|2|0|2|0|0|0|2|0|0|1|1|0|2|0|0|2|0|0|0|5|1|6|6|0|2|3|4|8|2|3|7|5|6|5|5|5|1|9|3|7|5|8|10|9|8|8|18|13|18|11|17|8|11|12|12|7|14|17|15|12|16|28|11|16|17|25|14|29|23|23|6|26|14|18|21|13|19|14|24|16|23|30|27|26|25|19|30|30|20|20|30|34|27|25|26|37|22|26|29|27|24|20|21|13|28|27|40|9|24|24|27|22|32|24|18|27|26|28|29|24|18|21|9|24|11|17|12|23|20|20|22|21|24|12|14|22|24|18|17|32|21|19|19|16|16|23|19|13|23|26|18|19|8|15|15|22|21|21|17|11|10|13|12|11|18|14|4|16|13|4|11|10|11|9|15|16|6|3|1|6|9|9|8|4|8|4|7|4|7|10|6|8|6|8|2|2|7|2|2|5|2|5|2|3|2|1|5|2|2|2|0|5|5|0|2|2|1|1|4|2|0|3|1|2|11|15|0|2|0|1|0|1|1</HistCounts>
      </HistItem>
    </Histograms>
    <Metadata>
      <MDI key="BandName">Band_1</MDI>
      <MDI key="RepresentationType">ATHEMATIC</MDI>
      <MDI key="STATISTICS_COVARIANCES">0.004405108510858086,-0.0003016970044255561,5.196631170701968e-05</MDI>
      <MDI key="STATISTICS_EXCLUDEDVALUES"></MDI>
      <MDI key="STATISTICS_MAXIMUM">0.93103700876236</MDI>
      <MDI key="STATISTICS_MEAN">0.75055118854896</MDI>
      <MDI key="STATISTICS_MEDIAN">0.745748</MDI>
      <MDI key="STATISTICS_MINIMUM">0.55000001192093</MDI>
      <MDI key="STATISTICS_SKIPFACTORX">1</MDI>
      <MDI key="STATISTICS_SKIPFACTORY">1</MDI>
      <MDI key="STATISTICS_STDDEV">0.066370991486176</MDI>
    </Metadata>
  </PAMRasterBand>
  <PAMRasterBand band="2">
    <Description>Band_2</Description>
    <Histograms>
      <HistItem>
        <HistMin>0.06424999982118607</HistMin>
        <HistMax>0.5897499918937683</HistMax>
        <BucketCount>256</BucketCount>
        <IncludeOutOfRange>1</IncludeOutOfRange>
        <Approximate>0</Approximate>
        <HistCounts>1|2|0|0|0|0|0|1|0|0|0|0|0|0|0|0|0|0|1|1|1|0|2|2|4|1|1|2|2|2|1|1|1|1|2|0|0|0|1|0|1|1|4|0|2|5|4|3|0|0|6|3|3|6|1|10|5|7|0|6|8|13|10|8|8|7|13|17|10|15|25|26|28|18|36|42|35|53|54|102|86|87|93|96|87|123|108|97|90|105|107|95|98|81|90|93|77|60|61|57|31|46|47|27|32|22|36|41|19|18|15|12|10|15|12|9|12|12|10|8|3|1|2|5|5|0|3|1|2|0|1|3|3|4|2|0|0|0|1|1|0|0|0|0|0|0|0|1|1|0|0|0|0|0|0|0|0|0|0|0|0|0|0|0|0|0|0|0|0|0|0|0|0|0|0|0|0|0|0|0|0|0|0|0|0|0|0|0|0|0|0|0|0|0|0|0|0|0|0|0|0|0|0|0|0|0|0|0|0|0|0|0|0|0|0|0|0|0|0|0|0|0|0|0|0|0|0|0|0|0|0|0|0|0|0|0|0|0|0|0|0|0|0|0|0|0|0|0|0|0|0|0|0|0|0|1</HistCounts>
      </HistItem>
    </Histograms>
    <Metadata>
      <MDI key="BandName">Band_2</MDI>
      <MDI key="RepresentationType">ATHEMATIC</MDI>
      <MDI key="STATISTICS_COVARIANCES">-0.0003016970044255561,0.0009627150268651342,0.0006332291647396535</MDI>
      <MDI key="STATISTICS_EXCLUDEDVALUES"></MDI>
      <MDI key="STATISTICS_MAXIMUM">0.58974999189377</MDI>
      <MDI key="STATISTICS_MEAN">0.24620726644013</MDI>
      <MDI key="STATISTICS_MEDIAN">0.245599</MDI>
      <MDI key="STATISTICS_MINIMUM">0.064249999821186</MDI>
      <MDI key="STATISTICS_SKIPFACTORX">1</MDI>
      <MDI key="STATISTICS_SKIPFACTORY">1</MDI>
      <MDI key="STATISTICS_STDDEV">0.031027649393164</MDI>
    </Metadata>
  </PAMRasterBand>
  <PAMRasterBand band="3">
    <Description>Band_3</Description>
    <Histograms>
      <HistItem>
        <HistMin>0.1150000020861626</HistMin>
        <HistMax>0.5407500267028809</HistMax>
        <BucketCount>256</BucketCount>
        <IncludeOutOfRange>1</IncludeOutOfRange>
        <Approximate>0</Approximate>
        <HistCounts>1|1|2|0|0|0|0|0|0|0|1|0|3|0|3|3|4|1|2|2|0|1|2|1|1|0|0|2|0|0|2|1|3|1|4|3|3|5|2|0|4|8|1|8|11|4|8|12|16|22|20|32|39|37|59|50|81|86|112|80|109|134|104|120|127|110|114|133|107|96|106|87|96|66|56|45|82|54|51|50|33|37|24|22|26|22|19|13|17|9|6|3|8|4|3|8|2|1|1|6|7|1|0|3|1|2|3|3|0|0|0|0|2|3|1|0|3|1|1|0|0|0|0|0|0|0|2|1|0|0|0|0|0|0|0|0|0|0|0|0|0|0|0|0|0|0|0|0|0|0|0|0|0|0|0|0|0|0|0|0|0|0|0|0|0|0|0|0|0|0|0|0|0|0|0|0|0|0|0|0|0|0|0|0|0|0|0|0|0|0|0|0|0|0|0|0|0|0|0|0|0|0|0|0|0|0|0|0|0|0|0|0|0|0|0|0|0|0|0|0|0|0|0|0|0|0|0|0|0|0|0|0|0|0|0|0|0|0|0|0|0|0|0|0|0|0|0|0|0|0|0|0|0|0|0|1</HistCounts>
      </HistItem>
    </Histograms>
    <Metadata>
      <MDI key="BandName">Band_3</MDI>
      <MDI key="RepresentationType">ATHEMATIC</MDI>
      <MDI key="STATISTICS_COVARIANCES">5.196631170701968e-05,0.0006332291647396535,0.0004552861709881525</MDI>
      <MDI key="STATISTICS_EXCLUDEDVALUES"></MDI>
      <MDI key="STATISTICS_MAXIMUM">0.54075002670288</MDI>
      <MDI key="STATISTICS_MEAN">0.22605717992184</MDI>
      <MDI key="STATISTICS_MEDIAN">0.223525</MDI>
      <MDI key="STATISTICS_MINIMUM">0.11500000208616</MDI>
      <MDI key="STATISTICS_SKIPFACTORX">1</MDI>
      <MDI key="STATISTICS_SKIPFACTORY">1</MDI>
      <MDI key="STATISTICS_STDDEV">0.021337435904723</MDI>
    </Metadata>
  </PAMRasterBand>
</PAMDataset>
