<PAMDataset>
  <Metadata>
    <MDI key="DataType">Generic</MDI>
  </Metadata>
  <PAMRasterBand band="1">
    <Description>Band_1</Description>
    <Histograms>
      <HistItem>
        <HistMin>0.6647499799728394</HistMin>
        <HistMax>0.9364814758300781</HistMax>
        <BucketCount>256</BucketCount>
        <IncludeOutOfRange>1</IncludeOutOfRange>
        <Approximate>0</Approximate>
        <HistCounts>1|0|0|0|0|0|0|0|0|0|0|0|0|0|0|0|0|0|0|0|0|0|0|0|0|0|0|0|0|0|0|0|0|0|0|0|1|0|0|2|0|0|1|0|1|0|0|0|0|0|0|0|0|0|1|0|0|0|0|2|2|0|0|0|3|0|4|0|1|6|2|2|5|8|7|8|3|4|3|3|5|1|3|8|1|7|8|8|0|3|6|5|2|2|10|12|8|8|6|15|16|6|8|9|15|8|24|12|20|12|25|25|18|16|24|19|17|18|16|10|25|20|21|20|13|25|18|15|20|17|9|8|12|18|9|12|22|14|18|15|18|15|15|13|20|16|14|15|21|10|14|18|17|8|16|9|17|10|20|7|16|12|14|14|11|9|1|9|11|14|15|3|4|4|6|6|8|9|2|5|6|4|7|4|4|6|5|2|2|4|10|11|7|5|5|4|3|4|8|3|10|4|7|2|5|5|1|1|2|8|3|6|4|3|4|3|1|1|2|2|5|0|1|7|1|1|2|2|2|0|2|0|0|0|0|0|0|0|1|4|8|9|6|10|6|3|4|2|0|0|1|3|0|0|0|1</HistCounts>
      </HistItem>
    </Histograms>
    <Metadata>
      <MDI key="BandName">Band_1</MDI>
      <MDI key="RepresentationType">ATHEMATIC</MDI>
      <MDI key="STATISTICS_COVARIANCES">0.001851917594406767,-4.113067365139487e-06,0.0001754344866533484</MDI>
      <MDI key="STATISTICS_EXCLUDEDVALUES"></MDI>
      <MDI key="STATISTICS_MAXIMUM">0.93648147583008</MDI>
      <MDI key="STATISTICS_MEAN">0.81551385349409</MDI>
      <MDI key="STATISTICS_MEDIAN">0.809673</MDI>
      <MDI key="STATISTICS_MINIMUM">0.66474997997284</MDI>
      <MDI key="STATISTICS_SKIPFACTORX">1</MDI>
      <MDI key="STATISTICS_SKIPFACTORY">1</MDI>
      <MDI key="STATISTICS_STDDEV">0.043033912143875</MDI>
    </Metadata>
  </PAMRasterBand>
  <PAMRasterBand band="2">
    <Description>Band_2</Description>
    <Histograms>
      <HistItem>
        <HistMin>0.09175000339746475</HistMin>
        <HistMax>0.4869999885559082</HistMax>
        <BucketCount>256</BucketCount>
        <IncludeOutOfRange>1</IncludeOutOfRange>
        <Approximate>0</Approximate>
        <HistCounts>1|1|1|0|0|0|1|0|2|0|1|0|1|3|0|2|0|1|4|2|1|3|3|2|1|1|2|2|1|0|5|2|2|1|0|0|1|1|1|3|1|0|4|0|4|1|0|0|0|2|0|0|3|4|1|1|2|0|2|2|2|2|4|3|0|3|3|5|4|4|0|2|2|2|0|4|0|9|2|0|2|0|5|1|0|3|3|2|0|1|6|0|0|0|1|3|0|1|1|0|1|2|1|1|2|3|0|0|3|1|1|0|0|1|3|1|2|0|0|1|0|0|1|0|2|0|1|3|1|1|8|3|4|2|4|7|3|4|2|1|5|9|5|8|11|7|7|6|12|4|6|7|6|9|9|4|9|13|10|11|10|11|18|12|19|16|15|17|12|24|31|15|17|11|20|23|22|16|21|28|20|20|19|20|36|19|34|32|14|18|18|17|17|22|13|20|19|13|17|6|11|8|11|12|18|19|12|15|11|13|12|10|24|5|8|14|9|11|11|17|7|9|9|8|6|13|6|6|13|8|5|3|4|6|2|6|8|4|0|6|4|5|7|4|3|8|2|0|1|2|0|2|0|0|3|2</HistCounts>
      </HistItem>
    </Histograms>
    <Metadata>
      <MDI key="BandName">Band_2</MDI>
      <MDI key="RepresentationType">ATHEMATIC</MDI>
      <MDI key="STATISTICS_COVARIANCES">-4.113067365139487e-06,0.005691420792867372,0.003445188457735528</MDI>
      <MDI key="STATISTICS_EXCLUDEDVALUES"></MDI>
      <MDI key="STATISTICS_MAXIMUM">0.48699998855591</MDI>
      <MDI key="STATISTICS_MEAN">0.35923319462587</MDI>
      <MDI key="STATISTICS_MEDIAN">0.372300</MDI>
      <MDI key="STATISTICS_MINIMUM">0.091750003397465</MDI>
      <MDI key="STATISTICS_SKIPFACTORX">1</MDI>
      <MDI key="STATISTICS_SKIPFACTORY">1</MDI>
      <MDI key="STATISTICS_STDDEV">0.075441505770149</MDI>
    </Metadata>
  </PAMRasterBand>
  <PAMRasterBand band="3">
    <Description>Band_3</Description>
    <Histograms>
      <HistItem>
        <HistMin>0.1204999983310699</HistMin>
        <HistMax>0.3867500126361847</HistMax>
        <BucketCount>256</BucketCount>
        <IncludeOutOfRange>1</IncludeOutOfRange>
        <Approximate>0</Approximate>
        <HistCounts>1|0|0|0|0|1|0|1|0|0|1|0|1|0|1|0|0|0|0|0|0|0|0|2|0|0|0|0|0|0|2|0|1|2|0|2|2|5|0|3|4|0|2|0|2|1|1|4|0|2|0|3|2|3|2|0|2|0|0|2|2|1|2|0|0|2|2|3|0|0|1|2|4|5|2|5|3|0|1|1|4|1|3|3|0|6|5|1|6|2|3|4|3|3|1|1|1|2|1|4|1|1|1|3|2|0|1|2|0|2|3|2|1|1|0|1|0|3|2|0|0|1|5|1|1|2|2|4|1|0|3|0|4|5|3|6|5|7|6|3|8|9|9|5|9|14|8|9|9|16|9|6|19|10|14|10|20|10|23|15|9|19|17|21|20|16|10|22|10|20|33|16|16|17|21|19|12|26|19|19|17|20|19|14|32|19|20|27|20|26|23|21|12|20|12|12|21|14|17|15|10|11|13|7|11|11|8|12|15|9|12|10|8|13|9|7|8|10|6|6|5|10|4|9|0|8|9|9|6|11|4|3|2|6|2|2|9|5|5|5|5|6|6|6|5|1|4|2|1|3|0|5|0|0|1|2</HistCounts>
      </HistItem>
    </Histograms>
    <Metadata>
      <MDI key="BandName">Band_3</MDI>
      <MDI key="RepresentationType">ATHEMATIC</MDI>
      <MDI key="STATISTICS_COVARIANCES">0.0001754344866533484,0.003445188457735528,0.002139814594755821</MDI>
      <MDI key="STATISTICS_EXCLUDEDVALUES"></MDI>
      <MDI key="STATISTICS_MAXIMUM">0.38675001263618</MDI>
      <MDI key="STATISTICS_MEAN">0.29958050573071</MDI>
      <MDI key="STATISTICS_MEDIAN">0.305309</MDI>
      <MDI key="STATISTICS_MINIMUM">0.12049999833107</MDI>
      <MDI key="STATISTICS_SKIPFACTORX">1</MDI>
      <MDI key="STATISTICS_SKIPFACTORY">1</MDI>
      <MDI key="STATISTICS_STDDEV">0.046258130039549</MDI>
    </Metadata>
  </PAMRasterBand>
</PAMDataset>
