<PAMDataset>
  <Metadata>
    <MDI key="DataType">Generic</MDI>
  </Metadata>
  <PAMRasterBand band="1">
    <Description>Band_1</Description>
    <Histograms>
      <HistItem>
        <HistMin>0.6857500076293945</HistMin>
        <HistMax>0.932185173034668</HistMax>
        <BucketCount>256</BucketCount>
        <IncludeOutOfRange>1</IncludeOutOfRange>
        <Approximate>0</Approximate>
        <HistCounts>1|0|0|0|0|0|0|0|0|0|0|0|0|0|0|0|0|0|0|0|0|0|0|0|0|0|0|0|0|0|0|0|0|0|0|0|0|0|0|0|0|0|0|0|0|0|0|0|1|1|0|0|0|0|0|0|0|0|0|0|0|0|0|0|0|0|0|0|0|0|0|0|0|0|0|0|0|0|0|1|1|0|0|0|0|0|0|0|0|0|0|0|0|0|0|0|0|0|0|0|1|1|0|0|2|0|0|0|2|1|0|0|3|0|1|3|1|0|2|0|0|2|0|1|0|0|1|0|1|1|1|0|0|0|0|0|0|1|0|0|1|0|3|2|2|5|2|3|2|2|8|8|0|7|3|2|1|2|2|5|2|4|15|3|3|8|14|10|10|5|11|3|13|10|10|14|11|7|4|19|15|15|23|13|17|12|12|20|24|19|9|14|12|11|13|26|21|16|13|12|6|2|9|8|11|9|4|11|4|8|6|7|8|4|4|5|9|7|8|2|6|4|5|6|3|1|6|1|1|1|2|2|2|3|2|10|4|9|0|4|0|0|11|2|2|1|3|1|0|1|0|0|0|0|0|1</HistCounts>
      </HistItem>
    </Histograms>
    <Metadata>
      <MDI key="BandName">Band_1</MDI>
      <MDI key="RepresentationType">ATHEMATIC</MDI>
      <MDI key="STATISTICS_COVARIANCES">0.0007454253895703677,-0.0002223907113087399,-0.000103725285087169</MDI>
      <MDI key="STATISTICS_EXCLUDEDVALUES"></MDI>
      <MDI key="STATISTICS_MAXIMUM">0.93218517303467</MDI>
      <MDI key="STATISTICS_MEAN">0.86750313672795</MDI>
      <MDI key="STATISTICS_MEDIAN">0.867436</MDI>
      <MDI key="STATISTICS_MINIMUM">0.68575000762939</MDI>
      <MDI key="STATISTICS_SKIPFACTORX">1</MDI>
      <MDI key="STATISTICS_SKIPFACTORY">1</MDI>
      <MDI key="STATISTICS_STDDEV">0.027302479549857</MDI>
    </Metadata>
  </PAMRasterBand>
  <PAMRasterBand band="2">
    <Description>Band_2</Description>
    <Histograms>
      <HistItem>
        <HistMin>0.07575000077486038</HistMin>
        <HistMax>0.3659999966621399</HistMax>
        <BucketCount>256</BucketCount>
        <IncludeOutOfRange>1</IncludeOutOfRange>
        <Approximate>0</Approximate>
        <HistCounts>1|0|0|0|0|1|0|0|0|0|0|0|0|0|0|1|0|0|1|0|0|0|0|0|0|1|0|0|0|0|0|0|0|0|0|0|0|0|0|0|0|0|0|0|0|0|1|0|1|0|0|0|0|0|0|0|0|0|0|0|1|0|0|0|0|0|0|0|0|0|0|0|0|0|0|0|0|0|0|0|0|1|0|2|0|0|0|0|0|0|0|0|0|1|1|0|1|1|0|0|0|1|0|3|0|2|4|0|0|1|4|0|1|0|0|1|3|1|3|2|0|3|2|1|3|2|1|4|1|0|1|4|2|4|4|2|2|0|2|3|2|2|2|4|1|1|4|2|6|3|0|5|1|9|7|4|7|6|4|18|3|5|11|3|3|5|1|4|3|6|10|8|8|10|7|6|7|11|7|5|4|6|15|7|4|4|7|9|11|8|7|14|8|8|7|10|5|13|31|9|10|10|21|5|13|2|14|15|9|8|4|12|9|14|9|10|7|10|6|12|11|9|6|5|11|0|5|12|7|5|7|4|5|8|3|2|5|1|3|2|4|2|2|0|1|0|2|0|2|4|0|0|0|0|0|1</HistCounts>
      </HistItem>
    </Histograms>
    <Metadata>
      <MDI key="BandName">Band_2</MDI>
      <MDI key="RepresentationType">ATHEMATIC</MDI>
      <MDI key="STATISTICS_COVARIANCES">-0.0002223907113087399,0.001708001097308159,0.001001097983749447</MDI>
      <MDI key="STATISTICS_EXCLUDEDVALUES"></MDI>
      <MDI key="STATISTICS_MAXIMUM">0.36599999666214</MDI>
      <MDI key="STATISTICS_MEAN">0.28833374550522</MDI>
      <MDI key="STATISTICS_MEDIAN">0.295429</MDI>
      <MDI key="STATISTICS_MINIMUM">0.07575000077486</MDI>
      <MDI key="STATISTICS_SKIPFACTORX">1</MDI>
      <MDI key="STATISTICS_SKIPFACTORY">1</MDI>
      <MDI key="STATISTICS_STDDEV">0.041327969915157</MDI>
    </Metadata>
  </PAMRasterBand>
  <PAMRasterBand band="3">
    <Description>Band_3</Description>
    <Histograms>
      <HistItem>
        <HistMin>0.1362500041723251</HistMin>
        <HistMax>0.3285000026226044</HistMax>
        <BucketCount>256</BucketCount>
        <IncludeOutOfRange>1</IncludeOutOfRange>
        <Approximate>0</Approximate>
        <HistCounts>1|0|0|0|0|0|0|0|1|0|1|0|0|0|0|1|0|0|0|0|0|0|0|0|0|1|0|0|0|0|0|0|0|0|0|0|0|0|1|1|0|0|0|0|0|0|0|0|0|0|0|0|1|0|0|0|0|0|0|0|0|0|0|0|0|0|0|0|0|0|0|0|0|0|0|0|0|0|0|0|0|0|0|0|3|0|0|0|0|1|0|0|0|0|1|1|1|0|0|1|0|1|3|1|0|1|3|1|2|0|6|0|3|3|0|4|2|2|0|1|3|0|1|4|7|2|2|5|3|2|2|1|3|2|3|3|4|5|6|3|4|4|5|3|10|8|10|3|6|9|3|8|5|6|3|6|9|10|9|9|9|5|4|17|7|8|8|5|3|10|7|10|8|10|12|10|8|10|19|7|19|16|13|7|14|5|15|14|12|3|11|15|13|14|15|7|8|13|6|7|12|12|6|4|15|12|13|9|10|5|3|12|5|6|2|4|5|2|0|2|2|3|4|2|4|8|0|0|0|0|0|0|0|0|0|0|0|0|0|0|0|0|0|0|1|0|0|1|0|0|0|0|0|0|0|1</HistCounts>
      </HistItem>
    </Histograms>
    <Metadata>
      <MDI key="BandName">Band_3</MDI>
      <MDI key="RepresentationType">ATHEMATIC</MDI>
      <MDI key="STATISTICS_COVARIANCES">-0.000103725285087169,0.001001097983749447,0.0006052791089521631</MDI>
      <MDI key="STATISTICS_EXCLUDEDVALUES"></MDI>
      <MDI key="STATISTICS_MAXIMUM">0.3285000026226</MDI>
      <MDI key="STATISTICS_MEAN">0.26679079096456</MDI>
      <MDI key="STATISTICS_MEDIAN">0.270448</MDI>
      <MDI key="STATISTICS_MINIMUM">0.13625000417233</MDI>
      <MDI key="STATISTICS_SKIPFACTORX">1</MDI>
      <MDI key="STATISTICS_SKIPFACTORY">1</MDI>
      <MDI key="STATISTICS_STDDEV">0.024602420794551</MDI>
    </Metadata>
  </PAMRasterBand>
</PAMDataset>
