<PAMDataset>
  <Metadata>
    <MDI key="DataType">Generic</MDI>
  </Metadata>
  <PAMRasterBand band="1">
    <Description>Band_1</Description>
    <Histograms>
      <HistItem>
        <HistMin>0.5957499742507935</HistMin>
        <HistMax>0.9269444346427917</HistMax>
        <BucketCount>256</BucketCount>
        <IncludeOutOfRange>1</IncludeOutOfRange>
        <Approximate>0</Approximate>
        <HistCounts>1|0|0|0|0|0|0|0|0|0|1|0|0|0|0|0|0|0|0|0|0|1|0|0|0|0|0|0|0|0|1|0|0|0|1|0|0|0|0|0|0|0|0|0|0|0|4|1|0|2|1|0|0|2|0|2|2|6|2|3|5|1|4|3|6|11|4|3|8|2|10|3|6|9|6|10|11|4|6|6|13|12|9|9|7|6|8|10|8|14|7|4|7|7|7|12|12|11|5|11|12|5|17|6|6|3|4|10|10|8|8|2|6|10|14|11|7|8|8|11|4|6|8|4|9|4|3|8|7|4|6|5|3|4|4|6|8|3|4|2|2|8|4|7|8|3|2|4|9|10|10|4|8|7|9|8|7|6|1|4|10|6|15|7|14|7|8|4|7|3|10|8|11|11|15|10|4|8|9|11|16|11|14|8|14|16|10|13|12|11|3|10|5|8|10|9|8|12|4|16|8|14|10|12|7|7|10|20|15|9|8|14|4|7|6|16|12|11|11|3|10|9|12|12|5|16|4|6|8|9|8|4|4|3|1|7|3|2|1|1|5|4|2|0|4|0|4|1|0|9|19|7|10|6|6|1</HistCounts>
      </HistItem>
    </Histograms>
    <Metadata>
      <MDI key="BandName">Band_1</MDI>
      <MDI key="RepresentationType">ATHEMATIC</MDI>
      <MDI key="STATISTICS_COVARIANCES">0.005170992652016895,0.0002165180609837491,0.0002898368420037215</MDI>
      <MDI key="STATISTICS_EXCLUDEDVALUES"></MDI>
      <MDI key="STATISTICS_MAXIMUM">0.92694443464279</MDI>
      <MDI key="STATISTICS_MEAN">0.79876774076119</MDI>
      <MDI key="STATISTICS_MEDIAN">0.808753</MDI>
      <MDI key="STATISTICS_MINIMUM">0.59574997425079</MDI>
      <MDI key="STATISTICS_SKIPFACTORX">1</MDI>
      <MDI key="STATISTICS_SKIPFACTORY">1</MDI>
      <MDI key="STATISTICS_STDDEV">0.071909614461607</MDI>
    </Metadata>
  </PAMRasterBand>
  <PAMRasterBand band="2">
    <Description>Band_2</Description>
    <Histograms>
      <HistItem>
        <HistMin>0.1132500022649765</HistMin>
        <HistMax>0.7042499780654907</HistMax>
        <BucketCount>256</BucketCount>
        <IncludeOutOfRange>1</IncludeOutOfRange>
        <Approximate>0</Approximate>
        <HistCounts>1|5|0|1|5|6|11|31|27|55|34|42|108|86|84|110|90|81|96|58|49|40|51|43|28|36|29|25|32|30|27|18|12|26|13|19|8|9|0|1|5|5|6|3|10|8|4|9|2|10|3|4|0|3|1|1|0|0|1|0|0|0|0|2|0|0|0|0|0|1|0|0|0|0|0|0|0|0|0|0|0|1|0|0|0|0|0|0|0|0|0|0|0|0|0|0|0|0|0|0|0|0|0|0|0|0|0|0|0|0|0|0|0|0|0|0|0|0|0|0|0|1|0|0|0|0|0|0|0|0|0|0|0|0|0|0|0|0|0|0|0|0|0|0|0|0|0|0|0|0|0|0|0|0|0|0|0|0|0|0|0|0|0|0|0|0|0|0|0|0|0|0|0|0|0|0|0|2|0|0|0|0|0|0|0|0|0|0|0|0|0|0|0|0|0|0|0|0|0|0|0|0|0|0|0|0|0|0|0|0|0|0|0|0|0|0|0|0|0|0|0|0|0|0|0|0|0|0|0|0|0|0|0|0|0|0|0|0|0|0|0|0|0|0|0|0|0|0|0|0|0|0|0|0|0|2</HistCounts>
      </HistItem>
    </Histograms>
    <Metadata>
      <MDI key="BandName">Band_2</MDI>
      <MDI key="RepresentationType">ATHEMATIC</MDI>
      <MDI key="STATISTICS_COVARIANCES">0.0002165180609837491,0.001110006990533971,0.0008123577821845939</MDI>
      <MDI key="STATISTICS_EXCLUDEDVALUES"></MDI>
      <MDI key="STATISTICS_MAXIMUM">0.70424997806549</MDI>
      <MDI key="STATISTICS_MEAN">0.16122849106118</MDI>
      <MDI key="STATISTICS_MEDIAN">0.152650</MDI>
      <MDI key="STATISTICS_MINIMUM">0.11325000226498</MDI>
      <MDI key="STATISTICS_SKIPFACTORX">1</MDI>
      <MDI key="STATISTICS_SKIPFACTORY">1</MDI>
      <MDI key="STATISTICS_STDDEV">0.033316767408228</MDI>
    </Metadata>
  </PAMRasterBand>
  <PAMRasterBand band="3">
    <Description>Band_3</Description>
    <Histograms>
      <HistItem>
        <HistMin>0.1567499935626984</HistMin>
        <HistMax>0.6600000262260437</HistMax>
        <BucketCount>256</BucketCount>
        <IncludeOutOfRange>1</IncludeOutOfRange>
        <Approximate>0</Approximate>
        <HistCounts>1|4|7|18|19|32|62|111|126|143|128|83|114|78|100|71|54|63|38|26|42|18|25|23|13|20|5|2|6|11|12|7|8|6|9|2|4|1|1|2|3|2|0|1|0|0|1|0|0|1|0|1|0|1|0|0|0|0|0|0|0|0|0|0|0|0|0|0|0|0|0|0|0|1|0|0|0|0|0|0|0|0|0|0|0|0|0|0|0|0|0|0|0|0|0|0|0|0|0|0|0|0|0|0|0|0|0|0|0|0|0|0|0|0|0|0|0|0|0|0|0|0|1|0|0|0|0|0|0|0|0|0|0|0|0|0|0|0|0|0|0|0|0|0|0|0|0|0|0|0|2|0|0|0|0|0|0|0|0|0|0|0|0|0|0|0|0|0|0|0|0|0|0|0|0|0|0|0|0|0|0|0|0|0|0|0|0|0|0|0|0|0|0|0|0|0|0|0|0|0|0|0|0|0|0|0|0|0|0|0|0|0|0|0|0|0|0|0|0|0|0|0|0|0|0|0|0|0|0|0|0|0|0|0|0|0|0|0|0|0|0|0|0|0|0|0|0|0|0|0|0|0|0|0|0|2</HistCounts>
      </HistItem>
    </Histograms>
    <Metadata>
      <MDI key="BandName">Band_3</MDI>
      <MDI key="RepresentationType">ATHEMATIC</MDI>
      <MDI key="STATISTICS_COVARIANCES">0.0002898368420037215,0.0008123577821845939,0.0006230451796187624</MDI>
      <MDI key="STATISTICS_EXCLUDEDVALUES"></MDI>
      <MDI key="STATISTICS_MAXIMUM">0.66000002622604</MDI>
      <MDI key="STATISTICS_MEAN">0.1849508603072</MDI>
      <MDI key="STATISTICS_MEDIAN">0.180432</MDI>
      <MDI key="STATISTICS_MINIMUM">0.1567499935627</MDI>
      <MDI key="STATISTICS_SKIPFACTORX">1</MDI>
      <MDI key="STATISTICS_SKIPFACTORY">1</MDI>
      <MDI key="STATISTICS_STDDEV">0.024960872973892</MDI>
    </Metadata>
  </PAMRasterBand>
</PAMDataset>
