<PAMDataset>
  <Metadata>
    <MDI key="DataType">Generic</MDI>
  </Metadata>
  <PAMRasterBand band="1">
    <Description>Band_1</Description>
    <Histograms>
      <HistItem>
        <HistMin>0.5099999904632568</HistMin>
        <HistMax>0.930388867855072</HistMax>
        <BucketCount>256</BucketCount>
        <IncludeOutOfRange>1</IncludeOutOfRange>
        <Approximate>0</Approximate>
        <HistCounts>1|2|0|0|0|6|1|1|1|1|0|0|0|0|0|0|2|2|0|2|1|2|0|3|0|1|1|2|1|2|3|1|3|2|1|0|3|1|5|3|2|4|3|1|0|5|3|3|3|6|5|4|3|6|8|9|3|5|0|5|6|2|3|5|2|6|2|3|8|5|4|3|6|2|3|3|7|3|2|1|6|8|3|3|9|2|5|5|4|1|6|4|4|5|6|6|3|7|5|8|3|5|8|3|2|4|6|6|3|8|6|4|1|3|10|9|8|3|1|4|8|7|2|10|4|9|6|12|7|6|5|4|2|2|13|10|16|12|5|16|15|9|6|19|10|11|14|13|16|10|10|3|8|6|7|11|16|5|15|17|10|7|13|18|13|11|13|16|14|13|19|12|12|15|17|10|27|26|16|11|24|22|14|27|21|24|20|27|21|29|26|16|26|24|17|30|25|18|20|22|14|27|14|24|10|24|14|9|16|10|8|18|11|11|5|17|7|7|9|11|10|3|5|10|11|9|6|13|12|17|5|10|10|2|11|5|6|10|8|5|6|3|9|6|3|10|7|4|23|52|29|2|0|0|0|1</HistCounts>
      </HistItem>
    </Histograms>
    <Metadata>
      <MDI key="BandName">Band_1</MDI>
      <MDI key="RepresentationType">ATHEMATIC</MDI>
      <MDI key="STATISTICS_COVARIANCES">0.008338693776605663,0.0008804698898340825,0.0009537394517567605</MDI>
      <MDI key="STATISTICS_EXCLUDEDVALUES"></MDI>
      <MDI key="STATISTICS_MAXIMUM">0.93038886785507</MDI>
      <MDI key="STATISTICS_MEAN">0.78446988224364</MDI>
      <MDI key="STATISTICS_MEDIAN">0.803448</MDI>
      <MDI key="STATISTICS_MINIMUM">0.50999999046326</MDI>
      <MDI key="STATISTICS_SKIPFACTORX">1</MDI>
      <MDI key="STATISTICS_SKIPFACTORY">1</MDI>
      <MDI key="STATISTICS_STDDEV">0.091316448554495</MDI>
    </Metadata>
  </PAMRasterBand>
  <PAMRasterBand band="2">
    <Description>Band_2</Description>
    <Histograms>
      <HistItem>
        <HistMin>0.07225000113248825</HistMin>
        <HistMax>0.46875</HistMax>
        <BucketCount>256</BucketCount>
        <IncludeOutOfRange>1</IncludeOutOfRange>
        <Approximate>0</Approximate>
        <HistCounts>3|0|0|0|0|0|0|0|0|0|0|0|0|0|0|0|0|0|0|0|0|0|0|0|0|0|0|0|0|0|0|0|0|0|0|0|1|0|0|0|0|0|0|0|0|0|0|1|2|0|0|0|1|0|1|0|0|1|1|1|0|0|0|0|2|0|0|1|0|0|1|4|0|1|2|0|1|3|1|4|4|3|1|5|7|4|4|0|5|5|5|5|1|2|8|7|8|2|6|3|9|14|19|12|16|16|16|10|22|24|20|17|23|36|25|16|23|36|17|24|27|29|38|30|25|34|31|43|39|34|32|46|48|39|40|36|52|33|44|36|39|53|32|33|40|44|18|25|21|25|28|33|25|30|22|15|21|11|18|20|23|16|13|20|17|8|16|19|11|12|11|8|9|11|11|9|7|5|7|4|12|6|4|3|5|7|2|0|4|5|2|3|7|2|0|1|2|1|1|1|2|0|0|2|0|1|0|0|0|0|0|0|0|0|2|0|0|0|0|0|0|0|0|0|0|0|0|0|1|0|0|0|1|0|0|0|0|0|0|0|0|0|0|0|0|0|0|0|0|0|0|0|0|0|0|2</HistCounts>
      </HistItem>
    </Histograms>
    <Metadata>
      <MDI key="BandName">Band_2</MDI>
      <MDI key="RepresentationType">ATHEMATIC</MDI>
      <MDI key="STATISTICS_COVARIANCES">0.0008804698898340825,0.001465288219137985,0.0009805767994473355</MDI>
      <MDI key="STATISTICS_EXCLUDEDVALUES"></MDI>
      <MDI key="STATISTICS_MAXIMUM">0.46875</MDI>
      <MDI key="STATISTICS_MEAN">0.28282723199958</MDI>
      <MDI key="STATISTICS_MEDIAN">0.282162</MDI>
      <MDI key="STATISTICS_MINIMUM">0.072250001132488</MDI>
      <MDI key="STATISTICS_SKIPFACTORX">1</MDI>
      <MDI key="STATISTICS_SKIPFACTORY">1</MDI>
      <MDI key="STATISTICS_STDDEV">0.038279083311098</MDI>
    </Metadata>
  </PAMRasterBand>
  <PAMRasterBand band="3">
    <Description>Band_3</Description>
    <Histograms>
      <HistItem>
        <HistMin>0.1157499998807907</HistMin>
        <HistMax>0.375</HistMax>
        <BucketCount>256</BucketCount>
        <IncludeOutOfRange>1</IncludeOutOfRange>
        <Approximate>0</Approximate>
        <HistCounts>2|0|0|1|0|0|0|0|0|0|0|0|0|0|0|0|0|0|0|0|0|0|0|0|1|0|0|0|0|0|0|0|0|0|1|0|0|0|0|0|2|0|0|0|0|0|0|0|2|0|0|0|0|0|0|0|1|1|0|2|4|2|0|0|0|4|0|0|1|1|2|1|1|3|6|4|6|0|6|2|7|5|6|7|3|7|5|4|4|9|5|11|9|21|13|16|13|13|26|29|18|20|13|17|25|23|19|28|37|19|15|23|26|28|27|26|30|29|29|33|44|23|36|33|37|30|26|30|29|32|38|28|38|29|35|58|45|39|44|26|38|38|36|22|39|27|18|18|20|22|23|9|19|21|19|19|11|20|10|14|9|18|15|5|13|17|5|1|8|16|7|3|6|4|8|2|4|6|7|7|5|2|6|5|7|3|6|4|1|2|1|3|1|2|2|1|0|1|1|0|0|0|0|0|0|0|0|0|0|0|0|0|0|0|2|0|0|1|0|0|0|0|0|0|0|0|0|0|0|0|0|1|0|0|0|0|0|0|0|0|0|0|0|0|0|0|0|0|0|0|0|0|0|0|0|2</HistCounts>
      </HistItem>
    </Histograms>
    <Metadata>
      <MDI key="BandName">Band_3</MDI>
      <MDI key="RepresentationType">ATHEMATIC</MDI>
      <MDI key="STATISTICS_COVARIANCES">0.0009537394517567605,0.0009805767994473355,0.0006888024520930042</MDI>
      <MDI key="STATISTICS_EXCLUDEDVALUES"></MDI>
      <MDI key="STATISTICS_MAXIMUM">0.375</MDI>
      <MDI key="STATISTICS_MEAN">0.2466100616927</MDI>
      <MDI key="STATISTICS_MEDIAN">0.246900</MDI>
      <MDI key="STATISTICS_MINIMUM">0.11574999988079</MDI>
      <MDI key="STATISTICS_SKIPFACTORX">1</MDI>
      <MDI key="STATISTICS_SKIPFACTORY">1</MDI>
      <MDI key="STATISTICS_STDDEV">0.02624504623911</MDI>
    </Metadata>
  </PAMRasterBand>
</PAMDataset>
