<PAMDataset>
  <Metadata>
    <MDI key="DataType">Generic</MDI>
  </Metadata>
  <PAMRasterBand band="1">
    <Description>Band_1</Description>
    <Histograms>
      <HistItem>
        <HistMin>0.4104999899864197</HistMin>
        <HistMax>0.9531296491622925</HistMax>
        <BucketCount>256</BucketCount>
        <IncludeOutOfRange>1</IncludeOutOfRange>
        <Approximate>0</Approximate>
        <HistCounts>1|1|0|1|0|0|0|0|0|0|0|0|0|0|1|1|0|0|0|0|0|1|0|3|0|2|0|0|0|3|0|0|0|1|0|0|0|0|0|0|0|0|0|0|0|0|0|0|0|0|0|0|0|0|0|2|0|0|0|0|0|0|0|0|0|2|4|2|2|2|1|1|1|0|3|1|0|0|0|1|0|1|2|3|2|3|1|0|3|2|1|2|1|0|0|2|2|3|0|3|1|3|3|1|3|1|3|1|4|9|2|10|3|4|5|7|6|6|6|4|7|12|5|3|6|13|4|10|11|12|11|10|21|14|22|10|23|14|17|17|22|15|15|17|22|23|25|26|22|19|37|27|32|26|36|39|38|40|52|46|47|38|49|64|52|51|41|40|39|53|37|36|32|20|26|21|18|21|22|19|12|22|21|18|19|16|11|11|23|17|15|22|22|14|15|10|16|12|12|11|13|15|21|16|10|9|3|15|1|11|4|7|12|3|4|9|6|4|6|5|0|6|7|6|6|0|5|3|2|3|0|2|0|1|1|0|2|0|0|24|16|5|3|0|0|1|0|3|0|0|6|1|0|2|0|2</HistCounts>
      </HistItem>
    </Histograms>
    <Metadata>
      <MDI key="BandName">Band_1</MDI>
      <MDI key="RepresentationType">ATHEMATIC</MDI>
      <MDI key="STATISTICS_COVARIANCES">0.004771716444862092,-0.0003625304725251977,0.000368721212924691</MDI>
      <MDI key="STATISTICS_EXCLUDEDVALUES"></MDI>
      <MDI key="STATISTICS_MAXIMUM">0.95312964916229</MDI>
      <MDI key="STATISTICS_MEAN">0.76027573388869</MDI>
      <MDI key="STATISTICS_MEDIAN">0.757357</MDI>
      <MDI key="STATISTICS_MINIMUM">0.41049998998642</MDI>
      <MDI key="STATISTICS_SKIPFACTORX">1</MDI>
      <MDI key="STATISTICS_SKIPFACTORY">1</MDI>
      <MDI key="STATISTICS_STDDEV">0.069077611748396</MDI>
    </Metadata>
  </PAMRasterBand>
  <PAMRasterBand band="2">
    <Description>Band_2</Description>
    <Histograms>
      <HistItem>
        <HistMin>0.08025000244379044</HistMin>
        <HistMax>0.4477500021457672</HistMax>
        <BucketCount>256</BucketCount>
        <IncludeOutOfRange>1</IncludeOutOfRange>
        <Approximate>0</Approximate>
        <HistCounts>2|0|0|0|0|0|0|1|0|1|0|0|0|0|0|0|0|0|1|0|0|0|0|1|1|0|0|2|0|0|0|0|1|0|0|1|0|1|0|1|3|4|2|1|1|0|1|2|2|1|1|0|2|3|5|1|1|3|1|0|0|2|1|4|1|3|1|5|9|6|2|2|4|9|4|7|2|10|6|6|4|2|5|3|3|6|3|4|5|8|7|1|1|4|5|6|2|4|3|0|7|1|6|7|1|2|7|3|4|2|3|0|6|1|3|2|5|2|5|6|7|5|10|5|5|8|9|1|6|5|10|5|7|10|9|12|2|9|3|9|7|8|18|14|15|4|15|22|17|20|23|21|15|16|33|15|22|18|36|34|27|25|36|27|29|13|21|21|23|22|17|17|16|18|16|14|25|16|25|30|17|30|13|17|29|20|26|12|25|22|30|14|18|19|31|24|19|23|7|13|29|27|34|21|22|26|17|16|8|18|23|11|4|17|25|11|15|20|17|9|18|16|12|23|22|18|12|17|13|8|22|11|11|11|3|8|5|6|3|6|5|2|4|2|3|8|1|7|4|4|1|0|1|2|0|1</HistCounts>
      </HistItem>
    </Histograms>
    <Metadata>
      <MDI key="BandName">Band_2</MDI>
      <MDI key="RepresentationType">ATHEMATIC</MDI>
      <MDI key="STATISTICS_COVARIANCES">-0.0003625304725251977,0.004107278171510923,0.002252116093723728</MDI>
      <MDI key="STATISTICS_EXCLUDEDVALUES"></MDI>
      <MDI key="STATISTICS_MAXIMUM">0.44775000214577</MDI>
      <MDI key="STATISTICS_MEAN">0.32691989573425</MDI>
      <MDI key="STATISTICS_MEDIAN">0.333897</MDI>
      <MDI key="STATISTICS_MINIMUM">0.08025000244379</MDI>
      <MDI key="STATISTICS_SKIPFACTORX">1</MDI>
      <MDI key="STATISTICS_SKIPFACTORY">1</MDI>
      <MDI key="STATISTICS_STDDEV">0.064088050145959</MDI>
    </Metadata>
  </PAMRasterBand>
  <PAMRasterBand band="3">
    <Description>Band_3</Description>
    <Histograms>
      <HistItem>
        <HistMin>0.1299999952316284</HistMin>
        <HistMax>0.4237500131130219</HistMax>
        <BucketCount>256</BucketCount>
        <IncludeOutOfRange>1</IncludeOutOfRange>
        <Approximate>0</Approximate>
        <HistCounts>2|0|0|0|0|0|1|0|0|0|0|0|0|0|0|0|1|0|1|0|0|0|1|0|0|0|0|4|0|5|1|0|0|1|2|1|0|0|0|4|0|1|0|1|1|0|0|0|0|1|3|1|4|4|2|2|3|6|4|8|5|6|3|3|8|9|14|11|4|5|5|9|5|3|8|5|8|3|7|4|6|2|6|2|5|9|5|6|5|0|10|5|6|7|2|12|5|5|5|10|6|4|10|12|7|14|11|10|16|9|15|26|16|27|17|30|29|34|31|27|43|31|25|24|22|40|36|25|29|39|36|31|18|32|32|20|34|17|37|40|31|21|16|27|35|31|34|27|35|40|23|38|18|45|33|27|23|31|21|13|24|20|26|15|29|24|23|20|18|27|8|22|24|21|13|11|17|20|8|7|7|4|6|12|4|7|1|5|2|2|3|3|0|2|0|0|1|0|1|2|0|0|0|0|2|0|1|0|0|0|1|1|0|0|0|1|0|0|6|0|0|2|0|0|0|0|0|1|0|0|0|0|0|0|0|1|2|0|0|0|1|1|0|0|2|0|0|0|0|0|0|0|0|0|0|2</HistCounts>
      </HistItem>
    </Histograms>
    <Metadata>
      <MDI key="BandName">Band_3</MDI>
      <MDI key="RepresentationType">ATHEMATIC</MDI>
      <MDI key="STATISTICS_COVARIANCES">0.000368721212924691,0.002252116093723728,0.001429456482815265</MDI>
      <MDI key="STATISTICS_EXCLUDEDVALUES"></MDI>
      <MDI key="STATISTICS_MAXIMUM">0.42375001311302</MDI>
      <MDI key="STATISTICS_MEAN">0.28378123672931</MDI>
      <MDI key="STATISTICS_MEDIAN">0.286667</MDI>
      <MDI key="STATISTICS_MINIMUM">0.12999999523163</MDI>
      <MDI key="STATISTICS_SKIPFACTORX">1</MDI>
      <MDI key="STATISTICS_SKIPFACTORY">1</MDI>
      <MDI key="STATISTICS_STDDEV">0.037808153655201</MDI>
    </Metadata>
  </PAMRasterBand>
</PAMDataset>
