<PAMDataset>
  <Metadata>
    <MDI key="DataType">Generic</MDI>
  </Metadata>
  <PAMRasterBand band="1">
    <Description>Band_1</Description>
    <Histograms>
      <HistItem>
        <HistMin>0.4397499859333038</HistMin>
        <HistMax>0.9268703460693359</HistMax>
        <BucketCount>256</BucketCount>
        <IncludeOutOfRange>1</IncludeOutOfRange>
        <Approximate>0</Approximate>
        <HistCounts>1|1|0|0|0|0|0|0|0|0|0|0|0|0|0|0|0|0|0|0|0|0|0|0|0|0|0|4|0|0|0|0|0|0|0|0|0|0|0|0|0|0|0|0|0|0|3|0|0|0|4|2|0|0|2|0|1|0|1|1|1|3|2|3|3|0|3|3|3|3|3|6|1|4|5|2|10|1|7|1|6|5|10|2|4|5|3|2|6|4|7|3|12|5|4|2|8|0|4|2|2|1|3|5|1|3|3|1|3|4|4|4|3|8|6|5|7|2|7|4|11|13|13|5|2|13|8|7|5|8|4|10|5|8|12|12|10|3|10|6|6|6|6|12|10|21|5|8|11|12|9|8|12|16|13|11|10|7|14|7|9|9|8|15|5|10|9|9|12|16|5|14|12|7|12|10|11|13|14|9|8|8|5|9|20|11|12|19|5|1|13|6|9|8|2|4|8|6|4|4|4|4|5|8|7|3|4|6|4|1|7|6|3|5|3|7|11|4|3|4|8|6|6|9|4|6|8|5|6|8|6|5|6|2|3|9|2|7|0|2|7|0|2|2|0|1|2|0|0|0|0|5|2|0|1|1</HistCounts>
      </HistItem>
    </Histograms>
    <Metadata>
      <MDI key="BandName">Band_1</MDI>
      <MDI key="RepresentationType">ATHEMATIC</MDI>
      <MDI key="STATISTICS_COVARIANCES">0.00808560371754603,0.002348853330355785,0.001919406952185567</MDI>
      <MDI key="STATISTICS_EXCLUDEDVALUES"></MDI>
      <MDI key="STATISTICS_MAXIMUM">0.92687034606934</MDI>
      <MDI key="STATISTICS_MEAN">0.73893245409419</MDI>
      <MDI key="STATISTICS_MEDIAN">0.741574</MDI>
      <MDI key="STATISTICS_MINIMUM">0.4397499859333</MDI>
      <MDI key="STATISTICS_SKIPFACTORX">1</MDI>
      <MDI key="STATISTICS_SKIPFACTORY">1</MDI>
      <MDI key="STATISTICS_STDDEV">0.089919985084218</MDI>
    </Metadata>
  </PAMRasterBand>
  <PAMRasterBand band="2">
    <Description>Band_2</Description>
    <Histograms>
      <HistItem>
        <HistMin>0.1655000001192093</HistMin>
        <HistMax>0.6167500019073486</HistMax>
        <BucketCount>256</BucketCount>
        <IncludeOutOfRange>1</IncludeOutOfRange>
        <Approximate>0</Approximate>
        <HistCounts>1|0|0|0|5|0|0|0|0|0|1|0|0|0|3|1|1|0|1|2|0|1|1|0|0|0|0|2|0|1|1|3|0|2|0|0|2|3|0|0|2|2|0|0|4|1|2|3|2|4|2|5|1|4|3|2|2|4|5|5|1|11|6|9|7|9|10|14|7|8|5|13|13|10|9|11|19|11|7|11|6|15|8|12|7|10|6|4|7|8|14|12|9|11|12|9|14|8|19|16|7|14|16|20|12|8|14|15|12|16|13|19|14|17|24|22|20|14|22|15|24|11|20|12|26|18|13|18|16|16|5|7|9|16|12|9|10|10|7|9|12|3|8|2|8|4|8|7|2|1|8|2|4|7|2|4|2|5|2|4|7|3|3|2|0|1|5|1|7|3|1|3|0|3|0|0|0|1|2|2|2|0|0|0|0|0|0|0|0|1|0|0|1|0|0|0|0|0|0|0|0|1|0|0|0|0|0|0|2|0|0|0|0|0|1|0|0|0|1|0|0|0|2|1|0|0|0|0|2|0|0|0|0|0|2|3|0|0|1|0|0|0|0|0|0|0|0|0|0|0|0|0|0|0|0|1</HistCounts>
      </HistItem>
    </Histograms>
    <Metadata>
      <MDI key="BandName">Band_2</MDI>
      <MDI key="RepresentationType">ATHEMATIC</MDI>
      <MDI key="STATISTICS_COVARIANCES">0.002348853330355785,0.003716991785425718,0.002314033798692918</MDI>
      <MDI key="STATISTICS_EXCLUDEDVALUES"></MDI>
      <MDI key="STATISTICS_MAXIMUM">0.61675000190735</MDI>
      <MDI key="STATISTICS_MEAN">0.35507250756171</MDI>
      <MDI key="STATISTICS_MEDIAN">0.358387</MDI>
      <MDI key="STATISTICS_MINIMUM">0.16550000011921</MDI>
      <MDI key="STATISTICS_SKIPFACTORX">1</MDI>
      <MDI key="STATISTICS_SKIPFACTORY">1</MDI>
      <MDI key="STATISTICS_STDDEV">0.060967136929872</MDI>
    </Metadata>
  </PAMRasterBand>
  <PAMRasterBand band="3">
    <Description>Band_3</Description>
    <Histograms>
      <HistItem>
        <HistMin>0.1689999997615814</HistMin>
        <HistMax>0.4395000040531158</HistMax>
        <BucketCount>256</BucketCount>
        <IncludeOutOfRange>1</IncludeOutOfRange>
        <Approximate>0</Approximate>
        <HistCounts>1|0|0|0|0|0|0|1|2|0|0|0|0|0|1|0|2|0|1|0|0|0|3|3|0|1|0|0|1|0|1|0|2|1|0|1|0|3|0|1|5|0|1|3|0|1|4|3|2|0|1|5|5|4|3|2|4|5|5|7|6|7|1|5|11|13|2|4|7|14|4|6|8|5|15|8|10|4|13|6|7|16|14|3|7|2|19|10|7|9|10|10|7|13|24|7|8|13|10|8|7|9|17|19|6|16|23|12|4|22|17|20|19|10|11|17|18|10|10|20|15|19|15|32|10|19|12|23|10|3|11|14|10|10|8|10|10|10|17|13|5|5|4|10|15|3|10|9|7|7|5|8|2|8|4|7|7|2|3|2|4|10|4|1|6|5|3|2|2|1|2|1|0|5|0|4|0|1|3|3|0|5|1|5|5|3|4|0|0|1|2|0|0|0|0|0|1|0|0|2|1|0|0|2|0|0|0|0|2|0|0|0|0|0|0|1|0|0|0|0|0|1|0|1|0|0|0|2|0|2|0|0|0|0|2|0|2|1|1|0|0|0|0|0|0|0|0|0|0|0|0|0|0|0|0|1</HistCounts>
      </HistItem>
    </Histograms>
    <Metadata>
      <MDI key="BandName">Band_3</MDI>
      <MDI key="RepresentationType">ATHEMATIC</MDI>
      <MDI key="STATISTICS_COVARIANCES">0.001919406952185567,0.002314033798692918,0.00149567017884369</MDI>
      <MDI key="STATISTICS_EXCLUDEDVALUES"></MDI>
      <MDI key="STATISTICS_MAXIMUM">0.43950000405312</MDI>
      <MDI key="STATISTICS_MEAN">0.28760457548976</MDI>
      <MDI key="STATISTICS_MEDIAN">0.287808</MDI>
      <MDI key="STATISTICS_MINIMUM">0.16899999976158</MDI>
      <MDI key="STATISTICS_SKIPFACTORX">1</MDI>
      <MDI key="STATISTICS_SKIPFACTORY">1</MDI>
      <MDI key="STATISTICS_STDDEV">0.038673895315105</MDI>
    </Metadata>
  </PAMRasterBand>
</PAMDataset>
