<PAMDataset>
  <Metadata>
    <MDI key="DataType">Generic</MDI>
  </Metadata>
  <PAMRasterBand band="1">
    <Description>Band_1</Description>
    <Histograms>
      <HistItem>
        <HistMin>0.6212499737739563</HistMin>
        <HistMax>0.9079999923706055</HistMax>
        <BucketCount>256</BucketCount>
        <IncludeOutOfRange>1</IncludeOutOfRange>
        <Approximate>0</Approximate>
        <HistCounts>1|0|0|0|0|1|0|0|2|0|0|0|0|0|0|0|1|0|0|2|0|1|0|1|0|1|0|1|3|1|0|0|1|0|0|0|1|0|3|0|0|1|1|0|1|3|0|0|1|2|2|0|0|5|0|2|2|0|0|1|1|1|4|1|1|2|3|4|1|1|0|2|1|0|5|1|4|3|1|5|3|1|2|2|2|1|7|4|2|2|1|3|2|7|6|1|0|3|10|1|2|1|2|2|6|1|0|3|0|3|4|4|0|4|5|2|4|5|10|9|6|2|2|1|1|2|3|6|5|6|4|5|6|0|3|1|8|5|8|4|4|5|5|12|4|5|8|4|1|2|5|6|11|5|11|7|5|12|7|4|7|11|8|10|10|0|9|13|3|12|6|6|5|10|8|5|12|4|11|10|21|11|19|5|7|8|9|2|11|0|11|8|16|4|8|10|4|13|10|2|13|3|8|8|1|6|3|4|5|4|3|6|4|7|2|8|6|6|6|3|8|4|5|2|3|3|4|2|3|4|3|4|2|3|5|3|2|0|3|0|0|1|0|0|0|0|0|0|1|2|0|0|0|0|0|1</HistCounts>
      </HistItem>
    </Histograms>
    <Metadata>
      <MDI key="BandName">Band_1</MDI>
      <MDI key="RepresentationType">ATHEMATIC</MDI>
      <MDI key="STATISTICS_COVARIANCES">0.003070943697230626,0.001723739961920658,0.001136480653484135</MDI>
      <MDI key="STATISTICS_EXCLUDEDVALUES"></MDI>
      <MDI key="STATISTICS_MAXIMUM">0.90799999237061</MDI>
      <MDI key="STATISTICS_MEAN">0.79799810429694</MDI>
      <MDI key="STATISTICS_MEDIAN">0.807919</MDI>
      <MDI key="STATISTICS_MINIMUM">0.62124997377396</MDI>
      <MDI key="STATISTICS_SKIPFACTORX">1</MDI>
      <MDI key="STATISTICS_SKIPFACTORY">1</MDI>
      <MDI key="STATISTICS_STDDEV">0.055416096012175</MDI>
    </Metadata>
  </PAMRasterBand>
  <PAMRasterBand band="2">
    <Description>Band_2</Description>
    <Histograms>
      <HistItem>
        <HistMin>0.1492500007152557</HistMin>
        <HistMax>0.4047499895095825</HistMax>
        <BucketCount>256</BucketCount>
        <IncludeOutOfRange>1</IncludeOutOfRange>
        <Approximate>0</Approximate>
        <HistCounts>2|0|1|0|0|0|0|0|0|0|0|0|0|0|0|0|0|0|0|0|0|0|0|0|0|0|0|0|0|0|0|0|0|0|0|0|0|0|0|0|0|0|0|0|0|0|0|0|0|0|1|0|2|3|0|0|1|4|0|2|0|2|0|4|2|3|3|1|2|2|1|5|0|3|5|4|3|9|4|5|8|6|5|4|6|3|3|6|9|12|9|4|10|1|8|7|6|6|8|8|6|6|9|6|4|3|6|8|8|4|4|5|5|7|8|2|3|1|5|7|1|2|6|9|5|7|6|4|11|8|5|7|9|4|12|4|14|11|10|6|8|6|10|8|6|7|9|11|10|13|13|13|13|9|11|11|10|4|9|8|5|9|14|8|8|3|8|5|9|5|4|7|6|5|6|10|9|6|2|7|3|8|5|8|6|5|1|4|4|8|5|4|4|2|2|3|4|1|4|1|6|0|0|3|4|2|2|4|8|0|1|2|1|2|2|2|0|1|0|3|4|0|1|0|1|0|0|1|0|0|3|1|0|0|2|1|1|0|1|0|0|1|0|0|2|0|0|0|0|1|1|0|0|0|0|1</HistCounts>
      </HistItem>
    </Histograms>
    <Metadata>
      <MDI key="BandName">Band_2</MDI>
      <MDI key="RepresentationType">ATHEMATIC</MDI>
      <MDI key="STATISTICS_COVARIANCES">0.001723739961920658,0.001737187027615107,0.001114211530237704</MDI>
      <MDI key="STATISTICS_EXCLUDEDVALUES"></MDI>
      <MDI key="STATISTICS_MAXIMUM">0.40474998950958</MDI>
      <MDI key="STATISTICS_MEAN">0.28800135455372</MDI>
      <MDI key="STATISTICS_MEDIAN">0.290526</MDI>
      <MDI key="STATISTICS_MINIMUM">0.14925000071526</MDI>
      <MDI key="STATISTICS_SKIPFACTORX">1</MDI>
      <MDI key="STATISTICS_SKIPFACTORY">1</MDI>
      <MDI key="STATISTICS_STDDEV">0.041679575665008</MDI>
    </Metadata>
  </PAMRasterBand>
  <PAMRasterBand band="3">
    <Description>Band_3</Description>
    <Histograms>
      <HistItem>
        <HistMin>0.1757500022649765</HistMin>
        <HistMax>0.3427500128746033</HistMax>
        <BucketCount>256</BucketCount>
        <IncludeOutOfRange>1</IncludeOutOfRange>
        <Approximate>0</Approximate>
        <HistCounts>1|1|0|0|1|0|0|0|0|0|0|0|0|0|0|0|0|0|0|0|0|0|0|0|0|0|0|0|0|0|0|0|0|1|0|1|2|0|2|0|0|3|1|0|0|0|2|1|1|0|3|1|0|3|3|1|3|0|0|6|1|2|3|3|1|4|6|5|0|7|4|3|8|2|9|7|8|9|5|8|6|2|12|6|5|10|2|9|4|3|8|9|4|5|7|7|11|5|4|2|4|9|5|2|9|2|3|3|6|3|0|5|1|1|8|6|3|7|7|14|1|5|6|1|8|8|2|8|3|9|15|9|13|9|4|15|8|6|5|9|23|6|14|20|14|10|9|6|6|5|10|5|14|12|12|7|7|5|8|15|7|5|3|7|4|2|5|7|8|10|9|9|9|6|8|5|5|3|10|5|6|4|2|3|2|8|5|2|5|2|4|6|2|2|1|2|2|1|3|2|3|3|1|2|3|0|0|1|0|0|1|0|0|3|2|0|2|0|0|0|0|0|1|0|0|0|0|1|0|1|0|0|1|0|0|2|1|0|0|0|0|0|0|0|0|0|0|0|0|0|0|0|0|0|0|1</HistCounts>
      </HistItem>
    </Histograms>
    <Metadata>
      <MDI key="BandName">Band_3</MDI>
      <MDI key="RepresentationType">ATHEMATIC</MDI>
      <MDI key="STATISTICS_COVARIANCES">0.001136480653484135,0.001114211530237704,0.000726641049115509</MDI>
      <MDI key="STATISTICS_EXCLUDEDVALUES"></MDI>
      <MDI key="STATISTICS_MAXIMUM">0.3427500128746</MDI>
      <MDI key="STATISTICS_MEAN">0.26097020550448</MDI>
      <MDI key="STATISTICS_MEDIAN">0.264162</MDI>
      <MDI key="STATISTICS_MINIMUM">0.17575000226498</MDI>
      <MDI key="STATISTICS_SKIPFACTORX">1</MDI>
      <MDI key="STATISTICS_SKIPFACTORY">1</MDI>
      <MDI key="STATISTICS_STDDEV">0.026956280327885</MDI>
    </Metadata>
  </PAMRasterBand>
</PAMDataset>
