<PAMDataset>
  <Metadata>
    <MDI key="DataType">Generic</MDI>
  </Metadata>
  <PAMRasterBand band="1">
    <Description>Band_1</Description>
    <Histograms>
      <HistItem>
        <HistMin>0.7102500200271606</HistMin>
        <HistMax>0.9310185313224792</HistMax>
        <BucketCount>256</BucketCount>
        <IncludeOutOfRange>1</IncludeOutOfRange>
        <Approximate>0</Approximate>
        <HistCounts>1|0|0|0|0|0|2|4|2|0|3|0|4|1|0|2|1|3|2|8|2|1|4|4|4|2|0|4|1|1|1|3|3|4|4|5|0|1|8|2|6|5|4|10|10|1|12|16|11|6|11|9|3|19|10|14|15|8|27|10|15|7|8|10|8|22|10|9|8|10|2|11|10|17|15|10|9|21|12|14|9|10|12|13|14|14|14|15|9|10|12|7|15|17|8|13|11|9|10|11|16|13|4|12|4|10|5|3|2|3|6|4|10|6|4|5|6|3|6|3|1|3|0|6|2|2|1|6|2|3|2|1|5|4|0|4|0|2|4|0|1|1|2|1|1|1|1|0|1|1|1|0|2|1|1|1|0|2|0|1|0|1|1|0|1|1|1|0|2|0|2|1|1|1|0|2|1|0|2|1|2|0|1|0|0|0|3|4|1|0|0|0|0|0|1|1|0|1|1|0|2|0|0|0|0|0|0|0|0|0|0|0|0|0|0|0|1|0|0|0|2|0|0|0|1|0|0|1|0|0|1|0|0|0|0|0|0|1|1|0|0|0|1|1|0|1|2|0|3|0|2|1|1|3|2|1</HistCounts>
      </HistItem>
    </Histograms>
    <Metadata>
      <MDI key="BandName">Band_1</MDI>
      <MDI key="RepresentationType">ATHEMATIC</MDI>
      <MDI key="STATISTICS_COVARIANCES">0.001382395529441962,-0.0009310071354175601,-0.0004709045716362863</MDI>
      <MDI key="STATISTICS_EXCLUDEDVALUES"></MDI>
      <MDI key="STATISTICS_MAXIMUM">0.93101853132248</MDI>
      <MDI key="STATISTICS_MEAN">0.78329113391893</MDI>
      <MDI key="STATISTICS_MEDIAN">0.777779</MDI>
      <MDI key="STATISTICS_MINIMUM">0.71025002002716</MDI>
      <MDI key="STATISTICS_SKIPFACTORX">1</MDI>
      <MDI key="STATISTICS_SKIPFACTORY">1</MDI>
      <MDI key="STATISTICS_STDDEV">0.037180580004109</MDI>
    </Metadata>
  </PAMRasterBand>
  <PAMRasterBand band="2">
    <Description>Band_2</Description>
    <Histograms>
      <HistItem>
        <HistMin>0.09525000303983688</HistMin>
        <HistMax>0.40625</HistMax>
        <BucketCount>256</BucketCount>
        <IncludeOutOfRange>1</IncludeOutOfRange>
        <Approximate>0</Approximate>
        <HistCounts>3|1|1|0|0|0|0|0|1|2|1|0|1|0|0|1|0|1|1|0|0|1|0|1|0|0|1|0|0|0|2|0|0|0|1|0|0|0|0|1|1|0|0|2|0|2|0|0|1|0|1|1|1|1|0|0|1|1|0|3|2|1|0|0|0|0|1|2|0|1|2|2|1|0|0|3|2|0|2|0|0|3|1|1|0|1|1|0|1|0|1|2|2|1|0|0|0|1|0|1|3|2|1|1|1|3|2|0|0|4|2|5|0|2|3|4|0|7|1|4|2|1|1|6|0|11|0|5|3|4|4|5|2|3|4|3|7|10|1|2|2|15|6|5|4|8|2|7|7|2|4|7|13|14|9|7|4|10|11|3|11|5|16|10|6|5|10|8|11|8|13|14|13|15|15|26|14|19|14|8|8|13|9|10|15|11|19|10|13|5|17|12|11|14|12|13|8|11|18|6|14|11|10|12|3|12|13|6|9|9|8|7|3|3|8|12|4|12|3|2|5|6|2|2|0|2|1|1|3|4|0|2|3|1|0|2|0|0|2|0|2|0|0|0|0|0|1|0|0|0|0|1|0|0|0|2</HistCounts>
      </HistItem>
    </Histograms>
    <Metadata>
      <MDI key="BandName">Band_2</MDI>
      <MDI key="RepresentationType">ATHEMATIC</MDI>
      <MDI key="STATISTICS_COVARIANCES">-0.0009310071354175601,0.002683402796749513,0.001520285991386462</MDI>
      <MDI key="STATISTICS_EXCLUDEDVALUES"></MDI>
      <MDI key="STATISTICS_MAXIMUM">0.40625</MDI>
      <MDI key="STATISTICS_MEAN">0.2994618054095</MDI>
      <MDI key="STATISTICS_MEDIAN">0.308681</MDI>
      <MDI key="STATISTICS_MINIMUM">0.095250003039837</MDI>
      <MDI key="STATISTICS_SKIPFACTORX">1</MDI>
      <MDI key="STATISTICS_SKIPFACTORY">1</MDI>
      <MDI key="STATISTICS_STDDEV">0.051801571373362</MDI>
    </Metadata>
  </PAMRasterBand>
  <PAMRasterBand band="3">
    <Description>Band_3</Description>
    <Histograms>
      <HistItem>
        <HistMin>0.1447499990463257</HistMin>
        <HistMax>0.3342500030994415</HistMax>
        <BucketCount>256</BucketCount>
        <IncludeOutOfRange>1</IncludeOutOfRange>
        <Approximate>0</Approximate>
        <HistCounts>1|0|0|1|0|0|0|1|1|1|0|0|0|0|0|1|0|0|0|1|2|0|0|2|0|1|0|0|0|0|0|1|1|0|1|0|1|0|1|1|0|0|1|1|2|0|0|1|1|1|0|0|0|1|0|0|2|1|3|1|0|0|0|0|0|0|1|1|2|0|2|0|2|4|0|1|1|0|0|0|2|1|3|2|2|1|2|0|0|1|0|5|0|3|0|1|0|1|1|1|2|5|1|1|2|0|1|0|4|1|0|1|5|4|7|1|1|4|4|0|4|4|2|6|5|4|6|3|7|3|4|5|6|3|8|1|12|6|8|3|3|2|3|6|7|10|8|8|7|7|8|8|4|6|11|11|7|3|11|7|13|9|16|15|11|12|15|14|12|17|5|22|10|19|11|11|16|15|16|11|8|12|6|12|14|14|9|10|8|14|15|22|15|9|15|10|12|10|8|10|16|7|7|4|9|12|9|7|6|5|2|8|2|7|2|1|3|5|3|5|5|1|1|2|0|1|3|3|1|1|0|0|0|0|2|0|1|2|0|0|0|1|0|1|2|0|0|0|1|0|2|0|0|0|0|1</HistCounts>
      </HistItem>
    </Histograms>
    <Metadata>
      <MDI key="BandName">Band_3</MDI>
      <MDI key="RepresentationType">ATHEMATIC</MDI>
      <MDI key="STATISTICS_COVARIANCES">-0.0004709045716362863,0.001520285991386462,0.0009081787188983776</MDI>
      <MDI key="STATISTICS_EXCLUDEDVALUES"></MDI>
      <MDI key="STATISTICS_MAXIMUM">0.33425000309944</MDI>
      <MDI key="STATISTICS_MEAN">0.26676289679571</MDI>
      <MDI key="STATISTICS_MEDIAN">0.271826</MDI>
      <MDI key="STATISTICS_MINIMUM">0.14474999904633</MDI>
      <MDI key="STATISTICS_SKIPFACTORX">1</MDI>
      <MDI key="STATISTICS_SKIPFACTORY">1</MDI>
      <MDI key="STATISTICS_STDDEV">0.030136003698208</MDI>
    </Metadata>
  </PAMRasterBand>
</PAMDataset>
