<PAMDataset>
  <Metadata>
    <MDI key="DataType">Generic</MDI>
  </Metadata>
  <PAMRasterBand band="1">
    <Description>Band_1</Description>
    <Histograms>
      <HistItem>
        <HistMin>0.2795000076293945</HistMin>
        <HistMax>0.9282962679862976</HistMax>
        <BucketCount>256</BucketCount>
        <IncludeOutOfRange>1</IncludeOutOfRange>
        <Approximate>0</Approximate>
        <HistCounts>5|5|1|1|7|4|2|8|0|4|1|4|3|2|1|4|0|5|0|1|3|2|4|2|2|3|0|3|0|3|2|1|6|2|6|2|2|0|1|2|2|0|2|4|4|5|1|4|8|1|0|0|2|0|3|6|8|4|5|2|4|3|7|5|5|3|5|2|4|5|2|4|1|8|6|8|2|5|8|2|3|1|5|7|10|0|5|0|3|6|0|3|2|7|2|2|8|4|3|3|1|5|1|0|1|2|3|6|7|3|3|3|4|9|2|1|9|3|4|2|2|4|3|5|10|2|3|3|4|3|1|6|0|4|4|5|0|1|7|2|1|2|2|1|3|2|2|3|2|3|1|2|2|2|7|2|2|1|4|1|2|1|2|2|3|5|5|3|3|3|3|8|3|4|3|1|3|4|5|6|7|7|8|17|17|16|21|12|16|12|7|13|11|11|13|8|23|12|16|10|5|10|21|24|23|18|42|32|45|31|35|28|37|29|31|37|35|31|31|24|30|17|13|23|17|23|13|16|20|15|8|6|14|6|8|3|7|7|3|6|11|8|1|7|6|4|2|3|3|4|6|10|42|20|3|1</HistCounts>
      </HistItem>
    </Histograms>
    <Metadata>
      <MDI key="BandName">Band_1</MDI>
      <MDI key="RepresentationType">ATHEMATIC</MDI>
      <MDI key="STATISTICS_COVARIANCES">0.02802001434060187,0.004510647864129774,0.004114395826048885</MDI>
      <MDI key="STATISTICS_EXCLUDEDVALUES"></MDI>
      <MDI key="STATISTICS_MAXIMUM">0.9282962679863</MDI>
      <MDI key="STATISTICS_MEAN">0.72339709365874</MDI>
      <MDI key="STATISTICS_MEDIAN">0.795993</MDI>
      <MDI key="STATISTICS_MINIMUM">0.27950000762939</MDI>
      <MDI key="STATISTICS_SKIPFACTORX">1</MDI>
      <MDI key="STATISTICS_SKIPFACTORY">1</MDI>
      <MDI key="STATISTICS_STDDEV">0.16739179890485</MDI>
    </Metadata>
  </PAMRasterBand>
  <PAMRasterBand band="2">
    <Description>Band_2</Description>
    <Histograms>
      <HistItem>
        <HistMin>0.09300000220537186</HistMin>
        <HistMax>0.5454999804496765</HistMax>
        <BucketCount>256</BucketCount>
        <IncludeOutOfRange>1</IncludeOutOfRange>
        <Approximate>0</Approximate>
        <HistCounts>1|0|0|1|1|0|0|1|5|14|7|12|9|8|6|11|7|4|12|9|14|11|16|17|18|26|25|25|21|32|29|28|34|33|21|26|34|31|26|24|22|29|34|30|28|35|40|27|40|23|25|31|23|18|19|19|29|17|19|19|16|20|14|16|17|14|14|17|14|9|18|9|16|8|13|10|15|12|17|10|8|11|4|10|10|9|12|9|11|4|11|15|10|8|5|9|9|5|9|12|13|5|12|6|2|10|6|13|4|6|4|1|7|7|3|1|8|5|9|3|3|4|2|2|2|2|2|2|4|1|0|0|1|1|1|2|6|3|5|1|2|0|2|0|2|6|2|1|0|1|0|0|2|0|0|2|0|1|2|1|0|1|0|1|0|0|0|0|2|2|0|1|0|0|0|0|0|0|0|0|0|0|0|0|0|1|0|0|0|0|0|0|0|0|0|0|0|2|0|0|0|0|0|0|0|0|0|0|0|0|0|0|0|0|0|0|2|0|0|0|0|0|0|0|0|0|0|0|0|0|0|0|0|0|0|0|0|0|0|0|0|0|0|0|0|0|0|0|0|0|0|0|0|0|0|1</HistCounts>
      </HistItem>
    </Histograms>
    <Metadata>
      <MDI key="BandName">Band_2</MDI>
      <MDI key="RepresentationType">ATHEMATIC</MDI>
      <MDI key="STATISTICS_COVARIANCES">0.004510647864129774,0.003274620756905983,0.002233873286900476</MDI>
      <MDI key="STATISTICS_EXCLUDEDVALUES"></MDI>
      <MDI key="STATISTICS_MAXIMUM">0.54549998044968</MDI>
      <MDI key="STATISTICS_MEAN">0.19556236056711</MDI>
      <MDI key="STATISTICS_MEDIAN">0.179951</MDI>
      <MDI key="STATISTICS_MINIMUM">0.093000002205372</MDI>
      <MDI key="STATISTICS_SKIPFACTORX">1</MDI>
      <MDI key="STATISTICS_SKIPFACTORY">1</MDI>
      <MDI key="STATISTICS_STDDEV">0.057224302153071</MDI>
    </Metadata>
  </PAMRasterBand>
  <PAMRasterBand band="3">
    <Description>Band_3</Description>
    <Histograms>
      <HistItem>
        <HistMin>0.1284999996423721</HistMin>
        <HistMax>0.4542500078678131</HistMax>
        <BucketCount>256</BucketCount>
        <IncludeOutOfRange>1</IncludeOutOfRange>
        <Approximate>0</Approximate>
        <HistCounts>2|0|3|3|11|14|4|8|10|9|6|7|6|5|5|5|4|4|15|4|10|7|8|10|11|6|15|15|11|5|14|24|27|17|17|26|23|32|41|21|21|50|44|31|19|41|37|26|23|27|36|47|34|43|37|26|34|24|23|19|25|25|21|19|12|17|19|16|15|17|11|13|18|14|19|9|14|9|9|15|9|13|15|6|6|13|11|9|5|12|8|10|12|15|8|2|8|14|10|11|10|9|7|3|8|6|6|5|3|7|5|4|3|1|1|0|0|2|3|3|0|2|4|3|0|2|2|0|4|5|2|3|2|2|5|1|4|2|2|6|0|0|1|0|1|0|0|2|4|2|0|0|1|0|1|0|2|0|0|2|1|0|0|3|1|0|2|0|0|1|0|0|0|0|0|0|0|0|0|0|0|0|0|0|0|0|0|1|0|0|0|0|0|0|0|0|1|0|0|0|1|0|0|0|0|0|2|1|0|0|0|0|2|0|0|0|0|0|0|0|0|0|0|0|0|0|0|0|0|0|0|0|0|0|0|0|0|0|0|1|0|0|0|0|0|0|0|0|0|0|0|0|0|0|0|1</HistCounts>
      </HistItem>
    </Histograms>
    <Metadata>
      <MDI key="BandName">Band_3</MDI>
      <MDI key="RepresentationType">ATHEMATIC</MDI>
      <MDI key="STATISTICS_COVARIANCES">0.004114395826048885,0.002233873286900476,0.00163123799666791</MDI>
      <MDI key="STATISTICS_EXCLUDEDVALUES"></MDI>
      <MDI key="STATISTICS_MAXIMUM">0.45425000786781</MDI>
      <MDI key="STATISTICS_MEAN">0.20370061386244</MDI>
      <MDI key="STATISTICS_MEDIAN">0.194927</MDI>
      <MDI key="STATISTICS_MINIMUM">0.12849999964237</MDI>
      <MDI key="STATISTICS_SKIPFACTORX">1</MDI>
      <MDI key="STATISTICS_SKIPFACTORY">1</MDI>
      <MDI key="STATISTICS_STDDEV">0.040388587455715</MDI>
    </Metadata>
  </PAMRasterBand>
</PAMDataset>
