<PAMDataset>
  <Metadata>
    <MDI key="DataType">Generic</MDI>
  </Metadata>
  <PAMRasterBand band="1">
    <Description>Band_1</Description>
    <Histograms>
      <HistItem>
        <HistMin>0.531499981880188</HistMin>
        <HistMax>0.9265184998512268</HistMax>
        <BucketCount>256</BucketCount>
        <IncludeOutOfRange>1</IncludeOutOfRange>
        <Approximate>0</Approximate>
        <HistCounts>1|0|0|0|0|0|0|0|0|2|0|0|0|0|0|0|0|1|0|1|0|1|1|1|2|0|2|1|0|0|0|0|0|0|0|0|0|1|0|1|1|0|0|0|0|1|0|2|1|0|1|0|2|2|0|0|5|3|0|5|2|1|3|0|1|1|3|3|3|0|3|0|0|3|1|5|7|1|4|0|5|3|2|3|3|10|3|3|2|1|1|8|5|1|2|3|0|0|4|5|4|4|1|4|4|1|2|2|1|2|1|3|5|3|3|1|4|6|3|1|1|5|3|3|2|3|5|3|1|2|6|2|2|4|4|2|2|2|2|4|2|2|1|2|4|0|2|6|0|2|1|2|1|5|4|1|3|5|5|3|0|3|2|2|1|1|2|4|4|9|1|3|5|5|2|2|1|2|3|0|4|4|3|1|1|1|1|6|5|5|2|6|2|5|7|0|2|7|7|4|5|4|4|6|6|2|4|7|2|4|5|11|5|5|7|4|7|5|15|5|7|11|4|14|13|5|14|6|6|9|2|8|9|13|21|11|9|8|10|8|9|6|3|6|6|4|7|5|3|10|18|28|9|0|2|1</HistCounts>
      </HistItem>
    </Histograms>
    <Metadata>
      <MDI key="BandName">Band_1</MDI>
      <MDI key="RepresentationType">ATHEMATIC</MDI>
      <MDI key="STATISTICS_COVARIANCES">0.009531558478856547,0.006341602737176674,0.004197455324812809</MDI>
      <MDI key="STATISTICS_EXCLUDEDVALUES"></MDI>
      <MDI key="STATISTICS_MAXIMUM">0.92651849985123</MDI>
      <MDI key="STATISTICS_MEAN">0.80582555623615</MDI>
      <MDI key="STATISTICS_MEDIAN">0.838220</MDI>
      <MDI key="STATISTICS_MINIMUM">0.53149998188019</MDI>
      <MDI key="STATISTICS_SKIPFACTORX">1</MDI>
      <MDI key="STATISTICS_SKIPFACTORY">1</MDI>
      <MDI key="STATISTICS_STDDEV">0.097629700802863</MDI>
    </Metadata>
  </PAMRasterBand>
  <PAMRasterBand band="2">
    <Description>Band_2</Description>
    <Histograms>
      <HistItem>
        <HistMin>0.09875000268220901</HistMin>
        <HistMax>0.4757499992847443</HistMax>
        <BucketCount>256</BucketCount>
        <IncludeOutOfRange>1</IncludeOutOfRange>
        <Approximate>0</Approximate>
        <HistCounts>1|0|0|1|1|0|0|0|0|1|0|0|0|1|1|0|1|0|0|0|2|0|0|1|1|0|0|0|0|0|0|0|0|0|0|1|2|0|0|0|0|0|2|2|1|0|0|0|1|3|1|0|3|0|1|0|3|3|1|0|4|2|2|1|3|6|3|4|4|5|7|4|8|9|5|11|9|17|15|10|12|7|4|10|9|20|9|11|6|7|4|0|5|2|6|3|3|2|5|5|7|4|1|1|3|2|2|6|7|3|2|0|0|3|4|5|0|2|5|5|3|3|1|3|0|0|3|3|3|3|0|0|1|1|0|1|1|0|3|1|1|2|0|3|5|3|0|1|1|0|2|4|4|0|1|3|1|1|2|0|2|0|1|0|1|3|1|4|2|0|0|3|2|4|3|3|1|7|1|15|4|9|7|7|4|8|2|13|7|15|3|7|7|15|6|7|8|8|7|10|10|11|7|10|6|15|11|9|11|8|4|5|10|7|4|7|9|10|6|2|3|9|2|1|6|2|7|2|2|1|3|1|3|0|2|2|1|0|2|0|2|2|0|0|1|2|1|0|0|0|0|0|3|0|0|1</HistCounts>
      </HistItem>
    </Histograms>
    <Metadata>
      <MDI key="BandName">Band_2</MDI>
      <MDI key="RepresentationType">ATHEMATIC</MDI>
      <MDI key="STATISTICS_COVARIANCES">0.006341602737176674,0.007955254678447401,0.00504005580377398</MDI>
      <MDI key="STATISTICS_EXCLUDEDVALUES"></MDI>
      <MDI key="STATISTICS_MAXIMUM">0.47574999928474</MDI>
      <MDI key="STATISTICS_MEAN">0.31510529440115</MDI>
      <MDI key="STATISTICS_MEDIAN">0.342691</MDI>
      <MDI key="STATISTICS_MINIMUM">0.098750002682209</MDI>
      <MDI key="STATISTICS_SKIPFACTORX">1</MDI>
      <MDI key="STATISTICS_SKIPFACTORY">1</MDI>
      <MDI key="STATISTICS_STDDEV">0.089192234406631</MDI>
    </Metadata>
  </PAMRasterBand>
  <PAMRasterBand band="3">
    <Description>Band_3</Description>
    <Histograms>
      <HistItem>
        <HistMin>0.1490000039339066</HistMin>
        <HistMax>0.3799999952316284</HistMax>
        <BucketCount>256</BucketCount>
        <IncludeOutOfRange>1</IncludeOutOfRange>
        <Approximate>0</Approximate>
        <HistCounts>1|0|0|0|0|0|0|0|0|1|0|1|0|0|0|0|1|0|0|0|4|0|2|0|1|1|0|1|1|0|0|1|2|0|0|0|0|0|2|0|0|1|0|0|0|3|4|1|1|3|3|1|4|3|3|0|6|4|8|8|8|4|5|2|5|12|4|7|13|8|13|6|12|17|8|14|9|13|6|4|9|4|3|1|2|4|2|2|0|7|2|5|2|3|7|4|3|3|0|3|0|5|5|5|0|4|5|0|2|4|1|0|0|8|5|3|1|4|2|0|3|3|0|1|1|3|3|3|0|0|0|1|2|0|1|0|5|4|1|3|3|0|1|2|3|2|2|2|0|1|4|0|1|1|0|1|0|6|4|0|5|3|3|1|0|3|1|2|2|3|0|11|0|2|2|1|2|4|6|4|4|18|11|6|3|6|8|10|6|7|5|8|11|9|14|9|7|6|11|10|16|4|18|3|12|5|7|4|6|8|5|12|4|8|5|7|8|1|3|5|3|3|6|3|4|1|2|6|2|3|3|0|2|1|2|1|0|3|0|1|0|1|2|1|0|0|0|2|0|0|1|0|1|0|0|2</HistCounts>
      </HistItem>
    </Histograms>
    <Metadata>
      <MDI key="BandName">Band_3</MDI>
      <MDI key="RepresentationType">ATHEMATIC</MDI>
      <MDI key="STATISTICS_COVARIANCES">0.004197455324812809,0.00504005580377398,0.003209722118196359</MDI>
      <MDI key="STATISTICS_EXCLUDEDVALUES"></MDI>
      <MDI key="STATISTICS_MAXIMUM">0.37999999523163</MDI>
      <MDI key="STATISTICS_MEAN">0.27735911786556</MDI>
      <MDI key="STATISTICS_MEDIAN">0.291224</MDI>
      <MDI key="STATISTICS_MINIMUM">0.14900000393391</MDI>
      <MDI key="STATISTICS_SKIPFACTORX">1</MDI>
      <MDI key="STATISTICS_SKIPFACTORY">1</MDI>
      <MDI key="STATISTICS_STDDEV">0.056654409521205</MDI>
    </Metadata>
  </PAMRasterBand>
</PAMDataset>
