<PAMDataset>
  <Metadata>
    <MDI key="DataType">Generic</MDI>
  </Metadata>
  <PAMRasterBand band="1">
    <Description>Band_1</Description>
    <Histograms>
      <HistItem>
        <HistMin>0.6980000138282776</HistMin>
        <HistMax>0.9291481375694275</HistMax>
        <BucketCount>256</BucketCount>
        <IncludeOutOfRange>1</IncludeOutOfRange>
        <Approximate>0</Approximate>
        <HistCounts>1|0|0|2|0|0|1|1|0|0|0|0|0|0|0|2|0|0|0|2|0|0|0|0|0|0|0|0|0|1|0|0|1|0|0|0|0|0|2|1|0|0|0|0|0|0|0|1|0|0|0|0|0|0|0|0|0|0|0|0|0|0|0|0|0|0|0|0|0|1|2|0|0|5|0|0|2|5|4|6|1|4|5|5|11|3|7|7|5|7|7|11|25|7|19|21|9|13|13|22|24|14|19|31|10|12|11|19|26|12|15|18|18|6|14|13|14|12|11|23|9|13|12|18|12|13|24|19|15|22|18|15|10|11|23|10|9|17|12|25|12|11|25|13|14|12|14|23|18|7|8|10|7|18|4|2|5|4|8|7|3|6|5|7|2|3|1|6|6|8|5|1|5|2|3|1|0|1|2|3|1|0|1|3|2|0|0|1|0|2|2|0|0|0|2|0|1|1|1|0|0|0|0|2|2|0|1|0|1|0|0|0|0|0|0|0|0|0|2|0|0|0|2|0|0|0|0|0|2|0|1|0|0|0|0|0|0|0|0|1|0|0|0|0|0|1|4|0|1|0|0|0|0|0|1|1</HistCounts>
      </HistItem>
    </Histograms>
    <Metadata>
      <MDI key="BandName">Band_1</MDI>
      <MDI key="RepresentationType">ATHEMATIC</MDI>
      <MDI key="STATISTICS_COVARIANCES">0.0007650489116722302,-0.0003052217967314483,-0.0001374515113520583</MDI>
      <MDI key="STATISTICS_EXCLUDEDVALUES"></MDI>
      <MDI key="STATISTICS_MAXIMUM">0.92914813756943</MDI>
      <MDI key="STATISTICS_MEAN">0.81038952726691</MDI>
      <MDI key="STATISTICS_MEDIAN">0.809495</MDI>
      <MDI key="STATISTICS_MINIMUM">0.69800001382828</MDI>
      <MDI key="STATISTICS_SKIPFACTORX">1</MDI>
      <MDI key="STATISTICS_SKIPFACTORY">1</MDI>
      <MDI key="STATISTICS_STDDEV">0.027659517560367</MDI>
    </Metadata>
  </PAMRasterBand>
  <PAMRasterBand band="2">
    <Description>Band_2</Description>
    <Histograms>
      <HistItem>
        <HistMin>0.1237500011920929</HistMin>
        <HistMax>0.4954999983310699</HistMax>
        <BucketCount>256</BucketCount>
        <IncludeOutOfRange>1</IncludeOutOfRange>
        <Approximate>0</Approximate>
        <HistCounts>1|0|0|0|0|0|0|0|0|0|0|0|0|0|0|0|1|0|1|1|1|1|1|1|1|0|1|0|1|1|0|0|0|0|1|1|0|2|3|1|0|0|0|0|5|2|1|3|2|1|2|4|1|5|4|2|2|5|5|5|2|6|1|2|5|7|4|3|7|4|3|7|5|4|6|6|8|2|4|3|12|5|4|3|6|0|2|12|7|9|2|4|3|2|0|7|4|2|5|6|2|3|7|3|9|2|4|5|7|3|8|15|3|6|11|6|9|4|3|6|0|12|9|5|6|5|8|2|8|10|3|9|6|12|15|7|4|5|11|9|9|12|5|9|13|11|6|13|10|4|6|9|16|18|10|12|8|19|16|15|6|23|14|15|25|20|12|19|16|14|14|12|16|13|13|32|9|12|9|18|11|10|12|5|12|13|3|15|15|3|5|3|6|3|0|6|6|5|5|3|0|0|1|0|1|1|0|0|0|0|4|0|1|1|1|0|0|0|1|0|0|0|0|0|0|0|0|0|0|0|0|0|0|0|0|0|0|0|0|0|1|0|0|0|0|0|0|0|0|0|0|0|0|0|0|1</HistCounts>
      </HistItem>
    </Histograms>
    <Metadata>
      <MDI key="BandName">Band_2</MDI>
      <MDI key="RepresentationType">ATHEMATIC</MDI>
      <MDI key="STATISTICS_COVARIANCES">-0.0003052217967314483,0.003802845595875557,0.002143940091867411</MDI>
      <MDI key="STATISTICS_EXCLUDEDVALUES"></MDI>
      <MDI key="STATISTICS_MAXIMUM">0.49549999833107</MDI>
      <MDI key="STATISTICS_MEAN">0.32448232110695</MDI>
      <MDI key="STATISTICS_MEDIAN">0.339511</MDI>
      <MDI key="STATISTICS_MINIMUM">0.12375000119209</MDI>
      <MDI key="STATISTICS_SKIPFACTORX">1</MDI>
      <MDI key="STATISTICS_SKIPFACTORY">1</MDI>
      <MDI key="STATISTICS_STDDEV">0.061667216540684</MDI>
    </Metadata>
  </PAMRasterBand>
  <PAMRasterBand band="3">
    <Description>Band_3</Description>
    <Histograms>
      <HistItem>
        <HistMin>0.1707500070333481</HistMin>
        <HistMax>0.4375</HistMax>
        <BucketCount>256</BucketCount>
        <IncludeOutOfRange>1</IncludeOutOfRange>
        <Approximate>0</Approximate>
        <HistCounts>1|0|0|0|1|0|0|1|0|0|1|1|0|0|0|1|2|0|2|0|0|1|2|1|0|0|1|0|0|2|4|0|0|2|4|2|4|4|3|2|3|5|1|8|8|3|2|6|3|1|5|7|5|9|18|3|2|2|5|9|9|2|10|3|10|8|5|3|2|8|9|2|7|7|1|6|3|2|6|3|7|9|7|11|11|8|8|6|11|11|12|9|11|1|4|8|4|14|8|10|12|9|5|14|12|7|16|14|8|8|12|6|16|17|11|8|16|13|15|8|29|12|13|11|29|17|25|16|35|14|28|9|14|21|28|21|17|30|11|2|17|19|12|12|15|17|12|13|6|3|12|4|3|4|6|0|1|1|0|1|1|0|0|2|0|2|2|2|0|1|0|0|0|0|0|0|0|0|0|0|0|0|0|0|0|0|0|0|0|0|0|0|0|0|0|0|0|0|0|0|0|0|0|0|0|0|0|0|0|0|0|0|0|0|0|0|0|0|0|0|0|0|0|0|0|0|0|0|0|0|0|0|0|0|0|0|0|0|0|0|0|0|0|0|0|0|0|0|1|0|0|0|0|0|0|1</HistCounts>
      </HistItem>
    </Histograms>
    <Metadata>
      <MDI key="BandName">Band_3</MDI>
      <MDI key="RepresentationType">ATHEMATIC</MDI>
      <MDI key="STATISTICS_COVARIANCES">-0.0001374515113520583,0.002143940091867411,0.001227936196659878</MDI>
      <MDI key="STATISTICS_EXCLUDEDVALUES"></MDI>
      <MDI key="STATISTICS_MAXIMUM">0.4375</MDI>
      <MDI key="STATISTICS_MEAN">0.2829222127225</MDI>
      <MDI key="STATISTICS_MEDIAN">0.292095</MDI>
      <MDI key="STATISTICS_MINIMUM">0.17075000703335</MDI>
      <MDI key="STATISTICS_SKIPFACTORX">1</MDI>
      <MDI key="STATISTICS_SKIPFACTORY">1</MDI>
      <MDI key="STATISTICS_STDDEV">0.035041920561805</MDI>
    </Metadata>
  </PAMRasterBand>
</PAMDataset>
