<PAMDataset>
  <Metadata>
    <MDI key="DataType">Generic</MDI>
  </Metadata>
  <PAMRasterBand band="1">
    <Description>Band_1</Description>
    <Histograms>
      <HistItem>
        <HistMin>0.5649999976158142</HistMin>
        <HistMax>0.9309074282646179</HistMax>
        <BucketCount>256</BucketCount>
        <IncludeOutOfRange>1</IncludeOutOfRange>
        <Approximate>0</Approximate>
        <HistCounts>1|0|0|0|0|0|0|0|0|0|0|0|1|1|0|1|0|0|0|0|1|0|1|0|0|0|0|0|0|1|0|0|0|0|0|1|1|0|0|0|2|0|0|0|0|1|0|2|2|0|1|0|1|1|3|1|2|1|0|0|0|1|2|2|0|2|6|1|1|0|2|2|1|2|0|0|1|0|5|2|4|8|3|5|7|2|2|3|2|3|5|2|3|1|4|3|6|2|3|3|12|4|6|2|16|5|5|2|5|5|5|7|9|10|10|2|7|24|9|10|12|16|8|17|16|26|23|14|21|23|14|35|30|37|24|39|34|41|39|47|36|33|33|36|43|27|28|34|27|24|30|19|21|12|14|17|12|19|19|24|12|8|15|14|17|7|13|18|11|9|12|16|13|6|17|9|7|19|16|8|16|13|8|6|18|20|10|13|11|8|6|14|11|8|7|5|10|6|2|2|9|14|7|5|10|7|6|2|2|5|4|4|2|3|2|4|5|6|4|0|6|6|1|2|6|5|8|6|3|3|3|6|2|7|1|1|0|1|4|9|2|0|5|2|0|0|0|15|10|4|5|6|3|1|3|1</HistCounts>
      </HistItem>
    </Histograms>
    <Metadata>
      <MDI key="BandName">Band_1</MDI>
      <MDI key="RepresentationType">ATHEMATIC</MDI>
      <MDI key="STATISTICS_COVARIANCES">0.003109970432240839,0.0005202204208821445,0.0004973037077817588</MDI>
      <MDI key="STATISTICS_EXCLUDEDVALUES"></MDI>
      <MDI key="STATISTICS_MAXIMUM">0.93090742826462</MDI>
      <MDI key="STATISTICS_MEAN">0.78349962609841</MDI>
      <MDI key="STATISTICS_MEDIAN">0.773065</MDI>
      <MDI key="STATISTICS_MINIMUM">0.56499999761581</MDI>
      <MDI key="STATISTICS_SKIPFACTORX">1</MDI>
      <MDI key="STATISTICS_SKIPFACTORY">1</MDI>
      <MDI key="STATISTICS_STDDEV">0.055767108874684</MDI>
    </Metadata>
  </PAMRasterBand>
  <PAMRasterBand band="2">
    <Description>Band_2</Description>
    <Histograms>
      <HistItem>
        <HistMin>0.09600000083446503</HistMin>
        <HistMax>0.4892500042915344</HistMax>
        <BucketCount>256</BucketCount>
        <IncludeOutOfRange>1</IncludeOutOfRange>
        <Approximate>0</Approximate>
        <HistCounts>2|1|0|2|1|0|0|0|0|0|0|2|1|0|3|0|0|0|1|0|0|0|0|0|0|0|0|0|0|0|0|0|0|0|1|0|0|0|3|0|1|1|2|0|0|1|0|1|1|0|0|1|0|0|2|1|2|0|0|0|0|0|0|0|0|0|0|1|6|0|1|1|1|0|0|0|1|3|0|0|1|0|1|0|0|0|0|1|0|1|3|0|1|0|0|4|3|0|3|5|3|3|1|6|3|2|4|6|0|1|8|4|11|8|8|10|14|14|13|6|10|14|9|13|9|15|14|16|20|11|35|27|24|23|17|22|18|16|25|20|18|20|28|18|18|14|27|21|25|14|33|19|13|21|19|19|17|17|14|16|17|16|18|25|19|38|28|45|36|62|41|35|43|31|47|43|31|52|42|42|35|31|25|42|17|11|24|27|9|7|8|3|4|6|4|5|1|4|3|0|1|8|4|0|0|1|3|3|3|7|2|2|2|0|1|2|2|1|0|8|2|0|0|1|0|2|0|0|1|1|0|1|1|1|0|0|0|0|2|0|1|1|0|0|0|2|0|0|0|0|0|0|0|0|0|1</HistCounts>
      </HistItem>
    </Histograms>
    <Metadata>
      <MDI key="BandName">Band_2</MDI>
      <MDI key="RepresentationType">ATHEMATIC</MDI>
      <MDI key="STATISTICS_COVARIANCES">0.0005202204208821445,0.002208125253255006,0.001342979467947442</MDI>
      <MDI key="STATISTICS_EXCLUDEDVALUES"></MDI>
      <MDI key="STATISTICS_MAXIMUM">0.48925000429153</MDI>
      <MDI key="STATISTICS_MEAN">0.3361992446579</MDI>
      <MDI key="STATISTICS_MEDIAN">0.345829</MDI>
      <MDI key="STATISTICS_MINIMUM">0.096000000834465</MDI>
      <MDI key="STATISTICS_SKIPFACTORX">1</MDI>
      <MDI key="STATISTICS_SKIPFACTORY">1</MDI>
      <MDI key="STATISTICS_STDDEV">0.046990693262124</MDI>
    </Metadata>
  </PAMRasterBand>
  <PAMRasterBand band="3">
    <Description>Band_3</Description>
    <Histograms>
      <HistItem>
        <HistMin>0.1500000059604645</HistMin>
        <HistMax>0.414249986410141</HistMax>
        <BucketCount>256</BucketCount>
        <IncludeOutOfRange>1</IncludeOutOfRange>
        <Approximate>0</Approximate>
        <HistCounts>4|1|0|0|1|0|0|0|0|0|0|0|1|2|1|1|0|0|0|1|1|0|0|0|0|0|0|0|0|2|2|2|0|2|0|1|0|0|1|1|0|2|2|0|1|0|0|0|0|0|0|0|0|2|1|0|0|0|0|0|0|2|5|2|1|3|0|1|1|0|0|1|3|1|1|0|3|1|3|2|0|3|1|2|2|7|1|3|7|4|3|3|6|8|6|10|6|5|6|12|9|10|11|10|6|16|11|13|10|15|17|9|19|8|29|25|15|26|18|21|22|20|10|19|26|19|30|22|24|16|32|19|36|29|13|18|22|41|23|29|38|30|34|49|36|47|49|28|46|37|51|54|40|51|39|36|37|34|48|29|30|25|27|10|5|14|11|6|4|4|7|4|4|4|2|5|6|4|0|2|6|0|2|0|2|4|5|3|3|1|1|1|5|4|2|4|0|3|0|0|0|3|5|2|2|2|2|1|0|0|0|0|1|0|0|0|0|0|0|1|1|0|0|0|0|0|0|0|1|2|0|0|2|0|0|0|1|0|0|0|0|0|0|0|0|0|0|0|0|0|0|0|0|0|0|1</HistCounts>
      </HistItem>
    </Histograms>
    <Metadata>
      <MDI key="BandName">Band_3</MDI>
      <MDI key="RepresentationType">ATHEMATIC</MDI>
      <MDI key="STATISTICS_COVARIANCES">0.0004973037077817588,0.001342979467947442,0.0008423217462107386</MDI>
      <MDI key="STATISTICS_EXCLUDEDVALUES"></MDI>
      <MDI key="STATISTICS_MAXIMUM">0.41424998641014</MDI>
      <MDI key="STATISTICS_MEAN">0.29185201522685</MDI>
      <MDI key="STATISTICS_MEDIAN">0.296115</MDI>
      <MDI key="STATISTICS_MINIMUM">0.15000000596046</MDI>
      <MDI key="STATISTICS_SKIPFACTORX">1</MDI>
      <MDI key="STATISTICS_SKIPFACTORY">1</MDI>
      <MDI key="STATISTICS_STDDEV">0.029022779780902</MDI>
    </Metadata>
  </PAMRasterBand>
</PAMDataset>
