<PAMDataset>
  <Metadata>
    <MDI key="DataType">Generic</MDI>
  </Metadata>
  <PAMRasterBand band="1">
    <Description>Band_1</Description>
    <Histograms>
      <HistItem>
        <HistMin>0.7279999852180481</HistMin>
        <HistMax>0.9228147864341736</HistMax>
        <BucketCount>256</BucketCount>
        <IncludeOutOfRange>1</IncludeOutOfRange>
        <Approximate>0</Approximate>
        <HistCounts>2|0|0|0|0|0|0|0|0|2|0|0|0|1|0|0|0|1|0|0|0|0|0|0|0|0|2|1|0|0|2|0|0|0|0|0|0|0|0|0|0|1|1|2|0|0|3|0|1|0|0|1|0|0|0|0|2|1|3|1|0|3|0|7|2|9|2|8|5|2|3|1|1|1|1|3|0|1|2|3|2|1|3|1|4|2|3|3|2|6|3|8|5|7|4|1|2|8|4|3|5|5|4|5|4|2|3|11|5|8|2|4|5|2|13|3|2|11|7|0|7|1|2|8|3|8|10|3|7|11|8|5|7|8|10|5|3|2|7|7|9|10|7|8|5|5|6|8|8|6|1|5|1|2|5|2|3|9|4|1|2|5|3|7|5|7|2|2|7|4|5|3|2|8|5|3|4|3|4|7|3|0|8|2|3|4|4|5|5|3|8|5|1|6|2|4|7|3|4|4|5|0|6|5|8|6|6|2|3|2|1|4|4|8|6|3|2|5|1|0|0|7|1|1|2|2|0|1|3|2|1|1|5|3|5|2|0|3|2|0|2|0|1|2|6|0|1|0|0|1|3|8|2|0|3|1</HistCounts>
      </HistItem>
    </Histograms>
    <Metadata>
      <MDI key="BandName">Band_1</MDI>
      <MDI key="RepresentationType">ATHEMATIC</MDI>
      <MDI key="STATISTICS_COVARIANCES">0.00158990906516789,-0.0002349793169277505,-8.19604686702399e-05</MDI>
      <MDI key="STATISTICS_EXCLUDEDVALUES"></MDI>
      <MDI key="STATISTICS_MAXIMUM">0.92281478643417</MDI>
      <MDI key="STATISTICS_MEAN">0.8402319452667</MDI>
      <MDI key="STATISTICS_MEDIAN">0.836485</MDI>
      <MDI key="STATISTICS_MINIMUM">0.72799998521805</MDI>
      <MDI key="STATISTICS_SKIPFACTORX">1</MDI>
      <MDI key="STATISTICS_SKIPFACTORY">1</MDI>
      <MDI key="STATISTICS_STDDEV">0.039873663804169</MDI>
    </Metadata>
  </PAMRasterBand>
  <PAMRasterBand band="2">
    <Description>Band_2</Description>
    <Histograms>
      <HistItem>
        <HistMin>0.1054999977350235</HistMin>
        <HistMax>0.3740000128746033</HistMax>
        <BucketCount>256</BucketCount>
        <IncludeOutOfRange>1</IncludeOutOfRange>
        <Approximate>0</Approximate>
        <HistCounts>2|0|0|1|0|3|0|2|0|0|0|2|0|0|1|0|1|0|1|1|0|0|0|0|0|2|0|0|2|0|0|0|1|0|0|0|0|0|0|0|0|0|1|1|0|1|0|0|0|2|1|0|2|0|0|0|3|0|0|0|2|0|0|0|0|0|0|1|0|0|1|0|0|0|0|0|0|0|0|0|1|0|0|0|0|0|0|0|0|0|0|1|2|0|2|2|2|0|2|1|3|5|1|2|1|6|1|1|4|4|4|3|11|12|9|4|4|9|15|10|6|7|17|12|6|5|16|12|20|2|10|12|26|19|16|22|24|28|13|15|20|31|11|13|11|13|16|6|17|11|14|7|6|9|10|21|6|11|7|10|9|12|5|3|0|8|1|5|5|4|1|5|0|1|8|2|2|4|3|1|0|1|1|2|0|0|0|0|1|1|3|1|2|1|1|0|2|0|0|1|0|0|0|0|0|1|2|2|0|0|0|0|0|0|0|0|0|0|0|0|0|0|0|0|0|0|0|0|0|0|0|0|0|0|0|0|0|0|0|0|0|0|2|0|0|0|0|0|0|0|0|0|0|0|0|1</HistCounts>
      </HistItem>
    </Histograms>
    <Metadata>
      <MDI key="BandName">Band_2</MDI>
      <MDI key="RepresentationType">ATHEMATIC</MDI>
      <MDI key="STATISTICS_COVARIANCES">-0.0002349793169277505,0.001012003321665764,0.0006351886708462705</MDI>
      <MDI key="STATISTICS_EXCLUDEDVALUES"></MDI>
      <MDI key="STATISTICS_MAXIMUM">0.3740000128746</MDI>
      <MDI key="STATISTICS_MEAN">0.24792606556289</MDI>
      <MDI key="STATISTICS_MEDIAN">0.249753</MDI>
      <MDI key="STATISTICS_MINIMUM">0.10549999773502</MDI>
      <MDI key="STATISTICS_SKIPFACTORX">1</MDI>
      <MDI key="STATISTICS_SKIPFACTORY">1</MDI>
      <MDI key="STATISTICS_STDDEV">0.031811999648965</MDI>
    </Metadata>
  </PAMRasterBand>
  <PAMRasterBand band="3">
    <Description>Band_3</Description>
    <Histograms>
      <HistItem>
        <HistMin>0.1487500071525574</HistMin>
        <HistMax>0.3337500095367432</HistMax>
        <BucketCount>256</BucketCount>
        <IncludeOutOfRange>1</IncludeOutOfRange>
        <Approximate>0</Approximate>
        <HistCounts>1|0|0|1|0|1|1|0|0|4|1|0|0|2|0|0|0|2|0|0|1|0|0|0|0|2|0|0|0|1|0|0|2|0|0|0|0|0|0|0|0|0|0|1|1|1|0|0|2|1|0|2|0|0|1|0|0|0|0|0|2|2|0|1|1|0|0|0|0|0|0|0|0|0|0|1|0|0|1|2|0|0|0|2|4|0|4|0|5|0|2|1|1|2|3|6|5|2|3|0|0|6|3|5|2|3|6|3|12|8|12|13|9|15|14|20|11|7|9|9|15|15|15|20|21|18|22|26|22|20|24|25|9|17|23|21|14|14|19|11|14|21|15|10|8|9|6|11|10|12|4|5|4|2|6|1|4|1|0|3|4|1|2|0|0|0|0|0|2|1|2|0|1|0|0|1|2|0|1|0|3|0|3|2|0|0|0|0|0|0|1|0|0|0|0|1|0|0|0|0|0|0|0|2|0|0|0|1|0|0|1|0|2|0|0|0|0|0|0|0|0|0|0|0|0|0|0|0|1|0|0|0|0|0|0|0|0|0|0|1|0|0|0|0|0|0|0|0|0|0|0|0|0|0|0|1</HistCounts>
      </HistItem>
    </Histograms>
    <Metadata>
      <MDI key="BandName">Band_3</MDI>
      <MDI key="RepresentationType">ATHEMATIC</MDI>
      <MDI key="STATISTICS_COVARIANCES">-8.19604686702399e-05,0.0006351886708462705,0.0004159487685789069</MDI>
      <MDI key="STATISTICS_EXCLUDEDVALUES"></MDI>
      <MDI key="STATISTICS_MAXIMUM">0.33375000953674</MDI>
      <MDI key="STATISTICS_MEAN">0.2397064534121</MDI>
      <MDI key="STATISTICS_MEDIAN">0.241613</MDI>
      <MDI key="STATISTICS_MINIMUM">0.14875000715256</MDI>
      <MDI key="STATISTICS_SKIPFACTORX">1</MDI>
      <MDI key="STATISTICS_SKIPFACTORY">1</MDI>
      <MDI key="STATISTICS_STDDEV">0.020394822102164</MDI>
    </Metadata>
  </PAMRasterBand>
</PAMDataset>
