<PAMDataset>
  <Metadata>
    <MDI key="DataType">Generic</MDI>
  </Metadata>
  <PAMRasterBand band="1">
    <Description>Band_1</Description>
    <Histograms>
      <HistItem>
        <HistMin>0.6677500009536743</HistMin>
        <HistMax>0.9340925812721252</HistMax>
        <BucketCount>256</BucketCount>
        <IncludeOutOfRange>1</IncludeOutOfRange>
        <Approximate>0</Approximate>
        <HistCounts>1|0|0|0|1|0|0|0|0|0|1|0|0|0|0|0|0|1|0|0|0|2|3|1|0|0|1|1|2|0|0|0|2|1|1|0|1|1|1|0|4|2|0|1|1|1|1|2|2|6|1|4|4|0|5|0|4|2|2|0|4|2|0|6|6|4|7|4|6|5|3|6|0|5|2|7|9|9|7|9|3|7|4|10|7|12|5|8|11|14|10|21|16|21|16|27|21|9|15|15|17|20|27|25|18|32|23|24|29|19|22|13|28|30|26|30|24|23|23|16|26|26|23|27|34|23|22|22|31|23|19|36|11|13|21|21|12|15|19|18|16|18|10|5|11|12|12|7|1|11|7|8|4|14|8|13|5|3|1|3|3|4|4|3|3|3|3|2|0|0|3|1|2|2|2|4|1|0|1|5|2|0|1|0|1|0|4|0|1|2|0|0|0|0|0|3|0|1|2|1|0|1|2|0|2|2|2|1|0|0|0|2|0|0|1|0|0|0|0|1|1|1|0|0|1|0|0|0|1|0|0|1|1|0|0|3|2|0|0|0|0|3|1|4|6|5|10|5|4|5|2|3|0|3|0|1</HistCounts>
      </HistItem>
    </Histograms>
    <Metadata>
      <MDI key="BandName">Band_1</MDI>
      <MDI key="RepresentationType">ATHEMATIC</MDI>
      <MDI key="STATISTICS_COVARIANCES">0.001584717133405797,-0.001072577764739281,-0.0005212780777096197</MDI>
      <MDI key="STATISTICS_EXCLUDEDVALUES"></MDI>
      <MDI key="STATISTICS_MAXIMUM">0.93409258127213</MDI>
      <MDI key="STATISTICS_MEAN">0.79293212456607</MDI>
      <MDI key="STATISTICS_MEDIAN">0.788910</MDI>
      <MDI key="STATISTICS_MINIMUM">0.66775000095367</MDI>
      <MDI key="STATISTICS_SKIPFACTORX">1</MDI>
      <MDI key="STATISTICS_SKIPFACTORY">1</MDI>
      <MDI key="STATISTICS_STDDEV">0.039808505792177</MDI>
    </Metadata>
  </PAMRasterBand>
  <PAMRasterBand band="2">
    <Description>Band_2</Description>
    <Histograms>
      <HistItem>
        <HistMin>0.08900000154972076</HistMin>
        <HistMax>0.4384999871253967</HistMax>
        <BucketCount>256</BucketCount>
        <IncludeOutOfRange>1</IncludeOutOfRange>
        <Approximate>0</Approximate>
        <HistCounts>1|0|1|0|0|1|2|1|3|0|0|1|1|0|0|0|0|0|1|1|0|1|0|0|1|1|4|0|1|0|0|0|0|0|5|1|0|0|1|0|0|2|0|0|0|1|2|0|0|0|0|0|4|2|1|1|0|0|0|0|1|2|1|0|0|0|0|0|0|0|0|0|0|1|3|2|1|0|0|2|0|0|1|1|0|4|2|3|0|3|2|0|0|1|2|2|0|0|0|0|0|2|1|2|0|0|2|0|1|3|1|1|3|2|5|0|3|2|0|2|2|0|0|1|1|3|0|1|6|3|2|1|2|1|0|1|1|0|1|2|1|4|1|4|0|0|2|0|3|1|1|2|1|1|5|1|3|2|1|3|4|1|1|4|4|3|3|6|6|3|6|6|4|3|4|5|11|9|12|9|13|7|10|26|13|6|9|15|17|23|35|19|33|22|30|18|41|41|38|34|26|41|34|42|44|54|42|54|43|38|38|53|18|31|27|40|30|17|23|19|30|14|19|17|9|12|10|10|15|7|9|4|6|1|6|6|6|1|5|3|1|1|0|2|0|0|2|1|1|0|0|0|0|0|0|2</HistCounts>
      </HistItem>
    </Histograms>
    <Metadata>
      <MDI key="BandName">Band_2</MDI>
      <MDI key="RepresentationType">ATHEMATIC</MDI>
      <MDI key="STATISTICS_COVARIANCES">-0.001072577764739281,0.002776518810121699,0.001505073978174361</MDI>
      <MDI key="STATISTICS_EXCLUDEDVALUES"></MDI>
      <MDI key="STATISTICS_MAXIMUM">0.4384999871254</MDI>
      <MDI key="STATISTICS_MEAN">0.35328665257374</MDI>
      <MDI key="STATISTICS_MEDIAN">0.365859</MDI>
      <MDI key="STATISTICS_MINIMUM">0.089000001549721</MDI>
      <MDI key="STATISTICS_SKIPFACTORX">1</MDI>
      <MDI key="STATISTICS_SKIPFACTORY">1</MDI>
      <MDI key="STATISTICS_STDDEV">0.052692682699989</MDI>
    </Metadata>
  </PAMRasterBand>
  <PAMRasterBand band="3">
    <Description>Band_3</Description>
    <Histograms>
      <HistItem>
        <HistMin>0.1550000011920929</HistMin>
        <HistMax>0.3467499911785126</HistMax>
        <BucketCount>256</BucketCount>
        <IncludeOutOfRange>1</IncludeOutOfRange>
        <Approximate>0</Approximate>
        <HistCounts>4|1|1|0|0|0|1|0|1|0|0|0|0|0|1|2|1|2|0|0|0|1|0|0|0|0|5|0|0|2|0|0|0|4|2|0|0|0|0|2|0|0|0|0|0|2|1|0|0|3|0|0|2|0|0|0|1|0|0|0|0|3|0|0|0|3|0|1|1|3|0|0|1|1|1|0|0|0|3|0|4|3|0|1|3|2|0|0|0|1|0|0|0|0|1|1|1|1|2|3|2|3|0|3|1|2|3|1|3|4|0|1|2|1|2|0|1|0|1|1|0|3|1|1|0|3|0|2|2|2|2|3|1|1|1|1|2|1|0|2|1|0|1|1|5|5|1|8|1|1|5|1|4|0|3|3|2|1|3|5|5|9|6|4|6|7|4|2|9|7|8|5|14|9|11|15|13|14|16|12|14|17|17|24|25|31|31|23|30|22|28|37|31|32|40|25|46|32|40|50|39|34|30|40|23|45|27|33|41|29|36|20|21|29|18|14|16|14|16|13|12|12|13|7|7|10|11|9|11|7|3|3|3|2|6|4|3|5|1|2|3|0|1|1|1|0|0|0|0|0|0|0|0|0|0|2</HistCounts>
      </HistItem>
    </Histograms>
    <Metadata>
      <MDI key="BandName">Band_3</MDI>
      <MDI key="RepresentationType">ATHEMATIC</MDI>
      <MDI key="STATISTICS_COVARIANCES">-0.0005212780777096197,0.001505073978174361,0.0008267966090653652</MDI>
      <MDI key="STATISTICS_EXCLUDEDVALUES"></MDI>
      <MDI key="STATISTICS_MAXIMUM">0.34674999117851</MDI>
      <MDI key="STATISTICS_MEAN">0.29599755692023</MDI>
      <MDI key="STATISTICS_MEDIAN">0.302384</MDI>
      <MDI key="STATISTICS_MINIMUM">0.15500000119209</MDI>
      <MDI key="STATISTICS_SKIPFACTORX">1</MDI>
      <MDI key="STATISTICS_SKIPFACTORY">1</MDI>
      <MDI key="STATISTICS_STDDEV">0.028754071173755</MDI>
    </Metadata>
  </PAMRasterBand>
</PAMDataset>
