<PAMDataset>
  <Metadata>
    <MDI key="DataType">Generic</MDI>
  </Metadata>
  <PAMRasterBand band="1">
    <Description>Band_1</Description>
    <Histograms>
      <HistItem>
        <HistMin>0.5047500133514404</HistMin>
        <HistMax>0.9296851754188538</HistMax>
        <BucketCount>256</BucketCount>
        <IncludeOutOfRange>1</IncludeOutOfRange>
        <Approximate>0</Approximate>
        <HistCounts>2|0|0|0|0|0|0|0|0|0|0|0|2|0|0|1|0|1|0|0|0|0|0|0|0|0|0|0|0|0|0|0|0|0|1|0|0|1|1|0|0|0|0|0|0|0|0|0|2|4|0|0|0|1|0|4|1|1|0|0|0|0|1|0|3|2|0|0|0|1|1|2|1|0|0|2|0|2|1|3|1|1|3|1|5|2|2|5|1|2|4|2|2|3|0|2|0|6|0|2|3|3|0|7|1|5|1|1|1|6|4|0|0|3|2|0|4|2|0|2|1|5|3|4|2|2|3|5|4|3|3|4|6|5|8|6|12|2|4|6|10|8|7|11|13|7|6|9|12|16|16|17|12|14|14|13|7|13|14|21|25|18|13|9|14|29|11|16|21|13|10|17|20|10|26|17|20|26|18|6|15|24|21|20|19|8|18|4|10|14|12|21|17|10|10|6|7|5|10|13|5|11|5|5|8|5|3|6|4|6|3|5|4|3|0|0|1|1|0|0|3|1|2|0|1|3|0|0|1|1|1|1|1|1|4|0|0|1|0|0|0|2|0|0|0|0|0|1|0|2|4|2|3|3|4|2</HistCounts>
      </HistItem>
    </Histograms>
    <Metadata>
      <MDI key="BandName">Band_1</MDI>
      <MDI key="RepresentationType">ATHEMATIC</MDI>
      <MDI key="STATISTICS_COVARIANCES">0.003838437337611852,0.0006959258586940574,0.000653486906702148</MDI>
      <MDI key="STATISTICS_EXCLUDEDVALUES"></MDI>
      <MDI key="STATISTICS_MAXIMUM">0.92968517541885</MDI>
      <MDI key="STATISTICS_MEAN">0.77637933184535</MDI>
      <MDI key="STATISTICS_MEDIAN">0.783041</MDI>
      <MDI key="STATISTICS_MINIMUM">0.50475001335144</MDI>
      <MDI key="STATISTICS_SKIPFACTORX">1</MDI>
      <MDI key="STATISTICS_SKIPFACTORY">1</MDI>
      <MDI key="STATISTICS_STDDEV">0.061955123578376</MDI>
    </Metadata>
  </PAMRasterBand>
  <PAMRasterBand band="2">
    <Description>Band_2</Description>
    <Histograms>
      <HistItem>
        <HistMin>0.09025000035762787</HistMin>
        <HistMax>0.5099999904632568</HistMax>
        <BucketCount>256</BucketCount>
        <IncludeOutOfRange>1</IncludeOutOfRange>
        <Approximate>0</Approximate>
        <HistCounts>1|0|0|0|0|0|0|0|1|0|0|0|2|0|0|0|0|2|2|0|1|2|0|2|0|0|0|0|0|0|1|0|0|0|0|1|0|0|0|0|0|0|0|0|0|0|0|0|0|0|0|0|2|0|0|0|0|0|1|0|0|0|0|0|0|0|0|0|0|0|0|1|0|0|0|1|0|0|0|0|1|0|1|0|0|0|1|0|0|1|1|0|0|0|0|1|0|0|0|0|0|0|0|1|0|0|0|0|0|1|0|1|0|0|0|0|0|0|2|2|3|2|0|1|0|2|0|3|3|1|6|1|2|3|4|3|4|3|5|3|2|10|1|3|4|4|2|8|2|3|7|8|7|5|7|7|2|5|9|5|14|11|10|6|14|4|8|10|15|14|11|13|14|11|10|13|13|15|13|18|34|21|18|17|24|21|20|28|25|16|13|26|21|20|15|26|12|19|16|20|30|22|14|27|22|16|26|15|12|17|15|16|12|6|5|8|10|6|3|15|8|8|0|1|3|2|2|3|4|2|2|1|4|0|1|0|0|2|0|0|1|0|1|0|3|0|0|0|0|0|0|0|0|2|0|1</HistCounts>
      </HistItem>
    </Histograms>
    <Metadata>
      <MDI key="BandName">Band_2</MDI>
      <MDI key="RepresentationType">ATHEMATIC</MDI>
      <MDI key="STATISTICS_COVARIANCES">0.0006959258586940574,0.002720861119276623,0.001704406819309805</MDI>
      <MDI key="STATISTICS_EXCLUDEDVALUES"></MDI>
      <MDI key="STATISTICS_MAXIMUM">0.50999999046326</MDI>
      <MDI key="STATISTICS_MEAN">0.39090317795211</MDI>
      <MDI key="STATISTICS_MEDIAN">0.398067</MDI>
      <MDI key="STATISTICS_MINIMUM">0.090250000357628</MDI>
      <MDI key="STATISTICS_SKIPFACTORX">1</MDI>
      <MDI key="STATISTICS_SKIPFACTORY">1</MDI>
      <MDI key="STATISTICS_STDDEV">0.052161874192523</MDI>
    </Metadata>
  </PAMRasterBand>
  <PAMRasterBand band="3">
    <Description>Band_3</Description>
    <Histograms>
      <HistItem>
        <HistMin>0.125</HistMin>
        <HistMax>0.386000007390976</HistMax>
        <BucketCount>256</BucketCount>
        <IncludeOutOfRange>1</IncludeOutOfRange>
        <Approximate>0</Approximate>
        <HistCounts>1|0|0|1|0|0|0|1|0|0|0|1|0|3|1|0|0|0|0|0|0|2|0|1|0|0|1|0|0|0|0|0|1|0|1|0|0|0|0|0|1|0|0|0|0|0|0|0|0|0|0|0|0|0|0|0|0|0|0|0|0|1|0|0|0|0|1|0|0|1|0|0|0|0|0|0|0|0|0|0|0|0|1|1|0|0|1|0|0|0|0|1|0|0|0|0|3|0|0|0|1|1|0|0|0|0|0|0|0|4|0|1|2|0|0|0|1|3|0|0|1|1|0|3|0|1|2|1|0|2|3|3|7|3|0|5|2|7|2|5|3|5|4|2|2|3|2|6|12|4|4|8|7|9|6|6|7|8|6|4|4|9|11|3|6|8|11|14|15|9|20|12|9|11|14|12|12|15|30|20|19|23|15|21|14|14|21|33|17|24|21|19|18|18|8|17|19|17|8|14|26|27|24|13|29|15|15|19|13|22|17|19|9|10|4|5|15|9|7|9|0|6|7|4|9|7|7|5|4|1|0|1|1|0|2|5|0|1|0|3|0|3|1|1|0|0|0|2|0|0|0|3|0|0|0|1</HistCounts>
      </HistItem>
    </Histograms>
    <Metadata>
      <MDI key="BandName">Band_3</MDI>
      <MDI key="RepresentationType">ATHEMATIC</MDI>
      <MDI key="STATISTICS_COVARIANCES">0.000653486906702148,0.001704406819309805,0.001102870975599552</MDI>
      <MDI key="STATISTICS_EXCLUDEDVALUES"></MDI>
      <MDI key="STATISTICS_MAXIMUM">0.38600000739098</MDI>
      <MDI key="STATISTICS_MEAN">0.31271673720014</MDI>
      <MDI key="STATISTICS_MEDIAN">0.316400</MDI>
      <MDI key="STATISTICS_MINIMUM">0.125</MDI>
      <MDI key="STATISTICS_SKIPFACTORX">1</MDI>
      <MDI key="STATISTICS_SKIPFACTORY">1</MDI>
      <MDI key="STATISTICS_STDDEV">0.033209501285017</MDI>
    </Metadata>
  </PAMRasterBand>
</PAMDataset>
