<PAMDataset>
  <Metadata>
    <MDI key="DataType">Generic</MDI>
  </Metadata>
  <PAMRasterBand band="1">
    <Description>Band_1</Description>
    <Histograms>
      <HistItem>
        <HistMin>0.5049999952316284</HistMin>
        <HistMax>0.9340000152587891</HistMax>
        <BucketCount>256</BucketCount>
        <IncludeOutOfRange>1</IncludeOutOfRange>
        <Approximate>0</Approximate>
        <HistCounts>1|0|0|1|0|0|0|0|0|0|0|1|0|0|0|0|0|0|0|0|0|0|3|0|0|0|0|1|0|0|1|0|1|0|0|0|1|0|0|1|0|2|0|2|0|0|1|0|0|5|1|2|0|4|2|3|2|3|2|1|3|0|1|0|2|2|0|0|0|1|3|8|5|5|4|1|8|6|4|4|4|5|6|6|5|8|7|11|6|11|10|4|7|17|7|5|6|11|12|11|12|14|6|11|15|23|13|13|11|20|8|14|26|20|12|20|21|19|11|18|16|22|19|15|12|7|19|22|19|10|22|16|17|17|14|11|9|17|19|25|20|15|19|24|16|11|18|15|24|21|25|23|23|21|13|18|22|21|7|13|32|26|11|16|22|24|21|21|13|11|17|18|26|13|10|25|14|13|19|14|18|10|20|15|11|13|22|11|6|13|9|23|4|8|18|15|15|8|18|6|12|8|22|16|14|15|7|16|13|11|6|5|4|2|2|2|0|5|5|4|2|1|2|2|0|6|1|0|0|0|3|4|1|0|4|2|3|3|1|1|0|2|1|0|1|0|3|8|9|5|3|4|2|2|0|1</HistCounts>
      </HistItem>
    </Histograms>
    <Metadata>
      <MDI key="BandName">Band_1</MDI>
      <MDI key="RepresentationType">ATHEMATIC</MDI>
      <MDI key="STATISTICS_COVARIANCES">0.004965582572645894,0.0008675097352019138,0.0007785822129684823</MDI>
      <MDI key="STATISTICS_EXCLUDEDVALUES"></MDI>
      <MDI key="STATISTICS_MAXIMUM">0.93400001525879</MDI>
      <MDI key="STATISTICS_MEAN">0.75519051620465</MDI>
      <MDI key="STATISTICS_MEDIAN">0.755671</MDI>
      <MDI key="STATISTICS_MINIMUM">0.50499999523163</MDI>
      <MDI key="STATISTICS_SKIPFACTORX">1</MDI>
      <MDI key="STATISTICS_SKIPFACTORY">1</MDI>
      <MDI key="STATISTICS_STDDEV">0.070466889903315</MDI>
    </Metadata>
  </PAMRasterBand>
  <PAMRasterBand band="2">
    <Description>Band_2</Description>
    <Histograms>
      <HistItem>
        <HistMin>0.1077499985694885</HistMin>
        <HistMax>0.4914999902248383</HistMax>
        <BucketCount>256</BucketCount>
        <IncludeOutOfRange>1</IncludeOutOfRange>
        <Approximate>0</Approximate>
        <HistCounts>1|0|0|0|2|0|0|0|0|0|0|0|1|0|1|5|0|0|0|0|0|0|0|2|0|0|0|0|2|0|0|0|1|0|0|1|2|1|0|1|0|0|0|0|1|0|0|0|0|0|2|0|0|0|1|0|0|1|2|1|1|4|3|3|6|2|7|9|4|3|4|7|5|4|4|13|11|3|7|8|9|7|16|18|19|12|18|30|27|20|41|29|34|54|43|63|57|58|51|54|37|37|33|31|32|28|44|40|31|30|43|32|26|19|37|32|11|25|21|25|26|21|23|15|20|27|17|12|15|20|18|19|13|13|10|11|10|10|15|16|11|8|9|7|12|12|14|4|6|8|8|10|5|5|2|3|5|5|5|6|15|1|0|4|1|4|2|5|6|4|2|3|3|4|1|4|1|4|6|6|3|3|10|9|1|12|3|8|11|10|12|6|9|7|5|10|6|9|1|5|2|4|3|1|2|0|4|4|2|0|0|2|3|1|2|1|0|0|0|0|0|0|0|0|0|0|0|0|0|0|0|0|0|0|2|0|0|0|0|0|0|0|0|0|0|0|0|0|0|0|0|0|0|0|0|1</HistCounts>
      </HistItem>
    </Histograms>
    <Metadata>
      <MDI key="BandName">Band_2</MDI>
      <MDI key="RepresentationType">ATHEMATIC</MDI>
      <MDI key="STATISTICS_COVARIANCES">0.0008675097352019138,0.002507281969740118,0.001467026324263037</MDI>
      <MDI key="STATISTICS_EXCLUDEDVALUES"></MDI>
      <MDI key="STATISTICS_MAXIMUM">0.49149999022484</MDI>
      <MDI key="STATISTICS_MEAN">0.28223700847212</MDI>
      <MDI key="STATISTICS_MEDIAN">0.268775</MDI>
      <MDI key="STATISTICS_MINIMUM">0.10774999856949</MDI>
      <MDI key="STATISTICS_SKIPFACTORX">1</MDI>
      <MDI key="STATISTICS_SKIPFACTORY">1</MDI>
      <MDI key="STATISTICS_STDDEV">0.050072766747406</MDI>
    </Metadata>
  </PAMRasterBand>
  <PAMRasterBand band="3">
    <Description>Band_3</Description>
    <Histograms>
      <HistItem>
        <HistMin>0.1714999973773956</HistMin>
        <HistMax>0.4345000088214874</HistMax>
        <BucketCount>256</BucketCount>
        <IncludeOutOfRange>1</IncludeOutOfRange>
        <Approximate>0</Approximate>
        <HistCounts>1|0|0|2|0|0|1|0|1|4|1|0|0|1|1|0|1|1|1|0|1|0|0|1|0|0|0|3|1|0|2|0|0|3|3|0|1|5|5|13|12|3|7|4|12|4|14|6|9|2|9|12|11|15|19|38|27|37|18|27|42|46|51|73|64|53|44|59|37|31|32|33|42|42|30|23|44|39|21|43|25|23|27|23|18|17|16|35|20|20|23|16|23|15|27|23|15|14|23|16|16|27|10|21|23|13|10|11|10|20|13|16|8|8|13|6|3|6|10|11|6|7|4|7|4|14|2|3|7|10|7|8|5|12|4|4|11|6|5|17|11|6|8|14|5|13|10|9|3|10|4|6|1|0|4|1|0|5|0|3|4|2|3|1|0|0|0|0|0|0|0|0|0|0|0|0|0|0|0|0|0|2|0|0|0|0|0|1|0|0|0|0|0|0|0|0|0|0|2|0|0|0|0|0|0|1|0|0|0|0|0|0|0|0|0|0|1|0|0|0|0|0|0|0|0|0|0|0|0|0|0|0|0|0|0|0|0|0|0|0|0|0|0|0|0|0|0|0|0|0|0|0|0|0|0|1</HistCounts>
      </HistItem>
    </Histograms>
    <Metadata>
      <MDI key="BandName">Band_3</MDI>
      <MDI key="RepresentationType">ATHEMATIC</MDI>
      <MDI key="STATISTICS_COVARIANCES">0.0007785822129684823,0.001467026324263037,0.0008989102725203613</MDI>
      <MDI key="STATISTICS_EXCLUDEDVALUES"></MDI>
      <MDI key="STATISTICS_MAXIMUM">0.43450000882149</MDI>
      <MDI key="STATISTICS_MEAN">0.25789864221065</MDI>
      <MDI key="STATISTICS_MEDIAN">0.249884</MDI>
      <MDI key="STATISTICS_MINIMUM">0.1714999973774</MDI>
      <MDI key="STATISTICS_SKIPFACTORX">1</MDI>
      <MDI key="STATISTICS_SKIPFACTORY">1</MDI>
      <MDI key="STATISTICS_STDDEV">0.029981832374296</MDI>
    </Metadata>
  </PAMRasterBand>
</PAMDataset>
