<PAMDataset>
  <Metadata>
    <MDI key="DataType">Generic</MDI>
  </Metadata>
  <PAMRasterBand band="1">
    <Description>Band_1</Description>
    <Histograms>
      <HistItem>
        <HistMin>0.7080000042915344</HistMin>
        <HistMax>0.9342222213745117</HistMax>
        <BucketCount>256</BucketCount>
        <IncludeOutOfRange>1</IncludeOutOfRange>
        <Approximate>0</Approximate>
        <HistCounts>1|0|0|1|0|0|0|2|0|2|0|0|0|0|0|0|0|2|0|0|0|0|0|0|0|0|0|1|2|0|1|0|0|0|2|1|0|0|3|1|2|1|3|0|1|2|2|2|0|2|3|2|1|1|1|2|0|1|0|1|1|4|0|4|2|1|1|3|0|1|2|2|6|2|6|0|2|3|6|2|2|1|9|0|8|3|3|5|4|3|4|6|12|5|10|10|13|8|9|5|7|5|6|9|16|9|7|8|12|8|11|12|18|12|30|12|20|9|27|19|17|15|20|17|19|12|15|16|14|19|16|23|12|23|27|15|21|10|21|14|20|13|6|22|31|23|7|11|12|17|7|10|5|18|7|6|8|11|6|12|12|12|12|15|15|23|2|16|5|13|10|15|3|8|9|6|4|7|12|6|1|3|3|1|7|4|4|4|2|5|4|6|4|3|0|2|3|1|1|2|2|2|1|0|0|0|0|0|1|3|0|2|0|0|1|0|0|0|0|0|0|3|0|0|4|0|0|0|0|1|0|0|1|0|0|0|0|0|0|0|2|6|0|0|1|1|1|1|2|0|0|2|0|0|0|2</HistCounts>
      </HistItem>
    </Histograms>
    <Metadata>
      <MDI key="BandName">Band_1</MDI>
      <MDI key="RepresentationType">ATHEMATIC</MDI>
      <MDI key="STATISTICS_COVARIANCES">0.001059170554855608,0.0002490634085989705,0.0001928376656056424</MDI>
      <MDI key="STATISTICS_EXCLUDEDVALUES"></MDI>
      <MDI key="STATISTICS_MAXIMUM">0.93422222137451</MDI>
      <MDI key="STATISTICS_MEAN">0.82580682311888</MDI>
      <MDI key="STATISTICS_MEDIAN">0.825103</MDI>
      <MDI key="STATISTICS_MINIMUM">0.70800000429153</MDI>
      <MDI key="STATISTICS_SKIPFACTORX">1</MDI>
      <MDI key="STATISTICS_SKIPFACTORY">1</MDI>
      <MDI key="STATISTICS_STDDEV">0.0325449005968</MDI>
    </Metadata>
  </PAMRasterBand>
  <PAMRasterBand band="2">
    <Description>Band_2</Description>
    <Histograms>
      <HistItem>
        <HistMin>0.06949999928474426</HistMin>
        <HistMax>0.4830000102519989</HistMax>
        <BucketCount>256</BucketCount>
        <IncludeOutOfRange>1</IncludeOutOfRange>
        <Approximate>0</Approximate>
        <HistCounts>2|0|2|0|0|0|1|0|0|0|0|0|0|2|0|3|0|0|0|1|0|0|2|0|0|0|1|0|0|0|0|0|0|0|0|0|0|1|0|0|2|0|0|1|0|1|0|2|0|1|1|1|0|0|0|0|0|0|1|0|0|0|0|0|0|0|1|2|0|2|0|0|0|0|0|0|1|2|0|0|1|1|0|1|0|1|0|1|0|0|0|0|2|0|0|0|0|0|0|0|1|5|2|2|1|1|1|0|1|3|4|2|1|5|2|6|5|4|4|4|1|4|7|4|5|6|4|7|2|10|10|7|10|13|6|19|7|8|11|26|16|15|19|14|13|16|5|20|9|13|23|10|16|5|19|13|7|4|7|12|15|3|13|9|9|10|21|5|10|8|12|2|5|12|10|4|2|4|7|6|4|3|7|5|6|8|8|6|7|6|6|9|5|5|7|3|11|12|5|10|16|26|17|16|9|24|13|12|21|11|21|10|15|12|16|11|8|12|13|13|16|13|18|13|9|10|12|9|16|11|15|12|12|3|11|12|10|6|7|3|8|11|3|1|3|3|5|1|0|1|2|0|3|0|0|1</HistCounts>
      </HistItem>
    </Histograms>
    <Metadata>
      <MDI key="BandName">Band_2</MDI>
      <MDI key="RepresentationType">ATHEMATIC</MDI>
      <MDI key="STATISTICS_COVARIANCES">0.0002490634085989705,0.005035719596968634,0.002854714412186566</MDI>
      <MDI key="STATISTICS_EXCLUDEDVALUES"></MDI>
      <MDI key="STATISTICS_MAXIMUM">0.483000010252</MDI>
      <MDI key="STATISTICS_MEAN">0.35738018925661</MDI>
      <MDI key="STATISTICS_MEDIAN">0.361382</MDI>
      <MDI key="STATISTICS_MINIMUM">0.069499999284744</MDI>
      <MDI key="STATISTICS_SKIPFACTORX">1</MDI>
      <MDI key="STATISTICS_SKIPFACTORY">1</MDI>
      <MDI key="STATISTICS_STDDEV">0.070962804320071</MDI>
    </Metadata>
  </PAMRasterBand>
  <PAMRasterBand band="3">
    <Description>Band_3</Description>
    <Histograms>
      <HistItem>
        <HistMin>0.1155000030994415</HistMin>
        <HistMax>0.3637500107288361</HistMax>
        <BucketCount>256</BucketCount>
        <IncludeOutOfRange>1</IncludeOutOfRange>
        <Approximate>0</Approximate>
        <HistCounts>2|0|0|0|0|0|0|0|0|2|0|0|0|3|0|2|0|0|0|1|0|0|0|0|0|0|0|1|0|0|2|0|0|0|0|0|0|0|0|1|0|0|2|2|0|0|0|0|0|0|0|0|1|1|0|1|0|0|1|0|0|0|0|0|0|4|0|0|0|0|0|0|0|1|0|0|0|1|0|2|1|1|0|0|0|2|1|1|0|0|0|0|1|0|0|1|0|0|2|0|0|0|2|1|1|0|1|2|1|2|3|0|2|1|2|0|4|2|0|2|4|10|4|3|5|2|4|3|2|6|6|3|6|3|3|4|11|15|12|7|6|5|9|11|8|13|15|14|14|7|11|9|27|19|13|14|17|18|11|10|12|13|9|12|15|8|7|15|8|8|8|20|12|12|11|6|16|4|9|10|13|9|11|13|5|6|5|6|4|7|5|6|5|5|6|11|17|8|11|16|9|14|8|11|24|18|38|13|14|8|13|17|12|17|14|16|13|9|10|13|12|11|7|22|16|10|8|14|6|9|22|8|7|9|5|6|8|10|11|14|3|14|3|5|5|6|3|2|2|2|2|0|2|2|1|1</HistCounts>
      </HistItem>
    </Histograms>
    <Metadata>
      <MDI key="BandName">Band_3</MDI>
      <MDI key="RepresentationType">ATHEMATIC</MDI>
      <MDI key="STATISTICS_COVARIANCES">0.0001928376656056424,0.002854714412186566,0.001635531454903054</MDI>
      <MDI key="STATISTICS_EXCLUDEDVALUES"></MDI>
      <MDI key="STATISTICS_MAXIMUM">0.36375001072884</MDI>
      <MDI key="STATISTICS_MEAN">0.29260105593571</MDI>
      <MDI key="STATISTICS_MEDIAN">0.293656</MDI>
      <MDI key="STATISTICS_MINIMUM">0.11550000309944</MDI>
      <MDI key="STATISTICS_SKIPFACTORX">1</MDI>
      <MDI key="STATISTICS_SKIPFACTORY">1</MDI>
      <MDI key="STATISTICS_STDDEV">0.040441704401559</MDI>
    </Metadata>
  </PAMRasterBand>
</PAMDataset>
