<PAMDataset>
  <Metadata>
    <MDI key="DataType">Generic</MDI>
  </Metadata>
  <PAMRasterBand band="1">
    <Description>Band_1</Description>
    <Histograms>
      <HistItem>
        <HistMin>0.6414999961853027</HistMin>
        <HistMax>0.9310926198959351</HistMax>
        <BucketCount>256</BucketCount>
        <IncludeOutOfRange>1</IncludeOutOfRange>
        <Approximate>0</Approximate>
        <HistCounts>1|0|0|0|0|0|0|0|0|0|0|0|0|0|0|1|0|0|0|0|0|0|0|0|0|0|1|0|0|0|0|0|0|0|0|0|0|0|0|0|0|0|0|0|0|0|0|1|0|0|3|0|0|0|0|0|0|0|0|0|0|0|1|1|0|1|2|1|3|0|4|0|1|2|0|0|1|0|1|0|1|1|2|0|0|0|0|0|1|3|0|0|0|0|2|1|0|0|1|0|4|3|0|1|1|2|2|2|4|1|3|2|3|0|2|0|1|1|1|1|0|0|2|1|2|1|2|1|2|2|2|0|1|0|3|2|0|0|1|3|3|3|1|3|2|3|2|12|2|1|1|1|2|3|0|3|2|3|1|2|5|1|2|5|3|2|3|2|3|4|2|1|2|0|2|4|4|0|4|2|5|5|4|10|10|9|2|3|7|8|3|8|3|10|9|4|5|1|3|8|3|7|4|5|5|14|7|6|11|2|11|2|3|2|7|6|2|13|8|8|6|7|10|6|18|7|9|8|12|11|14|12|20|4|10|17|6|5|17|16|6|7|12|12|9|147|215|162|100|78|23|15|9|5|3|2</HistCounts>
      </HistItem>
    </Histograms>
    <Metadata>
      <MDI key="BandName">Band_1</MDI>
      <MDI key="RepresentationType">ATHEMATIC</MDI>
      <MDI key="STATISTICS_COVARIANCES">0.002321437295136957,0.0006224220111835626,0.0004803894571756425</MDI>
      <MDI key="STATISTICS_EXCLUDEDVALUES"></MDI>
      <MDI key="STATISTICS_MAXIMUM">0.93109261989594</MDI>
      <MDI key="STATISTICS_MEAN">0.89267235549345</MDI>
      <MDI key="STATISTICS_MEDIAN">0.919736</MDI>
      <MDI key="STATISTICS_MINIMUM">0.6414999961853</MDI>
      <MDI key="STATISTICS_SKIPFACTORX">1</MDI>
      <MDI key="STATISTICS_SKIPFACTORY">1</MDI>
      <MDI key="STATISTICS_STDDEV">0.048181296113087</MDI>
    </Metadata>
  </PAMRasterBand>
  <PAMRasterBand band="2">
    <Description>Band_2</Description>
    <Histograms>
      <HistItem>
        <HistMin>0.07100000232458115</HistMin>
        <HistMax>0.3695000112056732</HistMax>
        <BucketCount>256</BucketCount>
        <IncludeOutOfRange>1</IncludeOutOfRange>
        <Approximate>0</Approximate>
        <HistCounts>3|0|0|0|0|0|0|0|0|0|0|0|0|0|0|0|0|0|0|0|1|0|0|0|0|0|0|0|0|0|1|0|0|0|0|0|0|0|0|0|0|0|2|1|0|0|0|2|0|0|0|1|0|0|0|0|0|0|0|0|1|0|0|0|0|0|0|0|0|0|0|0|0|0|0|0|0|0|0|0|0|0|0|0|2|0|2|1|1|0|1|2|0|2|1|5|4|4|3|7|10|3|5|0|3|4|4|6|8|13|3|8|7|8|7|8|8|9|13|12|5|9|7|10|15|7|10|13|19|10|11|12|8|12|5|12|13|24|12|21|10|10|17|17|24|16|21|9|14|17|17|13|15|24|11|12|12|12|15|9|8|23|10|12|20|19|11|13|15|15|17|13|10|10|10|17|12|25|15|22|14|7|9|21|24|11|10|9|22|17|14|6|7|9|10|4|15|8|12|23|13|19|14|14|8|13|5|8|6|7|6|7|4|5|2|0|4|8|3|1|2|2|3|1|0|1|1|8|3|2|3|0|5|1|2|0|1|2|0|1|1|1|4|0|1|0|0|0|0|0|0|0|0|2|0|1</HistCounts>
      </HistItem>
    </Histograms>
    <Metadata>
      <MDI key="BandName">Band_2</MDI>
      <MDI key="RepresentationType">ATHEMATIC</MDI>
      <MDI key="STATISTICS_COVARIANCES">0.0006224220111835626,0.001669282162418028,0.001135301913404599</MDI>
      <MDI key="STATISTICS_EXCLUDEDVALUES"></MDI>
      <MDI key="STATISTICS_MAXIMUM">0.36950001120567</MDI>
      <MDI key="STATISTICS_MEAN">0.25876917769648</MDI>
      <MDI key="STATISTICS_MEDIAN">0.259465</MDI>
      <MDI key="STATISTICS_MINIMUM">0.071000002324581</MDI>
      <MDI key="STATISTICS_SKIPFACTORX">1</MDI>
      <MDI key="STATISTICS_SKIPFACTORY">1</MDI>
      <MDI key="STATISTICS_STDDEV">0.040856849638929</MDI>
    </Metadata>
  </PAMRasterBand>
  <PAMRasterBand band="3">
    <Description>Band_3</Description>
    <Histograms>
      <HistItem>
        <HistMin>0.1242500022053719</HistMin>
        <HistMax>0.3197500109672546</HistMax>
        <BucketCount>256</BucketCount>
        <IncludeOutOfRange>1</IncludeOutOfRange>
        <Approximate>0</Approximate>
        <HistCounts>3|0|0|0|0|0|0|0|0|0|0|0|1|0|0|0|0|0|0|0|0|0|1|0|0|0|0|0|0|0|1|0|0|2|2|0|0|0|1|0|0|0|0|0|0|0|0|0|0|0|0|0|1|0|0|0|0|0|0|0|0|0|0|0|0|0|0|2|2|0|2|0|0|2|2|3|4|4|1|3|1|1|7|8|7|2|5|4|8|3|8|9|7|4|8|10|7|18|10|4|2|6|8|7|4|4|8|15|11|8|2|7|6|18|12|15|7|10|10|12|16|8|15|8|9|8|5|19|26|17|12|11|12|17|17|21|10|16|14|9|13|11|15|11|15|23|8|19|16|13|23|17|11|20|9|12|11|9|18|16|16|12|19|20|17|18|14|13|11|7|14|15|18|14|15|8|11|10|8|10|18|10|18|13|22|12|12|5|10|5|9|8|6|14|3|15|10|7|7|3|1|2|2|5|6|2|3|2|3|0|3|4|4|3|3|4|3|1|1|1|5|0|0|3|3|4|0|1|0|1|0|0|2|1|0|0|2|0|1|0|0|1|1|0|0|2|0|0|0|0|0|0|2|0|0|1</HistCounts>
      </HistItem>
    </Histograms>
    <Metadata>
      <MDI key="BandName">Band_3</MDI>
      <MDI key="RepresentationType">ATHEMATIC</MDI>
      <MDI key="STATISTICS_COVARIANCES">0.0004803894571756425,0.001135301913404599,0.0007909180158103364</MDI>
      <MDI key="STATISTICS_EXCLUDEDVALUES"></MDI>
      <MDI key="STATISTICS_MAXIMUM">0.31975001096725</MDI>
      <MDI key="STATISTICS_MEAN">0.23701113008269</MDI>
      <MDI key="STATISTICS_MEDIAN">0.237717</MDI>
      <MDI key="STATISTICS_MINIMUM">0.12425000220537</MDI>
      <MDI key="STATISTICS_SKIPFACTORX">1</MDI>
      <MDI key="STATISTICS_SKIPFACTORY">1</MDI>
      <MDI key="STATISTICS_STDDEV">0.028123264671982</MDI>
    </Metadata>
  </PAMRasterBand>
</PAMDataset>
