<PAMDataset>
  <Metadata>
    <MDI key="DataType">Generic</MDI>
  </Metadata>
  <PAMRasterBand band="1">
    <Description>Band_1</Description>
    <Histograms>
      <HistItem>
        <HistMin>0.4810000061988831</HistMin>
        <HistMax>0.9202407598495483</HistMax>
        <BucketCount>256</BucketCount>
        <IncludeOutOfRange>1</IncludeOutOfRange>
        <Approximate>0</Approximate>
        <HistCounts>4|0|0|0|0|0|2|0|0|0|0|0|0|1|0|0|0|0|0|0|0|0|0|0|2|0|0|2|0|5|0|3|0|0|0|0|1|1|0|1|0|0|0|1|3|0|1|0|0|0|0|0|1|0|0|2|1|2|2|4|0|0|5|2|1|0|1|2|2|0|1|8|0|2|3|0|5|0|1|1|1|2|3|3|6|0|4|4|3|1|9|3|5|8|2|0|1|0|5|9|4|4|4|2|6|7|2|3|6|0|9|11|14|6|6|5|13|12|2|6|13|18|16|10|17|17|20|13|17|13|15|22|27|27|21|25|25|28|38|31|29|23|34|32|36|18|39|29|36|34|52|36|29|38|29|46|43|41|27|21|28|18|18|31|27|21|17|29|25|26|26|26|20|14|14|26|14|13|24|16|14|6|10|11|18|9|24|17|6|18|13|14|20|27|28|15|10|19|19|13|9|13|20|20|16|15|11|17|7|4|10|15|5|7|11|10|11|7|2|4|1|5|4|0|2|2|2|6|1|0|1|4|0|0|0|0|0|0|0|0|0|1|0|0|0|0|0|0|0|0|0|0|0|0|0|1</HistCounts>
      </HistItem>
    </Histograms>
    <Metadata>
      <MDI key="BandName">Band_1</MDI>
      <MDI key="RepresentationType">ATHEMATIC</MDI>
      <MDI key="STATISTICS_COVARIANCES">0.003667240904745664,0.002234848224967984,0.00146944869128664</MDI>
      <MDI key="STATISTICS_EXCLUDEDVALUES"></MDI>
      <MDI key="STATISTICS_MAXIMUM">0.92024075984955</MDI>
      <MDI key="STATISTICS_MEAN">0.74860194247658</MDI>
      <MDI key="STATISTICS_MEDIAN">0.746267</MDI>
      <MDI key="STATISTICS_MINIMUM">0.48100000619888</MDI>
      <MDI key="STATISTICS_SKIPFACTORX">1</MDI>
      <MDI key="STATISTICS_SKIPFACTORY">1</MDI>
      <MDI key="STATISTICS_STDDEV">0.060557748511199</MDI>
    </Metadata>
  </PAMRasterBand>
  <PAMRasterBand band="2">
    <Description>Band_2</Description>
    <Histograms>
      <HistItem>
        <HistMin>0.1032499969005585</HistMin>
        <HistMax>0.4375</HistMax>
        <BucketCount>256</BucketCount>
        <IncludeOutOfRange>1</IncludeOutOfRange>
        <Approximate>0</Approximate>
        <HistCounts>1|0|0|0|0|0|0|0|1|0|2|1|1|2|0|0|0|0|0|1|0|0|0|3|0|0|2|1|2|2|1|6|5|4|2|8|4|15|5|7|3|14|7|10|5|15|12|19|17|15|19|14|15|19|22|28|21|29|26|31|30|31|25|25|14|19|12|9|18|14|10|9|6|3|13|5|4|4|4|3|0|3|2|2|1|0|5|1|0|1|3|3|1|1|8|4|3|7|7|1|1|4|7|12|10|5|3|6|5|5|16|9|9|6|14|5|14|11|7|21|8|9|20|6|27|7|21|16|16|13|11|26|17|11|23|21|12|16|13|26|13|13|21|21|29|24|27|22|11|23|9|28|17|8|15|19|15|7|14|9|10|8|8|5|9|8|8|5|6|6|4|4|4|1|0|4|3|2|5|4|11|4|6|8|5|13|10|2|6|9|6|3|8|2|5|10|3|5|7|19|12|4|13|6|8|8|7|6|4|8|6|8|6|11|11|8|5|9|12|10|15|11|8|17|25|19|25|14|21|17|30|27|17|11|18|7|12|11|12|7|12|1|7|10|0|3|1|0|0|1|3|1|1|2|0|1</HistCounts>
      </HistItem>
    </Histograms>
    <Metadata>
      <MDI key="BandName">Band_2</MDI>
      <MDI key="RepresentationType">ATHEMATIC</MDI>
      <MDI key="STATISTICS_COVARIANCES">0.002234848224967984,0.007025071176681013,0.00428387982758262</MDI>
      <MDI key="STATISTICS_EXCLUDEDVALUES"></MDI>
      <MDI key="STATISTICS_MAXIMUM">0.4375</MDI>
      <MDI key="STATISTICS_MEAN">0.28146747953689</MDI>
      <MDI key="STATISTICS_MEDIAN">0.282827</MDI>
      <MDI key="STATISTICS_MINIMUM">0.10324999690056</MDI>
      <MDI key="STATISTICS_SKIPFACTORX">1</MDI>
      <MDI key="STATISTICS_SKIPFACTORY">1</MDI>
      <MDI key="STATISTICS_STDDEV">0.083815697674606</MDI>
    </Metadata>
  </PAMRasterBand>
  <PAMRasterBand band="3">
    <Description>Band_3</Description>
    <Histograms>
      <HistItem>
        <HistMin>0.1525000035762787</HistMin>
        <HistMax>0.3572500050067902</HistMax>
        <BucketCount>256</BucketCount>
        <IncludeOutOfRange>1</IncludeOutOfRange>
        <Approximate>0</Approximate>
        <HistCounts>1|0|0|0|0|2|1|1|1|0|1|4|0|1|0|2|0|0|1|1|1|1|2|0|3|1|3|1|4|6|5|12|5|14|8|7|5|9|9|7|16|14|20|6|14|24|10|23|24|6|21|34|19|30|29|28|27|24|18|14|22|26|13|15|11|15|5|13|5|7|7|1|6|4|3|5|2|2|5|4|6|2|1|2|2|8|8|4|3|10|5|4|8|1|6|3|6|6|12|3|5|6|3|13|7|6|3|10|6|12|11|12|13|27|9|16|18|7|16|10|10|14|21|13|18|15|11|11|20|17|10|10|22|14|12|14|34|22|20|16|16|24|6|19|16|14|23|21|9|16|18|20|5|4|11|14|10|19|11|5|9|8|10|3|8|14|8|5|7|6|2|2|4|1|8|3|9|5|3|15|7|6|5|5|7|10|6|4|10|12|5|9|9|7|4|4|3|2|9|7|7|10|3|8|8|7|4|9|3|2|14|11|12|4|8|15|8|21|5|11|21|28|18|14|19|14|28|20|13|13|15|21|12|3|7|9|10|5|5|4|2|1|2|2|4|4|2|1|0|0|0|1|0|1|0|1</HistCounts>
      </HistItem>
    </Histograms>
    <Metadata>
      <MDI key="BandName">Band_3</MDI>
      <MDI key="RepresentationType">ATHEMATIC</MDI>
      <MDI key="STATISTICS_COVARIANCES">0.00146944869128664,0.00428387982758262,0.002627245745520871</MDI>
      <MDI key="STATISTICS_EXCLUDEDVALUES"></MDI>
      <MDI key="STATISTICS_MAXIMUM">0.35725000500679</MDI>
      <MDI key="STATISTICS_MEAN">0.25678733431813</MDI>
      <MDI key="STATISTICS_MEDIAN">0.257685</MDI>
      <MDI key="STATISTICS_MINIMUM">0.15250000357628</MDI>
      <MDI key="STATISTICS_SKIPFACTORX">1</MDI>
      <MDI key="STATISTICS_SKIPFACTORY">1</MDI>
      <MDI key="STATISTICS_STDDEV">0.051256665376523</MDI>
    </Metadata>
  </PAMRasterBand>
</PAMDataset>
