<PAMDataset>
  <Metadata>
    <MDI key="DataType">Generic</MDI>
  </Metadata>
  <PAMRasterBand band="1">
    <Description>Band_1</Description>
    <Histograms>
      <HistItem>
        <HistMin>0.5724999904632568</HistMin>
        <HistMax>0.9225925803184509</HistMax>
        <BucketCount>256</BucketCount>
        <IncludeOutOfRange>1</IncludeOutOfRange>
        <Approximate>0</Approximate>
        <HistCounts>2|0|0|0|0|0|0|0|0|0|0|0|0|0|0|0|0|0|0|0|0|0|0|0|0|0|2|0|0|0|0|0|0|1|0|0|0|0|0|0|0|2|0|0|0|0|0|2|0|0|1|1|0|0|0|1|1|0|0|0|0|1|0|0|1|0|2|1|0|1|1|4|1|0|3|0|2|1|1|0|2|0|4|9|0|5|2|1|7|3|4|8|0|3|4|4|2|6|0|7|4|6|4|11|4|2|3|7|4|9|9|7|6|14|3|11|15|11|6|14|6|16|23|16|12|4|20|16|18|12|15|16|19|9|16|7|16|13|13|10|12|10|24|16|16|15|16|12|12|8|16|5|19|5|8|11|9|10|11|16|13|15|16|14|22|11|15|22|16|13|21|19|11|11|14|15|16|9|6|9|6|1|7|6|0|3|9|3|2|0|0|5|2|4|0|3|0|3|1|2|2|0|1|4|1|1|1|0|0|1|1|0|1|3|2|0|0|0|0|2|0|2|2|1|0|0|2|0|1|0|0|0|0|0|0|1|0|0|0|0|0|0|0|0|0|0|0|2|1|0|0|1|0|2|3|1</HistCounts>
      </HistItem>
    </Histograms>
    <Metadata>
      <MDI key="BandName">Band_1</MDI>
      <MDI key="RepresentationType">ATHEMATIC</MDI>
      <MDI key="STATISTICS_COVARIANCES">0.00204842517966774,0.0001104713177590902,0.0002120964670286293</MDI>
      <MDI key="STATISTICS_EXCLUDEDVALUES"></MDI>
      <MDI key="STATISTICS_MAXIMUM">0.92259258031845</MDI>
      <MDI key="STATISTICS_MEAN">0.76884637462223</MDI>
      <MDI key="STATISTICS_MEDIAN">0.768826</MDI>
      <MDI key="STATISTICS_MINIMUM">0.57249999046326</MDI>
      <MDI key="STATISTICS_SKIPFACTORX">1</MDI>
      <MDI key="STATISTICS_SKIPFACTORY">1</MDI>
      <MDI key="STATISTICS_STDDEV">0.045259531368185</MDI>
    </Metadata>
  </PAMRasterBand>
  <PAMRasterBand band="2">
    <Description>Band_2</Description>
    <Histograms>
      <HistItem>
        <HistMin>0.1225000023841858</HistMin>
        <HistMax>0.390500009059906</HistMax>
        <BucketCount>256</BucketCount>
        <IncludeOutOfRange>1</IncludeOutOfRange>
        <Approximate>0</Approximate>
        <HistCounts>1|0|0|0|0|0|1|0|0|0|0|1|0|2|1|0|0|0|0|0|0|1|0|1|0|1|1|2|1|0|0|0|0|0|0|0|1|0|1|0|0|0|0|0|0|0|0|1|0|0|0|0|0|1|1|0|2|2|2|1|1|0|0|0|0|1|0|3|4|2|1|3|2|2|4|2|3|1|4|2|2|0|2|1|4|0|3|2|2|0|5|0|1|3|2|2|3|1|1|1|1|2|0|4|0|3|1|1|3|3|0|0|6|1|3|3|4|6|4|2|1|2|3|5|5|4|1|4|2|1|0|3|5|1|7|2|5|4|3|2|6|2|2|4|11|4|4|1|4|6|8|6|5|10|1|3|10|6|7|7|11|9|9|3|5|7|9|7|7|13|12|15|9|16|10|12|16|15|10|14|15|25|14|17|10|25|16|20|19|19|27|34|23|25|25|13|23|24|15|8|20|18|13|19|11|6|12|4|8|13|9|8|13|6|1|14|6|6|3|3|5|3|3|3|2|6|3|1|4|0|3|4|1|0|0|0|0|1|0|2|1|3|0|5|3|0|0|0|1|1|0|1|0|0|0|1</HistCounts>
      </HistItem>
    </Histograms>
    <Metadata>
      <MDI key="BandName">Band_2</MDI>
      <MDI key="RepresentationType">ATHEMATIC</MDI>
      <MDI key="STATISTICS_COVARIANCES">0.0001104713177590902,0.001895753942954872,0.001105073804033095</MDI>
      <MDI key="STATISTICS_EXCLUDEDVALUES"></MDI>
      <MDI key="STATISTICS_MAXIMUM">0.39050000905991</MDI>
      <MDI key="STATISTICS_MEAN">0.30326244671201</MDI>
      <MDI key="STATISTICS_MEDIAN">0.314829</MDI>
      <MDI key="STATISTICS_MINIMUM">0.12250000238419</MDI>
      <MDI key="STATISTICS_SKIPFACTORX">1</MDI>
      <MDI key="STATISTICS_SKIPFACTORY">1</MDI>
      <MDI key="STATISTICS_STDDEV">0.043540256578882</MDI>
    </Metadata>
  </PAMRasterBand>
  <PAMRasterBand band="3">
    <Description>Band_3</Description>
    <Histograms>
      <HistItem>
        <HistMin>0.1710000038146973</HistMin>
        <HistMax>0.3207499980926514</HistMax>
        <BucketCount>256</BucketCount>
        <IncludeOutOfRange>1</IncludeOutOfRange>
        <Approximate>0</Approximate>
        <HistCounts>1|0|0|0|0|0|0|0|0|0|0|0|0|2|0|0|0|0|1|0|1|0|0|0|1|0|1|0|1|0|0|1|2|0|1|2|0|1|2|1|1|0|2|0|1|2|2|0|0|0|0|3|0|3|6|2|1|1|2|0|2|0|1|4|1|0|1|3|3|0|3|1|1|1|4|1|1|6|6|1|4|2|1|4|0|1|1|0|0|1|2|2|1|3|4|4|3|5|0|1|3|1|1|6|2|0|1|8|2|1|7|2|4|6|5|0|1|3|1|2|3|1|2|7|1|2|8|4|4|4|6|9|2|1|3|5|7|6|5|9|10|11|5|5|5|6|7|6|10|5|10|8|7|9|7|5|6|7|8|12|14|7|13|12|5|7|17|7|5|8|13|7|11|9|9|14|19|33|22|16|19|17|15|23|15|17|23|13|15|27|11|20|7|12|14|10|7|16|15|7|20|12|11|12|8|3|16|5|6|5|8|8|13|2|10|1|3|5|7|2|1|2|0|2|0|3|3|2|2|4|1|0|2|1|1|0|4|2|3|0|0|0|0|2|0|0|0|0|0|2|2|0|0|0|0|1</HistCounts>
      </HistItem>
    </Histograms>
    <Metadata>
      <MDI key="BandName">Band_3</MDI>
      <MDI key="RepresentationType">ATHEMATIC</MDI>
      <MDI key="STATISTICS_COVARIANCES">0.0002120964670286293,0.001105073804033095,0.0006626651811110737</MDI>
      <MDI key="STATISTICS_EXCLUDEDVALUES"></MDI>
      <MDI key="STATISTICS_MAXIMUM">0.32074999809265</MDI>
      <MDI key="STATISTICS_MEAN">0.26689399131634</MDI>
      <MDI key="STATISTICS_MEDIAN">0.274357</MDI>
      <MDI key="STATISTICS_MINIMUM">0.1710000038147</MDI>
      <MDI key="STATISTICS_SKIPFACTORX">1</MDI>
      <MDI key="STATISTICS_SKIPFACTORY">1</MDI>
      <MDI key="STATISTICS_STDDEV">0.025742283914041</MDI>
    </Metadata>
  </PAMRasterBand>
</PAMDataset>
