<PAMDataset>
  <Metadata>
    <MDI key="DataType">Generic</MDI>
  </Metadata>
  <PAMRasterBand band="1">
    <Description>Band_1</Description>
    <Histograms>
      <HistItem>
        <HistMin>0.6412500143051147</HistMin>
        <HistMax>0.9303333163261414</HistMax>
        <BucketCount>256</BucketCount>
        <IncludeOutOfRange>1</IncludeOutOfRange>
        <Approximate>0</Approximate>
        <HistCounts>1|0|0|0|0|0|0|0|0|0|0|0|0|0|0|0|0|0|0|0|0|0|0|0|0|0|0|1|0|0|0|0|0|0|0|0|1|0|0|0|0|1|0|1|0|0|0|0|0|0|0|0|0|0|0|0|0|0|0|0|0|0|0|0|0|0|1|0|0|1|0|1|0|0|0|1|0|0|0|0|0|0|0|0|1|0|1|0|0|1|0|0|0|1|0|1|0|1|0|0|1|0|0|0|0|0|0|1|1|1|0|0|1|0|3|1|0|0|0|0|1|0|0|0|1|2|2|1|0|3|1|0|1|1|1|1|1|2|1|0|1|1|1|1|0|0|0|0|1|0|0|1|0|3|1|0|0|1|0|1|2|1|0|0|0|1|0|1|2|0|2|2|0|0|2|3|0|1|3|0|0|4|2|1|1|0|1|0|0|0|1|0|2|1|1|2|2|1|1|0|3|0|3|0|1|0|0|4|0|0|0|3|6|4|2|2|0|1|1|6|5|3|3|0|5|2|2|1|4|3|3|4|6|1|2|4|5|10|4|3|3|2|8|14|12|33|177|196|148|102|51|36|13|8|2|1</HistCounts>
      </HistItem>
    </Histograms>
    <Metadata>
      <MDI key="BandName">Band_1</MDI>
      <MDI key="RepresentationType">ATHEMATIC</MDI>
      <MDI key="STATISTICS_COVARIANCES">0.001488097722200644,-0.0005555490036652326,-0.0003161300745760169</MDI>
      <MDI key="STATISTICS_EXCLUDEDVALUES"></MDI>
      <MDI key="STATISTICS_MAXIMUM">0.93033331632614</MDI>
      <MDI key="STATISTICS_MEAN">0.90820320768887</MDI>
      <MDI key="STATISTICS_MEDIAN">0.921264</MDI>
      <MDI key="STATISTICS_MINIMUM">0.64125001430511</MDI>
      <MDI key="STATISTICS_SKIPFACTORX">1</MDI>
      <MDI key="STATISTICS_SKIPFACTORY">1</MDI>
      <MDI key="STATISTICS_STDDEV">0.038575869688196</MDI>
    </Metadata>
  </PAMRasterBand>
  <PAMRasterBand band="2">
    <Description>Band_2</Description>
    <Histograms>
      <HistItem>
        <HistMin>0.07999999821186066</HistMin>
        <HistMax>0.3082500100135803</HistMax>
        <BucketCount>256</BucketCount>
        <IncludeOutOfRange>1</IncludeOutOfRange>
        <Approximate>0</Approximate>
        <HistCounts>3|6|4|13|20|48|35|29|41|44|53|52|59|51|56|49|40|49|36|28|22|15|20|13|10|14|7|5|7|8|3|8|8|7|5|7|1|4|7|3|0|3|3|0|3|0|0|2|1|4|0|1|2|1|0|0|0|0|1|0|3|0|2|3|0|4|0|0|0|2|1|0|2|0|1|1|1|2|1|0|4|2|0|1|0|2|0|0|0|0|0|1|3|0|0|1|0|0|0|0|3|0|0|2|0|0|0|0|0|1|2|3|1|0|1|0|0|0|0|3|2|2|0|0|1|0|1|0|0|3|1|1|0|0|0|0|0|2|0|2|2|0|0|2|1|0|1|0|0|0|0|1|0|0|1|1|0|0|2|0|0|0|0|1|0|1|0|1|0|0|1|0|2|3|0|0|0|0|0|0|2|0|0|0|0|1|1|0|0|0|0|0|0|0|0|0|0|0|0|0|0|0|0|0|0|0|0|0|0|0|0|1|0|0|0|0|0|0|0|0|0|0|0|0|1|0|0|0|0|0|0|0|0|0|0|0|0|0|0|0|0|0|0|0|0|0|0|1|0|0|0|0|0|0|0|1</HistCounts>
      </HistItem>
    </Histograms>
    <Metadata>
      <MDI key="BandName">Band_2</MDI>
      <MDI key="RepresentationType">ATHEMATIC</MDI>
      <MDI key="STATISTICS_COVARIANCES">-0.0005555490036652326,0.0009299845101796635,0.0006189160309597421</MDI>
      <MDI key="STATISTICS_EXCLUDEDVALUES"></MDI>
      <MDI key="STATISTICS_MAXIMUM">0.30825001001358</MDI>
      <MDI key="STATISTICS_MEAN">0.1027010923331</MDI>
      <MDI key="STATISTICS_MEDIAN">0.092531</MDI>
      <MDI key="STATISTICS_MINIMUM">0.079999998211861</MDI>
      <MDI key="STATISTICS_SKIPFACTORX">1</MDI>
      <MDI key="STATISTICS_SKIPFACTORY">1</MDI>
      <MDI key="STATISTICS_STDDEV">0.030495647397287</MDI>
    </Metadata>
  </PAMRasterBand>
  <PAMRasterBand band="3">
    <Description>Band_3</Description>
    <Histograms>
      <HistItem>
        <HistMin>0.1332499980926514</HistMin>
        <HistMax>0.3057500123977661</HistMax>
        <BucketCount>256</BucketCount>
        <IncludeOutOfRange>1</IncludeOutOfRange>
        <Approximate>0</Approximate>
        <HistCounts>1|2|1|2|7|6|7|26|21|31|23|38|37|30|32|36|28|55|24|33|25|38|26|24|40|37|25|20|36|21|3|26|22|12|14|14|16|6|10|7|2|2|1|7|6|3|1|3|2|4|0|7|3|1|4|0|0|0|4|0|0|2|0|2|2|0|2|0|2|1|0|0|1|1|3|0|0|0|2|0|1|1|2|0|2|0|0|0|1|4|2|3|0|3|1|2|1|0|1|3|2|1|1|0|0|0|3|1|0|1|2|4|0|2|0|0|1|1|0|0|0|0|1|1|0|0|1|2|1|1|0|1|0|1|0|0|2|1|0|0|0|1|2|0|0|1|0|0|0|0|0|0|0|0|0|1|0|3|0|0|1|1|1|1|0|0|1|0|0|1|0|0|1|0|0|0|0|0|0|0|0|0|0|0|0|0|0|0|0|0|0|0|0|0|0|0|0|0|0|0|0|0|0|0|0|0|0|0|1|0|0|0|0|0|0|1|0|0|0|0|0|0|0|0|0|0|0|0|0|0|0|0|0|0|0|0|0|0|0|0|0|0|0|0|0|0|0|0|0|0|0|0|1|0|0|1</HistCounts>
      </HistItem>
    </Histograms>
    <Metadata>
      <MDI key="BandName">Band_3</MDI>
      <MDI key="RepresentationType">ATHEMATIC</MDI>
      <MDI key="STATISTICS_COVARIANCES">-0.0003161300745760169,0.0006189160309597421,0.0004279399302202612</MDI>
      <MDI key="STATISTICS_EXCLUDEDVALUES"></MDI>
      <MDI key="STATISTICS_MAXIMUM">0.30575001239777</MDI>
      <MDI key="STATISTICS_MEAN">0.15383267121495</MDI>
      <MDI key="STATISTICS_MEDIAN">0.147456</MDI>
      <MDI key="STATISTICS_MINIMUM">0.13324999809265</MDI>
      <MDI key="STATISTICS_SKIPFACTORX">1</MDI>
      <MDI key="STATISTICS_SKIPFACTORY">1</MDI>
      <MDI key="STATISTICS_STDDEV">0.020686709023435</MDI>
    </Metadata>
  </PAMRasterBand>
</PAMDataset>
