<PAMDataset>
  <Metadata>
    <MDI key="DataType">Generic</MDI>
  </Metadata>
  <PAMRasterBand band="1">
    <Description>Band_1</Description>
    <Histograms>
      <HistItem>
        <HistMin>0.3977499902248383</HistMin>
        <HistMax>0.9432222247123718</HistMax>
        <BucketCount>256</BucketCount>
        <IncludeOutOfRange>1</IncludeOutOfRange>
        <Approximate>0</Approximate>
        <HistCounts>2|0|0|0|0|0|0|0|0|0|0|0|0|0|0|0|0|2|0|0|1|1|0|0|0|0|1|0|0|0|0|0|0|0|0|0|1|0|0|0|1|2|1|1|0|0|0|0|0|0|1|2|0|0|1|1|0|1|0|2|2|0|0|2|0|0|1|1|3|1|1|2|0|1|4|1|1|1|0|2|2|0|0|4|4|1|0|4|0|1|5|3|3|5|0|0|2|0|3|5|2|2|6|3|4|1|3|1|2|2|1|4|3|4|5|4|5|3|3|2|7|2|2|2|5|1|1|4|2|3|3|9|5|5|3|2|9|22|7|17|15|17|17|27|16|19|20|23|32|28|34|21|22|15|18|9|19|12|17|10|9|21|7|14|13|26|11|12|19|13|18|17|14|9|19|14|10|24|19|15|13|16|20|16|13|12|24|17|23|22|29|27|34|23|28|15|11|19|18|14|23|24|13|14|8|12|13|10|5|0|5|5|1|2|4|1|0|1|4|3|3|1|0|0|0|0|1|1|0|0|1|0|0|1|1|1|0|0|1|0|0|0|0|0|3|2|0|1|0|2|3|1|4|1|2|2</HistCounts>
      </HistItem>
    </Histograms>
    <Metadata>
      <MDI key="BandName">Band_1</MDI>
      <MDI key="RepresentationType">ATHEMATIC</MDI>
      <MDI key="STATISTICS_COVARIANCES">0.005730697840336629,-0.0008663306831433028,-0.0001388328739365197</MDI>
      <MDI key="STATISTICS_EXCLUDEDVALUES"></MDI>
      <MDI key="STATISTICS_MAXIMUM">0.94322222471237</MDI>
      <MDI key="STATISTICS_MEAN">0.74965424585702</MDI>
      <MDI key="STATISTICS_MEDIAN">0.757120</MDI>
      <MDI key="STATISTICS_MINIMUM">0.39774999022484</MDI>
      <MDI key="STATISTICS_SKIPFACTORX">1</MDI>
      <MDI key="STATISTICS_SKIPFACTORY">1</MDI>
      <MDI key="STATISTICS_STDDEV">0.075701372777095</MDI>
    </Metadata>
  </PAMRasterBand>
  <PAMRasterBand band="2">
    <Description>Band_2</Description>
    <Histograms>
      <HistItem>
        <HistMin>0.09224999696016312</HistMin>
        <HistMax>0.3882499933242798</HistMax>
        <BucketCount>256</BucketCount>
        <IncludeOutOfRange>1</IncludeOutOfRange>
        <Approximate>0</Approximate>
        <HistCounts>1|0|0|0|0|2|0|0|0|0|1|1|0|0|0|0|1|0|0|0|1|0|0|0|0|0|0|0|1|0|0|1|0|0|0|1|0|0|0|2|0|0|0|1|0|1|0|0|2|1|1|0|0|0|0|2|1|0|0|1|1|0|3|0|0|1|0|3|2|3|2|1|0|0|0|2|0|3|1|0|1|3|3|1|1|1|1|3|2|2|0|2|0|2|4|3|1|6|0|1|0|2|3|0|1|6|4|3|0|2|0|3|1|1|1|2|2|3|6|2|0|4|8|5|0|6|4|8|3|2|4|12|4|11|5|10|12|4|16|11|8|12|16|14|22|15|28|15|22|18|29|31|13|23|21|25|24|31|32|22|28|30|25|25|25|15|16|25|16|26|9|22|28|17|16|12|18|14|18|11|21|15|9|15|1|5|6|2|6|10|3|6|5|1|5|10|3|9|12|10|8|4|11|19|14|32|11|18|25|16|10|18|7|16|14|9|7|6|7|7|1|2|0|4|2|8|1|3|1|0|5|1|2|1|2|2|0|0|0|0|0|0|0|0|0|2|0|0|2|0|0|0|0|2|1|2</HistCounts>
      </HistItem>
    </Histograms>
    <Metadata>
      <MDI key="BandName">Band_2</MDI>
      <MDI key="RepresentationType">ATHEMATIC</MDI>
      <MDI key="STATISTICS_COVARIANCES">-0.0008663306831433028,0.001746187635056295,0.0009355810529708855</MDI>
      <MDI key="STATISTICS_EXCLUDEDVALUES"></MDI>
      <MDI key="STATISTICS_MAXIMUM">0.38824999332428</MDI>
      <MDI key="STATISTICS_MEAN">0.2834991811876</MDI>
      <MDI key="STATISTICS_MEDIAN">0.281458</MDI>
      <MDI key="STATISTICS_MINIMUM">0.092249996960163</MDI>
      <MDI key="STATISTICS_SKIPFACTORX">1</MDI>
      <MDI key="STATISTICS_SKIPFACTORY">1</MDI>
      <MDI key="STATISTICS_STDDEV">0.041787410006559</MDI>
    </Metadata>
  </PAMRasterBand>
  <PAMRasterBand band="3">
    <Description>Band_3</Description>
    <Histograms>
      <HistItem>
        <HistMin>0.1354999989271164</HistMin>
        <HistMax>0.3227500021457672</HistMax>
        <BucketCount>256</BucketCount>
        <IncludeOutOfRange>1</IncludeOutOfRange>
        <Approximate>0</Approximate>
        <HistCounts>1|0|0|0|0|0|0|0|0|0|0|0|0|0|0|0|0|0|0|0|0|0|0|0|0|0|0|0|0|0|2|1|0|0|0|0|1|0|0|0|0|0|0|0|1|1|0|1|0|0|2|0|1|0|0|1|2|0|0|0|0|0|0|0|2|1|1|2|0|0|1|1|1|3|1|1|4|0|3|0|6|0|2|0|0|0|2|4|4|2|4|4|2|4|4|3|3|1|4|4|4|1|0|0|4|2|1|0|0|1|6|0|2|1|2|2|0|6|2|5|3|7|1|2|9|4|2|4|9|11|2|7|6|6|7|8|10|8|7|11|16|18|20|12|20|21|20|25|13|18|33|17|21|17|27|33|32|23|25|17|16|33|37|19|26|34|22|24|18|19|24|18|20|11|15|8|14|5|17|11|12|12|19|8|27|16|20|15|19|23|26|9|24|21|18|28|19|16|11|19|8|6|8|3|5|11|3|6|6|5|6|3|2|3|1|2|0|0|2|0|0|0|0|0|0|0|0|4|0|0|0|1|0|0|0|0|0|0|0|0|0|0|0|0|0|0|0|0|1|2|0|1|2|0|1|2</HistCounts>
      </HistItem>
    </Histograms>
    <Metadata>
      <MDI key="BandName">Band_3</MDI>
      <MDI key="RepresentationType">ATHEMATIC</MDI>
      <MDI key="STATISTICS_COVARIANCES">-0.0001388328739365197,0.0009355810529708855,0.0005352989769461935</MDI>
      <MDI key="STATISTICS_EXCLUDEDVALUES"></MDI>
      <MDI key="STATISTICS_MAXIMUM">0.32275000214577</MDI>
      <MDI key="STATISTICS_MEAN">0.25423803995821</MDI>
      <MDI key="STATISTICS_MEDIAN">0.254459</MDI>
      <MDI key="STATISTICS_MINIMUM">0.13549999892712</MDI>
      <MDI key="STATISTICS_SKIPFACTORX">1</MDI>
      <MDI key="STATISTICS_SKIPFACTORY">1</MDI>
      <MDI key="STATISTICS_STDDEV">0.023136529060043</MDI>
    </Metadata>
  </PAMRasterBand>
</PAMDataset>
