<PAMDataset>
  <Metadata>
    <MDI key="DataType">Generic</MDI>
  </Metadata>
  <PAMRasterBand band="1">
    <Description>Band_1</Description>
    <Histograms>
      <HistItem>
        <HistMin>0.5857499837875366</HistMin>
        <HistMax>0.9408888816833496</HistMax>
        <BucketCount>256</BucketCount>
        <IncludeOutOfRange>1</IncludeOutOfRange>
        <Approximate>0</Approximate>
        <HistCounts>1|0|0|0|0|0|0|0|0|0|0|0|0|0|0|0|0|0|0|0|0|0|0|0|0|0|0|0|0|0|0|0|0|0|0|0|0|0|0|0|0|0|0|0|0|0|0|0|0|0|0|0|0|0|0|0|0|0|0|0|0|0|0|0|0|0|0|0|0|0|0|0|0|0|0|0|0|0|0|0|0|0|0|0|0|0|0|0|0|0|0|0|0|0|0|0|0|0|0|0|0|0|0|0|0|0|0|0|0|0|0|0|1|0|0|2|0|1|0|0|1|0|0|0|3|0|1|0|0|0|0|1|2|1|3|1|0|2|0|0|5|2|0|5|1|0|4|1|2|3|1|1|3|5|3|3|3|4|5|9|4|4|2|3|0|10|4|6|3|5|2|2|5|9|5|5|8|6|7|4|6|5|3|5|7|6|10|6|3|8|8|9|9|7|10|9|7|6|4|17|11|18|10|29|16|16|15|17|18|6|17|21|20|26|12|16|14|23|22|12|17|9|22|15|19|15|19|28|24|10|10|19|19|28|19|16|17|19|25|8|265|250|240|157|109|109|58|31|26|19|9|1|1|1|0|1</HistCounts>
      </HistItem>
    </Histograms>
    <Metadata>
      <MDI key="BandName">Band_1</MDI>
      <MDI key="RepresentationType">ATHEMATIC</MDI>
      <MDI key="STATISTICS_COVARIANCES">0.001290565378719312,-3.516080910536694e-05,1.571190191829935e-05</MDI>
      <MDI key="STATISTICS_EXCLUDEDVALUES"></MDI>
      <MDI key="STATISTICS_MAXIMUM">0.94088888168335</MDI>
      <MDI key="STATISTICS_MEAN">0.90119897510826</MDI>
      <MDI key="STATISTICS_MEDIAN">0.919998</MDI>
      <MDI key="STATISTICS_MINIMUM">0.58574998378754</MDI>
      <MDI key="STATISTICS_SKIPFACTORX">1</MDI>
      <MDI key="STATISTICS_SKIPFACTORY">1</MDI>
      <MDI key="STATISTICS_STDDEV">0.035924439852548</MDI>
    </Metadata>
  </PAMRasterBand>
  <PAMRasterBand band="2">
    <Description>Band_2</Description>
    <Histograms>
      <HistItem>
        <HistMin>0.08325000107288361</HistMin>
        <HistMax>0.4104999899864197</HistMax>
        <BucketCount>256</BucketCount>
        <IncludeOutOfRange>1</IncludeOutOfRange>
        <Approximate>0</Approximate>
        <HistCounts>1|0|0|0|5|5|16|23|30|56|56|56|87|67|81|106|68|72|78|57|59|57|55|47|35|37|26|36|20|22|28|12|17|8|17|17|13|13|16|14|16|16|23|18|16|21|23|37|26|23|30|33|32|23|31|27|26|16|21|10|25|15|29|18|14|7|15|20|6|19|9|14|17|7|5|11|6|11|9|2|1|3|7|9|1|8|9|6|6|4|12|8|6|2|3|3|4|3|1|4|0|0|4|4|0|1|0|3|1|1|1|1|2|2|2|0|0|2|1|0|3|0|0|0|2|1|0|0|1|0|2|1|2|0|1|0|0|0|0|0|0|0|0|1|0|0|0|0|0|0|1|0|0|0|2|0|0|0|0|1|0|2|0|0|0|0|0|0|0|0|0|1|2|0|0|0|0|0|0|0|0|1|1|0|0|0|0|0|0|0|0|0|0|0|0|0|0|0|0|0|0|0|0|0|0|0|0|0|0|0|0|0|0|0|0|0|0|0|0|0|0|0|0|0|0|0|0|0|0|0|0|0|0|0|0|0|0|0|0|0|0|0|0|0|0|0|0|0|0|0|0|1|1|0|0|1</HistCounts>
      </HistItem>
    </Histograms>
    <Metadata>
      <MDI key="BandName">Band_2</MDI>
      <MDI key="RepresentationType">ATHEMATIC</MDI>
      <MDI key="STATISTICS_COVARIANCES">-3.516080910536694e-05,0.001246835796248251,0.000760238509937655</MDI>
      <MDI key="STATISTICS_EXCLUDEDVALUES"></MDI>
      <MDI key="STATISTICS_MAXIMUM">0.41049998998642</MDI>
      <MDI key="STATISTICS_MEAN">0.13028238108402</MDI>
      <MDI key="STATISTICS_MEDIAN">0.115333</MDI>
      <MDI key="STATISTICS_MINIMUM">0.083250001072884</MDI>
      <MDI key="STATISTICS_SKIPFACTORX">1</MDI>
      <MDI key="STATISTICS_SKIPFACTORY">1</MDI>
      <MDI key="STATISTICS_STDDEV">0.035310562106093</MDI>
    </Metadata>
  </PAMRasterBand>
  <PAMRasterBand band="3">
    <Description>Band_3</Description>
    <Histograms>
      <HistItem>
        <HistMin>0.1422500014305115</HistMin>
        <HistMax>0.3322499990463257</HistMax>
        <BucketCount>256</BucketCount>
        <IncludeOutOfRange>1</IncludeOutOfRange>
        <Approximate>0</Approximate>
        <HistCounts>1|0|4|6|8|11|14|21|29|30|31|36|64|48|67|55|70|79|71|64|73|53|37|49|49|50|35|39|34|38|17|43|12|13|24|24|17|20|16|17|15|11|15|21|18|18|22|12|9|27|11|26|34|18|30|23|35|20|21|27|27|18|20|23|21|11|15|15|18|16|20|11|6|17|11|16|12|5|10|13|4|8|5|8|3|9|6|14|1|3|6|6|4|12|3|10|8|6|2|8|2|5|3|7|0|3|0|6|1|3|2|2|2|1|3|3|2|2|0|0|1|1|2|0|2|2|0|0|0|0|0|0|1|0|1|0|3|0|0|0|3|0|0|1|0|0|0|1|1|0|0|0|0|1|2|0|0|0|0|0|0|0|0|0|0|0|1|0|0|2|0|0|0|0|1|0|0|0|0|0|0|2|0|1|1|0|0|0|0|0|0|0|0|0|0|0|0|0|0|0|0|0|0|0|0|0|0|0|0|0|0|0|0|0|0|0|0|0|0|0|0|0|0|0|0|0|0|0|0|0|0|0|0|0|0|0|0|0|0|0|0|0|0|0|0|0|1|1|0|0|0|0|0|0|0|1</HistCounts>
      </HistItem>
    </Histograms>
    <Metadata>
      <MDI key="BandName">Band_3</MDI>
      <MDI key="RepresentationType">ATHEMATIC</MDI>
      <MDI key="STATISTICS_COVARIANCES">1.571190191829935e-05,0.000760238509937655,0.0004741386934493544</MDI>
      <MDI key="STATISTICS_EXCLUDEDVALUES"></MDI>
      <MDI key="STATISTICS_MAXIMUM">0.33224999904633</MDI>
      <MDI key="STATISTICS_MEAN">0.17209223714059</MDI>
      <MDI key="STATISTICS_MEDIAN">0.163858</MDI>
      <MDI key="STATISTICS_MINIMUM">0.14225000143051</MDI>
      <MDI key="STATISTICS_SKIPFACTORX">1</MDI>
      <MDI key="STATISTICS_SKIPFACTORY">1</MDI>
      <MDI key="STATISTICS_STDDEV">0.021774726024668</MDI>
    </Metadata>
  </PAMRasterBand>
</PAMDataset>
