<PAMDataset>
  <Metadata>
    <MDI key="DataType">Generic</MDI>
  </Metadata>
  <PAMRasterBand band="1">
    <Description>Band_1</Description>
    <Histograms>
      <HistItem>
        <HistMin>0.6037499904632568</HistMin>
        <HistMax>0.920129656791687</HistMax>
        <BucketCount>256</BucketCount>
        <IncludeOutOfRange>1</IncludeOutOfRange>
        <Approximate>0</Approximate>
        <HistCounts>2|0|0|0|0|0|0|0|0|0|0|0|0|0|0|0|0|0|0|1|0|0|2|0|0|1|0|0|0|2|0|1|0|0|0|0|0|0|0|0|0|0|0|0|0|0|0|0|1|0|4|0|0|0|2|2|0|0|0|0|0|2|1|1|0|0|0|1|0|0|0|0|1|5|1|0|0|0|0|2|0|1|1|1|0|5|1|0|2|3|1|1|0|5|4|2|3|1|4|3|8|1|2|3|7|6|3|1|4|1|6|0|5|4|9|3|6|7|7|3|9|7|4|6|5|7|6|5|11|8|6|7|7|8|4|5|7|7|9|15|10|14|10|4|10|8|8|8|2|4|6|5|7|10|4|6|8|5|6|8|10|9|9|6|9|5|6|14|5|7|4|9|11|9|13|8|9|10|6|7|8|9|2|7|8|10|7|4|4|10|5|1|2|1|2|4|3|5|4|2|3|2|5|5|1|3|2|3|2|4|4|5|6|2|1|0|3|0|1|8|4|0|5|2|4|3|1|0|3|4|4|0|1|1|0|1|0|2|1|2|1|1|0|0|2|2|0|2|1|0|0|1|0|1|0|1</HistCounts>
      </HistItem>
    </Histograms>
    <Metadata>
      <MDI key="BandName">Band_1</MDI>
      <MDI key="RepresentationType">ATHEMATIC</MDI>
      <MDI key="STATISTICS_COVARIANCES">0.002687976467214699,0.001050800169078806,0.0007972368310147553</MDI>
      <MDI key="STATISTICS_EXCLUDEDVALUES"></MDI>
      <MDI key="STATISTICS_MAXIMUM">0.92012965679169</MDI>
      <MDI key="STATISTICS_MEAN">0.79462515971824</MDI>
      <MDI key="STATISTICS_MEDIAN">0.794818</MDI>
      <MDI key="STATISTICS_MINIMUM">0.60374999046326</MDI>
      <MDI key="STATISTICS_SKIPFACTORX">1</MDI>
      <MDI key="STATISTICS_SKIPFACTORY">1</MDI>
      <MDI key="STATISTICS_STDDEV">0.051845698637541</MDI>
    </Metadata>
  </PAMRasterBand>
  <PAMRasterBand band="2">
    <Description>Band_2</Description>
    <Histograms>
      <HistItem>
        <HistMin>0.1105000004172325</HistMin>
        <HistMax>0.4802500009536743</HistMax>
        <BucketCount>256</BucketCount>
        <IncludeOutOfRange>1</IncludeOutOfRange>
        <Approximate>0</Approximate>
        <HistCounts>1|3|1|1|0|0|0|2|1|0|0|0|2|0|0|0|0|3|0|0|0|0|0|0|0|0|0|1|0|0|0|0|0|1|0|0|0|0|0|0|1|0|0|0|0|0|0|0|1|0|0|1|0|1|1|0|2|0|0|0|2|0|1|0|1|4|0|0|1|0|2|1|3|0|6|4|3|4|0|3|1|3|1|4|0|0|4|4|1|0|3|2|3|0|2|0|2|2|0|0|1|0|0|0|1|0|0|2|0|2|3|0|3|1|4|5|0|0|0|4|2|2|0|5|4|4|7|9|10|11|5|15|10|6|9|11|12|9|11|3|11|9|14|8|12|20|8|12|8|5|20|18|7|5|8|9|7|13|11|7|12|17|20|12|7|15|10|8|9|18|9|13|3|12|7|7|6|9|7|3|11|8|4|9|2|13|7|3|5|1|6|7|5|2|6|1|5|1|2|5|4|5|4|2|3|0|4|0|2|0|0|0|1|1|1|1|1|0|0|2|0|0|0|2|0|1|0|0|0|0|0|0|0|0|0|0|0|0|0|0|0|0|0|0|0|0|0|0|0|0|0|0|0|0|0|2</HistCounts>
      </HistItem>
    </Histograms>
    <Metadata>
      <MDI key="BandName">Band_2</MDI>
      <MDI key="RepresentationType">ATHEMATIC</MDI>
      <MDI key="STATISTICS_COVARIANCES">0.001050800169078806,0.003016800174117378,0.001972064365991981</MDI>
      <MDI key="STATISTICS_EXCLUDEDVALUES"></MDI>
      <MDI key="STATISTICS_MAXIMUM">0.48025000095367</MDI>
      <MDI key="STATISTICS_MEAN">0.32537837039825</MDI>
      <MDI key="STATISTICS_MEDIAN">0.330900</MDI>
      <MDI key="STATISTICS_MINIMUM">0.11050000041723</MDI>
      <MDI key="STATISTICS_SKIPFACTORX">1</MDI>
      <MDI key="STATISTICS_SKIPFACTORY">1</MDI>
      <MDI key="STATISTICS_STDDEV">0.054925405543495</MDI>
    </Metadata>
  </PAMRasterBand>
  <PAMRasterBand band="3">
    <Description>Band_3</Description>
    <Histograms>
      <HistItem>
        <HistMin>0.1509999930858612</HistMin>
        <HistMax>0.4002499878406525</HistMax>
        <BucketCount>256</BucketCount>
        <IncludeOutOfRange>1</IncludeOutOfRange>
        <Approximate>0</Approximate>
        <HistCounts>1|1|3|2|0|0|0|1|0|1|0|0|2|1|0|0|0|2|0|0|0|0|0|0|1|0|0|0|1|0|0|0|0|0|0|0|1|0|0|0|1|1|1|0|0|0|0|2|1|0|0|0|0|4|0|0|0|1|2|1|0|1|4|0|1|5|2|4|3|3|1|5|0|1|1|2|5|0|2|1|4|5|3|1|0|0|3|0|2|3|0|2|0|1|1|1|0|2|2|2|2|0|3|1|2|1|6|3|1|5|1|3|11|7|8|8|5|9|15|16|12|2|8|9|12|5|8|13|6|13|11|16|11|7|9|10|12|14|15|11|13|11|4|7|0|14|19|12|13|12|12|10|12|7|11|7|7|11|8|12|7|8|14|15|6|3|5|4|7|5|12|8|6|2|3|5|5|4|11|3|4|7|4|3|3|2|3|3|2|7|4|2|2|5|0|1|0|1|2|0|0|0|0|1|1|1|1|0|0|0|0|0|0|2|0|0|0|0|0|2|0|1|0|0|0|0|0|0|0|0|0|0|0|0|0|0|0|0|0|0|0|0|0|0|0|0|0|0|0|0|0|0|0|0|0|2</HistCounts>
      </HistItem>
    </Histograms>
    <Metadata>
      <MDI key="BandName">Band_3</MDI>
      <MDI key="RepresentationType">ATHEMATIC</MDI>
      <MDI key="STATISTICS_COVARIANCES">0.0007972368310147553,0.001972064365991981,0.001299649225195532</MDI>
      <MDI key="STATISTICS_EXCLUDEDVALUES"></MDI>
      <MDI key="STATISTICS_MAXIMUM">0.40024998784065</MDI>
      <MDI key="STATISTICS_MEAN">0.28390257341751</MDI>
      <MDI key="STATISTICS_MEDIAN">0.286866</MDI>
      <MDI key="STATISTICS_MINIMUM">0.15099999308586</MDI>
      <MDI key="STATISTICS_SKIPFACTORX">1</MDI>
      <MDI key="STATISTICS_SKIPFACTORY">1</MDI>
      <MDI key="STATISTICS_STDDEV">0.036050648055139</MDI>
    </Metadata>
  </PAMRasterBand>
</PAMDataset>
