<PAMDataset>
  <Metadata>
    <MDI key="DataType">Generic</MDI>
  </Metadata>
  <PAMRasterBand band="1">
    <Description>Band_1</Description>
    <Histograms>
      <HistItem>
        <HistMin>0.6702499985694885</HistMin>
        <HistMax>0.9337777495384216</HistMax>
        <BucketCount>256</BucketCount>
        <IncludeOutOfRange>1</IncludeOutOfRange>
        <Approximate>0</Approximate>
        <HistCounts>2|0|0|0|0|0|0|0|0|0|0|0|0|0|0|0|0|0|0|0|0|0|0|0|0|2|0|0|0|2|0|0|0|0|0|0|0|0|0|0|0|2|0|0|0|0|0|0|0|0|0|0|1|0|0|0|0|0|0|0|0|0|0|0|0|0|0|0|0|0|0|1|0|0|0|2|1|0|2|0|0|0|0|1|0|0|0|0|0|0|0|0|0|0|0|0|2|0|0|0|0|1|0|0|0|0|2|0|0|0|0|0|2|0|0|2|0|0|0|2|0|0|0|0|0|0|0|0|2|0|0|0|1|2|0|0|0|1|1|1|0|1|0|1|0|0|0|1|1|1|0|3|1|0|0|2|2|7|0|0|3|0|1|0|0|3|3|0|2|1|3|3|2|1|0|2|2|3|0|5|2|1|3|1|3|3|4|2|6|1|1|4|2|2|6|2|3|6|6|4|7|5|1|2|6|3|4|0|3|2|2|5|0|1|1|2|5|0|2|0|2|5|7|5|2|3|9|3|3|0|3|5|3|3|5|2|8|3|4|4|3|14|81|67|99|88|89|72|72|53|40|14|13|11|0|1</HistCounts>
      </HistItem>
    </Histograms>
    <Metadata>
      <MDI key="BandName">Band_1</MDI>
      <MDI key="RepresentationType">ATHEMATIC</MDI>
      <MDI key="STATISTICS_COVARIANCES">0.001421535352508369,-0.0003386213058403399,-0.0001580362742939815</MDI>
      <MDI key="STATISTICS_EXCLUDEDVALUES"></MDI>
      <MDI key="STATISTICS_MAXIMUM">0.93377774953842</MDI>
      <MDI key="STATISTICS_MEAN">0.90756794183192</MDI>
      <MDI key="STATISTICS_MEDIAN">0.922410</MDI>
      <MDI key="STATISTICS_MINIMUM">0.67024999856949</MDI>
      <MDI key="STATISTICS_SKIPFACTORX">1</MDI>
      <MDI key="STATISTICS_SKIPFACTORY">1</MDI>
      <MDI key="STATISTICS_STDDEV">0.037703253871627</MDI>
    </Metadata>
  </PAMRasterBand>
  <PAMRasterBand band="2">
    <Description>Band_2</Description>
    <Histograms>
      <HistItem>
        <HistMin>0.07199999690055847</HistMin>
        <HistMax>0.3084999918937683</HistMax>
        <BucketCount>256</BucketCount>
        <IncludeOutOfRange>1</IncludeOutOfRange>
        <Approximate>0</Approximate>
        <HistCounts>1|1|6|11|30|38|51|48|69|67|58|65|65|53|57|42|40|18|33|21|20|22|14|17|11|12|12|3|7|5|9|6|7|3|2|5|2|1|3|4|4|1|6|1|2|2|2|0|0|1|3|1|1|0|0|1|0|2|0|0|0|0|0|3|0|0|1|0|0|0|0|0|0|0|0|0|0|0|0|0|0|0|0|0|0|1|0|0|0|1|0|0|0|0|0|1|0|0|0|0|0|1|1|3|0|0|0|0|0|1|0|0|0|0|0|0|0|1|0|0|0|1|1|0|0|0|2|1|2|0|0|0|0|0|0|0|0|0|0|0|0|1|0|0|0|0|0|1|0|0|0|0|1|0|1|0|0|0|0|0|0|0|0|1|0|0|0|0|0|0|0|0|0|0|0|0|0|0|0|0|0|0|0|1|0|0|0|0|0|0|0|0|0|1|0|0|0|0|0|0|0|0|0|0|0|0|0|0|0|0|0|0|0|0|0|0|0|2|0|0|0|0|0|0|0|0|0|0|0|0|0|0|0|0|0|0|0|0|0|0|0|0|0|0|0|0|0|0|0|0|0|0|0|0|0|2</HistCounts>
      </HistItem>
    </Histograms>
    <Metadata>
      <MDI key="BandName">Band_2</MDI>
      <MDI key="RepresentationType">ATHEMATIC</MDI>
      <MDI key="STATISTICS_COVARIANCES">-0.0003386213058403399,0.000506270040821017,0.0003453559811240124</MDI>
      <MDI key="STATISTICS_EXCLUDEDVALUES"></MDI>
      <MDI key="STATISTICS_MAXIMUM">0.30849999189377</MDI>
      <MDI key="STATISTICS_MEAN">0.089191883660569</MDI>
      <MDI key="STATISTICS_MEDIAN">0.083129</MDI>
      <MDI key="STATISTICS_MINIMUM">0.071999996900558</MDI>
      <MDI key="STATISTICS_SKIPFACTORX">1</MDI>
      <MDI key="STATISTICS_SKIPFACTORY">1</MDI>
      <MDI key="STATISTICS_STDDEV">0.022500445347171</MDI>
    </Metadata>
  </PAMRasterBand>
  <PAMRasterBand band="3">
    <Description>Band_3</Description>
    <Histograms>
      <HistItem>
        <HistMin>0.1212500035762787</HistMin>
        <HistMax>0.296750009059906</HistMax>
        <BucketCount>256</BucketCount>
        <IncludeOutOfRange>1</IncludeOutOfRange>
        <Approximate>0</Approximate>
        <HistCounts>6|1|9|2|6|8|3|4|6|4|13|23|21|22|37|57|45|56|62|60|49|64|55|55|32|32|33|40|20|14|10|13|5|18|11|11|5|12|9|6|4|1|5|4|0|4|4|0|1|0|1|2|0|0|0|0|0|1|0|2|0|0|0|0|0|0|1|0|0|0|0|0|0|0|0|0|1|1|0|0|0|0|0|0|0|0|0|1|0|0|0|0|0|0|0|0|0|1|0|0|0|0|0|1|1|0|0|0|1|0|1|1|1|0|0|0|2|0|0|0|1|0|0|2|0|0|0|0|1|1|0|1|0|0|0|0|0|0|0|0|0|0|1|0|1|0|0|0|1|0|1|0|0|0|1|0|0|0|0|0|0|0|0|0|0|0|0|0|0|0|0|0|0|0|0|0|0|1|0|0|0|0|0|0|0|0|0|0|0|0|0|1|0|0|0|0|0|0|0|0|0|0|0|0|0|0|0|0|0|0|0|0|0|0|0|0|0|0|0|0|2|0|0|0|0|0|0|0|0|0|0|0|0|0|0|0|0|0|0|0|0|0|0|0|0|0|0|0|0|0|0|0|0|0|0|2</HistCounts>
      </HistItem>
    </Histograms>
    <Metadata>
      <MDI key="BandName">Band_3</MDI>
      <MDI key="RepresentationType">ATHEMATIC</MDI>
      <MDI key="STATISTICS_COVARIANCES">-0.0001580362742939815,0.0003453559811240124,0.0002491802977174681</MDI>
      <MDI key="STATISTICS_EXCLUDEDVALUES"></MDI>
      <MDI key="STATISTICS_MAXIMUM">0.29675000905991</MDI>
      <MDI key="STATISTICS_MEAN">0.13853081157487</MDI>
      <MDI key="STATISTICS_MEDIAN">0.135703</MDI>
      <MDI key="STATISTICS_MINIMUM">0.12125000357628</MDI>
      <MDI key="STATISTICS_SKIPFACTORX">1</MDI>
      <MDI key="STATISTICS_SKIPFACTORY">1</MDI>
      <MDI key="STATISTICS_STDDEV">0.015785445756059</MDI>
    </Metadata>
  </PAMRasterBand>
</PAMDataset>
