<PAMDataset>
  <Metadata>
    <MDI key="DataType">Generic</MDI>
  </Metadata>
  <PAMRasterBand band="1">
    <Description>Band_1</Description>
    <Histograms>
      <HistItem>
        <HistMin>0.4067499935626984</HistMin>
        <HistMax>0.9246481657028198</HistMax>
        <BucketCount>256</BucketCount>
        <IncludeOutOfRange>1</IncludeOutOfRange>
        <Approximate>0</Approximate>
        <HistCounts>1|0|0|0|0|0|0|0|0|0|1|0|0|0|0|0|0|0|0|0|0|0|0|0|0|0|0|0|0|1|0|0|0|0|0|0|0|0|0|0|0|0|0|0|0|1|0|0|0|0|0|0|0|0|0|2|1|1|0|0|0|2|0|1|0|0|1|0|0|0|0|0|2|0|0|1|1|0|3|2|0|0|0|0|0|0|0|0|1|0|0|1|0|0|0|2|1|1|2|0|0|1|1|4|4|2|0|1|1|2|2|1|1|0|0|4|5|5|2|2|3|5|1|0|2|5|3|5|9|9|8|12|3|5|6|12|10|5|10|7|15|20|6|13|11|18|20|20|15|20|27|20|11|21|20|18|24|19|18|20|18|19|34|29|18|18|21|15|13|25|17|22|6|19|14|26|16|27|12|15|16|14|14|11|16|12|15|16|2|3|3|2|2|1|0|2|1|3|0|0|3|0|2|2|1|0|2|0|0|2|1|1|0|0|0|0|0|0|0|0|0|0|0|0|0|0|0|0|0|0|0|0|0|0|0|0|1|0|0|0|1|0|0|0|0|2|1|1|1|0|0|0|1|3|5|1</HistCounts>
      </HistItem>
    </Histograms>
    <Metadata>
      <MDI key="BandName">Band_1</MDI>
      <MDI key="RepresentationType">ATHEMATIC</MDI>
      <MDI key="STATISTICS_COVARIANCES">0.002959068643031646,0.0001047421119734996,0.0002922793088436107</MDI>
      <MDI key="STATISTICS_EXCLUDEDVALUES"></MDI>
      <MDI key="STATISTICS_MAXIMUM">0.92464816570282</MDI>
      <MDI key="STATISTICS_MEAN">0.72794710169354</MDI>
      <MDI key="STATISTICS_MEDIAN">0.731706</MDI>
      <MDI key="STATISTICS_MINIMUM">0.4067499935627</MDI>
      <MDI key="STATISTICS_SKIPFACTORX">1</MDI>
      <MDI key="STATISTICS_SKIPFACTORY">1</MDI>
      <MDI key="STATISTICS_STDDEV">0.054397322020773</MDI>
    </Metadata>
  </PAMRasterBand>
  <PAMRasterBand band="2">
    <Description>Band_2</Description>
    <Histograms>
      <HistItem>
        <HistMin>0.1367499977350235</HistMin>
        <HistMax>0.3824999928474426</HistMax>
        <BucketCount>256</BucketCount>
        <IncludeOutOfRange>1</IncludeOutOfRange>
        <Approximate>0</Approximate>
        <HistCounts>1|0|0|2|0|1|0|0|0|0|0|0|1|0|0|0|0|1|1|0|0|0|0|1|0|3|0|0|1|3|0|0|0|0|0|0|1|0|1|1|0|2|0|0|0|0|0|0|2|1|1|0|2|0|1|0|0|1|0|0|0|0|0|0|0|0|0|0|0|0|0|0|0|0|0|0|0|0|0|0|0|1|0|0|0|0|1|0|1|1|0|0|0|1|0|0|2|1|0|3|0|2|1|0|0|0|0|0|0|0|3|0|1|4|2|1|1|3|5|4|3|8|0|0|3|1|6|2|2|2|1|2|4|1|2|3|0|2|3|5|7|4|7|9|3|8|5|3|3|3|5|6|6|4|4|8|7|5|6|7|8|7|5|7|11|4|10|9|8|9|19|15|5|15|9|16|10|19|11|11|8|20|9|14|16|11|11|9|12|8|24|10|16|16|27|24|26|19|16|32|27|11|13|15|22|11|17|11|21|13|16|12|8|2|8|14|14|11|4|8|8|10|3|12|6|2|3|7|2|1|3|1|1|0|1|1|3|2|0|1|0|0|0|0|0|0|1|1|0|0|0|0|0|1|0|1</HistCounts>
      </HistItem>
    </Histograms>
    <Metadata>
      <MDI key="BandName">Band_2</MDI>
      <MDI key="RepresentationType">ATHEMATIC</MDI>
      <MDI key="STATISTICS_COVARIANCES">0.0001047421119734996,0.001288430338541882,0.0007689352650500662</MDI>
      <MDI key="STATISTICS_EXCLUDEDVALUES"></MDI>
      <MDI key="STATISTICS_MAXIMUM">0.38249999284744</MDI>
      <MDI key="STATISTICS_MEAN">0.31019225476205</MDI>
      <MDI key="STATISTICS_MEDIAN">0.318894</MDI>
      <MDI key="STATISTICS_MINIMUM">0.13674999773502</MDI>
      <MDI key="STATISTICS_SKIPFACTORX">1</MDI>
      <MDI key="STATISTICS_SKIPFACTORY">1</MDI>
      <MDI key="STATISTICS_STDDEV">0.035894711846481</MDI>
    </Metadata>
  </PAMRasterBand>
  <PAMRasterBand band="3">
    <Description>Band_3</Description>
    <Histograms>
      <HistItem>
        <HistMin>0.1722500026226044</HistMin>
        <HistMax>0.3244999945163727</HistMax>
        <BucketCount>256</BucketCount>
        <IncludeOutOfRange>1</IncludeOutOfRange>
        <Approximate>0</Approximate>
        <HistCounts>1|0|0|0|0|0|0|0|0|1|1|0|0|2|0|0|0|1|0|0|0|1|2|1|0|0|0|0|1|0|1|1|0|1|0|0|0|0|0|0|1|0|0|1|2|0|2|0|1|0|0|1|0|0|0|0|0|1|0|0|1|0|0|0|0|0|1|0|0|0|0|1|0|1|1|0|2|0|0|0|0|0|2|1|1|2|1|2|1|2|0|1|2|0|0|5|0|0|0|2|0|0|1|1|2|0|2|0|5|0|3|5|3|5|1|3|9|1|2|1|0|6|1|2|3|6|11|2|6|2|6|5|1|9|7|4|2|2|4|6|3|5|5|5|11|5|6|4|12|13|7|11|5|10|15|8|4|15|6|15|10|9|15|9|18|5|11|16|9|8|14|9|19|13|12|19|9|16|8|11|21|10|27|11|13|20|9|16|15|16|17|22|10|17|17|15|14|15|10|11|11|8|20|23|9|7|10|6|12|10|7|10|8|10|6|5|5|9|2|0|1|3|1|1|3|0|4|0|0|0|0|2|0|1|0|0|0|0|1|0|0|0|1|0|0|1|0|0|0|0|0|1|0|0|0|1</HistCounts>
      </HistItem>
    </Histograms>
    <Metadata>
      <MDI key="BandName">Band_3</MDI>
      <MDI key="RepresentationType">ATHEMATIC</MDI>
      <MDI key="STATISTICS_COVARIANCES">0.0002922793088436107,0.0007689352650500662,0.0004838816593901358</MDI>
      <MDI key="STATISTICS_EXCLUDEDVALUES"></MDI>
      <MDI key="STATISTICS_MAXIMUM">0.32449999451637</MDI>
      <MDI key="STATISTICS_MEAN">0.27345462855017</MDI>
      <MDI key="STATISTICS_MEDIAN">0.277332</MDI>
      <MDI key="STATISTICS_MINIMUM">0.1722500026226</MDI>
      <MDI key="STATISTICS_SKIPFACTORX">1</MDI>
      <MDI key="STATISTICS_SKIPFACTORY">1</MDI>
      <MDI key="STATISTICS_STDDEV">0.021997310276262</MDI>
    </Metadata>
  </PAMRasterBand>
</PAMDataset>
