<PAMDataset>
  <Metadata>
    <MDI key="DataType">Generic</MDI>
  </Metadata>
  <PAMRasterBand band="1">
    <Description>Band_1</Description>
    <Histograms>
      <HistItem>
        <HistMin>0.687749981880188</HistMin>
        <HistMax>0.930648148059845</HistMax>
        <BucketCount>256</BucketCount>
        <IncludeOutOfRange>1</IncludeOutOfRange>
        <Approximate>0</Approximate>
        <HistCounts>2|0|1|0|0|0|0|0|0|0|1|1|2|0|2|0|0|2|0|3|0|0|1|0|1|3|2|0|0|2|2|0|2|1|0|1|1|0|6|2|5|3|2|2|2|3|3|3|14|6|4|3|6|5|6|10|7|5|7|13|12|8|6|3|6|16|5|16|11|11|8|7|4|9|8|8|12|13|3|11|11|10|3|10|5|8|17|7|13|5|2|7|7|1|5|0|0|5|6|2|3|6|4|7|6|5|6|2|2|6|2|3|3|4|6|6|4|4|6|1|5|1|2|5|3|1|4|5|1|4|3|1|2|0|5|4|5|3|3|1|5|3|3|4|3|0|5|2|4|2|1|0|1|1|2|0|0|1|1|2|4|1|2|3|1|3|3|2|4|1|0|2|3|2|1|1|3|0|0|0|0|4|0|6|3|3|1|0|4|3|1|0|1|2|1|2|0|4|2|4|0|0|1|0|3|2|4|3|2|0|3|0|0|3|0|0|1|1|5|0|3|2|3|0|0|0|0|1|0|1|2|6|3|1|0|0|3|1|3|4|2|1|2|5|25|9|3|8|2|6|1|3|1|3|0|1</HistCounts>
      </HistItem>
    </Histograms>
    <Metadata>
      <MDI key="BandName">Band_1</MDI>
      <MDI key="RepresentationType">ATHEMATIC</MDI>
      <MDI key="STATISTICS_COVARIANCES">0.003825970648109171,0.0007360971174248907,0.0006718207719856144</MDI>
      <MDI key="STATISTICS_EXCLUDEDVALUES"></MDI>
      <MDI key="STATISTICS_MAXIMUM">0.93064814805984</MDI>
      <MDI key="STATISTICS_MEAN">0.79843072094147</MDI>
      <MDI key="STATISTICS_MEDIAN">0.774431</MDI>
      <MDI key="STATISTICS_MINIMUM">0.68774998188019</MDI>
      <MDI key="STATISTICS_SKIPFACTORX">1</MDI>
      <MDI key="STATISTICS_SKIPFACTORY">1</MDI>
      <MDI key="STATISTICS_STDDEV">0.061854431111353</MDI>
    </Metadata>
  </PAMRasterBand>
  <PAMRasterBand band="2">
    <Description>Band_2</Description>
    <Histograms>
      <HistItem>
        <HistMin>0.08325000107288361</HistMin>
        <HistMax>0.4029999971389771</HistMax>
        <BucketCount>256</BucketCount>
        <IncludeOutOfRange>1</IncludeOutOfRange>
        <Approximate>0</Approximate>
        <HistCounts>1|0|1|0|0|1|0|1|0|1|3|0|2|0|1|0|0|0|1|0|0|1|1|0|0|0|0|0|0|0|0|0|2|1|0|0|2|0|0|1|0|0|0|0|0|2|0|0|0|2|0|0|1|0|0|0|1|2|3|0|2|0|1|2|1|0|0|0|4|1|3|2|2|1|0|2|1|0|0|1|1|2|1|0|3|2|1|0|3|1|2|5|0|3|4|3|5|6|3|5|3|9|6|8|12|11|11|12|9|9|11|15|14|21|16|25|15|16|29|21|13|20|12|20|14|12|10|19|17|23|11|16|7|16|8|4|11|8|10|8|3|3|8|6|2|5|6|4|3|7|3|2|4|4|1|3|1|4|5|1|2|4|4|4|1|1|0|0|2|0|0|3|2|1|2|6|3|2|2|6|1|2|1|2|1|0|4|2|3|0|2|6|3|1|2|4|3|2|4|2|2|1|0|1|4|1|0|3|1|0|0|0|1|3|2|1|0|6|2|0|0|0|0|2|0|1|1|2|0|0|0|0|0|0|0|0|2|0|0|0|0|0|1|0|0|1|1|0|0|0|0|0|1|0|0|1</HistCounts>
      </HistItem>
    </Histograms>
    <Metadata>
      <MDI key="BandName">Band_2</MDI>
      <MDI key="RepresentationType">ATHEMATIC</MDI>
      <MDI key="STATISTICS_COVARIANCES">0.0007360971174248907,0.002205659912760372,0.001392210874953526</MDI>
      <MDI key="STATISTICS_EXCLUDEDVALUES"></MDI>
      <MDI key="STATISTICS_MAXIMUM">0.40299999713898</MDI>
      <MDI key="STATISTICS_MEAN">0.24351722071049</MDI>
      <MDI key="STATISTICS_MEDIAN">0.236228</MDI>
      <MDI key="STATISTICS_MINIMUM">0.083250001072884</MDI>
      <MDI key="STATISTICS_SKIPFACTORX">1</MDI>
      <MDI key="STATISTICS_SKIPFACTORY">1</MDI>
      <MDI key="STATISTICS_STDDEV">0.046964453715128</MDI>
    </Metadata>
  </PAMRasterBand>
  <PAMRasterBand band="3">
    <Description>Band_3</Description>
    <Histograms>
      <HistItem>
        <HistMin>0.145249992609024</HistMin>
        <HistMax>0.3462499976158142</HistMax>
        <BucketCount>256</BucketCount>
        <IncludeOutOfRange>1</IncludeOutOfRange>
        <Approximate>0</Approximate>
        <HistCounts>1|0|0|0|0|2|2|1|2|2|1|0|1|0|0|0|0|1|0|0|1|0|0|0|0|0|0|2|0|0|0|0|1|1|0|2|1|1|0|1|0|0|1|0|0|0|0|1|1|3|1|1|1|2|0|3|0|2|3|0|1|1|0|2|2|1|2|0|1|1|0|3|2|1|1|0|0|3|1|0|1|1|8|3|1|6|3|7|3|8|10|14|9|11|14|10|13|16|17|18|21|19|27|12|20|22|21|22|18|10|26|19|16|11|18|8|11|9|24|10|9|8|8|12|9|6|7|2|3|3|8|4|5|3|3|2|1|2|2|6|1|1|1|2|4|3|2|1|1|2|5|3|5|1|4|0|4|0|3|1|3|0|1|3|0|3|1|4|4|2|1|3|2|8|2|0|2|0|1|0|4|2|4|7|0|0|1|2|0|2|1|1|1|2|4|5|1|2|0|1|2|4|0|1|2|1|0|0|1|0|4|0|3|0|0|0|1|0|0|3|0|0|1|1|0|0|1|1|2|1|0|0|0|0|0|0|0|0|0|0|0|0|0|2|0|1|0|0|1|0|0|0|0|0|0|1</HistCounts>
      </HistItem>
    </Histograms>
    <Metadata>
      <MDI key="BandName">Band_3</MDI>
      <MDI key="RepresentationType">ATHEMATIC</MDI>
      <MDI key="STATISTICS_COVARIANCES">0.0006718207719856144,0.001392210874953526,0.0009064350329514237</MDI>
      <MDI key="STATISTICS_EXCLUDEDVALUES"></MDI>
      <MDI key="STATISTICS_MAXIMUM">0.34624999761581</MDI>
      <MDI key="STATISTICS_MEAN">0.23709204246129</MDI>
      <MDI key="STATISTICS_MEDIAN">0.231168</MDI>
      <MDI key="STATISTICS_MINIMUM">0.14524999260902</MDI>
      <MDI key="STATISTICS_SKIPFACTORX">1</MDI>
      <MDI key="STATISTICS_SKIPFACTORY">1</MDI>
      <MDI key="STATISTICS_STDDEV">0.030107059520176</MDI>
    </Metadata>
  </PAMRasterBand>
</PAMDataset>
