<PAMDataset>
  <Metadata>
    <MDI key="DataType">Generic</MDI>
  </Metadata>
  <PAMRasterBand band="1">
    <Description>Band_1</Description>
    <Histograms>
      <HistItem>
        <HistMin>0.7802500128746033</HistMin>
        <HistMax>0.9352592825889587</HistMax>
        <BucketCount>256</BucketCount>
        <IncludeOutOfRange>1</IncludeOutOfRange>
        <Approximate>0</Approximate>
        <HistCounts>1|0|0|0|0|0|0|0|0|1|0|0|0|0|0|0|0|0|0|0|0|0|0|2|0|0|1|0|0|0|0|0|0|0|0|0|0|0|0|0|0|2|0|0|0|0|0|0|0|0|2|0|0|0|0|0|0|1|0|0|0|1|0|0|0|0|0|0|1|0|0|0|0|0|0|0|0|0|0|0|0|0|0|0|0|0|0|0|0|0|0|0|1|0|0|0|0|0|1|0|0|0|0|2|0|1|0|0|0|0|0|0|0|2|0|0|1|0|2|0|1|2|0|1|0|0|0|0|0|0|0|0|1|0|2|0|0|2|0|0|0|0|1|0|0|1|0|0|0|1|0|0|2|2|1|0|1|3|1|1|0|0|2|2|4|0|5|2|0|2|3|3|5|1|2|1|0|2|1|3|1|2|3|4|0|0|1|3|3|8|3|3|4|0|1|1|1|3|4|4|3|4|3|8|1|4|1|4|2|1|2|0|8|8|6|8|7|10|6|1|6|7|3|3|3|5|5|11|3|19|103|92|98|86|43|65|33|34|35|25|27|26|16|12|10|17|14|8|7|3|11|4|2|2|1|1</HistCounts>
      </HistItem>
    </Histograms>
    <Metadata>
      <MDI key="BandName">Band_1</MDI>
      <MDI key="RepresentationType">ATHEMATIC</MDI>
      <MDI key="STATISTICS_COVARIANCES">0.0003567186308541864,-0.0004094061601618866,-0.0002512575772283616</MDI>
      <MDI key="STATISTICS_EXCLUDEDVALUES"></MDI>
      <MDI key="STATISTICS_MAXIMUM">0.93525928258896</MDI>
      <MDI key="STATISTICS_MEAN">0.9160890595546</MDI>
      <MDI key="STATISTICS_MEDIAN">0.921278</MDI>
      <MDI key="STATISTICS_MINIMUM">0.7802500128746</MDI>
      <MDI key="STATISTICS_SKIPFACTORX">1</MDI>
      <MDI key="STATISTICS_SKIPFACTORY">1</MDI>
      <MDI key="STATISTICS_STDDEV">0.018886996342833</MDI>
    </Metadata>
  </PAMRasterBand>
  <PAMRasterBand band="2">
    <Description>Band_2</Description>
    <Histograms>
      <HistItem>
        <HistMin>0.07774999737739563</HistMin>
        <HistMax>0.4337500035762787</HistMax>
        <BucketCount>256</BucketCount>
        <IncludeOutOfRange>1</IncludeOutOfRange>
        <Approximate>0</Approximate>
        <HistCounts>1|0|0|0|0|1|0|0|1|1|0|2|0|4|0|3|1|0|0|0|5|0|4|3|0|4|0|2|3|3|9|4|9|3|10|13|6|11|9|7|14|10|8|11|23|12|19|19|16|22|9|14|15|22|22|5|16|17|20|12|15|24|15|25|14|23|20|9|17|11|17|19|18|15|11|9|19|17|10|11|11|20|17|20|13|12|11|9|12|12|16|11|7|11|16|9|9|7|8|10|3|4|5|7|5|1|3|1|2|1|1|0|4|2|2|1|1|1|1|1|1|2|0|1|0|0|0|2|2|0|0|0|0|0|0|0|0|0|0|0|2|0|0|0|1|0|0|0|0|0|0|0|0|0|0|1|0|0|0|0|0|0|1|0|0|0|0|0|0|1|0|0|0|1|0|1|0|1|0|0|0|0|0|0|0|0|0|1|2|0|0|0|0|0|1|0|0|0|0|0|1|0|0|0|0|1|0|0|0|0|0|0|0|0|0|1|0|0|1|0|0|0|0|0|0|1|0|0|0|0|0|0|0|0|0|0|0|0|0|0|0|0|0|0|0|0|0|0|1|0|0|0|0|0|0|1</HistCounts>
      </HistItem>
    </Histograms>
    <Metadata>
      <MDI key="BandName">Band_2</MDI>
      <MDI key="RepresentationType">ATHEMATIC</MDI>
      <MDI key="STATISTICS_COVARIANCES">-0.0004094061601618866,0.001502021505416611,0.0009924827624284123</MDI>
      <MDI key="STATISTICS_EXCLUDEDVALUES"></MDI>
      <MDI key="STATISTICS_MAXIMUM">0.43375000357628</MDI>
      <MDI key="STATISTICS_MEAN">0.17293980189294</MDI>
      <MDI key="STATISTICS_MEDIAN">0.168495</MDI>
      <MDI key="STATISTICS_MINIMUM">0.077749997377396</MDI>
      <MDI key="STATISTICS_SKIPFACTORX">1</MDI>
      <MDI key="STATISTICS_SKIPFACTORY">1</MDI>
      <MDI key="STATISTICS_STDDEV">0.038755922197989</MDI>
    </Metadata>
  </PAMRasterBand>
  <PAMRasterBand band="3">
    <Description>Band_3</Description>
    <Histograms>
      <HistItem>
        <HistMin>0.1344999969005585</HistMin>
        <HistMax>0.4034999907016754</HistMax>
        <BucketCount>256</BucketCount>
        <IncludeOutOfRange>1</IncludeOutOfRange>
        <Approximate>0</Approximate>
        <HistCounts>1|0|0|0|0|0|1|0|1|0|3|1|1|2|0|2|3|0|0|1|3|3|1|0|2|4|1|3|3|7|8|14|7|11|6|11|15|20|10|16|15|36|23|11|11|25|19|19|14|8|18|21|23|21|23|25|20|14|21|21|9|25|14|13|23|17|11|22|17|21|14|23|10|16|8|22|19|13|14|12|17|11|14|13|13|16|11|9|10|3|4|7|4|4|0|7|6|0|2|3|1|1|1|1|0|0|1|2|3|0|0|0|1|1|0|0|0|0|1|0|0|2|0|0|0|0|0|1|0|0|0|0|0|1|0|0|1|0|0|1|0|1|1|0|0|0|0|0|2|1|0|0|0|1|0|0|0|0|0|0|0|0|0|0|0|0|0|0|0|0|0|0|0|0|0|0|0|0|0|0|0|1|0|0|0|0|0|0|0|0|0|0|0|1|0|0|0|0|0|1|0|0|1|0|0|1|0|0|0|0|0|0|0|0|1|0|0|0|0|0|0|0|0|0|0|0|0|0|0|0|0|0|0|0|0|0|0|0|0|0|0|0|0|0|0|1|0|0|0|0|0|0|0|0|0|1</HistCounts>
      </HistItem>
    </Histograms>
    <Metadata>
      <MDI key="BandName">Band_3</MDI>
      <MDI key="RepresentationType">ATHEMATIC</MDI>
      <MDI key="STATISTICS_COVARIANCES">-0.0002512575772283616,0.0009924827624284123,0.0006719595580716972</MDI>
      <MDI key="STATISTICS_EXCLUDEDVALUES"></MDI>
      <MDI key="STATISTICS_MAXIMUM">0.40349999070168</MDI>
      <MDI key="STATISTICS_MEAN">0.19941666674456</MDI>
      <MDI key="STATISTICS_MEDIAN">0.196739</MDI>
      <MDI key="STATISTICS_MINIMUM">0.13449999690056</MDI>
      <MDI key="STATISTICS_SKIPFACTORX">1</MDI>
      <MDI key="STATISTICS_SKIPFACTORY">1</MDI>
      <MDI key="STATISTICS_STDDEV">0.025922182741268</MDI>
    </Metadata>
  </PAMRasterBand>
</PAMDataset>
