<PAMDataset>
  <Metadata>
    <MDI key="DataType">Generic</MDI>
  </Metadata>
  <PAMRasterBand band="1">
    <Description>Band_1</Description>
    <Histograms>
      <HistItem>
        <HistMin>0.606249988079071</HistMin>
        <HistMax>0.9281851649284363</HistMax>
        <BucketCount>256</BucketCount>
        <IncludeOutOfRange>1</IncludeOutOfRange>
        <Approximate>0</Approximate>
        <HistCounts>1|0|0|0|0|0|0|0|0|0|0|0|0|0|1|0|0|0|0|0|0|0|0|0|0|0|0|0|0|0|0|0|0|0|0|0|0|0|0|0|0|0|0|0|0|0|0|0|0|0|0|0|0|0|0|0|0|0|0|0|0|0|0|0|0|0|0|0|0|0|0|0|0|0|0|0|0|0|0|0|0|0|0|0|1|0|1|0|0|0|0|1|1|1|0|0|0|1|0|2|0|2|2|0|2|0|0|0|1|2|0|1|2|6|2|4|6|4|7|3|3|5|7|3|2|7|5|9|11|13|20|10|12|10|16|10|5|4|10|13|18|22|11|15|17|7|17|11|12|7|15|14|6|9|10|9|9|8|12|16|8|6|10|6|6|6|12|10|14|13|18|8|11|5|15|19|9|16|11|8|18|10|15|13|5|10|17|18|6|10|17|18|17|12|15|12|6|10|14|7|14|3|2|14|13|8|12|10|7|1|6|2|4|4|1|0|4|8|3|6|4|0|3|3|4|1|6|1|0|0|2|1|0|1|1|0|0|1|1|3|3|5|2|4|0|0|2|2|7|12|2|2|1|0|0|1</HistCounts>
      </HistItem>
    </Histograms>
    <Metadata>
      <MDI key="BandName">Band_1</MDI>
      <MDI key="RepresentationType">ATHEMATIC</MDI>
      <MDI key="STATISTICS_COVARIANCES">0.001797067867450666,0.0001739717619077938,0.0002085186821253251</MDI>
      <MDI key="STATISTICS_EXCLUDEDVALUES"></MDI>
      <MDI key="STATISTICS_MAXIMUM">0.92818516492844</MDI>
      <MDI key="STATISTICS_MEAN">0.82040356352346</MDI>
      <MDI key="STATISTICS_MEDIAN">0.820873</MDI>
      <MDI key="STATISTICS_MINIMUM">0.60624998807907</MDI>
      <MDI key="STATISTICS_SKIPFACTORX">1</MDI>
      <MDI key="STATISTICS_SKIPFACTORY">1</MDI>
      <MDI key="STATISTICS_STDDEV">0.042391837273827</MDI>
    </Metadata>
  </PAMRasterBand>
  <PAMRasterBand band="2">
    <Description>Band_2</Description>
    <Histograms>
      <HistItem>
        <HistMin>0.1155000030994415</HistMin>
        <HistMax>0.4712499976158142</HistMax>
        <BucketCount>256</BucketCount>
        <IncludeOutOfRange>1</IncludeOutOfRange>
        <Approximate>0</Approximate>
        <HistCounts>1|0|0|0|0|0|0|0|0|0|0|0|0|0|0|0|0|0|0|0|0|0|0|0|0|0|0|0|0|0|0|0|0|0|0|0|0|0|0|0|0|1|2|1|0|0|0|0|0|0|0|0|1|0|0|1|0|0|2|0|0|0|0|0|0|0|0|0|0|0|0|0|0|0|0|3|1|0|0|0|0|2|0|0|0|0|2|0|0|1|0|2|0|2|2|4|0|5|2|3|0|2|0|3|1|1|0|0|3|1|1|1|5|4|3|6|0|1|3|0|0|3|1|3|2|4|3|1|5|0|0|1|2|1|0|0|4|0|0|3|5|1|0|0|0|0|0|4|3|0|1|1|0|3|1|1|2|0|1|0|2|8|3|1|4|6|5|2|5|2|1|3|5|6|6|9|1|9|3|4|5|8|7|9|7|10|9|6|7|7|19|8|16|10|10|24|17|11|16|23|15|24|24|17|20|19|32|21|21|26|30|15|7|21|20|23|19|25|14|15|21|15|10|15|13|11|16|16|10|8|14|11|17|12|6|7|5|5|5|5|6|12|8|0|7|7|3|0|6|6|1|0|0|2|0|1</HistCounts>
      </HistItem>
    </Histograms>
    <Metadata>
      <MDI key="BandName">Band_2</MDI>
      <MDI key="RepresentationType">ATHEMATIC</MDI>
      <MDI key="STATISTICS_COVARIANCES">0.0001739717619077938,0.002606990386996955,0.001511213705098933</MDI>
      <MDI key="STATISTICS_EXCLUDEDVALUES"></MDI>
      <MDI key="STATISTICS_MAXIMUM">0.47124999761581</MDI>
      <MDI key="STATISTICS_MEAN">0.39128180190447</MDI>
      <MDI key="STATISTICS_MEDIAN">0.402890</MDI>
      <MDI key="STATISTICS_MINIMUM">0.11550000309944</MDI>
      <MDI key="STATISTICS_SKIPFACTORX">1</MDI>
      <MDI key="STATISTICS_SKIPFACTORY">1</MDI>
      <MDI key="STATISTICS_STDDEV">0.051058695508179</MDI>
    </Metadata>
  </PAMRasterBand>
  <PAMRasterBand band="3">
    <Description>Band_3</Description>
    <Histograms>
      <HistItem>
        <HistMin>0.1675000041723251</HistMin>
        <HistMax>0.3762499988079071</HistMax>
        <BucketCount>256</BucketCount>
        <IncludeOutOfRange>1</IncludeOutOfRange>
        <Approximate>0</Approximate>
        <HistCounts>1|0|0|0|0|0|0|0|0|0|0|0|0|0|0|0|0|0|0|0|0|0|0|0|0|0|0|0|0|1|0|0|1|0|0|2|0|0|0|1|1|0|0|0|0|0|0|0|0|1|0|0|1|0|0|0|0|0|2|0|0|2|0|0|1|0|0|0|0|0|2|0|0|0|0|0|0|0|0|0|1|3|0|1|0|0|2|2|3|0|0|2|0|2|2|1|2|2|0|3|1|1|3|3|1|2|2|4|3|2|0|2|0|0|1|0|3|2|3|1|5|2|3|2|5|1|6|2|3|1|0|2|0|0|2|1|1|0|0|1|2|0|3|1|2|5|2|1|1|2|3|2|6|4|3|6|4|3|3|4|2|2|2|4|7|6|6|10|5|4|4|11|5|0|20|9|10|11|12|16|17|12|14|14|5|14|22|12|19|26|18|11|15|31|17|15|30|6|19|19|17|20|24|6|17|12|17|20|24|15|14|28|16|7|15|13|12|8|25|10|5|8|13|10|9|12|5|10|5|5|5|13|3|8|6|4|4|8|2|1|6|1|6|6|0|1|0|0|1|1|0|1|0|0|0|1</HistCounts>
      </HistItem>
    </Histograms>
    <Metadata>
      <MDI key="BandName">Band_3</MDI>
      <MDI key="RepresentationType">ATHEMATIC</MDI>
      <MDI key="STATISTICS_COVARIANCES">0.0002085186821253251,0.001511213705098933,0.000893019480635851</MDI>
      <MDI key="STATISTICS_EXCLUDEDVALUES"></MDI>
      <MDI key="STATISTICS_MAXIMUM">0.37624999880791</MDI>
      <MDI key="STATISTICS_MEAN">0.32182111315982</MDI>
      <MDI key="STATISTICS_MEDIAN">0.327132</MDI>
      <MDI key="STATISTICS_MINIMUM">0.16750000417233</MDI>
      <MDI key="STATISTICS_SKIPFACTORX">1</MDI>
      <MDI key="STATISTICS_SKIPFACTORY">1</MDI>
      <MDI key="STATISTICS_STDDEV">0.029883431540502</MDI>
    </Metadata>
  </PAMRasterBand>
</PAMDataset>
