<PAMDataset>
  <Metadata>
    <MDI key="DataType">Generic</MDI>
  </Metadata>
  <PAMRasterBand band="1">
    <Description>Band_1</Description>
    <Histograms>
      <HistItem>
        <HistMin>0.5212500095367432</HistMin>
        <HistMax>0.923037052154541</HistMax>
        <BucketCount>256</BucketCount>
        <IncludeOutOfRange>1</IncludeOutOfRange>
        <Approximate>0</Approximate>
        <HistCounts>1|0|0|0|0|0|0|0|0|0|0|2|3|4|0|0|0|2|1|1|0|1|0|2|0|1|1|1|0|2|1|1|5|0|3|0|2|3|3|3|1|2|1|2|1|2|6|4|0|6|4|4|8|4|1|2|4|2|2|7|5|2|5|4|2|4|7|8|5|7|4|8|4|12|1|3|9|3|3|9|10|10|6|7|5|8|4|11|4|7|4|2|4|5|5|6|7|1|9|11|6|3|2|3|6|1|1|5|8|2|0|4|7|4|5|3|5|4|6|2|5|7|5|5|5|5|3|5|10|12|10|5|7|3|10|6|9|10|7|7|7|4|8|9|8|17|12|2|9|4|7|3|10|8|13|6|5|4|7|2|2|12|10|2|1|2|11|7|9|7|7|7|12|6|7|5|8|0|4|1|10|5|9|5|6|8|2|4|3|6|9|4|1|9|4|9|2|5|1|8|7|3|1|0|3|1|1|0|3|2|1|2|2|3|1|2|0|1|2|2|1|0|0|3|0|0|0|0|0|0|0|1|0|0|0|0|0|0|2|1|0|0|2|0|0|0|0|2|0|0|0|0|1|0|1|1</HistCounts>
      </HistItem>
    </Histograms>
    <Metadata>
      <MDI key="BandName">Band_1</MDI>
      <MDI key="RepresentationType">ATHEMATIC</MDI>
      <MDI key="STATISTICS_COVARIANCES">0.006387811645578148,0.001432421666149579,0.0009842813444952178</MDI>
      <MDI key="STATISTICS_EXCLUDEDVALUES"></MDI>
      <MDI key="STATISTICS_MAXIMUM">0.92303705215454</MDI>
      <MDI key="STATISTICS_MEAN">0.72031913680942</MDI>
      <MDI key="STATISTICS_MEDIAN">0.727658</MDI>
      <MDI key="STATISTICS_MINIMUM">0.52125000953674</MDI>
      <MDI key="STATISTICS_SKIPFACTORX">1</MDI>
      <MDI key="STATISTICS_SKIPFACTORY">1</MDI>
      <MDI key="STATISTICS_STDDEV">0.079923786481736</MDI>
    </Metadata>
  </PAMRasterBand>
  <PAMRasterBand band="2">
    <Description>Band_2</Description>
    <Histograms>
      <HistItem>
        <HistMin>0.1260000020265579</HistMin>
        <HistMax>0.3617500066757202</HistMax>
        <BucketCount>256</BucketCount>
        <IncludeOutOfRange>1</IncludeOutOfRange>
        <Approximate>0</Approximate>
        <HistCounts>1|0|0|0|0|0|1|0|0|0|0|1|2|2|0|0|1|0|1|0|0|0|0|0|0|0|0|0|0|0|0|0|1|0|0|0|0|0|0|0|1|0|1|0|1|0|0|0|0|0|1|0|0|0|1|1|0|0|1|0|1|0|0|0|0|0|0|1|0|0|0|0|1|0|0|0|1|0|0|0|0|2|2|2|3|3|0|0|3|1|5|0|4|4|9|6|6|5|3|6|3|8|3|11|11|7|9|4|29|8|9|14|8|8|17|12|19|11|30|2|12|9|10|15|10|10|10|16|14|12|10|25|10|10|12|5|22|13|13|6|10|14|16|13|6|9|10|15|13|9|18|10|13|9|9|2|7|7|7|9|7|4|6|11|9|7|5|7|1|8|4|1|8|8|6|5|6|6|1|0|4|1|1|10|3|2|2|4|8|5|0|1|3|1|0|1|6|5|0|1|2|2|1|2|4|4|1|0|3|4|3|0|0|5|0|0|1|0|0|0|0|0|0|2|1|0|1|0|1|4|1|0|1|2|0|0|0|0|0|2|2|0|0|0|0|0|0|0|0|0|0|0|0|0|0|2</HistCounts>
      </HistItem>
    </Histograms>
    <Metadata>
      <MDI key="BandName">Band_2</MDI>
      <MDI key="RepresentationType">ATHEMATIC</MDI>
      <MDI key="STATISTICS_COVARIANCES">0.001432421666149579,0.0010222016680785,0.0005997491891390871</MDI>
      <MDI key="STATISTICS_EXCLUDEDVALUES"></MDI>
      <MDI key="STATISTICS_MAXIMUM">0.36175000667572</MDI>
      <MDI key="STATISTICS_MEAN">0.25335414501759</MDI>
      <MDI key="STATISTICS_MEDIAN">0.249884</MDI>
      <MDI key="STATISTICS_MINIMUM">0.12600000202656</MDI>
      <MDI key="STATISTICS_SKIPFACTORX">1</MDI>
      <MDI key="STATISTICS_SKIPFACTORY">1</MDI>
      <MDI key="STATISTICS_STDDEV">0.03197188871616</MDI>
    </Metadata>
  </PAMRasterBand>
  <PAMRasterBand band="3">
    <Description>Band_3</Description>
    <Histograms>
      <HistItem>
        <HistMin>0.1574999988079071</HistMin>
        <HistMax>0.2962499856948853</HistMax>
        <BucketCount>256</BucketCount>
        <IncludeOutOfRange>1</IncludeOutOfRange>
        <Approximate>0</Approximate>
        <HistCounts>1|0|1|0|0|0|0|0|0|0|0|0|0|0|1|0|0|1|0|0|0|1|0|0|0|0|1|0|2|0|0|1|0|0|0|0|0|0|1|0|0|0|0|0|2|1|0|0|0|0|0|0|0|0|0|0|0|1|0|1|0|0|0|0|0|1|0|1|0|0|0|0|2|0|0|0|0|1|0|1|0|0|0|0|0|3|3|2|1|2|3|2|5|0|4|3|9|5|2|6|3|4|10|10|2|6|5|3|6|4|4|9|10|8|8|10|14|9|16|12|12|9|17|10|19|21|5|11|11|10|14|9|4|14|8|7|10|6|11|7|10|15|23|8|10|10|11|15|8|8|10|17|10|19|8|10|6|10|16|5|5|16|6|11|19|6|4|6|7|6|16|8|0|9|10|6|5|7|4|5|10|9|4|6|4|3|2|12|8|3|1|1|4|2|0|7|2|4|5|3|6|1|3|0|4|8|3|2|0|2|2|1|3|1|2|0|0|0|2|0|2|1|1|0|4|0|0|1|0|4|0|0|0|0|0|0|0|2|2|0|0|0|1|0|0|0|2|0|0|0|0|0|0|0|2|1</HistCounts>
      </HistItem>
    </Histograms>
    <Metadata>
      <MDI key="BandName">Band_3</MDI>
      <MDI key="RepresentationType">ATHEMATIC</MDI>
      <MDI key="STATISTICS_COVARIANCES">0.0009842813444952178,0.0005997491891390871,0.000368672597389881</MDI>
      <MDI key="STATISTICS_EXCLUDEDVALUES"></MDI>
      <MDI key="STATISTICS_MAXIMUM">0.29624998569489</MDI>
      <MDI key="STATISTICS_MEAN">0.23634621308794</MDI>
      <MDI key="STATISTICS_MEDIAN">0.235309</MDI>
      <MDI key="STATISTICS_MINIMUM">0.15749999880791</MDI>
      <MDI key="STATISTICS_SKIPFACTORX">1</MDI>
      <MDI key="STATISTICS_SKIPFACTORY">1</MDI>
      <MDI key="STATISTICS_STDDEV">0.019200848871596</MDI>
    </Metadata>
  </PAMRasterBand>
</PAMDataset>
