<PAMDataset>
  <Metadata>
    <MDI key="DataType">Generic</MDI>
  </Metadata>
  <PAMRasterBand band="1">
    <Description>Band_1</Description>
    <Histograms>
      <HistItem>
        <HistMin>0.6769999861717224</HistMin>
        <HistMax>0.9354814887046814</HistMax>
        <BucketCount>256</BucketCount>
        <IncludeOutOfRange>1</IncludeOutOfRange>
        <Approximate>0</Approximate>
        <HistCounts>1|1|0|0|0|0|0|0|0|0|0|0|0|0|0|0|0|0|0|1|0|0|0|0|0|0|0|0|0|0|0|0|0|0|0|0|0|0|0|0|0|0|0|0|0|0|0|0|0|0|0|0|0|0|0|1|0|0|0|1|1|1|0|0|0|0|0|1|0|0|2|0|2|3|0|0|2|1|3|1|1|2|3|2|2|2|5|1|1|1|4|4|6|4|4|4|11|4|13|10|13|11|16|12|12|7|11|12|18|19|13|9|9|16|19|8|11|19|13|18|9|17|11|9|15|20|11|16|19|15|6|8|16|12|12|13|15|12|12|6|10|17|11|9|17|14|17|3|4|15|7|9|11|10|4|9|3|5|3|7|3|4|6|1|1|7|3|3|2|6|2|4|5|1|4|0|2|1|3|3|1|2|3|4|0|0|4|4|3|1|1|1|2|3|0|2|1|0|0|1|2|2|0|1|0|0|1|0|0|2|0|1|1|1|0|0|0|2|0|2|0|1|3|0|3|0|0|0|2|0|0|2|1|1|0|0|0|1|0|0|5|13|6|11|8|4|3|5|4|4|4|1|0|1|1|1</HistCounts>
      </HistItem>
    </Histograms>
    <Metadata>
      <MDI key="BandName">Band_1</MDI>
      <MDI key="RepresentationType">ATHEMATIC</MDI>
      <MDI key="STATISTICS_COVARIANCES">0.001757957783086328,-0.001374697081589005,-0.0006644606010171099</MDI>
      <MDI key="STATISTICS_EXCLUDEDVALUES"></MDI>
      <MDI key="STATISTICS_MAXIMUM">0.93548148870468</MDI>
      <MDI key="STATISTICS_MEAN">0.81737356672239</MDI>
      <MDI key="STATISTICS_MEDIAN">0.807761</MDI>
      <MDI key="STATISTICS_MINIMUM">0.67699998617172</MDI>
      <MDI key="STATISTICS_SKIPFACTORX">1</MDI>
      <MDI key="STATISTICS_SKIPFACTORY">1</MDI>
      <MDI key="STATISTICS_STDDEV">0.041928007144227</MDI>
    </Metadata>
  </PAMRasterBand>
  <PAMRasterBand band="2">
    <Description>Band_2</Description>
    <Histograms>
      <HistItem>
        <HistMin>0.1112499982118607</HistMin>
        <HistMax>0.4144999980926514</HistMax>
        <BucketCount>256</BucketCount>
        <IncludeOutOfRange>1</IncludeOutOfRange>
        <Approximate>0</Approximate>
        <HistCounts>1|1|0|0|0|0|0|0|0|1|0|1|1|0|0|1|0|1|0|1|1|0|1|0|0|0|0|0|2|0|2|1|0|0|3|0|1|0|0|0|2|0|1|1|1|2|2|3|0|0|1|0|0|0|1|0|0|0|0|0|1|2|0|1|2|2|2|2|1|2|0|0|0|0|1|0|2|2|3|0|0|0|2|1|3|0|0|0|1|1|0|0|2|0|2|0|1|1|1|0|0|0|0|0|1|2|2|2|4|0|0|3|1|0|1|0|0|4|3|0|0|0|3|0|3|0|0|1|0|2|1|0|2|2|2|1|3|3|0|0|0|1|1|0|0|1|1|1|0|4|0|2|0|1|0|3|1|5|2|3|1|2|2|1|1|3|3|8|3|0|5|4|1|4|4|5|3|11|1|4|3|1|7|7|9|9|11|4|6|8|10|10|9|7|19|13|24|22|29|15|17|16|18|13|25|15|31|25|20|27|26|26|23|20|17|6|21|9|19|15|16|10|7|13|9|19|8|12|3|11|5|10|10|7|6|5|4|3|3|0|5|2|1|3|1|2|2|2|1|0|2|1|0|0|0|1</HistCounts>
      </HistItem>
    </Histograms>
    <Metadata>
      <MDI key="BandName">Band_2</MDI>
      <MDI key="RepresentationType">ATHEMATIC</MDI>
      <MDI key="STATISTICS_COVARIANCES">-0.001374697081589005,0.002912973023785152,0.001534963023195947</MDI>
      <MDI key="STATISTICS_EXCLUDEDVALUES"></MDI>
      <MDI key="STATISTICS_MAXIMUM">0.41449999809265</MDI>
      <MDI key="STATISTICS_MEAN">0.33816567165638</MDI>
      <MDI key="STATISTICS_MEDIAN">0.353850</MDI>
      <MDI key="STATISTICS_MINIMUM">0.11124999821186</MDI>
      <MDI key="STATISTICS_SKIPFACTORX">1</MDI>
      <MDI key="STATISTICS_SKIPFACTORY">1</MDI>
      <MDI key="STATISTICS_STDDEV">0.053971965165122</MDI>
    </Metadata>
  </PAMRasterBand>
  <PAMRasterBand band="3">
    <Description>Band_3</Description>
    <Histograms>
      <HistItem>
        <HistMin>0.1570000052452087</HistMin>
        <HistMax>0.3362500071525574</HistMax>
        <BucketCount>256</BucketCount>
        <IncludeOutOfRange>1</IncludeOutOfRange>
        <Approximate>0</Approximate>
        <HistCounts>1|0|0|0|0|0|0|0|1|0|0|0|0|0|0|1|0|0|1|2|0|0|0|0|1|0|0|0|0|0|1|0|0|0|0|0|0|1|0|1|0|0|0|3|0|0|0|2|0|1|0|0|3|1|1|2|0|0|0|1|0|3|1|0|0|0|0|0|0|1|1|0|2|1|0|2|0|0|1|0|0|2|0|2|0|0|3|0|3|0|1|2|2|4|1|2|0|1|0|1|1|0|0|2|0|1|0|0|0|1|6|0|2|4|0|0|0|0|2|2|0|2|0|1|1|1|0|0|1|1|3|1|0|3|1|4|1|0|0|2|0|2|1|2|3|0|1|2|1|1|2|1|1|0|5|0|1|1|3|1|1|2|1|3|0|3|2|4|4|4|4|4|5|8|5|3|4|0|6|4|7|5|8|7|7|9|6|6|16|11|10|8|10|16|16|16|17|24|16|21|21|19|13|19|34|23|32|14|21|31|28|15|25|18|13|26|18|8|9|18|7|11|9|12|16|9|11|13|7|8|5|10|4|7|4|7|3|6|0|1|2|2|1|2|0|3|1|1|1|1|1|0|0|0|0|1</HistCounts>
      </HistItem>
    </Histograms>
    <Metadata>
      <MDI key="BandName">Band_3</MDI>
      <MDI key="RepresentationType">ATHEMATIC</MDI>
      <MDI key="STATISTICS_COVARIANCES">-0.0006644606010171099,0.001534963023195947,0.0008260570156183458</MDI>
      <MDI key="STATISTICS_EXCLUDEDVALUES"></MDI>
      <MDI key="STATISTICS_MAXIMUM">0.33625000715256</MDI>
      <MDI key="STATISTICS_MEAN">0.29206119378408</MDI>
      <MDI key="STATISTICS_MEDIAN">0.299697</MDI>
      <MDI key="STATISTICS_MINIMUM">0.15700000524521</MDI>
      <MDI key="STATISTICS_SKIPFACTORX">1</MDI>
      <MDI key="STATISTICS_SKIPFACTORY">1</MDI>
      <MDI key="STATISTICS_STDDEV">0.028741207622825</MDI>
    </Metadata>
  </PAMRasterBand>
</PAMDataset>
