<PAMDataset>
  <Metadata>
    <MDI key="DataType">Generic</MDI>
  </Metadata>
  <PAMRasterBand band="1">
    <Description>Band_1</Description>
    <Histograms>
      <HistItem>
        <HistMin>0.4427500069141388</HistMin>
        <HistMax>0.9276666641235352</HistMax>
        <BucketCount>256</BucketCount>
        <IncludeOutOfRange>1</IncludeOutOfRange>
        <Approximate>0</Approximate>
        <HistCounts>1|0|0|1|0|0|0|1|0|0|0|0|5|1|1|0|0|1|0|0|3|1|2|0|4|1|0|0|1|0|1|0|5|1|3|2|0|2|2|2|2|3|1|0|9|1|0|3|0|1|2|2|0|2|0|1|2|5|0|1|1|2|1|4|1|3|0|7|3|2|1|6|5|2|5|5|5|2|1|5|6|4|2|5|2|4|1|10|3|4|3|6|2|3|3|10|4|1|4|4|1|7|6|5|8|8|3|9|8|5|7|7|3|8|4|6|4|7|9|5|8|13|12|4|8|8|9|6|23|7|7|13|13|13|19|13|19|8|17|17|11|15|18|11|11|11|16|8|18|16|12|4|12|12|5|11|13|7|16|10|19|17|19|16|15|6|14|18|14|22|26|18|18|25|23|14|14|20|12|29|17|13|10|23|28|23|30|27|25|43|22|35|41|22|31|36|34|42|33|41|43|41|28|16|40|40|29|33|29|33|17|31|25|26|26|21|18|13|17|22|16|8|20|5|11|20|7|6|5|5|10|2|4|2|4|2|0|0|1|8|3|1|4|2|1|3|1|0|2|1|2|8|4|3|0|1</HistCounts>
      </HistItem>
    </Histograms>
    <Metadata>
      <MDI key="BandName">Band_1</MDI>
      <MDI key="RepresentationType">ATHEMATIC</MDI>
      <MDI key="STATISTICS_COVARIANCES">0.007611532077511851,0.001182487126783335,0.001163783958982542</MDI>
      <MDI key="STATISTICS_EXCLUDEDVALUES"></MDI>
      <MDI key="STATISTICS_MAXIMUM">0.92766666412354</MDI>
      <MDI key="STATISTICS_MEAN">0.76625618524623</MDI>
      <MDI key="STATISTICS_MEDIAN">0.790749</MDI>
      <MDI key="STATISTICS_MINIMUM">0.44275000691414</MDI>
      <MDI key="STATISTICS_SKIPFACTORX">1</MDI>
      <MDI key="STATISTICS_SKIPFACTORY">1</MDI>
      <MDI key="STATISTICS_STDDEV">0.087244094800232</MDI>
    </Metadata>
  </PAMRasterBand>
  <PAMRasterBand band="2">
    <Description>Band_2</Description>
    <Histograms>
      <HistItem>
        <HistMin>0.1724999994039536</HistMin>
        <HistMax>0.4642499983310699</HistMax>
        <BucketCount>256</BucketCount>
        <IncludeOutOfRange>1</IncludeOutOfRange>
        <Approximate>0</Approximate>
        <HistCounts>1|0|0|0|0|0|1|0|0|4|0|0|1|4|0|0|0|2|0|1|1|0|0|0|0|0|0|2|0|0|1|0|0|0|0|0|0|3|0|3|2|2|0|4|0|3|4|1|2|0|3|3|9|0|5|9|3|8|2|4|4|4|7|11|13|9|12|19|15|21|12|13|13|11|22|16|14|9|24|20|13|28|25|30|22|25|25|24|30|22|39|22|29|32|17|30|28|23|30|25|43|28|37|23|29|25|29|37|35|19|29|33|21|20|28|19|20|35|21|26|24|28|15|28|37|20|32|25|25|18|25|16|29|10|25|11|25|15|24|10|22|15|28|21|12|19|10|21|17|25|9|12|21|14|10|11|13|10|9|10|5|9|6|18|14|2|5|4|5|9|6|12|3|11|5|4|5|3|0|8|2|2|6|4|4|8|4|1|4|5|5|7|3|0|3|1|1|2|6|2|6|1|3|9|3|1|7|0|0|2|1|1|0|6|0|0|4|2|1|0|4|1|0|4|2|0|3|0|0|0|1|2|2|2|0|0|1|0|4|0|1|1|1|0|0|2|0|0|0|0|0|0|0|0|0|1</HistCounts>
      </HistItem>
    </Histograms>
    <Metadata>
      <MDI key="BandName">Band_2</MDI>
      <MDI key="RepresentationType">ATHEMATIC</MDI>
      <MDI key="STATISTICS_COVARIANCES">0.001182487126783335,0.001823364677736807,0.001106797976220699</MDI>
      <MDI key="STATISTICS_EXCLUDEDVALUES"></MDI>
      <MDI key="STATISTICS_MAXIMUM">0.46424999833107</MDI>
      <MDI key="STATISTICS_MEAN">0.3055457031263</MDI>
      <MDI key="STATISTICS_MEDIAN">0.299497</MDI>
      <MDI key="STATISTICS_MINIMUM">0.17249999940395</MDI>
      <MDI key="STATISTICS_SKIPFACTORX">1</MDI>
      <MDI key="STATISTICS_SKIPFACTORY">1</MDI>
      <MDI key="STATISTICS_STDDEV">0.042700874437613</MDI>
    </Metadata>
  </PAMRasterBand>
  <PAMRasterBand band="3">
    <Description>Band_3</Description>
    <Histograms>
      <HistItem>
        <HistMin>0.1735000014305115</HistMin>
        <HistMax>0.3580000102519989</HistMax>
        <BucketCount>256</BucketCount>
        <IncludeOutOfRange>1</IncludeOutOfRange>
        <Approximate>0</Approximate>
        <HistCounts>1|0|0|0|0|0|0|0|0|0|1|0|0|0|1|3|3|0|0|3|0|0|1|1|0|0|0|0|2|0|0|0|1|3|1|5|0|0|1|0|1|1|0|2|1|3|0|1|4|0|5|1|9|4|1|3|2|4|6|3|2|8|4|3|14|8|4|5|11|3|7|14|17|15|12|5|10|8|13|11|18|20|17|32|14|15|24|20|26|16|21|22|14|30|10|34|40|29|23|18|32|32|23|9|25|39|25|26|25|25|30|27|26|18|27|26|23|27|22|33|19|16|17|39|39|19|33|23|23|31|19|20|21|31|29|28|27|25|29|26|30|14|29|18|27|15|8|21|30|19|16|10|19|13|16|20|12|11|17|15|8|12|18|9|14|18|16|13|17|6|14|10|16|9|6|13|6|7|7|0|10|3|3|6|5|2|2|6|5|8|1|5|3|5|5|4|4|3|4|4|1|4|1|6|5|1|2|0|1|0|7|2|6|0|0|1|2|1|2|2|1|2|0|0|0|0|1|0|1|1|0|0|0|0|2|3|0|3|0|0|2|3|1|3|0|0|0|0|0|0|0|1|1|0|0|2</HistCounts>
      </HistItem>
    </Histograms>
    <Metadata>
      <MDI key="BandName">Band_3</MDI>
      <MDI key="RepresentationType">ATHEMATIC</MDI>
      <MDI key="STATISTICS_COVARIANCES">0.001163783958982542,0.001106797976220699,0.0007244482655614066</MDI>
      <MDI key="STATISTICS_EXCLUDEDVALUES"></MDI>
      <MDI key="STATISTICS_MAXIMUM">0.358000010252</MDI>
      <MDI key="STATISTICS_MEAN">0.2623336034588</MDI>
      <MDI key="STATISTICS_MEDIAN">0.260324</MDI>
      <MDI key="STATISTICS_MINIMUM">0.17350000143051</MDI>
      <MDI key="STATISTICS_SKIPFACTORX">1</MDI>
      <MDI key="STATISTICS_SKIPFACTORY">1</MDI>
      <MDI key="STATISTICS_STDDEV">0.026915576634384</MDI>
    </Metadata>
  </PAMRasterBand>
</PAMDataset>
