<PAMDataset>
  <Metadata>
    <MDI key="DataType">Generic</MDI>
  </Metadata>
  <PAMRasterBand band="1">
    <Description>Band_1</Description>
    <Histograms>
      <HistItem>
        <HistMin>0.5764999985694885</HistMin>
        <HistMax>0.9228147864341736</HistMax>
        <BucketCount>256</BucketCount>
        <IncludeOutOfRange>1</IncludeOutOfRange>
        <Approximate>0</Approximate>
        <HistCounts>1|0|2|0|0|1|3|2|0|0|3|2|0|2|0|3|3|0|0|0|4|3|2|1|1|7|5|5|2|6|5|11|1|8|4|5|5|15|5|7|10|11|8|8|1|5|8|7|5|8|12|5|5|16|9|13|9|13|9|10|9|11|10|9|6|11|5|6|13|18|7|8|10|14|8|11|7|8|8|9|8|8|7|8|6|17|9|5|6|6|18|10|5|8|8|6|6|11|11|1|4|6|5|8|5|10|5|5|9|5|3|4|3|5|4|7|4|4|10|4|9|4|10|4|5|5|5|5|3|5|1|2|5|3|9|6|7|2|4|4|4|4|3|5|0|6|3|5|3|3|1|6|2|4|7|4|2|2|3|4|2|2|4|2|1|1|1|0|11|5|3|0|4|2|1|2|4|2|5|2|4|0|5|1|0|2|1|3|3|2|1|0|2|3|2|2|4|3|1|2|3|1|2|1|1|1|3|2|4|2|3|2|0|5|1|0|0|3|2|2|2|1|2|0|1|3|4|4|2|2|2|1|1|1|2|4|2|4|1|0|0|0|1|0|4|1|4|1|1|0|0|0|2|5|3|1</HistCounts>
      </HistItem>
    </Histograms>
    <Metadata>
      <MDI key="BandName">Band_1</MDI>
      <MDI key="RepresentationType">ATHEMATIC</MDI>
      <MDI key="STATISTICS_COVARIANCES">0.006232764975586334,0.00236687147478513,0.001574633958974512</MDI>
      <MDI key="STATISTICS_EXCLUDEDVALUES"></MDI>
      <MDI key="STATISTICS_MAXIMUM">0.92281478643417</MDI>
      <MDI key="STATISTICS_MEAN">0.71586680523852</MDI>
      <MDI key="STATISTICS_MEDIAN">0.697371</MDI>
      <MDI key="STATISTICS_MINIMUM">0.57649999856949</MDI>
      <MDI key="STATISTICS_SKIPFACTORX">1</MDI>
      <MDI key="STATISTICS_SKIPFACTORY">1</MDI>
      <MDI key="STATISTICS_STDDEV">0.078947862387694</MDI>
    </Metadata>
  </PAMRasterBand>
  <PAMRasterBand band="2">
    <Description>Band_2</Description>
    <Histograms>
      <HistItem>
        <HistMin>0.1284999996423721</HistMin>
        <HistMax>0.4029999971389771</HistMax>
        <BucketCount>256</BucketCount>
        <IncludeOutOfRange>1</IncludeOutOfRange>
        <Approximate>0</Approximate>
        <HistCounts>1|0|0|0|0|0|0|0|0|0|0|0|0|0|0|0|0|0|0|0|0|0|0|0|0|0|0|0|0|0|0|0|0|0|0|0|0|0|0|0|0|0|2|0|0|0|0|1|0|2|4|2|0|1|2|2|0|1|2|4|3|5|5|8|11|14|15|20|25|9|19|38|22|26|20|30|20|15|25|18|17|26|14|14|15|19|25|17|20|11|15|20|8|12|24|9|14|9|13|8|9|18|11|4|9|13|10|11|3|6|10|8|12|3|4|7|11|16|3|5|6|3|9|6|5|7|1|2|4|4|8|4|0|4|0|5|6|2|5|4|1|1|3|6|3|2|1|6|2|2|7|3|3|3|4|3|4|2|2|5|10|1|5|1|5|2|4|4|1|6|5|5|7|5|4|4|3|1|3|3|6|2|3|2|2|4|0|0|1|0|0|5|0|1|2|2|1|0|1|0|0|1|1|0|1|0|0|0|0|0|2|0|0|1|0|0|0|0|0|0|0|0|0|0|0|0|0|0|0|0|0|0|0|0|0|0|0|0|0|0|0|0|0|0|1|0|0|0|0|0|0|0|0|0|0|1</HistCounts>
      </HistItem>
    </Histograms>
    <Metadata>
      <MDI key="BandName">Band_2</MDI>
      <MDI key="RepresentationType">ATHEMATIC</MDI>
      <MDI key="STATISTICS_COVARIANCES">0.00236687147478513,0.001432268841563446,0.000912190715585593</MDI>
      <MDI key="STATISTICS_EXCLUDEDVALUES"></MDI>
      <MDI key="STATISTICS_MAXIMUM">0.40299999713898</MDI>
      <MDI key="STATISTICS_MEAN">0.23815730854258</MDI>
      <MDI key="STATISTICS_MEDIAN">0.225382</MDI>
      <MDI key="STATISTICS_MINIMUM">0.12849999964237</MDI>
      <MDI key="STATISTICS_SKIPFACTORX">1</MDI>
      <MDI key="STATISTICS_SKIPFACTORY">1</MDI>
      <MDI key="STATISTICS_STDDEV">0.037845327869678</MDI>
    </Metadata>
  </PAMRasterBand>
  <PAMRasterBand band="3">
    <Description>Band_3</Description>
    <Histograms>
      <HistItem>
        <HistMin>0.1657499969005585</HistMin>
        <HistMax>0.3370000123977661</HistMax>
        <BucketCount>256</BucketCount>
        <IncludeOutOfRange>1</IncludeOutOfRange>
        <Approximate>0</Approximate>
        <HistCounts>1|0|0|0|0|0|0|0|0|0|0|0|0|0|0|0|0|0|0|0|0|0|0|0|0|0|0|0|0|0|0|0|0|0|0|0|0|1|0|0|0|2|2|0|1|0|6|3|2|5|3|1|8|2|7|16|8|8|14|17|20|17|24|16|17|29|13|16|14|23|17|21|33|20|21|15|20|14|26|14|18|12|6|16|25|14|13|15|15|10|10|7|7|14|10|3|8|20|8|11|11|6|5|8|9|3|9|10|6|7|10|6|9|9|8|10|5|6|4|6|3|3|4|5|0|5|3|5|2|3|1|5|5|1|4|5|9|4|3|0|1|6|5|1|1|7|1|5|1|6|2|4|0|8|2|6|1|3|9|1|1|3|5|4|2|5|3|3|1|9|8|2|1|4|9|1|4|2|1|1|3|1|1|0|2|3|2|1|2|0|1|1|0|0|0|2|0|0|0|0|0|0|1|1|0|1|0|0|2|0|0|0|0|0|0|0|0|0|0|0|0|0|0|0|1|0|0|0|0|0|0|0|0|0|0|0|0|0|0|0|0|0|0|0|0|0|0|0|0|0|1|0|0|0|0|1</HistCounts>
      </HistItem>
    </Histograms>
    <Metadata>
      <MDI key="BandName">Band_3</MDI>
      <MDI key="RepresentationType">ATHEMATIC</MDI>
      <MDI key="STATISTICS_COVARIANCES">0.001574633958974512,0.000912190715585593,0.0005929527073752958</MDI>
      <MDI key="STATISTICS_EXCLUDEDVALUES"></MDI>
      <MDI key="STATISTICS_MAXIMUM">0.33700001239777</MDI>
      <MDI key="STATISTICS_MEAN">0.23003386821658</MDI>
      <MDI key="STATISTICS_MEDIAN">0.222162</MDI>
      <MDI key="STATISTICS_MINIMUM">0.16574999690056</MDI>
      <MDI key="STATISTICS_SKIPFACTORX">1</MDI>
      <MDI key="STATISTICS_SKIPFACTORY">1</MDI>
      <MDI key="STATISTICS_STDDEV">0.024350620266747</MDI>
    </Metadata>
  </PAMRasterBand>
</PAMDataset>
