<PAMDataset>
  <Metadata>
    <MDI key="DataType">Generic</MDI>
  </Metadata>
  <PAMRasterBand band="1">
    <Description>Band_1</Description>
    <Histograms>
      <HistItem>
        <HistMin>0.3532499969005585</HistMin>
        <HistMax>0.9323148131370544</HistMax>
        <BucketCount>256</BucketCount>
        <IncludeOutOfRange>1</IncludeOutOfRange>
        <Approximate>0</Approximate>
        <HistCounts>3|1|2|1|2|1|7|1|9|16|5|4|8|3|17|7|17|14|9|11|11|9|11|5|8|3|5|3|3|3|3|3|1|2|5|7|4|0|8|0|4|2|3|6|4|0|0|7|2|2|4|2|4|3|3|3|1|2|0|3|1|1|0|1|1|2|5|8|0|4|0|1|0|2|4|1|3|1|0|3|6|0|1|4|3|2|0|4|1|6|2|2|4|1|4|3|0|2|4|6|2|5|8|1|9|3|7|2|2|8|10|7|6|10|9|5|11|10|17|8|9|11|5|4|13|6|13|2|7|6|13|13|10|6|12|14|11|13|7|7|3|12|13|8|9|18|10|11|11|7|8|9|4|4|2|0|2|0|0|3|2|6|1|0|1|2|2|0|0|2|5|2|1|0|0|0|0|1|0|2|4|2|0|3|0|1|1|0|1|0|0|0|0|1|0|0|1|0|0|0|0|0|0|0|1|0|0|0|1|0|1|0|0|0|3|0|0|1|0|0|0|0|0|0|0|1|0|0|2|0|0|0|1|0|0|0|0|0|1|2|0|1|0|0|1|0|0|0|0|0|0|1|1|0|1|1</HistCounts>
      </HistItem>
    </Histograms>
    <Metadata>
      <MDI key="BandName">Band_1</MDI>
      <MDI key="RepresentationType">ATHEMATIC</MDI>
      <MDI key="STATISTICS_COVARIANCES">0.01598483435005784,-0.0003797548130726913,0.0008938620255995297</MDI>
      <MDI key="STATISTICS_EXCLUDEDVALUES"></MDI>
      <MDI key="STATISTICS_MAXIMUM">0.93231481313705</MDI>
      <MDI key="STATISTICS_MEAN">0.56994971951912</MDI>
      <MDI key="STATISTICS_MEDIAN">0.607584</MDI>
      <MDI key="STATISTICS_MINIMUM">0.35324999690056</MDI>
      <MDI key="STATISTICS_SKIPFACTORX">1</MDI>
      <MDI key="STATISTICS_SKIPFACTORY">1</MDI>
      <MDI key="STATISTICS_STDDEV">0.12643114469963</MDI>
    </Metadata>
  </PAMRasterBand>
  <PAMRasterBand band="2">
    <Description>Band_2</Description>
    <Histograms>
      <HistItem>
        <HistMin>0.09600000083446503</HistMin>
        <HistMax>0.5087500214576721</HistMax>
        <BucketCount>256</BucketCount>
        <IncludeOutOfRange>1</IncludeOutOfRange>
        <Approximate>0</Approximate>
        <HistCounts>1|0|0|0|0|0|0|0|0|0|0|0|0|0|0|0|0|0|0|1|0|0|1|2|0|0|0|1|2|2|2|1|1|2|1|3|3|2|7|7|2|4|9|1|8|3|10|3|6|11|8|2|10|5|5|4|8|6|8|11|8|29|23|23|12|21|14|18|36|35|25|29|31|36|30|28|24|28|21|15|37|21|17|6|14|12|15|6|13|11|12|7|13|6|5|9|3|2|3|1|2|1|1|3|1|2|0|1|3|3|0|2|1|1|0|0|1|0|2|0|0|1|0|1|0|0|0|0|0|0|0|0|1|0|1|0|0|0|0|0|0|0|0|0|0|0|0|0|1|1|0|0|0|0|0|0|0|0|0|0|0|0|0|0|0|0|0|0|0|1|0|0|0|0|0|0|0|0|0|0|0|0|0|0|0|0|0|0|0|0|0|0|0|0|0|0|0|0|0|0|0|0|0|0|0|0|0|0|0|0|2|0|0|0|0|0|0|0|0|0|0|0|0|0|0|1|0|0|0|0|0|0|0|0|0|0|0|0|0|0|0|0|0|0|0|0|0|0|0|0|0|0|0|0|0|1</HistCounts>
      </HistItem>
    </Histograms>
    <Metadata>
      <MDI key="BandName">Band_2</MDI>
      <MDI key="RepresentationType">ATHEMATIC</MDI>
      <MDI key="STATISTICS_COVARIANCES">-0.0003797548130726913,0.001015931663107264,0.0006156821915634111</MDI>
      <MDI key="STATISTICS_EXCLUDEDVALUES"></MDI>
      <MDI key="STATISTICS_MAXIMUM">0.50875002145767</MDI>
      <MDI key="STATISTICS_MEAN">0.21301811596289</MDI>
      <MDI key="STATISTICS_MEDIAN">0.212541</MDI>
      <MDI key="STATISTICS_MINIMUM">0.096000000834465</MDI>
      <MDI key="STATISTICS_SKIPFACTORX">1</MDI>
      <MDI key="STATISTICS_SKIPFACTORY">1</MDI>
      <MDI key="STATISTICS_STDDEV">0.031873682923491</MDI>
    </Metadata>
  </PAMRasterBand>
  <PAMRasterBand band="3">
    <Description>Band_3</Description>
    <Histograms>
      <HistItem>
        <HistMin>0.1567499935626984</HistMin>
        <HistMax>0.4292500019073486</HistMax>
        <BucketCount>256</BucketCount>
        <IncludeOutOfRange>1</IncludeOutOfRange>
        <Approximate>0</Approximate>
        <HistCounts>1|0|0|0|0|0|0|0|0|0|0|0|0|0|1|0|0|1|2|4|1|8|4|6|5|16|9|9|15|18|19|12|24|15|18|26|30|25|18|26|24|21|20|32|21|24|13|15|26|22|18|17|19|13|13|25|15|15|21|20|10|17|16|6|13|15|5|6|11|15|5|5|4|2|4|2|2|2|8|3|3|0|1|1|0|3|1|4|0|4|0|0|2|2|1|1|1|0|1|0|0|0|0|0|0|0|1|0|1|1|0|1|0|0|0|0|0|0|0|1|0|1|0|0|0|0|0|1|0|0|0|1|0|0|0|0|0|0|0|0|1|0|0|1|0|0|0|0|0|0|0|0|0|0|0|0|0|0|0|0|0|0|0|0|0|0|0|0|0|0|0|0|0|0|0|0|0|0|0|0|0|0|2|0|0|0|0|0|0|0|0|0|0|0|0|0|0|0|0|0|0|0|0|0|0|0|0|0|0|0|0|0|0|0|1|0|0|0|0|0|0|0|0|0|0|0|0|0|0|0|0|0|0|0|0|0|0|0|0|0|0|0|0|0|0|0|0|0|0|0|0|0|0|0|0|1</HistCounts>
      </HistItem>
    </Histograms>
    <Metadata>
      <MDI key="BandName">Band_3</MDI>
      <MDI key="RepresentationType">ATHEMATIC</MDI>
      <MDI key="STATISTICS_COVARIANCES">0.0008938620255995297,0.0006156821915634111,0.0004674687398241219</MDI>
      <MDI key="STATISTICS_EXCLUDEDVALUES"></MDI>
      <MDI key="STATISTICS_MAXIMUM">0.42925000190735</MDI>
      <MDI key="STATISTICS_MEAN">0.2091429766471</MDI>
      <MDI key="STATISTICS_MEDIAN">0.204838</MDI>
      <MDI key="STATISTICS_MINIMUM">0.1567499935627</MDI>
      <MDI key="STATISTICS_SKIPFACTORX">1</MDI>
      <MDI key="STATISTICS_SKIPFACTORY">1</MDI>
      <MDI key="STATISTICS_STDDEV">0.021621025411023</MDI>
    </Metadata>
  </PAMRasterBand>
</PAMDataset>
