<PAMDataset>
  <Metadata>
    <MDI key="DataType">Generic</MDI>
  </Metadata>
  <PAMRasterBand band="1">
    <Description>Band_1</Description>
    <Histograms>
      <HistItem>
        <HistMin>0.5862500071525574</HistMin>
        <HistMax>0.9205555319786072</HistMax>
        <BucketCount>256</BucketCount>
        <IncludeOutOfRange>1</IncludeOutOfRange>
        <Approximate>0</Approximate>
        <HistCounts>2|0|0|0|0|0|0|0|3|0|0|2|0|2|1|1|0|0|0|3|2|0|3|0|3|2|3|5|2|10|2|3|7|5|11|5|12|1|13|5|1|4|6|5|2|9|3|2|5|9|12|0|7|15|3|6|9|10|7|8|7|8|5|5|4|8|5|7|3|12|4|7|3|6|7|7|4|12|3|8|13|6|15|4|2|14|9|4|12|9|7|10|8|9|10|11|9|12|18|10|9|13|16|4|10|14|11|23|10|11|18|14|12|9|18|5|7|15|14|13|10|10|13|9|9|15|8|8|11|8|12|6|4|8|10|9|11|4|10|9|14|5|14|9|6|4|7|9|15|11|4|6|4|4|3|11|0|3|3|9|4|8|2|2|2|1|9|2|2|6|1|0|1|0|0|3|1|2|0|0|0|0|2|1|0|4|0|1|1|0|0|0|0|0|5|0|0|2|0|0|0|1|0|0|0|0|0|2|1|0|0|0|2|2|0|0|0|2|0|4|0|0|1|3|0|3|0|1|0|0|0|0|1|0|0|0|0|0|0|0|2|0|0|0|0|0|0|0|0|0|2|0|0|0|0|2</HistCounts>
      </HistItem>
    </Histograms>
    <Metadata>
      <MDI key="BandName">Band_1</MDI>
      <MDI key="RepresentationType">ATHEMATIC</MDI>
      <MDI key="STATISTICS_COVARIANCES">0.003243123260131262,0.002126970182936642,0.001511417664732591</MDI>
      <MDI key="STATISTICS_EXCLUDEDVALUES"></MDI>
      <MDI key="STATISTICS_MAXIMUM">0.92055553197861</MDI>
      <MDI key="STATISTICS_MEAN">0.72146558746819</MDI>
      <MDI key="STATISTICS_MEDIAN">0.723905</MDI>
      <MDI key="STATISTICS_MINIMUM">0.58625000715256</MDI>
      <MDI key="STATISTICS_SKIPFACTORX">1</MDI>
      <MDI key="STATISTICS_SKIPFACTORY">1</MDI>
      <MDI key="STATISTICS_STDDEV">0.056948426318304</MDI>
    </Metadata>
  </PAMRasterBand>
  <PAMRasterBand band="2">
    <Description>Band_2</Description>
    <Histograms>
      <HistItem>
        <HistMin>0.1532499939203262</HistMin>
        <HistMax>0.4120000004768372</HistMax>
        <BucketCount>256</BucketCount>
        <IncludeOutOfRange>1</IncludeOutOfRange>
        <Approximate>0</Approximate>
        <HistCounts>3|0|0|0|0|1|4|2|0|1|0|0|0|2|1|1|1|0|2|2|4|4|5|7|2|9|11|10|9|7|17|12|17|13|11|6|10|10|17|10|12|11|13|14|16|6|13|11|15|8|13|9|6|11|11|11|6|2|10|11|3|12|5|4|3|6|4|0|6|0|1|6|6|7|2|4|5|4|6|6|2|1|4|2|4|7|4|6|7|2|3|4|0|4|0|4|2|4|2|4|0|2|3|3|1|8|8|1|3|2|6|2|2|2|1|3|0|0|1|3|7|1|2|1|4|0|0|0|1|4|4|3|1|2|3|2|1|3|6|3|2|2|1|1|2|0|0|0|8|2|4|0|0|2|0|0|4|2|0|2|0|1|2|3|0|0|1|0|2|4|3|3|2|1|5|3|1|5|1|4|9|3|13|8|9|5|9|6|14|5|10|9|12|7|3|11|14|11|8|10|10|15|12|15|16|20|12|9|17|14|19|5|5|10|11|9|2|9|5|7|7|10|8|3|11|0|1|2|2|1|3|1|2|0|2|0|1|5|1|0|0|1|1|0|0|0|0|0|0|0|0|0|0|0|0|2</HistCounts>
      </HistItem>
    </Histograms>
    <Metadata>
      <MDI key="BandName">Band_2</MDI>
      <MDI key="RepresentationType">ATHEMATIC</MDI>
      <MDI key="STATISTICS_COVARIANCES">0.002126970182936642,0.005633691782557279,0.00358529453557501</MDI>
      <MDI key="STATISTICS_EXCLUDEDVALUES"></MDI>
      <MDI key="STATISTICS_MAXIMUM">0.41200000047684</MDI>
      <MDI key="STATISTICS_MEAN">0.27630950399667</MDI>
      <MDI key="STATISTICS_MEDIAN">0.262838</MDI>
      <MDI key="STATISTICS_MINIMUM">0.15324999392033</MDI>
      <MDI key="STATISTICS_SKIPFACTORX">1</MDI>
      <MDI key="STATISTICS_SKIPFACTORY">1</MDI>
      <MDI key="STATISTICS_STDDEV">0.075057922850005</MDI>
    </Metadata>
  </PAMRasterBand>
  <PAMRasterBand band="3">
    <Description>Band_3</Description>
    <Histograms>
      <HistItem>
        <HistMin>0.1724999994039536</HistMin>
        <HistMax>0.3745000064373016</HistMax>
        <BucketCount>256</BucketCount>
        <IncludeOutOfRange>1</IncludeOutOfRange>
        <Approximate>0</Approximate>
        <HistCounts>2|0|0|1|4|1|0|0|1|3|0|3|1|3|3|6|4|10|6|3|9|10|14|18|20|20|10|14|5|15|14|20|17|16|18|14|7|18|10|14|14|17|6|12|9|7|12|4|7|7|9|9|3|8|3|3|1|2|7|11|7|6|5|2|4|6|7|3|2|3|3|7|1|2|4|1|3|1|4|3|5|3|4|3|4|4|4|3|9|5|0|9|1|6|2|1|2|0|4|0|1|4|1|0|12|1|1|1|4|1|6|5|3|3|0|2|4|6|2|2|3|2|0|2|3|5|0|1|1|0|0|3|1|0|2|3|2|4|2|7|6|6|10|7|5|5|4|6|15|7|4|11|11|9|19|9|9|6|12|10|20|8|11|13|18|11|20|18|20|11|10|18|8|16|9|13|9|18|4|2|5|6|8|5|1|2|3|2|4|2|0|0|2|0|0|2|6|1|1|1|0|0|0|0|0|0|0|0|0|0|2|0|0|0|0|0|0|0|0|0|0|0|0|0|0|0|0|0|0|0|0|0|0|0|0|0|0|0|0|0|0|0|0|0|0|0|0|0|0|0|0|0|0|0|0|1</HistCounts>
      </HistItem>
    </Histograms>
    <Metadata>
      <MDI key="BandName">Band_3</MDI>
      <MDI key="RepresentationType">ATHEMATIC</MDI>
      <MDI key="STATISTICS_COVARIANCES">0.001511417664732591,0.00358529453557501,0.002305168249080564</MDI>
      <MDI key="STATISTICS_EXCLUDEDVALUES"></MDI>
      <MDI key="STATISTICS_MAXIMUM">0.3745000064373</MDI>
      <MDI key="STATISTICS_MEAN">0.25041797486219</MDI>
      <MDI key="STATISTICS_MEDIAN">0.244586</MDI>
      <MDI key="STATISTICS_MINIMUM">0.17249999940395</MDI>
      <MDI key="STATISTICS_SKIPFACTORX">1</MDI>
      <MDI key="STATISTICS_SKIPFACTORY">1</MDI>
      <MDI key="STATISTICS_STDDEV">0.048012167719033</MDI>
    </Metadata>
  </PAMRasterBand>
</PAMDataset>
