<PAMDataset>
  <Metadata>
    <MDI key="DataType">Generic</MDI>
  </Metadata>
  <PAMRasterBand band="1">
    <Description>Band_1</Description>
    <Histograms>
      <HistItem>
        <HistMin>0.7275000214576721</HistMin>
        <HistMax>0.9267407655715942</HistMax>
        <BucketCount>256</BucketCount>
        <IncludeOutOfRange>1</IncludeOutOfRange>
        <Approximate>0</Approximate>
        <HistCounts>1|0|0|0|0|0|0|0|1|0|0|0|0|0|0|1|0|0|1|0|0|1|0|0|2|1|1|0|0|1|0|0|1|1|0|1|0|0|0|0|0|1|0|0|0|2|0|0|2|0|0|1|0|0|0|0|2|1|2|0|0|0|1|2|0|0|0|0|0|0|0|2|0|0|0|0|1|0|1|2|0|0|1|0|0|0|0|1|1|0|0|0|0|0|3|0|1|0|1|0|2|0|2|0|0|0|0|0|2|2|2|0|0|0|0|1|1|1|0|2|0|0|0|2|1|0|0|2|0|0|0|0|0|0|3|1|2|2|1|0|1|2|0|4|0|0|0|1|1|0|0|1|1|0|4|0|1|0|1|3|2|1|2|1|0|1|0|0|1|7|2|0|0|1|0|6|0|1|2|0|0|5|4|1|2|1|0|2|0|0|3|0|3|3|2|3|1|3|3|10|1|4|8|5|6|5|4|6|5|3|6|3|5|12|4|9|8|6|4|4|6|5|17|18|6|9|12|6|2|8|6|10|9|5|7|15|9|5|10|22|17|10|6|7|10|9|91|146|120|97|78|50|26|21|6|1</HistCounts>
      </HistItem>
    </Histograms>
    <Metadata>
      <MDI key="BandName">Band_1</MDI>
      <MDI key="RepresentationType">ATHEMATIC</MDI>
      <MDI key="STATISTICS_COVARIANCES">0.001169464577112082,0.0002600412779109267,0.0002082307960188078</MDI>
      <MDI key="STATISTICS_EXCLUDEDVALUES"></MDI>
      <MDI key="STATISTICS_MAXIMUM">0.92674076557159</MDI>
      <MDI key="STATISTICS_MEAN">0.90417608579965</MDI>
      <MDI key="STATISTICS_MEDIAN">0.919709</MDI>
      <MDI key="STATISTICS_MINIMUM">0.72750002145767</MDI>
      <MDI key="STATISTICS_SKIPFACTORX">1</MDI>
      <MDI key="STATISTICS_SKIPFACTORY">1</MDI>
      <MDI key="STATISTICS_STDDEV">0.034197435241727</MDI>
    </Metadata>
  </PAMRasterBand>
  <PAMRasterBand band="2">
    <Description>Band_2</Description>
    <Histograms>
      <HistItem>
        <HistMin>0.1097500026226044</HistMin>
        <HistMax>0.5327500104904175</HistMax>
        <BucketCount>256</BucketCount>
        <IncludeOutOfRange>1</IncludeOutOfRange>
        <Approximate>0</Approximate>
        <HistCounts>1|0|0|0|0|0|0|3|0|0|0|0|0|1|2|0|1|0|0|0|0|0|0|0|0|0|0|0|0|0|0|0|0|0|0|0|0|0|0|0|0|0|0|0|0|0|0|0|0|0|0|0|0|2|0|0|0|0|0|0|0|0|1|1|0|0|0|0|1|1|3|0|1|1|0|0|0|1|0|2|0|0|0|0|2|0|1|0|0|0|1|0|0|0|0|1|0|0|0|0|0|0|0|0|3|0|0|4|0|2|1|3|1|5|3|3|3|2|1|5|4|2|2|2|2|2|6|3|5|4|13|11|12|17|13|19|29|21|24|25|19|24|22|17|16|24|13|19|22|27|16|21|17|20|25|11|25|15|17|16|23|18|10|9|19|17|14|10|23|6|11|11|10|7|10|11|12|4|12|10|12|7|1|2|5|4|5|7|3|5|6|9|8|9|6|11|5|6|6|5|12|2|9|3|7|0|5|6|1|12|6|8|8|4|1|3|2|3|3|3|4|5|0|1|0|0|1|0|1|0|1|1|2|0|1|0|0|0|1|0|2|0|0|0|0|0|0|0|0|0|0|0|0|0|0|1</HistCounts>
      </HistItem>
    </Histograms>
    <Metadata>
      <MDI key="BandName">Band_2</MDI>
      <MDI key="RepresentationType">ATHEMATIC</MDI>
      <MDI key="STATISTICS_COVARIANCES">0.0002600412779109267,0.002574074251416201,0.001682545759352126</MDI>
      <MDI key="STATISTICS_EXCLUDEDVALUES"></MDI>
      <MDI key="STATISTICS_MAXIMUM">0.53275001049042</MDI>
      <MDI key="STATISTICS_MEAN">0.37232892429141</MDI>
      <MDI key="STATISTICS_MEDIAN">0.365209</MDI>
      <MDI key="STATISTICS_MINIMUM">0.1097500026226</MDI>
      <MDI key="STATISTICS_SKIPFACTORX">1</MDI>
      <MDI key="STATISTICS_SKIPFACTORY">1</MDI>
      <MDI key="STATISTICS_STDDEV">0.050735335333633</MDI>
    </Metadata>
  </PAMRasterBand>
  <PAMRasterBand band="3">
    <Description>Band_3</Description>
    <Histograms>
      <HistItem>
        <HistMin>0.1389999985694885</HistMin>
        <HistMax>0.4077500104904175</HistMax>
        <BucketCount>256</BucketCount>
        <IncludeOutOfRange>1</IncludeOutOfRange>
        <Approximate>0</Approximate>
        <HistCounts>1|0|0|0|0|0|0|0|1|0|0|2|1|0|0|0|0|0|0|0|0|0|0|0|0|0|0|1|2|0|0|0|0|0|0|0|0|0|0|0|0|0|0|0|0|0|0|0|0|0|0|0|0|0|2|1|0|0|0|1|1|0|0|2|1|0|2|1|0|0|0|3|0|0|0|1|0|0|0|0|0|0|0|0|0|0|2|1|0|0|0|0|0|1|0|0|0|0|0|2|0|2|1|0|1|1|4|3|1|2|3|3|5|2|1|4|1|2|0|8|1|6|6|3|5|8|23|17|16|14|17|27|20|29|22|29|22|21|12|36|17|8|25|19|17|20|7|19|20|20|9|27|19|21|14|14|13|9|21|22|4|17|16|15|8|10|11|10|9|10|14|7|3|5|7|6|5|5|2|8|7|4|8|8|3|6|3|5|11|4|10|4|3|14|5|2|6|2|7|14|2|4|2|2|6|9|4|5|2|4|6|14|3|2|1|7|5|0|4|5|2|0|1|2|0|1|0|3|0|1|2|0|0|1|0|0|1|0|2|2|0|1|0|0|0|0|0|0|0|0|0|0|0|0|0|1</HistCounts>
      </HistItem>
    </Histograms>
    <Metadata>
      <MDI key="BandName">Band_3</MDI>
      <MDI key="RepresentationType">ATHEMATIC</MDI>
      <MDI key="STATISTICS_COVARIANCES">0.0002082307960188078,0.001682545759352126,0.001121337951972016</MDI>
      <MDI key="STATISTICS_EXCLUDEDVALUES"></MDI>
      <MDI key="STATISTICS_MAXIMUM">0.40775001049042</MDI>
      <MDI key="STATISTICS_MEAN">0.30158499616028</MDI>
      <MDI key="STATISTICS_MEDIAN">0.296034</MDI>
      <MDI key="STATISTICS_MINIMUM">0.13899999856949</MDI>
      <MDI key="STATISTICS_SKIPFACTORX">1</MDI>
      <MDI key="STATISTICS_SKIPFACTORY">1</MDI>
      <MDI key="STATISTICS_STDDEV">0.033486384576004</MDI>
    </Metadata>
  </PAMRasterBand>
</PAMDataset>
