<PAMDataset>
  <Metadata>
    <MDI key="DataType">Generic</MDI>
  </Metadata>
  <PAMRasterBand band="1">
    <Description>Band_1</Description>
    <Histograms>
      <HistItem>
        <HistMin>0.5214999914169312</HistMin>
        <HistMax>0.9587036967277527</HistMax>
        <BucketCount>256</BucketCount>
        <IncludeOutOfRange>1</IncludeOutOfRange>
        <Approximate>0</Approximate>
        <HistCounts>1|0|0|0|0|0|0|0|0|0|0|0|0|0|0|0|0|1|0|0|3|0|0|0|0|0|0|0|0|2|0|0|0|0|0|0|2|0|1|3|1|3|0|1|0|4|0|0|1|2|0|0|0|4|3|1|0|7|1|1|1|0|2|1|1|4|3|2|1|4|4|1|2|2|3|3|2|1|9|4|2|2|4|0|0|5|0|5|4|7|2|1|7|3|3|1|2|2|3|2|1|3|2|1|4|2|3|1|5|6|3|3|3|1|2|2|4|5|0|2|6|6|6|7|2|4|1|4|3|3|2|6|6|2|6|1|8|6|5|6|11|5|5|8|3|4|7|5|11|4|4|8|2|7|4|2|5|6|4|9|3|3|4|5|13|11|7|8|14|12|10|9|7|5|7|9|4|8|8|9|15|11|8|0|20|7|9|11|21|12|5|9|15|18|7|10|10|5|19|7|10|5|10|17|6|7|12|12|7|11|9|9|15|7|11|7|14|12|10|5|7|9|13|16|10|8|12|9|9|20|7|9|63|123|135|161|141|162|151|143|147|145|111|93|33|27|7|0|0|0|0|0|0|0|0|2</HistCounts>
      </HistItem>
    </Histograms>
    <Metadata>
      <MDI key="BandName">Band_1</MDI>
      <MDI key="RepresentationType">ATHEMATIC</MDI>
      <MDI key="STATISTICS_COVARIANCES">0.006589008719481433,0.006144551027582754,0.005015456613239159</MDI>
      <MDI key="STATISTICS_EXCLUDEDVALUES"></MDI>
      <MDI key="STATISTICS_MAXIMUM">0.95870369672775</MDI>
      <MDI key="STATISTICS_MEAN">0.88053906905252</MDI>
      <MDI key="STATISTICS_MEDIAN">0.922699</MDI>
      <MDI key="STATISTICS_MINIMUM">0.52149999141693</MDI>
      <MDI key="STATISTICS_SKIPFACTORX">1</MDI>
      <MDI key="STATISTICS_SKIPFACTORY">1</MDI>
      <MDI key="STATISTICS_STDDEV">0.08117270920378</MDI>
    </Metadata>
  </PAMRasterBand>
  <PAMRasterBand band="2">
    <Description>Band_2</Description>
    <Histograms>
      <HistItem>
        <HistMin>0.0820000022649765</HistMin>
        <HistMax>0.9579814672470093</HistMax>
        <BucketCount>256</BucketCount>
        <IncludeOutOfRange>1</IncludeOutOfRange>
        <Approximate>0</Approximate>
        <HistCounts>1|1|0|0|1|0|1|1|0|0|0|2|0|0|0|0|3|1|0|1|0|1|0|0|2|0|0|1|2|0|1|0|0|3|1|1|0|4|1|0|2|1|1|3|0|3|1|3|4|11|4|7|15|6|18|12|16|17|12|32|15|29|30|31|22|34|29|27|25|32|21|21|26|15|24|32|16|22|15|19|22|25|27|24|24|31|23|14|26|32|34|30|15|26|28|34|30|27|30|29|32|23|24|24|15|23|27|33|25|27|22|17|15|18|16|23|14|16|18|26|9|24|16|16|30|17|15|17|17|16|19|16|18|14|20|23|18|19|11|25|21|20|22|16|13|25|17|19|11|22|12|18|18|17|20|13|23|29|15|18|29|9|6|24|20|5|14|13|11|20|9|23|9|17|13|14|19|12|11|6|8|8|7|6|6|7|8|6|3|1|1|4|2|6|0|0|1|0|0|0|1|0|0|0|0|0|0|0|0|0|2|0|2|1|0|0|0|0|0|0|0|0|0|0|0|0|0|1|0|0|0|0|0|0|0|0|0|0|0|0|0|0|0|0|1|0|0|0|0|0|0|0|0|0|0|2</HistCounts>
      </HistItem>
    </Histograms>
    <Metadata>
      <MDI key="BandName">Band_2</MDI>
      <MDI key="RepresentationType">ATHEMATIC</MDI>
      <MDI key="STATISTICS_COVARIANCES">0.006144551027582754,0.01771471825418714,0.0132623877485628</MDI>
      <MDI key="STATISTICS_EXCLUDEDVALUES"></MDI>
      <MDI key="STATISTICS_MAXIMUM">0.95798146724701</MDI>
      <MDI key="STATISTICS_MEAN">0.46410981734084</MDI>
      <MDI key="STATISTICS_MEDIAN">0.446133</MDI>
      <MDI key="STATISTICS_MINIMUM">0.082000002264977</MDI>
      <MDI key="STATISTICS_SKIPFACTORX">1</MDI>
      <MDI key="STATISTICS_SKIPFACTORY">1</MDI>
      <MDI key="STATISTICS_STDDEV">0.1330966500487</MDI>
    </Metadata>
  </PAMRasterBand>
  <PAMRasterBand band="3">
    <Description>Band_3</Description>
    <Histograms>
      <HistItem>
        <HistMin>0.1410000026226044</HistMin>
        <HistMax>0.9606481194496155</HistMax>
        <BucketCount>256</BucketCount>
        <IncludeOutOfRange>1</IncludeOutOfRange>
        <Approximate>0</Approximate>
        <HistCounts>1|0|1|1|0|0|0|1|1|2|1|2|0|0|1|1|1|2|0|0|0|2|1|0|4|3|6|4|4|9|24|16|20|15|13|20|24|24|37|36|34|25|38|43|26|30|27|48|21|27|41|30|33|37|39|29|26|28|43|41|25|46|30|43|42|48|31|34|31|31|19|26|27|13|28|28|19|25|8|26|15|22|20|24|24|17|34|19|32|42|21|39|20|30|26|33|25|19|27|31|12|18|22|25|19|28|18|28|18|14|19|15|17|16|21|12|11|22|17|28|21|27|20|18|16|15|18|11|9|8|9|20|8|7|12|9|9|5|9|8|6|6|5|13|1|4|4|4|5|8|1|0|0|0|0|0|0|0|0|0|0|2|1|0|2|0|0|0|0|0|0|0|0|0|0|0|0|0|0|0|0|0|0|0|0|0|0|0|0|0|0|0|0|0|0|0|0|0|0|0|0|0|0|0|0|0|0|1|0|0|0|0|0|0|0|0|0|0|0|0|0|0|0|0|0|0|0|0|0|0|0|0|0|0|1|0|0|0|0|0|0|0|0|0|0|0|0|0|0|0|0|0|0|0|0|2</HistCounts>
      </HistItem>
    </Histograms>
    <Metadata>
      <MDI key="BandName">Band_3</MDI>
      <MDI key="RepresentationType">ATHEMATIC</MDI>
      <MDI key="STATISTICS_COVARIANCES">0.005015456613239159,0.0132623877485628,0.01022808884410075</MDI>
      <MDI key="STATISTICS_EXCLUDEDVALUES"></MDI>
      <MDI key="STATISTICS_MAXIMUM">0.96064811944962</MDI>
      <MDI key="STATISTICS_MEAN">0.39176566464477</MDI>
      <MDI key="STATISTICS_MEDIAN">0.372430</MDI>
      <MDI key="STATISTICS_MINIMUM">0.1410000026226</MDI>
      <MDI key="STATISTICS_SKIPFACTORX">1</MDI>
      <MDI key="STATISTICS_SKIPFACTORY">1</MDI>
      <MDI key="STATISTICS_STDDEV">0.10113401427858</MDI>
    </Metadata>
  </PAMRasterBand>
</PAMDataset>
