<PAMDataset>
  <Metadata>
    <MDI key="DataType">Generic</MDI>
  </Metadata>
  <PAMRasterBand band="1">
    <Description>Band_1</Description>
    <Histograms>
      <HistItem>
        <HistMin>0.5195000171661377</HistMin>
        <HistMax>0.9294999837875366</HistMax>
        <BucketCount>256</BucketCount>
        <IncludeOutOfRange>1</IncludeOutOfRange>
        <Approximate>0</Approximate>
        <HistCounts>1|0|0|0|0|0|0|0|1|0|0|0|0|0|1|0|0|0|0|0|0|0|0|0|0|1|2|2|1|2|0|0|0|0|0|0|1|1|0|0|2|0|1|0|2|0|2|2|4|3|2|7|3|1|6|1|6|5|8|5|8|10|7|6|10|7|12|12|5|12|10|13|9|9|8|10|12|4|19|14|9|14|11|14|19|5|7|6|12|11|11|7|12|8|13|14|12|10|9|6|6|10|14|11|13|12|4|8|10|5|8|8|13|4|6|15|6|1|14|9|10|6|6|12|8|9|11|14|5|13|15|11|10|17|13|7|14|10|13|28|24|14|22|31|15|20|26|11|22|23|26|22|24|39|17|36|30|40|18|37|26|22|34|22|32|24|34|16|24|23|42|25|16|23|19|18|24|27|24|18|21|21|15|25|16|19|19|12|11|11|23|14|15|8|9|12|19|8|15|6|9|11|8|5|4|5|6|6|8|2|6|2|4|0|5|6|5|2|4|7|2|1|3|2|1|2|0|5|0|2|2|2|1|0|0|2|2|1|0|0|2|0|2|0|1|1|1|0|3|16|21|15|10|9|5|2</HistCounts>
      </HistItem>
    </Histograms>
    <Metadata>
      <MDI key="BandName">Band_1</MDI>
      <MDI key="RepresentationType">ATHEMATIC</MDI>
      <MDI key="STATISTICS_COVARIANCES">0.005659562180923635,0.001330813544294013,0.001198041950036595</MDI>
      <MDI key="STATISTICS_EXCLUDEDVALUES"></MDI>
      <MDI key="STATISTICS_MAXIMUM">0.92949998378754</MDI>
      <MDI key="STATISTICS_MEAN">0.75508047715482</MDI>
      <MDI key="STATISTICS_MEDIAN">0.765500</MDI>
      <MDI key="STATISTICS_MINIMUM">0.51950001716614</MDI>
      <MDI key="STATISTICS_SKIPFACTORX">1</MDI>
      <MDI key="STATISTICS_SKIPFACTORY">1</MDI>
      <MDI key="STATISTICS_STDDEV">0.075230061683636</MDI>
    </Metadata>
  </PAMRasterBand>
  <PAMRasterBand band="2">
    <Description>Band_2</Description>
    <Histograms>
      <HistItem>
        <HistMin>0.1137500032782555</HistMin>
        <HistMax>0.4004999995231628</HistMax>
        <BucketCount>256</BucketCount>
        <IncludeOutOfRange>1</IncludeOutOfRange>
        <Approximate>0</Approximate>
        <HistCounts>1|0|0|0|1|0|0|0|0|2|0|1|1|0|4|0|1|0|1|2|1|1|0|1|2|0|2|1|2|0|0|0|0|0|0|1|1|2|1|0|0|1|2|1|0|0|5|0|4|6|3|4|10|5|2|12|10|9|16|17|21|12|25|17|20|6|13|25|28|32|32|27|34|22|45|30|39|40|44|30|25|26|27|42|43|40|35|42|44|41|50|37|62|40|75|42|54|44|67|42|52|35|40|37|39|30|50|30|42|34|32|26|19|18|30|11|24|9|19|5|7|7|12|5|10|4|7|3|12|9|8|9|2|9|4|5|5|2|12|8|3|5|2|2|4|2|1|5|5|7|6|3|10|1|3|0|0|1|2|1|1|3|3|1|2|2|0|2|1|1|0|0|2|2|1|0|1|1|0|1|0|1|1|2|0|1|1|4|1|3|3|0|4|0|2|0|1|0|0|2|0|0|0|0|0|0|0|1|0|2|1|0|0|0|0|0|0|0|0|0|1|1|0|0|0|0|0|0|0|0|0|0|0|0|0|0|0|0|0|0|0|0|0|0|0|0|0|1|0|0|0|0|0|0|0|1</HistCounts>
      </HistItem>
    </Histograms>
    <Metadata>
      <MDI key="BandName">Band_2</MDI>
      <MDI key="RepresentationType">ATHEMATIC</MDI>
      <MDI key="STATISTICS_COVARIANCES">0.001330813544294013,0.000871845514085858,0.00065255986794512</MDI>
      <MDI key="STATISTICS_EXCLUDEDVALUES"></MDI>
      <MDI key="STATISTICS_MAXIMUM">0.40049999952316</MDI>
      <MDI key="STATISTICS_MEAN">0.21982753227444</MDI>
      <MDI key="STATISTICS_MEDIAN">0.218329</MDI>
      <MDI key="STATISTICS_MINIMUM">0.11375000327826</MDI>
      <MDI key="STATISTICS_SKIPFACTORX">1</MDI>
      <MDI key="STATISTICS_SKIPFACTORY">1</MDI>
      <MDI key="STATISTICS_STDDEV">0.029527030228011</MDI>
    </Metadata>
  </PAMRasterBand>
  <PAMRasterBand band="3">
    <Description>Band_3</Description>
    <Histograms>
      <HistItem>
        <HistMin>0.1477500051259995</HistMin>
        <HistMax>0.3499999940395355</HistMax>
        <BucketCount>256</BucketCount>
        <IncludeOutOfRange>1</IncludeOutOfRange>
        <Approximate>0</Approximate>
        <HistCounts>1|0|0|0|0|1|0|0|0|1|0|6|3|0|1|0|2|2|0|1|0|1|0|1|3|1|1|0|0|0|1|0|0|0|1|0|2|0|0|0|0|0|0|2|1|2|1|0|2|6|7|3|7|7|6|15|14|25|9|25|26|17|23|20|19|18|26|15|25|36|24|23|24|29|30|41|19|19|14|18|26|28|11|28|19|25|34|18|21|32|33|38|73|40|49|49|44|56|75|59|49|48|52|49|68|43|45|35|38|45|34|32|34|16|15|30|14|19|10|9|17|25|14|11|11|10|8|3|6|4|11|4|6|9|7|4|8|11|3|8|10|5|6|4|5|6|2|8|2|3|3|2|2|0|1|1|5|2|1|0|5|1|3|4|5|1|1|4|0|3|0|1|2|3|1|2|0|2|2|2|1|0|0|1|0|0|0|0|2|1|0|0|1|0|1|1|1|0|5|2|2|0|1|0|0|1|0|4|1|0|4|0|0|4|0|1|1|0|0|0|1|0|0|1|0|0|0|0|0|0|0|0|0|0|0|0|0|0|0|0|0|0|0|0|0|0|0|0|0|0|0|1|0|0|0|1</HistCounts>
      </HistItem>
    </Histograms>
    <Metadata>
      <MDI key="BandName">Band_3</MDI>
      <MDI key="RepresentationType">ATHEMATIC</MDI>
      <MDI key="STATISTICS_COVARIANCES">0.001198041950036595,0.00065255986794512,0.0005073967895878855</MDI>
      <MDI key="STATISTICS_EXCLUDEDVALUES"></MDI>
      <MDI key="STATISTICS_MAXIMUM">0.34999999403954</MDI>
      <MDI key="STATISTICS_MEAN">0.22451052526202</MDI>
      <MDI key="STATISTICS_MEDIAN">0.224684</MDI>
      <MDI key="STATISTICS_MINIMUM">0.147750005126</MDI>
      <MDI key="STATISTICS_SKIPFACTORX">1</MDI>
      <MDI key="STATISTICS_SKIPFACTORY">1</MDI>
      <MDI key="STATISTICS_STDDEV">0.022525469797274</MDI>
    </Metadata>
  </PAMRasterBand>
</PAMDataset>
