<PAMDataset>
  <Metadata>
    <MDI key="DataType">Generic</MDI>
  </Metadata>
  <PAMRasterBand band="1">
    <Description>Band_1</Description>
    <Histograms>
      <HistItem>
        <HistMin>0.4712499976158142</HistMin>
        <HistMax>0.9286110997200012</HistMax>
        <BucketCount>256</BucketCount>
        <IncludeOutOfRange>1</IncludeOutOfRange>
        <Approximate>0</Approximate>
        <HistCounts>1|0|0|2|0|0|0|1|0|0|0|0|1|0|0|3|0|3|0|2|1|4|5|5|3|3|8|2|0|6|7|3|2|1|3|5|8|2|6|2|4|8|6|7|9|7|3|5|13|4|10|9|13|11|8|8|13|5|16|11|10|23|21|12|16|24|14|21|15|9|16|14|18|16|29|15|21|19|11|18|24|23|28|22|26|24|12|26|26|16|27|48|31|24|36|28|37|26|35|29|38|25|39|38|45|23|32|21|33|48|40|25|31|24|34|36|28|37|19|32|41|31|30|23|35|19|50|25|25|35|22|27|36|34|29|16|32|37|19|25|25|33|29|30|27|30|21|19|27|22|23|20|22|15|21|11|13|17|20|14|20|19|17|17|16|4|16|7|18|8|9|15|20|12|9|10|16|10|17|8|13|15|12|20|14|13|6|10|6|6|3|3|6|3|5|6|8|2|0|2|1|1|4|5|1|4|0|1|3|7|0|1|2|5|0|1|4|4|2|2|0|3|4|0|1|4|3|1|4|3|0|3|0|1|1|3|1|1|5|3|2|1|0|0|0|3|0|0|0|0|7|7|2|0|0|1</HistCounts>
      </HistItem>
    </Histograms>
    <Metadata>
      <MDI key="BandName">Band_1</MDI>
      <MDI key="RepresentationType">ATHEMATIC</MDI>
      <MDI key="STATISTICS_COVARIANCES">0.005821093514493439,-0.0003313411081624133,6.14627189937645e-05</MDI>
      <MDI key="STATISTICS_EXCLUDEDVALUES"></MDI>
      <MDI key="STATISTICS_MAXIMUM">0.92861109972</MDI>
      <MDI key="STATISTICS_MEAN">0.68318208465796</MDI>
      <MDI key="STATISTICS_MEDIAN">0.677511</MDI>
      <MDI key="STATISTICS_MINIMUM">0.47124999761581</MDI>
      <MDI key="STATISTICS_SKIPFACTORX">1</MDI>
      <MDI key="STATISTICS_SKIPFACTORY">1</MDI>
      <MDI key="STATISTICS_STDDEV">0.076296091082659</MDI>
    </Metadata>
  </PAMRasterBand>
  <PAMRasterBand band="2">
    <Description>Band_2</Description>
    <Histograms>
      <HistItem>
        <HistMin>0.06475000083446503</HistMin>
        <HistMax>0.6002500057220459</HistMax>
        <BucketCount>256</BucketCount>
        <IncludeOutOfRange>1</IncludeOutOfRange>
        <Approximate>0</Approximate>
        <HistCounts>1|0|0|0|0|0|0|0|1|0|0|1|1|0|0|0|1|1|1|0|0|0|0|0|0|1|1|1|2|0|0|1|1|1|3|0|0|0|1|2|0|0|2|1|2|3|0|1|3|3|1|0|0|1|1|3|5|8|0|2|7|8|7|3|4|6|9|12|21|20|15|18|25|21|25|29|10|35|22|30|25|19|28|32|24|14|14|15|12|8|25|19|12|11|8|9|16|12|16|11|17|20|19|28|21|21|16|16|15|20|23|14|25|27|36|24|23|39|34|31|34|60|42|37|45|49|48|44|45|32|63|34|31|38|40|38|33|37|34|57|53|39|63|53|44|41|39|53|39|33|30|47|38|33|19|37|20|24|18|32|14|34|21|20|16|30|25|19|16|19|23|11|32|16|23|13|17|11|4|8|1|18|4|6|6|11|11|9|14|9|15|11|15|7|4|9|3|8|9|2|4|5|4|3|0|5|0|1|5|1|0|0|0|2|2|2|0|0|0|0|0|0|0|0|0|0|0|0|0|0|1|0|0|0|0|0|0|0|0|0|0|0|0|0|1|0|0|0|0|0|0|0|0|0|0|1</HistCounts>
      </HistItem>
    </Histograms>
    <Metadata>
      <MDI key="BandName">Band_2</MDI>
      <MDI key="RepresentationType">ATHEMATIC</MDI>
      <MDI key="STATISTICS_COVARIANCES">-0.0003313411081624133,0.005278578978656101,0.003285948328894636</MDI>
      <MDI key="STATISTICS_EXCLUDEDVALUES"></MDI>
      <MDI key="STATISTICS_MAXIMUM">0.60025000572205</MDI>
      <MDI key="STATISTICS_MEAN">0.33467269344699</MDI>
      <MDI key="STATISTICS_MEDIAN">0.337750</MDI>
      <MDI key="STATISTICS_MINIMUM">0.064750000834465</MDI>
      <MDI key="STATISTICS_SKIPFACTORX">1</MDI>
      <MDI key="STATISTICS_SKIPFACTORY">1</MDI>
      <MDI key="STATISTICS_STDDEV">0.072653829759044</MDI>
    </Metadata>
  </PAMRasterBand>
  <PAMRasterBand band="3">
    <Description>Band_3</Description>
    <Histograms>
      <HistItem>
        <HistMin>0.1075000017881393</HistMin>
        <HistMax>0.4325000047683716</HistMax>
        <BucketCount>256</BucketCount>
        <IncludeOutOfRange>1</IncludeOutOfRange>
        <Approximate>0</Approximate>
        <HistCounts>1|0|0|0|0|0|0|0|0|0|0|0|0|0|1|0|0|0|0|4|1|0|0|0|1|1|0|0|0|3|3|0|4|0|1|1|2|1|0|3|0|0|0|2|0|3|1|3|0|1|1|4|4|0|0|1|0|1|3|4|0|5|5|12|10|25|24|27|29|24|27|42|25|30|42|28|21|20|23|20|21|17|14|10|14|11|11|20|12|9|14|14|11|16|19|15|23|26|18|9|15|19|25|16|32|29|19|21|17|19|30|41|44|30|23|41|36|45|28|37|47|42|64|34|43|48|35|41|46|50|38|40|42|40|48|52|49|25|51|28|40|47|32|33|25|42|33|31|29|22|32|27|13|26|23|24|24|23|21|28|11|18|15|28|21|18|21|22|15|16|17|21|16|21|12|10|13|14|7|6|4|11|5|20|6|7|6|7|7|10|17|9|9|10|15|7|9|6|3|12|8|7|6|4|4|0|0|3|0|4|0|4|3|0|1|0|0|1|0|0|1|0|2|0|1|0|1|1|0|0|0|1|0|0|0|0|0|0|2|0|0|0|0|0|0|0|0|0|0|0|0|0|0|0|0|1</HistCounts>
      </HistItem>
    </Histograms>
    <Metadata>
      <MDI key="BandName">Band_3</MDI>
      <MDI key="RepresentationType">ATHEMATIC</MDI>
      <MDI key="STATISTICS_COVARIANCES">6.14627189937645e-05,0.003285948328894636,0.002108842703490183</MDI>
      <MDI key="STATISTICS_EXCLUDEDVALUES"></MDI>
      <MDI key="STATISTICS_MAXIMUM">0.43250000476837</MDI>
      <MDI key="STATISTICS_MEAN">0.26756264883581</MDI>
      <MDI key="STATISTICS_MEDIAN">0.269363</MDI>
      <MDI key="STATISTICS_MINIMUM">0.10750000178814</MDI>
      <MDI key="STATISTICS_SKIPFACTORX">1</MDI>
      <MDI key="STATISTICS_SKIPFACTORY">1</MDI>
      <MDI key="STATISTICS_STDDEV">0.045922137401151</MDI>
    </Metadata>
  </PAMRasterBand>
</PAMDataset>
