<PAMDataset>
  <Metadata>
    <MDI key="DataType">Generic</MDI>
  </Metadata>
  <PAMRasterBand band="1">
    <Description>Band_1</Description>
    <Histograms>
      <HistItem>
        <HistMin>0.7567499876022339</HistMin>
        <HistMax>0.9459444284439087</HistMax>
        <BucketCount>256</BucketCount>
        <IncludeOutOfRange>1</IncludeOutOfRange>
        <Approximate>0</Approximate>
        <HistCounts>1|0|0|0|0|0|0|0|0|0|0|2|0|0|0|0|0|0|1|0|0|0|1|0|0|0|2|1|0|2|0|0|0|1|2|0|0|1|0|0|0|0|1|1|0|1|0|2|0|0|1|0|3|0|0|2|0|0|2|0|0|0|1|1|0|2|0|1|0|0|0|2|6|0|0|3|0|3|0|5|1|4|7|0|2|1|4|1|0|1|0|3|0|2|0|4|2|1|2|0|0|3|0|0|0|3|4|2|2|0|2|0|2|1|0|3|2|4|3|0|2|0|0|2|3|2|0|3|4|1|3|3|0|3|0|2|5|1|2|2|5|4|4|0|3|7|3|0|7|3|7|2|2|7|5|11|9|4|4|4|5|5|2|4|4|8|2|8|3|8|1|1|6|5|6|4|3|13|9|8|6|2|5|4|6|2|10|5|9|7|3|8|6|2|3|6|5|6|3|8|4|9|2|7|6|11|6|4|4|6|8|13|5|7|3|5|7|7|4|4|72|64|75|46|25|16|18|8|13|7|2|0|2|0|0|2|2|0|2|0|0|0|4|0|1|0|3|0|0|1|0|3|0|0|0|1</HistCounts>
      </HistItem>
    </Histograms>
    <Metadata>
      <MDI key="BandName">Band_1</MDI>
      <MDI key="RepresentationType">ATHEMATIC</MDI>
      <MDI key="STATISTICS_COVARIANCES">0.00133656692130736,-0.0004926825360360109,-0.0002208693337937824</MDI>
      <MDI key="STATISTICS_EXCLUDEDVALUES"></MDI>
      <MDI key="STATISTICS_MAXIMUM">0.94594442844391</MDI>
      <MDI key="STATISTICS_MEAN">0.89323505437903</MDI>
      <MDI key="STATISTICS_MEDIAN">0.907364</MDI>
      <MDI key="STATISTICS_MINIMUM">0.75674998760223</MDI>
      <MDI key="STATISTICS_SKIPFACTORX">1</MDI>
      <MDI key="STATISTICS_SKIPFACTORY">1</MDI>
      <MDI key="STATISTICS_STDDEV">0.036559088080905</MDI>
    </Metadata>
  </PAMRasterBand>
  <PAMRasterBand band="2">
    <Description>Band_2</Description>
    <Histograms>
      <HistItem>
        <HistMin>0.07625000178813934</HistMin>
        <HistMax>0.6010000109672546</HistMax>
        <BucketCount>256</BucketCount>
        <IncludeOutOfRange>1</IncludeOutOfRange>
        <Approximate>0</Approximate>
        <HistCounts>1|0|0|1|0|0|0|0|0|0|0|0|0|1|0|0|1|3|2|2|1|1|0|1|0|2|0|1|0|0|1|0|1|0|0|0|0|0|0|0|0|1|2|2|3|5|2|2|4|6|4|4|10|2|3|1|13|7|4|5|11|2|6|5|10|5|16|4|7|9|6|7|1|7|6|11|5|12|5|7|5|6|9|8|7|7|5|2|5|5|5|10|6|5|17|7|8|13|4|14|13|15|8|18|16|20|8|8|21|14|15|28|20|14|16|9|17|19|24|17|16|27|28|23|19|17|17|15|5|6|4|13|6|2|6|4|1|1|1|2|4|2|5|0|2|1|0|1|0|2|0|0|0|1|2|0|0|0|0|0|0|0|0|0|0|0|0|0|0|0|0|0|0|0|0|0|1|0|0|0|0|0|0|1|0|0|0|0|0|0|0|0|0|0|0|0|0|0|0|0|0|0|0|0|0|0|0|0|0|0|0|0|0|0|0|0|0|0|0|0|0|0|0|0|0|0|0|0|0|0|0|0|0|0|0|0|0|0|0|0|0|0|0|0|1|0|0|0|0|0|0|0|0|0|0|1</HistCounts>
      </HistItem>
    </Histograms>
    <Metadata>
      <MDI key="BandName">Band_2</MDI>
      <MDI key="RepresentationType">ATHEMATIC</MDI>
      <MDI key="STATISTICS_COVARIANCES">-0.0004926825360360109,0.00335141848070376,0.002161103655047131</MDI>
      <MDI key="STATISTICS_EXCLUDEDVALUES"></MDI>
      <MDI key="STATISTICS_MAXIMUM">0.60100001096725</MDI>
      <MDI key="STATISTICS_MEAN">0.28056765367409</MDI>
      <MDI key="STATISTICS_MEDIAN">0.292324</MDI>
      <MDI key="STATISTICS_MINIMUM">0.076250001788139</MDI>
      <MDI key="STATISTICS_SKIPFACTORX">1</MDI>
      <MDI key="STATISTICS_SKIPFACTORY">1</MDI>
      <MDI key="STATISTICS_STDDEV">0.057891437024</MDI>
    </Metadata>
  </PAMRasterBand>
  <PAMRasterBand band="3">
    <Description>Band_3</Description>
    <Histograms>
      <HistItem>
        <HistMin>0.127250000834465</HistMin>
        <HistMax>0.5392500162124634</HistMax>
        <BucketCount>256</BucketCount>
        <IncludeOutOfRange>1</IncludeOutOfRange>
        <Approximate>0</Approximate>
        <HistCounts>1|0|0|0|0|0|0|1|0|1|0|0|0|0|0|4|4|2|0|0|0|2|0|0|0|1|1|0|0|5|2|0|5|1|7|1|7|3|11|5|2|9|7|10|8|6|11|5|16|5|6|11|9|11|5|9|15|8|3|12|8|7|10|4|6|12|3|12|4|9|10|12|6|19|8|24|10|19|17|15|14|15|11|28|15|18|23|31|22|15|16|34|30|28|26|15|24|14|19|18|12|6|8|7|3|8|3|2|6|8|2|0|3|1|0|0|2|0|0|1|1|1|2|0|1|0|0|0|0|0|0|0|0|0|2|0|0|0|0|0|0|0|0|0|0|0|0|0|0|0|0|0|0|0|0|0|0|0|1|0|0|0|0|0|0|0|0|0|0|0|0|1|0|0|0|0|0|0|0|0|0|0|0|0|0|0|0|0|0|0|0|0|0|0|0|0|0|0|0|0|0|0|0|0|0|0|0|0|0|0|0|0|0|0|0|0|0|0|0|0|0|0|0|0|0|0|0|0|0|0|0|0|0|0|0|0|0|0|0|0|0|0|0|0|0|0|1|0|0|0|0|0|0|0|0|1</HistCounts>
      </HistItem>
    </Histograms>
    <Metadata>
      <MDI key="BandName">Band_3</MDI>
      <MDI key="RepresentationType">ATHEMATIC</MDI>
      <MDI key="STATISTICS_COVARIANCES">-0.0002208693337937824,0.002161103655047131,0.001436142615427523</MDI>
      <MDI key="STATISTICS_EXCLUDEDVALUES"></MDI>
      <MDI key="STATISTICS_MAXIMUM">0.53925001621246</MDI>
      <MDI key="STATISTICS_MEAN">0.25154783310522</MDI>
      <MDI key="STATISTICS_MEDIAN">0.258121</MDI>
      <MDI key="STATISTICS_MINIMUM">0.12725000083447</MDI>
      <MDI key="STATISTICS_SKIPFACTORX">1</MDI>
      <MDI key="STATISTICS_SKIPFACTORY">1</MDI>
      <MDI key="STATISTICS_STDDEV">0.037896472334869</MDI>
    </Metadata>
  </PAMRasterBand>
</PAMDataset>
