<PAMDataset>
  <Metadata>
    <MDI key="DataType">Generic</MDI>
  </Metadata>
  <PAMRasterBand band="1">
    <Description>Band_1</Description>
    <Histograms>
      <HistItem>
        <HistMin>0.479750007390976</HistMin>
        <HistMax>0.8307499885559082</HistMax>
        <BucketCount>256</BucketCount>
        <IncludeOutOfRange>1</IncludeOutOfRange>
        <Approximate>0</Approximate>
        <HistCounts>1|0|0|0|0|0|0|0|0|0|0|0|0|0|0|1|3|0|0|0|2|2|2|2|0|5|0|3|0|1|6|2|5|8|2|3|1|2|3|2|5|2|2|3|2|4|0|8|6|1|3|3|1|7|6|5|3|5|0|2|4|5|4|1|8|6|2|5|3|4|6|8|2|4|6|8|11|13|3|9|3|10|7|16|10|4|7|5|8|15|12|11|13|2|18|9|18|8|19|9|5|12|27|15|22|13|20|9|14|10|12|7|9|3|7|12|6|10|16|2|8|11|12|8|11|5|3|8|4|8|4|5|5|7|4|5|6|9|3|3|5|1|3|5|0|2|2|2|5|1|7|0|2|1|2|1|4|2|1|1|0|0|2|1|0|2|2|1|0|1|1|1|2|0|0|0|0|0|0|0|0|1|0|0|0|0|0|0|0|0|0|0|0|0|0|0|0|0|0|0|0|0|1|0|0|0|0|0|0|0|0|0|0|1|0|0|0|0|0|0|0|1|0|0|1|0|0|0|0|1|0|1|0|1|0|0|0|1|0|0|1|0|0|1|1|0|0|0|1|2|0|0|1|0|0|2</HistCounts>
      </HistItem>
    </Histograms>
    <Metadata>
      <MDI key="BandName">Band_1</MDI>
      <MDI key="RepresentationType">ATHEMATIC</MDI>
      <MDI key="STATISTICS_COVARIANCES">0.00260840281410007,-0.0007959653279916513,-0.0003495281754328819</MDI>
      <MDI key="STATISTICS_EXCLUDEDVALUES"></MDI>
      <MDI key="STATISTICS_MAXIMUM">0.83074998855591</MDI>
      <MDI key="STATISTICS_MEAN">0.61569162928298</MDI>
      <MDI key="STATISTICS_MEDIAN">0.616021</MDI>
      <MDI key="STATISTICS_MINIMUM">0.47975000739098</MDI>
      <MDI key="STATISTICS_SKIPFACTORX">1</MDI>
      <MDI key="STATISTICS_SKIPFACTORY">1</MDI>
      <MDI key="STATISTICS_STDDEV">0.051072525041357</MDI>
    </Metadata>
  </PAMRasterBand>
  <PAMRasterBand band="2">
    <Description>Band_2</Description>
    <Histograms>
      <HistItem>
        <HistMin>0.1129999980330467</HistMin>
        <HistMax>0.2767499983310699</HistMax>
        <BucketCount>256</BucketCount>
        <IncludeOutOfRange>1</IncludeOutOfRange>
        <Approximate>0</Approximate>
        <HistCounts>1|0|0|0|0|0|0|1|0|0|0|0|0|0|1|0|1|1|2|0|0|2|2|0|1|1|1|0|0|1|1|0|0|0|0|0|0|0|0|0|0|0|0|0|0|1|0|1|0|0|2|0|1|2|0|0|0|2|0|1|2|1|0|1|0|0|0|0|0|0|0|0|0|0|2|0|0|0|0|0|0|0|0|0|0|0|0|0|0|0|1|0|0|1|0|0|0|0|2|0|0|0|0|0|0|0|0|0|0|0|1|0|0|0|2|2|1|1|1|2|1|5|1|5|3|2|2|1|2|5|5|7|4|5|1|4|0|6|7|4|5|7|12|4|6|11|6|6|3|10|1|4|5|11|6|4|6|3|14|8|8|8|7|12|10|9|7|9|19|14|16|3|11|14|21|17|10|14|11|22|8|7|6|6|15|9|16|15|5|12|6|11|13|5|4|9|15|6|10|3|17|9|4|6|7|7|2|9|7|7|5|13|3|3|4|0|9|7|8|9|5|6|2|9|1|7|2|1|1|4|3|3|3|3|1|4|0|1|0|0|0|3|0|0|1|1|1|1|0|3|0|3|0|1|0|1</HistCounts>
      </HistItem>
    </Histograms>
    <Metadata>
      <MDI key="BandName">Band_2</MDI>
      <MDI key="RepresentationType">ATHEMATIC</MDI>
      <MDI key="STATISTICS_COVARIANCES">-0.0007959653279916513,0.0006316687917304977,0.0003493972548597838</MDI>
      <MDI key="STATISTICS_EXCLUDEDVALUES"></MDI>
      <MDI key="STATISTICS_MAXIMUM">0.27674999833107</MDI>
      <MDI key="STATISTICS_MEAN">0.22448206159174</MDI>
      <MDI key="STATISTICS_MEDIAN">0.226020</MDI>
      <MDI key="STATISTICS_MINIMUM">0.11299999803305</MDI>
      <MDI key="STATISTICS_SKIPFACTORX">1</MDI>
      <MDI key="STATISTICS_SKIPFACTORY">1</MDI>
      <MDI key="STATISTICS_STDDEV">0.025133021937891</MDI>
    </Metadata>
  </PAMRasterBand>
  <PAMRasterBand band="3">
    <Description>Band_3</Description>
    <Histograms>
      <HistItem>
        <HistMin>0.1552499979734421</HistMin>
        <HistMax>0.247749999165535</HistMax>
        <BucketCount>256</BucketCount>
        <IncludeOutOfRange>1</IncludeOutOfRange>
        <Approximate>0</Approximate>
        <HistCounts>1|0|0|0|1|0|0|0|0|0|0|0|0|1|0|2|0|2|0|0|0|0|0|0|1|0|0|1|1|1|0|1|0|0|0|0|2|3|3|2|0|0|1|1|2|0|0|0|1|0|1|0|1|0|1|0|0|2|0|0|0|0|0|0|0|0|0|0|0|0|0|0|0|0|0|2|0|0|1|0|0|0|0|0|0|1|0|0|0|1|0|1|0|0|0|1|0|0|0|0|2|1|3|0|1|0|0|0|2|2|0|3|0|2|1|7|3|1|0|2|0|3|4|1|8|4|0|4|1|5|3|1|7|11|1|10|2|5|2|5|5|6|4|7|14|5|4|3|10|5|4|3|14|10|8|13|8|18|9|9|9|21|10|8|20|11|11|3|21|6|5|12|13|12|12|9|7|20|9|12|2|11|12|14|26|7|18|7|18|5|8|5|10|3|6|3|6|11|9|6|0|7|2|4|14|4|7|2|9|1|9|6|4|4|1|14|5|8|2|3|3|9|5|1|0|4|0|0|1|1|5|4|2|1|1|3|0|1|0|1|0|1|0|3|0|2|0|0|0|0|0|0|0|0|0|1</HistCounts>
      </HistItem>
    </Histograms>
    <Metadata>
      <MDI key="BandName">Band_3</MDI>
      <MDI key="RepresentationType">ATHEMATIC</MDI>
      <MDI key="STATISTICS_COVARIANCES">-0.0003495281754328819,0.0003493972548597838,0.0002035314135484583</MDI>
      <MDI key="STATISTICS_EXCLUDEDVALUES"></MDI>
      <MDI key="STATISTICS_MAXIMUM">0.24774999916553</MDI>
      <MDI key="STATISTICS_MEAN">0.21608855375057</MDI>
      <MDI key="STATISTICS_MEDIAN">0.217279</MDI>
      <MDI key="STATISTICS_MINIMUM">0.15524999797344</MDI>
      <MDI key="STATISTICS_SKIPFACTORX">1</MDI>
      <MDI key="STATISTICS_SKIPFACTORY">1</MDI>
      <MDI key="STATISTICS_STDDEV">0.014266443619503</MDI>
    </Metadata>
  </PAMRasterBand>
</PAMDataset>
