<PAMDataset>
  <Metadata>
    <MDI key="DataType">Generic</MDI>
  </Metadata>
  <PAMRasterBand band="1">
    <Description>Band_1</Description>
    <Histograms>
      <HistItem>
        <HistMin>0.6777499914169312</HistMin>
        <HistMax>0.9331111311912537</HistMax>
        <BucketCount>256</BucketCount>
        <IncludeOutOfRange>1</IncludeOutOfRange>
        <Approximate>0</Approximate>
        <HistCounts>2|0|0|0|1|0|0|0|2|2|0|1|1|0|1|0|1|0|0|0|0|0|0|0|0|2|1|0|2|2|1|1|0|0|1|1|0|1|0|0|0|0|1|0|0|0|0|1|1|0|1|2|2|0|1|0|0|0|1|0|1|0|0|0|0|0|2|0|2|0|0|0|1|1|0|1|1|1|1|2|2|3|3|5|1|2|2|0|2|1|2|0|2|5|2|1|5|3|6|2|1|2|0|3|0|2|4|4|0|0|4|5|2|2|5|6|5|4|4|2|7|5|5|4|3|3|4|1|1|7|3|5|4|10|8|11|3|0|5|5|2|7|10|3|8|5|5|8|1|9|7|5|7|7|5|5|6|9|1|5|8|9|7|5|8|10|3|3|9|6|8|9|5|4|7|4|8|6|7|5|10|6|6|10|9|10|15|0|11|14|13|17|6|14|10|18|14|17|14|5|14|17|10|14|12|20|13|19|4|10|16|17|18|13|20|20|12|16|11|15|4|9|21|18|8|17|18|19|13|8|14|17|9|18|9|11|4|24|10|4|8|16|66|33|26|23|6|9|0|3|0|0|2|1|0|1</HistCounts>
      </HistItem>
    </Histograms>
    <Metadata>
      <MDI key="BandName">Band_1</MDI>
      <MDI key="RepresentationType">ATHEMATIC</MDI>
      <MDI key="STATISTICS_COVARIANCES">0.00246015734107414,0.0004560635416506325,0.0004101224458506648</MDI>
      <MDI key="STATISTICS_EXCLUDEDVALUES"></MDI>
      <MDI key="STATISTICS_MAXIMUM">0.93311113119125</MDI>
      <MDI key="STATISTICS_MEAN">0.86647354573361</MDI>
      <MDI key="STATISTICS_MEDIAN">0.879035</MDI>
      <MDI key="STATISTICS_MINIMUM">0.67774999141693</MDI>
      <MDI key="STATISTICS_SKIPFACTORX">1</MDI>
      <MDI key="STATISTICS_SKIPFACTORY">1</MDI>
      <MDI key="STATISTICS_STDDEV">0.049599973196305</MDI>
    </Metadata>
  </PAMRasterBand>
  <PAMRasterBand band="2">
    <Description>Band_2</Description>
    <Histograms>
      <HistItem>
        <HistMin>0.07124999910593033</HistMin>
        <HistMax>0.4697499871253967</HistMax>
        <BucketCount>256</BucketCount>
        <IncludeOutOfRange>1</IncludeOutOfRange>
        <Approximate>0</Approximate>
        <HistCounts>1|1|0|0|0|0|0|0|0|0|0|0|0|0|0|0|0|0|0|0|2|0|0|0|0|0|0|0|0|0|0|0|0|0|0|0|1|0|0|0|0|0|0|0|0|0|0|1|0|0|0|0|1|0|0|0|0|0|0|0|0|0|0|1|0|2|1|1|0|0|0|2|0|0|0|0|0|0|0|0|1|0|0|0|2|0|0|0|0|0|1|3|1|1|0|0|0|1|0|0|3|0|3|0|1|0|0|4|2|0|4|0|0|5|0|1|4|0|1|0|3|0|2|4|0|0|4|4|6|8|8|2|5|3|3|8|4|0|5|9|6|9|15|17|11|11|25|13|14|11|15|26|11|21|24|21|17|28|29|32|35|30|24|35|26|25|20|28|27|24|12|17|32|13|20|24|22|19|20|19|18|20|23|13|11|15|16|13|21|18|14|17|15|13|15|12|16|16|14|11|11|10|6|5|6|11|6|17|9|4|5|6|6|2|8|2|4|0|3|3|0|3|2|5|2|7|5|0|3|3|2|2|1|3|0|0|2|1|0|0|2|2|4|1|0|1|2|0|0|0|0|1|0|0|1|1</HistCounts>
      </HistItem>
    </Histograms>
    <Metadata>
      <MDI key="BandName">Band_2</MDI>
      <MDI key="RepresentationType">ATHEMATIC</MDI>
      <MDI key="STATISTICS_COVARIANCES">0.0004560635416506325,0.001994721878554321,0.001359903966709177</MDI>
      <MDI key="STATISTICS_EXCLUDEDVALUES"></MDI>
      <MDI key="STATISTICS_MAXIMUM">0.4697499871254</MDI>
      <MDI key="STATISTICS_MEAN">0.33704140766931</MDI>
      <MDI key="STATISTICS_MEDIAN">0.333791</MDI>
      <MDI key="STATISTICS_MINIMUM">0.07124999910593</MDI>
      <MDI key="STATISTICS_SKIPFACTORX">1</MDI>
      <MDI key="STATISTICS_SKIPFACTORY">1</MDI>
      <MDI key="STATISTICS_STDDEV">0.044662309373277</MDI>
    </Metadata>
  </PAMRasterBand>
  <PAMRasterBand band="3">
    <Description>Band_3</Description>
    <Histograms>
      <HistItem>
        <HistMin>0.1174999997019768</HistMin>
        <HistMax>0.3844999969005585</HistMax>
        <BucketCount>256</BucketCount>
        <IncludeOutOfRange>1</IncludeOutOfRange>
        <Approximate>0</Approximate>
        <HistCounts>1|0|0|0|0|0|0|0|1|0|0|0|0|0|0|0|0|0|2|0|0|0|0|0|0|0|0|0|0|0|0|0|0|0|1|0|0|0|0|0|0|0|0|0|0|0|1|0|0|1|0|0|0|2|0|0|0|0|0|1|0|2|0|0|0|0|0|0|1|0|3|0|0|0|0|1|0|0|1|0|3|0|0|0|0|0|0|1|1|0|2|0|0|0|2|1|2|2|0|0|1|4|1|4|1|0|0|4|2|2|3|0|4|1|5|4|4|5|4|5|2|5|4|5|3|10|1|9|7|8|8|7|21|19|5|16|18|21|16|29|14|15|22|19|18|28|33|22|22|19|20|33|19|23|21|22|22|24|21|37|19|13|19|16|26|15|14|21|12|22|25|12|6|19|24|17|15|16|15|11|22|15|14|18|15|23|15|5|7|10|12|6|8|14|6|15|12|7|7|7|12|4|4|2|5|7|5|5|9|0|3|1|5|5|0|0|2|6|3|5|3|2|0|1|4|4|0|1|1|1|1|0|2|0|0|3|2|1|4|1|1|0|2|0|1|0|1|0|0|0|0|0|0|0|0|1</HistCounts>
      </HistItem>
    </Histograms>
    <Metadata>
      <MDI key="BandName">Band_3</MDI>
      <MDI key="RepresentationType">ATHEMATIC</MDI>
      <MDI key="STATISTICS_COVARIANCES">0.0004101224458506648,0.001359903966709177,0.0009613846965961068</MDI>
      <MDI key="STATISTICS_EXCLUDEDVALUES"></MDI>
      <MDI key="STATISTICS_MAXIMUM">0.38449999690056</MDI>
      <MDI key="STATISTICS_MEAN">0.2858892339902</MDI>
      <MDI key="STATISTICS_MEDIAN">0.283982</MDI>
      <MDI key="STATISTICS_MINIMUM">0.11749999970198</MDI>
      <MDI key="STATISTICS_SKIPFACTORX">1</MDI>
      <MDI key="STATISTICS_SKIPFACTORY">1</MDI>
      <MDI key="STATISTICS_STDDEV">0.031006204162975</MDI>
    </Metadata>
  </PAMRasterBand>
</PAMDataset>
