<PAMDataset>
  <Metadata>
    <MDI key="DataType">Generic</MDI>
  </Metadata>
  <PAMRasterBand band="1">
    <Description>Band_1</Description>
    <Histograms>
      <HistItem>
        <HistMin>0.6729999780654907</HistMin>
        <HistMax>0.9380185008049011</HistMax>
        <BucketCount>256</BucketCount>
        <IncludeOutOfRange>1</IncludeOutOfRange>
        <Approximate>0</Approximate>
        <HistCounts>1|0|0|0|0|0|0|0|0|0|0|0|0|0|0|0|0|1|0|0|1|0|0|0|0|0|0|0|0|0|0|0|0|0|0|0|0|0|1|0|0|0|0|0|1|0|0|0|0|0|1|1|0|0|0|0|0|0|0|0|0|1|0|2|0|0|0|1|0|0|0|0|0|2|0|0|0|0|1|0|0|0|0|1|0|0|0|1|2|3|1|4|0|3|8|5|1|4|3|1|1|2|6|1|5|6|6|3|2|4|5|3|2|7|6|9|6|7|16|19|11|18|12|13|8|14|14|12|11|9|8|13|16|10|12|10|6|8|10|7|9|15|16|9|5|14|7|4|9|8|10|6|10|13|11|8|14|7|13|12|7|3|8|6|3|10|5|12|7|11|9|8|8|3|4|0|5|4|4|4|2|1|0|2|5|6|2|4|8|8|8|8|5|4|2|0|1|3|1|6|5|2|3|2|4|2|3|1|4|2|6|0|2|2|0|4|1|1|0|6|3|0|10|0|0|2|1|0|4|0|2|4|0|2|1|3|2|4|18|21|12|13|12|8|7|7|5|1|2|2|0|0|3|0|0|1</HistCounts>
      </HistItem>
    </Histograms>
    <Metadata>
      <MDI key="BandName">Band_1</MDI>
      <MDI key="RepresentationType">ATHEMATIC</MDI>
      <MDI key="STATISTICS_COVARIANCES">0.002182117763694519,-0.00113823840241352,-0.0005522922287016808</MDI>
      <MDI key="STATISTICS_EXCLUDEDVALUES"></MDI>
      <MDI key="STATISTICS_MAXIMUM">0.9380185008049</MDI>
      <MDI key="STATISTICS_MEAN">0.83866344625036</MDI>
      <MDI key="STATISTICS_MEDIAN">0.828893</MDI>
      <MDI key="STATISTICS_MINIMUM">0.67299997806549</MDI>
      <MDI key="STATISTICS_SKIPFACTORX">1</MDI>
      <MDI key="STATISTICS_SKIPFACTORY">1</MDI>
      <MDI key="STATISTICS_STDDEV">0.046713143372016</MDI>
    </Metadata>
  </PAMRasterBand>
  <PAMRasterBand band="2">
    <Description>Band_2</Description>
    <Histograms>
      <HistItem>
        <HistMin>0.09224999696016312</HistMin>
        <HistMax>0.3717499971389771</HistMax>
        <BucketCount>256</BucketCount>
        <IncludeOutOfRange>1</IncludeOutOfRange>
        <Approximate>0</Approximate>
        <HistCounts>2|0|0|0|2|0|1|0|0|1|0|2|0|0|0|0|2|0|0|1|1|0|1|7|1|0|5|1|0|0|0|1|0|0|4|0|1|1|0|0|0|0|2|0|0|1|0|1|0|1|2|0|2|0|7|0|2|2|2|2|0|0|1|3|0|2|0|2|0|1|1|0|2|3|2|0|0|1|0|3|4|0|0|1|3|0|3|0|1|0|1|1|3|4|2|0|0|1|2|2|2|4|0|3|6|0|2|0|5|2|5|4|1|6|4|6|3|4|5|2|4|8|0|1|0|4|3|4|2|5|2|7|8|6|4|7|7|5|7|7|8|8|6|11|7|8|10|3|14|6|13|23|12|12|11|7|19|18|14|20|13|8|8|21|12|14|21|9|21|23|9|6|3|7|10|11|13|10|19|10|8|6|11|8|17|9|13|4|10|11|6|9|7|5|9|13|1|5|2|4|9|4|5|4|7|3|4|3|1|0|4|2|2|2|1|3|1|3|1|5|1|2|1|6|1|1|0|0|2|0|0|0|0|1|0|1|1|1|0|2|0|0|0|0|0|0|0|0|0|0|0|2|0|0|1|1</HistCounts>
      </HistItem>
    </Histograms>
    <Metadata>
      <MDI key="BandName">Band_2</MDI>
      <MDI key="RepresentationType">ATHEMATIC</MDI>
      <MDI key="STATISTICS_COVARIANCES">-0.00113823840241352,0.002294516626847014,0.001213282339819472</MDI>
      <MDI key="STATISTICS_EXCLUDEDVALUES"></MDI>
      <MDI key="STATISTICS_MAXIMUM">0.37174999713898</MDI>
      <MDI key="STATISTICS_MEAN">0.25983772809196</MDI>
      <MDI key="STATISTICS_MEDIAN">0.267623</MDI>
      <MDI key="STATISTICS_MINIMUM">0.092249996960163</MDI>
      <MDI key="STATISTICS_SKIPFACTORX">1</MDI>
      <MDI key="STATISTICS_SKIPFACTORY">1</MDI>
      <MDI key="STATISTICS_STDDEV">0.047901113002174</MDI>
    </Metadata>
  </PAMRasterBand>
  <PAMRasterBand band="3">
    <Description>Band_3</Description>
    <Histograms>
      <HistItem>
        <HistMin>0.1515000015497208</HistMin>
        <HistMax>0.3097499907016754</HistMax>
        <BucketCount>256</BucketCount>
        <IncludeOutOfRange>1</IncludeOutOfRange>
        <Approximate>0</Approximate>
        <HistCounts>2|0|0|0|0|0|0|0|0|0|0|0|4|2|0|0|3|0|0|0|1|0|2|2|0|1|1|0|0|2|0|1|0|0|0|1|4|1|0|1|0|0|0|1|0|0|0|2|1|0|0|0|0|0|0|4|3|0|4|0|0|2|1|4|2|1|3|0|2|0|3|2|2|0|1|0|2|0|1|1|0|1|3|0|0|0|3|2|0|2|0|2|1|3|4|3|1|1|4|2|3|0|0|4|0|0|1|4|3|4|0|1|3|3|6|6|4|1|5|5|8|4|2|4|6|1|4|6|4|0|5|7|8|7|4|10|13|2|9|6|19|1|6|13|8|11|14|5|6|15|7|12|6|14|13|21|3|8|22|24|13|11|12|32|8|31|8|8|7|13|18|6|13|9|8|3|19|12|12|12|18|7|13|8|8|4|17|6|11|3|18|2|6|3|9|8|6|3|7|5|2|5|6|2|2|5|4|1|4|5|2|0|1|0|2|5|0|3|0|3|2|0|4|1|2|2|0|0|1|1|0|1|0|1|1|0|0|1|1|2|0|0|0|0|0|0|2|0|0|0|0|0|0|0|0|2</HistCounts>
      </HistItem>
    </Histograms>
    <Metadata>
      <MDI key="BandName">Band_3</MDI>
      <MDI key="RepresentationType">ATHEMATIC</MDI>
      <MDI key="STATISTICS_COVARIANCES">-0.0005522922287016808,0.001213282339819472,0.0006607618858161829</MDI>
      <MDI key="STATISTICS_EXCLUDEDVALUES"></MDI>
      <MDI key="STATISTICS_MAXIMUM">0.30974999070168</MDI>
      <MDI key="STATISTICS_MEAN">0.24667368199049</MDI>
      <MDI key="STATISTICS_MEDIAN">0.250174</MDI>
      <MDI key="STATISTICS_MINIMUM">0.15150000154972</MDI>
      <MDI key="STATISTICS_SKIPFACTORX">1</MDI>
      <MDI key="STATISTICS_SKIPFACTORY">1</MDI>
      <MDI key="STATISTICS_STDDEV">0.025705289063074</MDI>
    </Metadata>
  </PAMRasterBand>
</PAMDataset>
