<PAMDataset>
  <Metadata>
    <MDI key="DataType">Generic</MDI>
  </Metadata>
  <PAMRasterBand band="1">
    <Description>Band_1</Description>
    <Histograms>
      <HistItem>
        <HistMin>0.6700000166893005</HistMin>
        <HistMax>0.9281666874885559</HistMax>
        <BucketCount>256</BucketCount>
        <IncludeOutOfRange>1</IncludeOutOfRange>
        <Approximate>0</Approximate>
        <HistCounts>2|0|0|0|0|0|0|1|0|0|0|0|0|1|2|2|5|2|4|2|4|4|10|6|7|8|7|0|3|2|5|8|6|6|10|6|9|15|15|6|13|14|3|17|11|22|13|13|4|8|18|22|9|13|16|8|11|14|11|11|13|26|16|13|21|13|10|6|11|8|1|12|11|8|8|10|7|9|4|7|4|8|9|5|6|6|10|6|6|5|6|5|2|2|9|5|7|11|0|6|16|9|5|12|14|5|12|9|13|17|14|20|12|22|14|23|14|13|26|19|19|14|17|8|8|10|14|18|16|12|9|12|11|10|7|8|9|7|12|16|6|9|3|7|5|5|6|10|2|5|0|3|3|5|1|3|6|4|3|4|0|7|0|3|3|4|0|0|0|0|2|3|2|0|1|1|1|4|2|1|0|2|0|2|2|0|2|0|0|0|0|2|0|0|1|0|0|0|1|0|0|3|0|1|0|0|1|0|0|0|0|0|0|1|0|1|0|0|2|0|1|0|0|2|0|0|0|0|0|1|0|0|0|0|1|0|0|0|2|0|0|0|1|0|2|0|0|1|3|3|0|0|0|0|0|2</HistCounts>
      </HistItem>
    </Histograms>
    <Metadata>
      <MDI key="BandName">Band_1</MDI>
      <MDI key="RepresentationType">ATHEMATIC</MDI>
      <MDI key="STATISTICS_COVARIANCES">0.002031610698258151,-0.0003093675104189553,-4.565637774135681e-05</MDI>
      <MDI key="STATISTICS_EXCLUDEDVALUES"></MDI>
      <MDI key="STATISTICS_MAXIMUM">0.92816668748856</MDI>
      <MDI key="STATISTICS_MEAN">0.76407628680842</MDI>
      <MDI key="STATISTICS_MEDIAN">0.766180</MDI>
      <MDI key="STATISTICS_MINIMUM">0.6700000166893</MDI>
      <MDI key="STATISTICS_SKIPFACTORX">1</MDI>
      <MDI key="STATISTICS_SKIPFACTORY">1</MDI>
      <MDI key="STATISTICS_STDDEV">0.045073392353562</MDI>
    </Metadata>
  </PAMRasterBand>
  <PAMRasterBand band="2">
    <Description>Band_2</Description>
    <Histograms>
      <HistItem>
        <HistMin>0.1417499929666519</HistMin>
        <HistMax>0.4627499878406525</HistMax>
        <BucketCount>256</BucketCount>
        <IncludeOutOfRange>1</IncludeOutOfRange>
        <Approximate>0</Approximate>
        <HistCounts>3|0|0|0|0|0|0|0|0|0|0|0|0|0|0|0|0|0|0|0|0|0|0|2|0|0|0|0|0|2|0|1|0|1|0|1|0|0|0|0|0|2|0|0|0|0|0|2|1|0|0|0|5|0|1|0|1|0|2|0|1|0|2|0|5|1|1|1|7|4|4|2|2|5|6|2|0|11|1|4|3|4|6|2|12|18|5|20|20|17|14|32|19|34|35|41|36|45|18|17|25|45|24|34|34|24|34|30|39|23|28|37|25|43|33|39|30|32|21|30|21|32|17|17|27|19|7|10|11|16|12|10|5|8|8|11|7|0|3|7|10|11|3|3|0|0|2|4|4|0|4|4|0|0|4|0|2|2|0|2|2|0|2|1|0|0|2|0|0|0|1|0|0|0|0|0|1|0|1|0|0|0|0|0|1|0|0|0|0|1|0|1|0|0|0|0|0|2|0|0|0|0|0|0|0|0|0|0|0|0|0|0|0|0|0|0|0|0|0|0|0|0|0|0|0|0|0|0|0|1|0|0|0|0|0|0|0|0|0|0|0|0|0|0|0|0|0|0|0|0|0|0|0|0|0|1</HistCounts>
      </HistItem>
    </Histograms>
    <Metadata>
      <MDI key="BandName">Band_2</MDI>
      <MDI key="RepresentationType">ATHEMATIC</MDI>
      <MDI key="STATISTICS_COVARIANCES">-0.0003093675104189553,0.0006800648590827783,0.0003752977877478311</MDI>
      <MDI key="STATISTICS_EXCLUDEDVALUES"></MDI>
      <MDI key="STATISTICS_MAXIMUM">0.46274998784065</MDI>
      <MDI key="STATISTICS_MEAN">0.27729175423593</MDI>
      <MDI key="STATISTICS_MEDIAN">0.276444</MDI>
      <MDI key="STATISTICS_MINIMUM">0.14174999296665</MDI>
      <MDI key="STATISTICS_SKIPFACTORX">1</MDI>
      <MDI key="STATISTICS_SKIPFACTORY">1</MDI>
      <MDI key="STATISTICS_STDDEV">0.0260780532073</MDI>
    </Metadata>
  </PAMRasterBand>
  <PAMRasterBand band="3">
    <Description>Band_3</Description>
    <Histograms>
      <HistItem>
        <HistMin>0.1912499964237213</HistMin>
        <HistMax>0.3989999890327454</HistMax>
        <BucketCount>256</BucketCount>
        <IncludeOutOfRange>1</IncludeOutOfRange>
        <Approximate>0</Approximate>
        <HistCounts>1|0|0|0|0|0|0|0|0|2|0|0|0|0|0|0|0|0|0|2|0|0|0|1|1|2|1|0|2|0|1|1|0|3|1|2|3|0|0|1|0|2|2|3|3|6|6|9|2|4|9|5|13|12|15|15|18|41|29|19|30|41|36|33|32|55|26|21|50|44|27|19|41|28|32|26|35|46|35|24|29|27|35|40|31|35|23|29|25|22|9|15|23|10|12|6|11|10|13|9|9|11|3|4|6|5|6|9|1|3|3|4|4|2|1|0|2|2|2|1|4|1|0|4|0|0|1|1|0|0|0|2|0|0|0|0|1|0|0|0|0|0|0|0|1|0|0|0|0|2|0|0|0|0|0|0|0|0|0|0|0|0|0|0|0|1|0|0|0|0|0|0|0|0|0|0|0|0|0|0|0|0|0|0|0|0|0|0|0|0|0|0|0|0|0|0|0|0|0|0|0|1|0|0|0|0|0|0|0|0|0|0|0|0|0|0|0|0|0|0|0|0|0|0|0|0|0|0|0|0|0|0|0|0|0|0|0|0|0|0|0|0|0|0|0|0|0|0|0|1|0|0|0|0|0|1</HistCounts>
      </HistItem>
    </Histograms>
    <Metadata>
      <MDI key="BandName">Band_3</MDI>
      <MDI key="RepresentationType">ATHEMATIC</MDI>
      <MDI key="STATISTICS_COVARIANCES">-4.565637774135681e-05,0.0003752977877478311,0.000226919045908441</MDI>
      <MDI key="STATISTICS_EXCLUDEDVALUES"></MDI>
      <MDI key="STATISTICS_MAXIMUM">0.39899998903275</MDI>
      <MDI key="STATISTICS_MEAN">0.25241002815325</MDI>
      <MDI key="STATISTICS_MEDIAN">0.250724</MDI>
      <MDI key="STATISTICS_MINIMUM">0.19124999642372</MDI>
      <MDI key="STATISTICS_SKIPFACTORX">1</MDI>
      <MDI key="STATISTICS_SKIPFACTORY">1</MDI>
      <MDI key="STATISTICS_STDDEV">0.015063832377866</MDI>
    </Metadata>
  </PAMRasterBand>
</PAMDataset>
