<PAMDataset>
  <Metadata>
    <MDI key="DataType">Generic</MDI>
  </Metadata>
  <PAMRasterBand band="1">
    <Description>Band_1</Description>
    <Histograms>
      <HistItem>
        <HistMin>0.1445000022649765</HistMin>
        <HistMax>0.9409074187278748</HistMax>
        <BucketCount>256</BucketCount>
        <IncludeOutOfRange>1</IncludeOutOfRange>
        <Approximate>0</Approximate>
        <HistCounts>1|0|0|0|0|0|0|0|0|0|0|0|0|0|0|0|0|0|0|0|0|0|0|0|1|0|0|0|0|0|0|0|0|0|0|0|0|0|0|0|0|0|0|0|0|0|0|0|0|0|0|0|0|0|0|0|0|0|0|0|0|0|0|0|0|0|0|0|0|0|0|0|0|0|0|0|0|0|0|0|0|0|0|0|0|0|0|0|0|0|0|0|0|0|0|0|0|0|0|1|0|0|0|0|0|0|0|0|0|0|0|0|0|0|0|0|1|0|0|0|0|0|0|1|0|0|0|0|0|0|0|0|0|0|0|0|0|0|0|0|0|0|0|0|0|0|0|0|0|0|0|0|0|0|0|0|0|0|0|0|0|0|0|0|0|0|0|0|0|0|0|0|0|1|0|0|0|0|0|0|0|0|0|0|0|0|0|0|0|0|0|2|0|0|1|2|2|0|0|3|1|3|4|2|5|1|2|4|3|3|1|5|5|4|2|11|7|10|8|8|17|7|15|11|17|26|12|15|20|15|22|30|24|22|32|27|22|33|45|35|32|16|38|35|17|31|38|30|184|151|39|13|1|0|0|1</HistCounts>
      </HistItem>
    </Histograms>
    <Metadata>
      <MDI key="BandName">Band_1</MDI>
      <MDI key="RepresentationType">ATHEMATIC</MDI>
      <MDI key="STATISTICS_COVARIANCES">0.002660238876147447,0.0006985469651957882,0.0006031577173861941</MDI>
      <MDI key="STATISTICS_EXCLUDEDVALUES"></MDI>
      <MDI key="STATISTICS_MAXIMUM">0.94090741872787</MDI>
      <MDI key="STATISTICS_MEAN">0.88660301608373</MDI>
      <MDI key="STATISTICS_MEDIAN">0.897183</MDI>
      <MDI key="STATISTICS_MINIMUM">0.14450000226498</MDI>
      <MDI key="STATISTICS_SKIPFACTORX">1</MDI>
      <MDI key="STATISTICS_SKIPFACTORY">1</MDI>
      <MDI key="STATISTICS_STDDEV">0.051577503585841</MDI>
    </Metadata>
  </PAMRasterBand>
  <PAMRasterBand band="2">
    <Description>Band_2</Description>
    <Histograms>
      <HistItem>
        <HistMin>0.0925000011920929</HistMin>
        <HistMax>0.6332499980926514</HistMax>
        <BucketCount>256</BucketCount>
        <IncludeOutOfRange>1</IncludeOutOfRange>
        <Approximate>0</Approximate>
        <HistCounts>1|0|1|0|1|0|1|0|1|0|0|0|0|0|0|0|0|0|1|0|1|1|0|1|0|0|2|1|0|0|0|0|0|1|2|0|0|0|0|0|0|2|0|3|1|1|0|1|1|2|2|0|0|2|1|3|0|2|0|2|0|0|0|0|0|1|0|10|0|0|0|3|0|1|3|1|2|2|3|1|0|6|2|1|1|0|0|11|1|0|0|4|2|0|5|3|1|6|5|2|0|5|1|7|3|5|4|4|1|5|1|4|6|6|9|3|5|1|10|11|8|11|13|3|7|6|9|12|12|6|10|8|11|12|5|13|9|9|5|10|15|5|12|12|7|5|5|14|4|13|9|14|15|18|21|9|14|15|8|6|10|11|9|13|12|12|14|5|11|9|19|6|9|11|14|22|11|9|14|8|11|17|12|8|8|11|3|13|6|10|9|8|15|9|10|7|12|14|7|8|17|11|4|10|7|7|3|6|2|3|5|11|5|5|1|1|1|2|5|5|0|1|3|0|3|0|3|2|0|0|2|0|2|2|0|0|3|0|3|0|0|0|0|0|0|2|0|1|1|0|0|0|2|2|0|2</HistCounts>
      </HistItem>
    </Histograms>
    <Metadata>
      <MDI key="BandName">Band_2</MDI>
      <MDI key="RepresentationType">ATHEMATIC</MDI>
      <MDI key="STATISTICS_COVARIANCES">0.0006985469651957882,0.007894546864298004,0.004662251893132557</MDI>
      <MDI key="STATISTICS_EXCLUDEDVALUES"></MDI>
      <MDI key="STATISTICS_MAXIMUM">0.63324999809265</MDI>
      <MDI key="STATISTICS_MEAN">0.42065237625067</MDI>
      <MDI key="STATISTICS_MEDIAN">0.425432</MDI>
      <MDI key="STATISTICS_MINIMUM">0.092500001192093</MDI>
      <MDI key="STATISTICS_SKIPFACTORX">1</MDI>
      <MDI key="STATISTICS_SKIPFACTORY">1</MDI>
      <MDI key="STATISTICS_STDDEV">0.088851262592593</MDI>
    </Metadata>
  </PAMRasterBand>
  <PAMRasterBand band="3">
    <Description>Band_3</Description>
    <Histograms>
      <HistItem>
        <HistMin>0.1442500054836273</HistMin>
        <HistMax>0.500249981880188</HistMax>
        <BucketCount>256</BucketCount>
        <IncludeOutOfRange>1</IncludeOutOfRange>
        <Approximate>0</Approximate>
        <HistCounts>1|0|1|0|0|0|0|0|0|1|0|1|0|0|0|0|0|0|0|0|0|0|1|0|0|2|1|0|0|0|1|1|0|2|0|0|0|0|0|0|1|0|0|1|2|0|0|0|0|0|1|0|0|2|2|2|1|0|1|2|2|0|1|1|0|0|2|1|2|0|0|0|2|2|3|3|8|5|0|1|1|3|1|0|0|1|4|2|3|3|0|3|1|2|4|2|2|5|1|4|4|4|5|6|2|4|6|5|3|6|3|7|5|3|6|4|12|12|17|12|16|16|9|7|6|9|6|9|12|12|12|11|6|7|17|16|8|14|6|12|9|3|6|20|19|12|18|14|11|6|14|16|13|14|12|16|10|15|11|9|16|16|16|12|14|17|8|12|10|13|12|8|13|7|14|9|17|15|11|9|6|13|10|8|15|5|12|10|9|7|9|11|1|8|4|14|8|10|6|2|1|4|3|4|1|7|1|3|0|1|0|4|3|4|2|1|2|3|2|0|0|0|3|0|0|0|2|5|0|1|2|0|2|2|0|0|1|0|0|0|0|0|2|0|0|0|0|0|3|0|0|1|0|2|0|2</HistCounts>
      </HistItem>
    </Histograms>
    <Metadata>
      <MDI key="BandName">Band_3</MDI>
      <MDI key="RepresentationType">ATHEMATIC</MDI>
      <MDI key="STATISTICS_COVARIANCES">0.0006031577173861941,0.004662251893132557,0.002829674798565108</MDI>
      <MDI key="STATISTICS_EXCLUDEDVALUES"></MDI>
      <MDI key="STATISTICS_MAXIMUM">0.50024998188019</MDI>
      <MDI key="STATISTICS_MEAN">0.35323853979238</MDI>
      <MDI key="STATISTICS_MEDIAN">0.356454</MDI>
      <MDI key="STATISTICS_MINIMUM">0.14425000548363</MDI>
      <MDI key="STATISTICS_SKIPFACTORX">1</MDI>
      <MDI key="STATISTICS_SKIPFACTORY">1</MDI>
      <MDI key="STATISTICS_STDDEV">0.053194687691208</MDI>
    </Metadata>
  </PAMRasterBand>
</PAMDataset>
