<PAMDataset>
  <Metadata>
    <MDI key="DataType">Generic</MDI>
  </Metadata>
  <PAMRasterBand band="1">
    <Description>Band_1</Description>
    <Histograms>
      <HistItem>
        <HistMin>0.5277500152587891</HistMin>
        <HistMax>0.9257592558860779</HistMax>
        <BucketCount>256</BucketCount>
        <IncludeOutOfRange>1</IncludeOutOfRange>
        <Approximate>0</Approximate>
        <HistCounts>1|0|0|0|0|0|0|0|0|0|0|0|0|0|0|0|0|0|0|0|0|0|0|0|0|0|0|0|0|0|0|0|0|0|0|0|0|0|1|0|0|0|0|0|0|0|3|0|0|0|0|0|0|0|0|0|0|0|0|4|1|0|1|2|0|0|0|1|1|1|0|1|0|0|2|0|0|0|2|0|0|0|0|0|1|4|5|2|3|1|2|3|0|1|5|0|0|2|9|0|2|4|5|6|6|11|2|4|6|5|8|10|7|14|5|12|10|13|10|13|11|11|3|11|10|13|13|10|13|15|12|18|16|19|12|27|18|26|16|24|33|14|29|20|42|17|12|17|23|12|14|22|9|8|11|11|4|9|12|6|4|3|6|5|5|1|3|10|3|2|3|8|0|4|1|2|3|2|3|5|6|6|3|2|1|1|4|8|2|7|3|8|2|9|7|5|2|4|3|3|3|2|7|1|5|2|1|7|7|7|10|11|0|7|6|5|5|1|1|5|0|12|10|5|2|5|9|8|3|3|5|6|5|5|3|4|3|3|6|3|4|0|5|4|2|5|7|2|1|4|8|33|27|23|3|2</HistCounts>
      </HistItem>
    </Histograms>
    <Metadata>
      <MDI key="BandName">Band_1</MDI>
      <MDI key="RepresentationType">ATHEMATIC</MDI>
      <MDI key="STATISTICS_COVARIANCES">0.005418611221045275,-0.004855138600764711,-0.002767916202491825</MDI>
      <MDI key="STATISTICS_EXCLUDEDVALUES"></MDI>
      <MDI key="STATISTICS_MAXIMUM">0.92575925588608</MDI>
      <MDI key="STATISTICS_MEAN">0.77998169281307</MDI>
      <MDI key="STATISTICS_MEDIAN">0.754069</MDI>
      <MDI key="STATISTICS_MINIMUM">0.52775001525879</MDI>
      <MDI key="STATISTICS_SKIPFACTORX">1</MDI>
      <MDI key="STATISTICS_SKIPFACTORY">1</MDI>
      <MDI key="STATISTICS_STDDEV">0.073611216679561</MDI>
    </Metadata>
  </PAMRasterBand>
  <PAMRasterBand band="2">
    <Description>Band_2</Description>
    <Histograms>
      <HistItem>
        <HistMin>0.1075000017881393</HistMin>
        <HistMax>0.3847500085830688</HistMax>
        <BucketCount>256</BucketCount>
        <IncludeOutOfRange>1</IncludeOutOfRange>
        <Approximate>0</Approximate>
        <HistCounts>2|0|0|2|0|1|1|3|6|4|7|3|4|7|10|8|10|14|12|7|14|7|19|21|19|17|16|20|15|18|13|24|16|21|21|9|12|17|11|10|16|4|5|11|3|6|5|4|2|1|3|7|7|0|7|11|4|1|6|2|2|0|5|4|0|4|1|0|0|0|3|0|0|2|2|1|1|3|0|2|1|2|6|0|0|1|4|3|0|1|0|2|0|0|2|7|0|1|1|1|2|0|1|0|0|0|3|0|1|0|1|1|3|1|0|3|0|0|4|0|3|0|6|2|0|4|1|5|0|0|0|1|0|2|0|1|0|0|0|0|0|0|2|0|0|1|0|1|2|0|0|0|0|1|0|0|0|1|0|0|2|1|3|5|0|0|1|1|0|0|0|0|2|1|0|0|0|1|4|0|1|0|4|0|2|4|1|0|2|5|7|5|0|5|6|4|4|3|4|8|4|8|5|4|8|5|9|12|10|14|8|15|15|20|11|16|13|20|19|13|15|16|11|11|19|16|23|12|13|19|22|13|17|17|10|11|13|18|6|6|11|15|5|7|5|5|7|2|2|4|4|1|2|1|1|1</HistCounts>
      </HistItem>
    </Histograms>
    <Metadata>
      <MDI key="BandName">Band_2</MDI>
      <MDI key="RepresentationType">ATHEMATIC</MDI>
      <MDI key="STATISTICS_COVARIANCES">-0.004855138600764711,0.009968691325267379,0.005776344287234729</MDI>
      <MDI key="STATISTICS_EXCLUDEDVALUES"></MDI>
      <MDI key="STATISTICS_MAXIMUM">0.38475000858307</MDI>
      <MDI key="STATISTICS_MEAN">0.25281605954956</MDI>
      <MDI key="STATISTICS_MEDIAN">0.299944</MDI>
      <MDI key="STATISTICS_MINIMUM">0.10750000178814</MDI>
      <MDI key="STATISTICS_SKIPFACTORX">1</MDI>
      <MDI key="STATISTICS_SKIPFACTORY">1</MDI>
      <MDI key="STATISTICS_STDDEV">0.09984333390501</MDI>
    </Metadata>
  </PAMRasterBand>
  <PAMRasterBand band="3">
    <Description>Band_3</Description>
    <Histograms>
      <HistItem>
        <HistMin>0.1465000063180923</HistMin>
        <HistMax>0.3162499964237213</HistMax>
        <BucketCount>256</BucketCount>
        <IncludeOutOfRange>1</IncludeOutOfRange>
        <Approximate>0</Approximate>
        <HistCounts>2|0|0|2|1|3|7|5|1|4|6|4|10|7|8|19|9|6|6|16|10|18|13|8|11|15|10|18|9|1|8|6|3|4|3|5|6|5|0|7|3|4|5|1|4|6|6|4|6|10|5|8|15|14|11|22|7|14|12|9|8|14|5|9|6|5|1|15|9|4|4|4|6|4|4|6|7|0|0|0|0|0|0|0|1|3|4|2|1|1|0|0|5|0|0|2|2|4|1|3|0|1|3|0|2|1|8|0|0|2|0|0|3|2|2|0|0|5|0|0|0|0|0|3|4|3|1|2|2|1|0|0|2|2|0|0|1|1|2|0|0|2|0|0|0|0|0|0|0|1|1|0|0|0|0|0|2|0|0|0|1|0|4|0|2|0|0|1|1|1|0|1|1|1|0|2|3|1|3|4|2|1|6|1|3|0|2|3|8|3|6|5|1|3|2|10|11|3|3|3|8|10|13|10|4|15|15|14|7|21|9|15|11|7|29|19|14|9|18|17|13|21|6|20|12|9|21|26|5|9|16|14|13|13|5|15|16|2|13|11|2|4|6|5|7|4|2|5|2|1|4|2|0|3|1|1</HistCounts>
      </HistItem>
    </Histograms>
    <Metadata>
      <MDI key="BandName">Band_3</MDI>
      <MDI key="RepresentationType">ATHEMATIC</MDI>
      <MDI key="STATISTICS_COVARIANCES">-0.002767916202491825,0.005776344287234729,0.003379029371772376</MDI>
      <MDI key="STATISTICS_EXCLUDEDVALUES"></MDI>
      <MDI key="STATISTICS_MAXIMUM">0.31624999642372</MDI>
      <MDI key="STATISTICS_MEAN">0.23680656799875</MDI>
      <MDI key="STATISTICS_MEDIAN">0.263661</MDI>
      <MDI key="STATISTICS_MINIMUM">0.14650000631809</MDI>
      <MDI key="STATISTICS_SKIPFACTORX">1</MDI>
      <MDI key="STATISTICS_SKIPFACTORY">1</MDI>
      <MDI key="STATISTICS_STDDEV">0.058129419159083</MDI>
    </Metadata>
  </PAMRasterBand>
</PAMDataset>
