<PAMDataset>
  <Metadata>
    <MDI key="DataType">Generic</MDI>
  </Metadata>
  <PAMRasterBand band="1">
    <Description>Band_1</Description>
    <Histograms>
      <HistItem>
        <HistMin>0.6635000109672546</HistMin>
        <HistMax>0.9386110901832581</HistMax>
        <BucketCount>256</BucketCount>
        <IncludeOutOfRange>1</IncludeOutOfRange>
        <Approximate>0</Approximate>
        <HistCounts>2|0|0|0|0|0|0|1|0|0|0|0|0|0|0|0|0|0|0|0|0|0|0|0|0|0|0|0|0|0|0|0|0|0|0|1|0|0|0|0|0|0|0|0|0|0|1|0|2|0|2|1|0|0|3|0|0|0|0|1|1|0|1|0|0|1|1|2|2|2|0|1|2|1|2|0|0|0|0|0|0|1|0|5|0|2|2|1|2|5|0|0|2|6|1|1|4|1|2|0|4|2|2|1|0|1|2|1|3|0|3|2|3|2|11|1|1|2|2|4|5|3|3|2|4|2|6|3|5|0|4|0|3|2|3|10|0|6|2|2|1|4|6|6|0|10|5|4|7|1|4|2|2|4|1|8|4|11|4|5|3|2|4|4|4|5|9|7|7|6|2|2|16|12|7|10|4|2|7|6|3|3|6|4|11|6|4|6|12|12|6|4|3|6|15|6|8|5|5|5|10|9|11|6|7|6|7|3|13|8|6|3|8|7|6|5|3|8|6|5|7|19|11|10|2|9|5|10|16|18|6|11|7|14|8|7|17|28|131|133|128|80|41|26|4|4|3|1|0|0|0|0|0|0|0|1</HistCounts>
      </HistItem>
    </Histograms>
    <Metadata>
      <MDI key="BandName">Band_1</MDI>
      <MDI key="RepresentationType">ATHEMATIC</MDI>
      <MDI key="STATISTICS_COVARIANCES">0.002632964484229326,0.0003081969202066765,0.0002981977997115709</MDI>
      <MDI key="STATISTICS_EXCLUDEDVALUES"></MDI>
      <MDI key="STATISTICS_MAXIMUM">0.93861109018326</MDI>
      <MDI key="STATISTICS_MEAN">0.88206618224754</MDI>
      <MDI key="STATISTICS_MEDIAN">0.906245</MDI>
      <MDI key="STATISTICS_MINIMUM">0.66350001096725</MDI>
      <MDI key="STATISTICS_SKIPFACTORX">1</MDI>
      <MDI key="STATISTICS_SKIPFACTORY">1</MDI>
      <MDI key="STATISTICS_STDDEV">0.051312420370017</MDI>
    </Metadata>
  </PAMRasterBand>
  <PAMRasterBand band="2">
    <Description>Band_2</Description>
    <Histograms>
      <HistItem>
        <HistMin>0.1120000034570694</HistMin>
        <HistMax>0.8482499718666077</HistMax>
        <BucketCount>256</BucketCount>
        <IncludeOutOfRange>1</IncludeOutOfRange>
        <Approximate>0</Approximate>
        <HistCounts>1|1|0|0|1|0|0|0|1|2|2|1|1|1|1|0|0|0|0|0|1|3|3|1|0|0|1|1|3|3|1|2|0|4|6|3|6|1|0|0|3|2|2|1|2|3|6|4|7|9|15|29|20|36|37|48|42|64|61|72|61|68|90|97|67|54|47|48|33|41|36|13|14|20|14|17|13|16|17|9|6|11|4|8|3|6|4|8|2|6|7|3|2|1|2|4|3|2|3|2|0|1|4|0|0|2|4|4|0|1|0|0|0|2|1|2|0|0|0|2|1|1|0|0|0|0|1|2|2|0|0|0|0|0|0|0|0|0|0|0|0|0|0|0|0|0|0|0|0|0|0|1|0|0|0|0|0|0|0|0|0|0|0|0|0|0|0|0|0|0|0|0|0|0|0|0|0|0|0|0|0|0|0|0|0|0|0|0|0|0|0|0|0|0|0|0|0|0|0|0|1|0|0|0|0|0|0|0|0|0|0|0|0|0|0|0|0|0|0|0|0|0|0|0|0|0|0|0|0|0|0|0|0|0|0|0|0|0|0|0|0|0|0|0|0|0|0|0|0|0|0|0|0|0|0|1</HistCounts>
      </HistItem>
    </Histograms>
    <Metadata>
      <MDI key="BandName">Band_2</MDI>
      <MDI key="RepresentationType">ATHEMATIC</MDI>
      <MDI key="STATISTICS_COVARIANCES">0.0003081969202066765,0.001976591596499458,0.001284190399898303</MDI>
      <MDI key="STATISTICS_EXCLUDEDVALUES"></MDI>
      <MDI key="STATISTICS_MAXIMUM">0.84824997186661</MDI>
      <MDI key="STATISTICS_MEAN">0.2966531226775</MDI>
      <MDI key="STATISTICS_MEDIAN">0.291010</MDI>
      <MDI key="STATISTICS_MINIMUM">0.11200000345707</MDI>
      <MDI key="STATISTICS_SKIPFACTORX">1</MDI>
      <MDI key="STATISTICS_SKIPFACTORY">1</MDI>
      <MDI key="STATISTICS_STDDEV">0.04445887534002</MDI>
    </Metadata>
  </PAMRasterBand>
  <PAMRasterBand band="3">
    <Description>Band_3</Description>
    <Histograms>
      <HistItem>
        <HistMin>0.1552499979734421</HistMin>
        <HistMax>0.7419999837875366</HistMax>
        <BucketCount>256</BucketCount>
        <IncludeOutOfRange>1</IncludeOutOfRange>
        <Approximate>0</Approximate>
        <HistCounts>2|0|0|0|1|1|1|0|2|0|1|2|1|0|1|3|4|2|4|0|7|6|1|3|0|1|2|7|2|5|2|6|5|11|12|12|36|21|37|48|61|64|81|84|104|80|87|76|65|67|53|41|34|35|21|26|19|12|15|12|11|13|11|13|9|6|4|6|2|1|3|3|0|4|2|2|1|3|5|0|3|1|4|1|0|0|2|1|0|2|0|2|1|0|0|0|0|0|0|0|1|0|0|0|0|0|0|0|0|0|0|0|1|0|0|0|0|0|0|0|0|0|0|0|0|0|0|0|0|2|0|0|0|0|0|0|0|0|0|0|1|0|0|0|0|0|0|0|0|0|0|0|0|0|0|0|1|0|0|0|0|0|0|0|0|0|0|0|0|0|0|0|0|0|0|0|0|0|0|0|0|0|0|0|0|0|0|0|0|0|0|0|0|0|0|0|0|0|0|0|0|0|0|0|0|0|0|0|0|0|0|0|0|0|0|0|0|0|0|0|0|0|0|0|0|0|0|0|0|0|0|0|0|0|0|0|0|0|0|0|0|0|0|0|0|0|0|0|0|0|0|0|0|0|0|1</HistCounts>
      </HistItem>
    </Histograms>
    <Metadata>
      <MDI key="BandName">Band_3</MDI>
      <MDI key="RepresentationType">ATHEMATIC</MDI>
      <MDI key="STATISTICS_COVARIANCES">0.0002981977997115709,0.001284190399898303,0.0008988109889415462</MDI>
      <MDI key="STATISTICS_EXCLUDEDVALUES"></MDI>
      <MDI key="STATISTICS_MAXIMUM">0.74199998378754</MDI>
      <MDI key="STATISTICS_MEAN">0.26338537951113</MDI>
      <MDI key="STATISTICS_MEDIAN">0.258794</MDI>
      <MDI key="STATISTICS_MINIMUM">0.15524999797344</MDI>
      <MDI key="STATISTICS_SKIPFACTORX">1</MDI>
      <MDI key="STATISTICS_SKIPFACTORY">1</MDI>
      <MDI key="STATISTICS_STDDEV">0.029980176599572</MDI>
    </Metadata>
  </PAMRasterBand>
</PAMDataset>
