<PAMDataset>
  <Metadata>
    <MDI key="DataType">Generic</MDI>
  </Metadata>
  <PAMRasterBand band="1">
    <Description>Band_1</Description>
    <Histograms>
      <HistItem>
        <HistMin>0.4632500112056732</HistMin>
        <HistMax>0.918749988079071</HistMax>
        <BucketCount>256</BucketCount>
        <IncludeOutOfRange>1</IncludeOutOfRange>
        <Approximate>0</Approximate>
        <HistCounts>1|0|0|0|0|0|0|0|0|0|0|0|0|1|0|1|0|0|0|0|0|2|0|0|1|1|0|2|5|1|0|0|0|3|0|3|4|4|4|1|4|1|6|1|3|6|6|7|4|6|5|4|7|6|4|14|8|8|7|6|7|6|11|21|9|19|10|12|19|16|27|28|28|27|23|24|17|22|27|33|27|47|31|48|36|52|42|43|36|53|46|66|56|39|31|29|48|35|26|20|21|20|16|31|19|31|23|13|19|12|8|10|18|9|6|12|6|2|5|2|2|3|4|3|1|0|0|1|0|0|1|1|0|0|0|0|0|0|0|0|0|0|0|0|0|0|0|0|1|0|0|0|0|0|0|0|0|0|0|3|0|0|0|1|0|1|0|1|1|0|0|0|0|0|1|0|1|0|0|0|0|2|0|0|0|0|0|0|0|1|0|1|0|1|0|0|0|0|0|1|0|1|0|0|0|0|1|1|0|0|0|0|0|0|0|0|0|0|0|0|0|0|0|3|0|0|1|0|0|0|0|0|1|0|0|0|0|0|0|0|0|1|0|0|0|0|0|0|0|0|0|0|0|0|2|1</HistCounts>
      </HistItem>
    </Histograms>
    <Metadata>
      <MDI key="BandName">Band_1</MDI>
      <MDI key="RepresentationType">ATHEMATIC</MDI>
      <MDI key="STATISTICS_COVARIANCES">0.001714615808103499,-0.0001089031414322367,4.094047823893893e-05</MDI>
      <MDI key="STATISTICS_EXCLUDEDVALUES"></MDI>
      <MDI key="STATISTICS_MAXIMUM">0.91874998807907</MDI>
      <MDI key="STATISTICS_MEAN">0.61842803716802</MDI>
      <MDI key="STATISTICS_MEDIAN">0.618656</MDI>
      <MDI key="STATISTICS_MINIMUM">0.46325001120567</MDI>
      <MDI key="STATISTICS_SKIPFACTORX">1</MDI>
      <MDI key="STATISTICS_SKIPFACTORY">1</MDI>
      <MDI key="STATISTICS_STDDEV">0.041407919630229</MDI>
    </Metadata>
  </PAMRasterBand>
  <PAMRasterBand band="2">
    <Description>Band_2</Description>
    <Histograms>
      <HistItem>
        <HistMin>0.09549999982118607</HistMin>
        <HistMax>0.3310000002384186</HistMax>
        <BucketCount>256</BucketCount>
        <IncludeOutOfRange>1</IncludeOutOfRange>
        <Approximate>0</Approximate>
        <HistCounts>2|2|0|0|0|0|0|0|1|0|0|1|0|1|0|0|0|0|0|0|0|0|0|1|0|0|0|0|0|2|2|1|0|0|0|3|1|1|5|1|2|3|0|1|2|1|0|0|0|0|1|0|1|0|0|0|0|1|1|1|0|1|1|3|2|1|0|2|1|1|0|2|3|7|6|5|9|11|5|17|14|20|20|21|24|28|38|48|27|31|31|28|54|55|31|30|29|41|25|33|32|18|42|49|41|55|83|52|51|70|49|27|56|31|40|34|21|19|18|26|15|16|16|11|2|3|3|7|6|1|2|0|0|2|0|1|0|0|0|0|1|1|0|0|2|0|0|0|2|1|2|2|0|0|0|0|0|0|0|2|0|0|0|0|0|0|1|0|0|0|2|0|1|0|2|0|0|0|0|0|0|0|0|0|0|2|0|2|0|0|0|0|0|0|1|1|0|0|0|0|0|0|2|0|0|0|0|0|0|0|0|0|0|0|0|0|0|0|0|0|0|0|0|0|0|0|0|0|0|0|0|0|0|0|0|0|0|0|0|0|0|0|0|0|0|1|0|0|0|0|0|0|0|0|0|1</HistCounts>
      </HistItem>
    </Histograms>
    <Metadata>
      <MDI key="BandName">Band_2</MDI>
      <MDI key="RepresentationType">ATHEMATIC</MDI>
      <MDI key="STATISTICS_COVARIANCES">-0.0001089031414322367,0.0003106654397850627,0.0001789519380808906</MDI>
      <MDI key="STATISTICS_EXCLUDEDVALUES"></MDI>
      <MDI key="STATISTICS_MAXIMUM">0.33100000023842</MDI>
      <MDI key="STATISTICS_MEAN">0.188613853934</MDI>
      <MDI key="STATISTICS_MEDIAN">0.189700</MDI>
      <MDI key="STATISTICS_MINIMUM">0.095499999821186</MDI>
      <MDI key="STATISTICS_SKIPFACTORX">1</MDI>
      <MDI key="STATISTICS_SKIPFACTORY">1</MDI>
      <MDI key="STATISTICS_STDDEV">0.017625703951476</MDI>
    </Metadata>
  </PAMRasterBand>
  <PAMRasterBand band="3">
    <Description>Band_3</Description>
    <Histograms>
      <HistItem>
        <HistMin>0.1487500071525574</HistMin>
        <HistMax>0.3122499883174896</HistMax>
        <BucketCount>256</BucketCount>
        <IncludeOutOfRange>1</IncludeOutOfRange>
        <Approximate>0</Approximate>
        <HistCounts>1|0|0|3|1|4|0|2|3|2|0|1|0|0|2|0|0|0|0|1|0|0|0|1|3|0|2|3|0|3|0|1|1|2|2|3|1|2|3|1|1|3|4|7|3|3|4|4|9|5|8|14|12|15|17|20|38|27|50|11|37|51|39|34|36|57|52|63|29|45|55|40|73|44|52|59|60|79|42|69|30|41|26|29|28|29|26|17|19|9|21|6|12|11|4|2|4|2|2|2|3|1|0|0|3|1|1|0|0|0|0|4|0|0|3|0|0|0|2|2|0|0|0|0|0|0|0|0|0|0|0|0|0|3|0|0|2|0|0|0|1|0|0|0|0|0|0|0|1|0|0|0|0|0|0|0|0|0|0|2|0|0|0|0|0|0|0|0|0|0|0|0|0|0|0|0|0|0|0|0|0|0|0|0|0|0|0|0|0|0|0|0|0|0|0|0|0|0|0|0|0|1|0|0|0|0|0|0|0|0|0|0|0|0|0|0|0|0|0|0|0|0|0|0|0|0|0|0|0|0|0|0|0|0|0|0|0|0|0|0|0|0|0|0|0|0|0|0|0|0|0|1|0|0|0|1</HistCounts>
      </HistItem>
    </Histograms>
    <Metadata>
      <MDI key="BandName">Band_3</MDI>
      <MDI key="RepresentationType">ATHEMATIC</MDI>
      <MDI key="STATISTICS_COVARIANCES">4.094047823893893e-05,0.0001789519380808906,0.0001164545933271026</MDI>
      <MDI key="STATISTICS_EXCLUDEDVALUES"></MDI>
      <MDI key="STATISTICS_MAXIMUM">0.31224998831749</MDI>
      <MDI key="STATISTICS_MEAN">0.1942408736026</MDI>
      <MDI key="STATISTICS_MEDIAN">0.194274</MDI>
      <MDI key="STATISTICS_MINIMUM">0.14875000715256</MDI>
      <MDI key="STATISTICS_SKIPFACTORX">1</MDI>
      <MDI key="STATISTICS_SKIPFACTORY">1</MDI>
      <MDI key="STATISTICS_STDDEV">0.010791412943962</MDI>
    </Metadata>
  </PAMRasterBand>
</PAMDataset>
