<PAMDataset>
  <Metadata>
    <MDI key="DataType">Generic</MDI>
  </Metadata>
  <PAMRasterBand band="1">
    <Description>Band_1</Description>
    <Histograms>
      <HistItem>
        <HistMin>0.4144999980926514</HistMin>
        <HistMax>0.9351296424865723</HistMax>
        <BucketCount>256</BucketCount>
        <IncludeOutOfRange>1</IncludeOutOfRange>
        <Approximate>0</Approximate>
        <HistCounts>2|0|0|0|0|0|0|0|0|0|0|0|0|0|0|2|1|2|0|0|0|0|1|0|0|0|1|0|0|0|0|2|0|3|0|0|0|1|1|0|3|4|0|0|2|0|2|2|0|1|0|0|2|0|4|1|1|2|2|1|4|4|0|6|5|3|4|5|7|2|11|7|7|2|9|10|7|7|17|8|10|12|18|15|7|11|20|13|11|4|12|13|12|4|16|13|16|11|15|15|8|17|12|12|8|20|14|13|16|15|10|12|18|15|19|14|13|28|14|14|26|18|18|21|22|30|36|35|20|27|36|26|18|21|18|14|15|22|12|29|24|22|16|32|17|13|25|29|19|26|23|29|26|17|28|12|26|13|13|23|23|24|21|22|15|23|16|23|12|20|15|11|16|15|14|7|18|13|7|20|13|8|5|6|13|12|5|15|8|9|4|8|11|7|2|6|14|11|7|10|14|12|10|15|16|15|10|16|15|17|8|5|17|17|12|9|7|7|15|12|6|8|8|13|12|7|4|6|17|15|6|21|9|11|11|8|10|5|6|11|11|5|2|7|6|4|3|36|50|21|16|8|9|3|2|2</HistCounts>
      </HistItem>
    </Histograms>
    <Metadata>
      <MDI key="BandName">Band_1</MDI>
      <MDI key="RepresentationType">ATHEMATIC</MDI>
      <MDI key="STATISTICS_COVARIANCES">0.01089339527017596,-0.0006622858035915522,0.0004369272425973575</MDI>
      <MDI key="STATISTICS_EXCLUDEDVALUES"></MDI>
      <MDI key="STATISTICS_MAXIMUM">0.93512964248657</MDI>
      <MDI key="STATISTICS_MEAN">0.72919861840819</MDI>
      <MDI key="STATISTICS_MEDIAN">0.718711</MDI>
      <MDI key="STATISTICS_MINIMUM">0.41449999809265</MDI>
      <MDI key="STATISTICS_SKIPFACTORX">1</MDI>
      <MDI key="STATISTICS_SKIPFACTORY">1</MDI>
      <MDI key="STATISTICS_STDDEV">0.10437142937689</MDI>
    </Metadata>
  </PAMRasterBand>
  <PAMRasterBand band="2">
    <Description>Band_2</Description>
    <Histograms>
      <HistItem>
        <HistMin>0.0507499985396862</HistMin>
        <HistMax>0.5107499957084656</HistMax>
        <BucketCount>256</BucketCount>
        <IncludeOutOfRange>1</IncludeOutOfRange>
        <Approximate>0</Approximate>
        <HistCounts>1|4|0|0|1|1|0|1|2|1|2|1|0|0|1|1|0|1|1|1|0|0|1|5|6|0|0|3|2|0|1|0|0|0|0|0|0|0|1|0|0|1|0|0|6|6|7|8|9|8|14|21|10|17|31|25|23|20|34|30|35|22|19|26|12|23|19|22|17|27|30|18|32|38|45|51|64|48|48|40|42|33|38|35|17|19|18|26|23|18|11|9|15|20|7|10|13|7|9|6|11|8|11|13|5|7|7|12|7|11|6|12|11|11|4|8|8|11|9|10|2|13|8|8|9|14|21|17|21|18|19|18|19|19|21|14|18|16|21|24|18|21|35|16|22|12|10|12|11|9|14|13|8|16|5|10|10|10|14|10|14|8|12|9|9|5|7|7|4|10|14|14|9|8|10|7|14|11|8|16|9|8|12|8|13|12|8|9|7|8|12|13|8|12|11|9|3|7|11|3|3|3|11|1|2|1|6|0|1|2|4|0|3|6|2|1|7|10|6|3|5|5|9|12|6|3|2|3|8|10|7|5|8|7|8|5|8|6|5|13|4|1|4|11|4|4|8|3|3|4|8|0|3|0|0|1</HistCounts>
      </HistItem>
    </Histograms>
    <Metadata>
      <MDI key="BandName">Band_2</MDI>
      <MDI key="RepresentationType">ATHEMATIC</MDI>
      <MDI key="STATISTICS_COVARIANCES">-0.0006622858035915522,0.009931729055099928,0.006035452960885475</MDI>
      <MDI key="STATISTICS_EXCLUDEDVALUES"></MDI>
      <MDI key="STATISTICS_MAXIMUM">0.51074999570847</MDI>
      <MDI key="STATISTICS_MEAN">0.26484892422226</MDI>
      <MDI key="STATISTICS_MEDIAN">0.240162</MDI>
      <MDI key="STATISTICS_MINIMUM">0.050749998539686</MDI>
      <MDI key="STATISTICS_SKIPFACTORX">1</MDI>
      <MDI key="STATISTICS_SKIPFACTORY">1</MDI>
      <MDI key="STATISTICS_STDDEV">0.099658060662949</MDI>
    </Metadata>
  </PAMRasterBand>
  <PAMRasterBand band="3">
    <Description>Band_3</Description>
    <Histograms>
      <HistItem>
        <HistMin>0.1017500013113022</HistMin>
        <HistMax>0.4227499961853027</HistMax>
        <BucketCount>256</BucketCount>
        <IncludeOutOfRange>1</IncludeOutOfRange>
        <Approximate>0</Approximate>
        <HistCounts>2|2|1|1|1|1|0|2|0|2|0|2|1|0|3|5|2|1|0|7|1|0|1|0|1|0|0|0|0|1|0|0|0|1|0|3|9|9|27|23|22|24|13|33|24|26|35|16|21|31|13|18|15|23|16|10|22|29|28|22|36|42|39|36|32|30|36|38|48|21|29|23|28|29|31|20|27|27|12|14|15|5|11|18|14|30|17|16|11|16|17|16|8|16|13|14|11|7|7|12|6|23|11|21|18|16|21|8|24|26|19|25|16|31|19|17|21|18|30|18|24|30|13|18|20|17|14|17|16|8|11|21|12|16|17|9|12|15|17|12|15|15|15|9|6|14|8|15|18|21|11|11|13|9|17|12|5|7|10|19|11|11|4|11|12|6|10|5|4|5|4|5|2|8|6|5|0|2|2|0|1|0|4|1|1|11|5|5|5|4|4|4|10|7|7|2|2|6|11|9|8|8|1|7|10|8|9|10|11|7|3|6|10|4|5|9|3|4|5|5|5|4|1|1|3|0|0|1|0|0|0|0|0|0|0|0|2|0|0|0|0|0|0|0|0|0|0|0|0|0|0|0|0|0|0|1</HistCounts>
      </HistItem>
    </Histograms>
    <Metadata>
      <MDI key="BandName">Band_3</MDI>
      <MDI key="RepresentationType">ATHEMATIC</MDI>
      <MDI key="STATISTICS_COVARIANCES">0.0004369272425973575,0.006035452960885475,0.003753655872950388</MDI>
      <MDI key="STATISTICS_EXCLUDEDVALUES"></MDI>
      <MDI key="STATISTICS_MAXIMUM">0.4227499961853</MDI>
      <MDI key="STATISTICS_MEAN">0.23130242511587</MDI>
      <MDI key="STATISTICS_MEDIAN">0.220079</MDI>
      <MDI key="STATISTICS_MINIMUM">0.1017500013113</MDI>
      <MDI key="STATISTICS_SKIPFACTORX">1</MDI>
      <MDI key="STATISTICS_SKIPFACTORY">1</MDI>
      <MDI key="STATISTICS_STDDEV">0.06126708637556</MDI>
    </Metadata>
  </PAMRasterBand>
</PAMDataset>
