<PAMDataset>
  <Metadata>
    <MDI key="DataType">Generic</MDI>
  </Metadata>
  <PAMRasterBand band="1">
    <Description>Band_1</Description>
    <Histograms>
      <HistItem>
        <HistMin>0.5917500257492065</HistMin>
        <HistMax>0.9419999718666077</HistMax>
        <BucketCount>256</BucketCount>
        <IncludeOutOfRange>1</IncludeOutOfRange>
        <Approximate>0</Approximate>
        <HistCounts>2|0|0|0|0|0|1|0|0|0|0|0|1|0|0|1|2|0|4|4|1|1|4|3|2|0|0|2|3|2|5|8|7|5|3|9|7|15|6|7|13|16|12|17|13|12|18|17|35|14|22|15|15|20|24|25|31|18|25|13|27|22|22|18|16|19|45|23|29|24|25|32|33|12|20|18|12|23|23|23|22|30|26|9|29|34|21|16|25|23|22|26|18|29|14|19|26|21|22|26|22|23|19|34|17|22|9|10|12|23|23|13|12|20|21|20|11|19|6|28|16|21|10|21|10|10|20|14|13|12|16|14|10|20|9|5|12|9|12|8|13|13|11|6|4|4|6|5|4|7|7|7|4|5|5|6|6|5|4|5|5|2|7|2|2|1|3|7|7|1|2|3|0|2|0|1|2|1|2|0|0|3|3|0|2|0|1|5|2|0|2|0|3|0|0|0|1|0|2|3|2|1|1|1|0|0|0|5|1|0|1|1|0|0|0|2|1|3|0|1|0|1|0|0|0|4|0|0|0|1|1|1|0|1|1|0|0|0|4|10|13|6|12|6|6|8|8|3|5|2|0|2|3|5|6|1</HistCounts>
      </HistItem>
    </Histograms>
    <Metadata>
      <MDI key="BandName">Band_1</MDI>
      <MDI key="RepresentationType">ATHEMATIC</MDI>
      <MDI key="STATISTICS_COVARIANCES">0.004360927711130235,0.003083330953394297,0.002836780860221037</MDI>
      <MDI key="STATISTICS_EXCLUDEDVALUES"></MDI>
      <MDI key="STATISTICS_MAXIMUM">0.94199997186661</MDI>
      <MDI key="STATISTICS_MEAN">0.7270788531971</MDI>
      <MDI key="STATISTICS_MEDIAN">0.715368</MDI>
      <MDI key="STATISTICS_MINIMUM">0.59175002574921</MDI>
      <MDI key="STATISTICS_SKIPFACTORX">1</MDI>
      <MDI key="STATISTICS_SKIPFACTORY">1</MDI>
      <MDI key="STATISTICS_STDDEV">0.066037320593209</MDI>
    </Metadata>
  </PAMRasterBand>
  <PAMRasterBand band="2">
    <Description>Band_2</Description>
    <Histograms>
      <HistItem>
        <HistMin>0.09449999779462814</HistMin>
        <HistMax>0.9237777590751648</HistMax>
        <BucketCount>256</BucketCount>
        <IncludeOutOfRange>1</IncludeOutOfRange>
        <Approximate>0</Approximate>
        <HistCounts>1|0|0|0|0|0|0|0|1|0|0|0|0|0|1|1|0|1|0|0|0|1|1|0|0|0|0|1|0|0|2|2|2|1|0|0|0|1|0|1|2|1|2|1|0|0|0|1|0|3|2|1|2|0|1|1|1|0|2|4|4|9|3|9|11|12|19|23|23|22|28|26|13|30|34|51|26|34|41|24|39|45|32|36|36|35|47|46|33|44|52|48|42|44|55|58|56|49|44|53|57|52|57|67|57|42|37|38|34|44|23|35|24|24|34|21|21|32|28|24|15|17|14|16|9|12|3|17|7|10|4|2|2|4|7|4|1|6|3|1|4|0|4|2|2|0|0|0|2|0|1|2|1|1|0|1|1|1|1|1|1|0|1|1|1|1|2|1|1|0|2|0|0|0|0|1|3|0|0|2|2|1|0|0|0|3|1|1|0|2|0|1|0|0|0|0|0|0|0|0|0|0|1|0|0|0|0|0|0|0|1|0|0|1|1|0|2|1|0|0|0|0|2|0|2|3|0|2|1|1|0|0|0|0|1|0|0|0|3|1|0|1|0|0|0|3|0|0|1|0|0|0|0|0|1|1</HistCounts>
      </HistItem>
    </Histograms>
    <Metadata>
      <MDI key="BandName">Band_2</MDI>
      <MDI key="RepresentationType">ATHEMATIC</MDI>
      <MDI key="STATISTICS_COVARIANCES">0.003083330953394297,0.006779966933137141,0.005340062998097718</MDI>
      <MDI key="STATISTICS_EXCLUDEDVALUES"></MDI>
      <MDI key="STATISTICS_MAXIMUM">0.92377775907516</MDI>
      <MDI key="STATISTICS_MEAN">0.41223995326096</MDI>
      <MDI key="STATISTICS_MEDIAN">0.406699</MDI>
      <MDI key="STATISTICS_MINIMUM">0.094499997794628</MDI>
      <MDI key="STATISTICS_SKIPFACTORX">1</MDI>
      <MDI key="STATISTICS_SKIPFACTORY">1</MDI>
      <MDI key="STATISTICS_STDDEV">0.082340554607904</MDI>
    </Metadata>
  </PAMRasterBand>
  <PAMRasterBand band="3">
    <Description>Band_3</Description>
    <Histograms>
      <HistItem>
        <HistMin>0.1500000059604645</HistMin>
        <HistMax>0.8575000166893005</HistMax>
        <BucketCount>256</BucketCount>
        <IncludeOutOfRange>1</IncludeOutOfRange>
        <Approximate>0</Approximate>
        <HistCounts>1|0|0|1|0|1|0|0|0|1|0|0|0|1|1|1|0|1|1|1|0|2|1|1|1|0|1|1|1|2|3|3|3|4|10|9|21|14|19|19|30|22|32|42|33|35|37|60|43|58|49|53|48|40|68|47|60|70|54|56|66|78|78|68|74|69|65|57|75|61|51|51|34|29|35|22|25|31|19|35|15|25|19|17|12|13|12|8|7|6|3|7|5|6|4|4|10|3|4|3|2|2|1|2|3|1|4|4|5|0|0|1|2|0|3|0|1|0|0|2|0|1|0|0|3|2|1|1|0|2|0|2|2|2|3|2|1|0|0|0|0|0|1|1|2|1|1|2|0|0|0|0|0|0|0|0|0|0|0|0|0|0|0|0|0|0|2|1|0|0|0|0|0|0|0|0|0|0|0|0|0|0|0|0|1|0|0|0|1|0|0|0|0|0|1|2|1|0|0|0|1|0|0|0|0|5|0|2|0|3|0|0|0|1|1|0|0|0|1|1|0|0|1|1|0|1|0|0|0|0|0|0|2|2|0|0|0|0|1|0|0|0|0|0|0|0|0|0|0|0|0|0|0|0|0|1</HistCounts>
      </HistItem>
    </Histograms>
    <Metadata>
      <MDI key="BandName">Band_3</MDI>
      <MDI key="RepresentationType">ATHEMATIC</MDI>
      <MDI key="STATISTICS_COVARIANCES">0.002836780860221037,0.005340062998097718,0.004456790045285838</MDI>
      <MDI key="STATISTICS_EXCLUDEDVALUES"></MDI>
      <MDI key="STATISTICS_MAXIMUM">0.8575000166893</MDI>
      <MDI key="STATISTICS_MEAN">0.32850327846388</MDI>
      <MDI key="STATISTICS_MEDIAN">0.319245</MDI>
      <MDI key="STATISTICS_MINIMUM">0.15000000596046</MDI>
      <MDI key="STATISTICS_SKIPFACTORX">1</MDI>
      <MDI key="STATISTICS_SKIPFACTORY">1</MDI>
      <MDI key="STATISTICS_STDDEV">0.06675919446253</MDI>
    </Metadata>
  </PAMRasterBand>
</PAMDataset>
