<PAMDataset>
  <Metadata>
    <MDI key="DataType">Generic</MDI>
  </Metadata>
  <PAMRasterBand band="1">
    <Description>Band_1</Description>
    <Histograms>
      <HistItem>
        <HistMin>0.5379999876022339</HistMin>
        <HistMax>0.9325740933418274</HistMax>
        <BucketCount>256</BucketCount>
        <IncludeOutOfRange>1</IncludeOutOfRange>
        <Approximate>0</Approximate>
        <HistCounts>1|0|0|0|0|0|0|0|0|0|0|0|0|0|2|0|0|0|0|0|2|0|0|1|0|1|0|0|0|0|0|0|0|0|0|0|0|0|0|0|0|0|0|0|2|0|0|1|0|2|0|0|0|0|0|0|0|0|2|0|0|0|0|0|0|1|0|0|0|0|0|0|0|0|1|1|3|0|4|0|2|0|2|2|0|0|0|3|2|0|0|2|3|0|1|5|0|1|4|2|2|3|7|1|5|7|5|3|4|4|6|5|5|3|3|9|6|10|10|3|7|9|9|8|8|9|9|10|6|13|8|8|17|19|15|12|19|11|17|14|4|13|18|20|13|9|17|14|18|16|14|20|21|19|28|31|29|17|35|20|18|16|9|17|22|15|14|14|17|22|26|13|21|13|28|23|19|17|23|14|12|15|18|9|19|22|17|15|22|12|20|21|17|15|16|12|23|23|13|15|10|10|16|12|23|9|9|11|10|8|10|10|7|7|8|5|8|9|3|8|7|5|4|4|7|0|1|2|5|9|5|3|5|4|1|3|3|1|0|5|2|0|2|1|4|0|4|20|9|9|1|5|0|1|0|1</HistCounts>
      </HistItem>
    </Histograms>
    <Metadata>
      <MDI key="BandName">Band_1</MDI>
      <MDI key="RepresentationType">ATHEMATIC</MDI>
      <MDI key="STATISTICS_COVARIANCES">0.003269268792173058,-0.0001934708404104789,9.935752368847323e-05</MDI>
      <MDI key="STATISTICS_EXCLUDEDVALUES"></MDI>
      <MDI key="STATISTICS_MAXIMUM">0.93257409334183</MDI>
      <MDI key="STATISTICS_MEAN">0.79808791877847</MDI>
      <MDI key="STATISTICS_MEDIAN">0.797955</MDI>
      <MDI key="STATISTICS_MINIMUM">0.53799998760223</MDI>
      <MDI key="STATISTICS_SKIPFACTORX">1</MDI>
      <MDI key="STATISTICS_SKIPFACTORY">1</MDI>
      <MDI key="STATISTICS_STDDEV">0.057177519989705</MDI>
    </Metadata>
  </PAMRasterBand>
  <PAMRasterBand band="2">
    <Description>Band_2</Description>
    <Histograms>
      <HistItem>
        <HistMin>0.0949999988079071</HistMin>
        <HistMax>0.4365000128746033</HistMax>
        <BucketCount>256</BucketCount>
        <IncludeOutOfRange>1</IncludeOutOfRange>
        <Approximate>0</Approximate>
        <HistCounts>1|1|0|0|0|0|0|0|0|0|0|0|0|0|0|2|3|3|1|0|0|0|2|1|3|4|0|0|1|0|4|0|0|0|0|0|2|0|0|0|0|0|1|1|1|1|0|1|1|4|2|1|0|1|0|3|2|5|8|4|1|7|3|1|9|1|5|11|5|7|6|8|16|8|8|17|12|12|12|13|17|9|4|20|13|10|10|12|10|12|7|19|10|10|18|19|11|16|21|10|26|18|21|38|22|30|45|38|24|28|21|16|38|28|31|30|31|23|19|30|46|25|28|38|27|25|22|18|35|18|11|26|12|17|15|12|18|17|14|11|11|8|13|6|17|6|9|10|19|11|6|13|6|9|5|14|2|10|10|8|11|10|4|11|4|5|5|5|2|1|7|3|4|5|11|3|2|0|4|6|1|1|0|0|0|0|0|0|0|1|0|0|0|0|0|0|0|0|0|0|2|0|1|0|0|0|0|0|0|0|0|0|0|0|0|0|0|0|1|0|0|0|1|0|0|0|0|0|0|0|0|0|0|0|0|0|0|0|0|0|0|0|0|0|0|0|0|0|0|0|0|0|0|0|0|1</HistCounts>
      </HistItem>
    </Histograms>
    <Metadata>
      <MDI key="BandName">Band_2</MDI>
      <MDI key="RepresentationType">ATHEMATIC</MDI>
      <MDI key="STATISTICS_COVARIANCES">-0.0001934708404104789,0.001579707337923643,0.0009280986319735354</MDI>
      <MDI key="STATISTICS_EXCLUDEDVALUES"></MDI>
      <MDI key="STATISTICS_MAXIMUM">0.4365000128746</MDI>
      <MDI key="STATISTICS_MEAN">0.2474181638264</MDI>
      <MDI key="STATISTICS_MEDIAN">0.247671</MDI>
      <MDI key="STATISTICS_MINIMUM">0.094999998807907</MDI>
      <MDI key="STATISTICS_SKIPFACTORX">1</MDI>
      <MDI key="STATISTICS_SKIPFACTORY">1</MDI>
      <MDI key="STATISTICS_STDDEV">0.039745532301425</MDI>
    </Metadata>
  </PAMRasterBand>
  <PAMRasterBand band="3">
    <Description>Band_3</Description>
    <Histograms>
      <HistItem>
        <HistMin>0.15625</HistMin>
        <HistMax>0.3404999971389771</HistMax>
        <BucketCount>256</BucketCount>
        <IncludeOutOfRange>1</IncludeOutOfRange>
        <Approximate>0</Approximate>
        <HistCounts>2|0|1|0|0|0|0|2|1|0|0|0|1|2|1|0|0|0|0|0|1|0|0|0|1|4|0|2|0|0|1|3|0|3|0|0|3|2|1|1|5|4|1|4|1|3|2|4|3|7|7|5|4|9|0|11|11|15|20|15|13|8|12|12|16|10|11|8|10|4|5|5|12|8|10|8|15|20|14|11|10|3|10|15|14|11|13|19|26|26|22|10|22|16|26|43|25|22|25|29|16|25|22|26|21|29|19|25|26|17|29|23|20|22|27|28|20|16|13|21|26|17|15|26|24|26|20|10|9|10|14|12|9|13|16|14|10|7|5|12|5|14|10|16|7|13|11|10|11|13|18|9|10|6|8|8|6|2|3|9|8|4|0|6|5|3|3|9|6|3|2|7|3|1|3|0|1|5|3|3|2|1|0|0|2|0|0|0|0|0|0|0|0|0|1|0|0|0|0|0|2|0|0|0|0|0|1|0|0|0|0|0|0|0|1|0|0|1|0|0|0|0|0|0|1|0|0|0|0|0|0|0|0|0|0|0|0|0|0|0|0|1|0|0|0|0|0|0|0|0|0|0|0|0|1|1</HistCounts>
      </HistItem>
    </Histograms>
    <Metadata>
      <MDI key="BandName">Band_3</MDI>
      <MDI key="RepresentationType">ATHEMATIC</MDI>
      <MDI key="STATISTICS_COVARIANCES">9.935752368847323e-05,0.0009280986319735354,0.0005698225167558235</MDI>
      <MDI key="STATISTICS_EXCLUDEDVALUES"></MDI>
      <MDI key="STATISTICS_MAXIMUM">0.34049999713898</MDI>
      <MDI key="STATISTICS_MEAN">0.23285457624906</MDI>
      <MDI key="STATISTICS_MEDIAN">0.232118</MDI>
      <MDI key="STATISTICS_MINIMUM">0.15625</MDI>
      <MDI key="STATISTICS_SKIPFACTORX">1</MDI>
      <MDI key="STATISTICS_SKIPFACTORY">1</MDI>
      <MDI key="STATISTICS_STDDEV">0.023870955505715</MDI>
    </Metadata>
  </PAMRasterBand>
</PAMDataset>
