<PAMDataset>
  <Metadata>
    <MDI key="DataType">Generic</MDI>
  </Metadata>
  <PAMRasterBand band="1">
    <Description>Band_1</Description>
    <Histograms>
      <HistItem>
        <HistMin>0.6179999709129333</HistMin>
        <HistMax>0.9221851825714111</HistMax>
        <BucketCount>256</BucketCount>
        <IncludeOutOfRange>1</IncludeOutOfRange>
        <Approximate>0</Approximate>
        <HistCounts>1|0|0|0|1|0|0|0|0|0|0|0|0|0|0|0|0|0|0|2|0|0|0|0|0|1|0|0|1|0|3|0|1|0|1|1|1|1|0|0|0|1|0|0|0|1|1|1|0|1|0|0|4|1|2|1|3|0|5|2|3|3|3|0|12|8|10|5|6|7|9|19|5|10|8|19|14|17|4|20|4|14|11|10|15|9|11|2|8|13|15|11|20|13|16|9|18|20|9|3|5|13|8|13|8|17|9|5|9|7|11|4|7|6|7|6|13|10|6|9|8|1|5|4|9|3|5|6|9|4|8|8|2|5|6|2|3|3|10|2|2|4|7|6|1|6|2|3|0|2|4|4|2|2|1|2|1|2|2|2|0|2|0|1|1|2|2|5|1|6|2|2|6|3|2|0|0|0|3|0|2|2|0|1|2|2|0|0|1|0|0|1|0|0|1|1|1|1|0|0|1|0|0|2|0|0|0|0|0|0|0|0|0|0|0|0|0|1|0|0|0|0|0|0|0|0|0|0|0|0|0|0|0|0|0|0|0|0|0|0|0|0|0|0|0|0|0|0|0|0|0|0|0|0|0|1</HistCounts>
      </HistItem>
    </Histograms>
    <Metadata>
      <MDI key="BandName">Band_1</MDI>
      <MDI key="RepresentationType">ATHEMATIC</MDI>
      <MDI key="STATISTICS_COVARIANCES">0.001541494514506534,0.0002276385029662214,0.0002015997903368025</MDI>
      <MDI key="STATISTICS_EXCLUDEDVALUES"></MDI>
      <MDI key="STATISTICS_MAXIMUM">0.92218518257141</MDI>
      <MDI key="STATISTICS_MEAN">0.74097489394221</MDI>
      <MDI key="STATISTICS_MEDIAN">0.733710</MDI>
      <MDI key="STATISTICS_MINIMUM">0.61799997091293</MDI>
      <MDI key="STATISTICS_SKIPFACTORX">1</MDI>
      <MDI key="STATISTICS_SKIPFACTORY">1</MDI>
      <MDI key="STATISTICS_STDDEV">0.039261871001094</MDI>
    </Metadata>
  </PAMRasterBand>
  <PAMRasterBand band="2">
    <Description>Band_2</Description>
    <Histograms>
      <HistItem>
        <HistMin>0.135000005364418</HistMin>
        <HistMax>0.3680000007152557</HistMax>
        <BucketCount>256</BucketCount>
        <IncludeOutOfRange>1</IncludeOutOfRange>
        <Approximate>0</Approximate>
        <HistCounts>2|0|0|2|0|2|2|0|0|0|0|0|0|0|0|0|0|0|2|1|0|0|0|0|0|0|0|0|0|0|0|0|0|0|0|0|0|0|0|0|2|0|2|0|0|0|0|0|0|0|0|0|0|0|1|0|1|0|0|1|0|0|0|1|0|0|0|0|2|0|0|2|0|0|0|0|0|0|0|0|2|0|2|0|0|0|2|1|2|2|2|4|3|2|1|0|3|4|3|7|6|4|9|3|5|13|3|9|18|7|14|6|9|7|17|10|15|8|8|11|19|4|20|18|7|16|12|14|15|20|6|25|28|20|20|20|5|27|20|21|12|14|20|16|10|8|13|2|7|9|2|3|8|7|5|7|3|6|7|4|3|6|3|5|0|6|2|2|0|2|2|1|1|3|2|0|1|2|1|2|1|4|2|2|6|1|0|1|3|3|0|2|0|1|1|0|3|0|1|2|0|2|2|0|0|1|1|0|0|0|0|1|1|0|0|0|0|0|1|0|1|0|0|1|2|0|0|0|2|0|0|0|0|0|0|0|0|1|0|0|0|0|0|0|0|0|0|0|0|0|0|0|0|0|0|1</HistCounts>
      </HistItem>
    </Histograms>
    <Metadata>
      <MDI key="BandName">Band_2</MDI>
      <MDI key="RepresentationType">ATHEMATIC</MDI>
      <MDI key="STATISTICS_COVARIANCES">0.0002276385029662214,0.0007324741428178356,0.0004308247009367961</MDI>
      <MDI key="STATISTICS_EXCLUDEDVALUES"></MDI>
      <MDI key="STATISTICS_MAXIMUM">0.36800000071526</MDI>
      <MDI key="STATISTICS_MEAN">0.25498361146706</MDI>
      <MDI key="STATISTICS_MEDIAN">0.254698</MDI>
      <MDI key="STATISTICS_MINIMUM">0.13500000536442</MDI>
      <MDI key="STATISTICS_SKIPFACTORX">1</MDI>
      <MDI key="STATISTICS_SKIPFACTORY">1</MDI>
      <MDI key="STATISTICS_STDDEV">0.027064259509875</MDI>
    </Metadata>
  </PAMRasterBand>
  <PAMRasterBand band="3">
    <Description>Band_3</Description>
    <Histograms>
      <HistItem>
        <HistMin>0.1685000061988831</HistMin>
        <HistMax>0.3019999861717224</HistMax>
        <BucketCount>256</BucketCount>
        <IncludeOutOfRange>1</IncludeOutOfRange>
        <Approximate>0</Approximate>
        <HistCounts>6|0|0|0|0|2|0|0|0|0|0|0|0|0|1|0|0|0|0|0|0|0|0|0|0|0|0|0|0|0|2|0|0|0|0|0|2|0|0|0|0|0|0|0|0|0|2|0|0|0|0|0|0|0|1|0|0|0|0|0|0|0|0|0|0|0|0|0|0|0|0|0|0|2|1|2|0|0|0|3|0|0|0|0|1|2|2|2|0|1|3|0|0|3|1|2|4|8|4|6|3|5|2|5|4|6|18|2|8|3|8|6|10|8|12|10|14|9|6|8|16|7|10|13|6|6|19|25|24|10|19|10|18|11|16|11|17|13|33|13|19|15|7|12|15|25|5|16|18|2|17|9|4|9|10|2|2|6|12|5|5|3|2|3|2|7|5|1|2|8|0|1|0|2|5|8|6|0|1|0|3|2|3|2|0|1|1|2|0|3|4|3|1|1|3|2|0|2|4|0|1|2|0|0|0|1|2|0|1|1|0|1|1|1|1|0|0|3|0|0|0|2|0|2|0|0|0|0|0|0|1|2|0|0|0|0|0|0|0|0|1|0|0|0|0|0|0|0|0|0|0|0|0|0|0|1</HistCounts>
      </HistItem>
    </Histograms>
    <Metadata>
      <MDI key="BandName">Band_3</MDI>
      <MDI key="RepresentationType">ATHEMATIC</MDI>
      <MDI key="STATISTICS_COVARIANCES">0.0002015997903368025,0.0004308247009367961,0.0002639342261878186</MDI>
      <MDI key="STATISTICS_EXCLUDEDVALUES"></MDI>
      <MDI key="STATISTICS_MAXIMUM">0.30199998617172</MDI>
      <MDI key="STATISTICS_MEAN">0.23933492268794</MDI>
      <MDI key="STATISTICS_MEDIAN">0.238653</MDI>
      <MDI key="STATISTICS_MINIMUM">0.16850000619888</MDI>
      <MDI key="STATISTICS_SKIPFACTORX">1</MDI>
      <MDI key="STATISTICS_SKIPFACTORY">1</MDI>
      <MDI key="STATISTICS_STDDEV">0.016246052634034</MDI>
    </Metadata>
  </PAMRasterBand>
</PAMDataset>
