<PAMDataset>
  <Metadata>
    <MDI key="DataType">Generic</MDI>
  </Metadata>
  <PAMRasterBand band="1">
    <Description>Band_1</Description>
    <Histograms>
      <HistItem>
        <HistMin>0.5429999828338623</HistMin>
        <HistMax>0.9275185465812683</HistMax>
        <BucketCount>256</BucketCount>
        <IncludeOutOfRange>1</IncludeOutOfRange>
        <Approximate>0</Approximate>
        <HistCounts>2|2|0|0|0|3|0|0|2|1|2|1|2|0|1|0|2|3|11|1|2|4|0|2|8|6|13|0|4|2|6|8|7|7|2|4|4|1|5|8|10|12|3|5|10|6|10|6|5|8|8|7|8|10|7|12|6|10|5|4|5|7|9|10|9|14|5|11|14|21|11|23|6|9|19|9|16|18|9|13|10|20|14|13|18|12|12|15|11|14|15|15|13|18|24|25|15|17|20|27|16|29|13|33|19|19|21|28|19|21|18|23|20|16|23|19|7|17|16|24|27|27|14|15|19|13|11|12|19|15|14|14|25|19|8|14|13|12|13|4|5|8|9|9|9|12|10|5|12|8|6|8|3|4|3|6|10|3|5|3|8|1|7|5|2|7|4|1|3|4|7|0|3|0|5|0|1|4|1|0|0|0|3|0|0|2|0|1|0|1|2|0|0|1|3|2|0|4|1|1|3|0|2|0|1|3|3|0|2|1|3|2|1|0|0|0|0|2|0|2|2|3|0|1|1|0|0|0|0|0|1|1|0|1|0|0|2|0|0|0|1|0|0|0|0|0|0|0|1|0|0|0|1|0|0|1</HistCounts>
      </HistItem>
    </Histograms>
    <Metadata>
      <MDI key="BandName">Band_1</MDI>
      <MDI key="RepresentationType">ATHEMATIC</MDI>
      <MDI key="STATISTICS_COVARIANCES">0.003785547957095417,0.0006144791131100498,0.0005526358763107283</MDI>
      <MDI key="STATISTICS_EXCLUDEDVALUES"></MDI>
      <MDI key="STATISTICS_MAXIMUM">0.92751854658127</MDI>
      <MDI key="STATISTICS_MEAN">0.69677397891026</MDI>
      <MDI key="STATISTICS_MEDIAN">0.698315</MDI>
      <MDI key="STATISTICS_MINIMUM">0.54299998283386</MDI>
      <MDI key="STATISTICS_SKIPFACTORX">1</MDI>
      <MDI key="STATISTICS_SKIPFACTORY">1</MDI>
      <MDI key="STATISTICS_STDDEV">0.061526806816992</MDI>
    </Metadata>
  </PAMRasterBand>
  <PAMRasterBand band="2">
    <Description>Band_2</Description>
    <Histograms>
      <HistItem>
        <HistMin>0.1212500035762787</HistMin>
        <HistMax>0.6322500109672546</HistMax>
        <BucketCount>256</BucketCount>
        <IncludeOutOfRange>1</IncludeOutOfRange>
        <Approximate>0</Approximate>
        <HistCounts>2|0|1|0|0|0|0|0|2|0|1|0|0|4|4|5|6|20|36|36|30|46|55|81|107|99|87|76|86|94|95|70|78|75|62|56|42|41|43|40|22|30|30|22|32|16|14|18|11|10|4|3|3|7|5|4|7|4|6|6|4|2|2|2|5|3|6|2|5|1|0|2|2|2|1|2|0|2|5|4|3|1|4|2|0|0|0|3|0|0|1|0|0|2|0|1|1|0|0|2|0|1|2|0|0|0|0|0|0|0|1|1|0|0|0|1|0|1|0|0|0|1|0|0|0|0|0|0|0|0|0|0|0|0|0|0|0|0|0|0|0|0|0|0|0|0|0|0|0|0|0|0|0|0|0|0|0|0|0|0|0|0|0|0|0|0|0|0|0|0|0|0|0|0|0|0|0|0|0|0|0|0|0|0|0|0|0|0|0|1|0|0|0|0|0|0|0|0|0|0|0|0|0|0|0|0|0|0|0|0|0|0|0|0|0|0|0|0|0|0|0|0|0|0|0|0|0|0|0|0|0|0|0|0|0|0|0|0|0|0|0|0|0|0|0|0|0|0|0|0|0|0|0|0|0|1</HistCounts>
      </HistItem>
    </Histograms>
    <Metadata>
      <MDI key="BandName">Band_2</MDI>
      <MDI key="RepresentationType">ATHEMATIC</MDI>
      <MDI key="STATISTICS_COVARIANCES">0.0006144791131100498,0.0008527597148527228,0.0006019735400255629</MDI>
      <MDI key="STATISTICS_EXCLUDEDVALUES"></MDI>
      <MDI key="STATISTICS_MAXIMUM">0.63225001096725</MDI>
      <MDI key="STATISTICS_MEAN">0.18813656387022</MDI>
      <MDI key="STATISTICS_MEDIAN">0.181368</MDI>
      <MDI key="STATISTICS_MINIMUM">0.12125000357628</MDI>
      <MDI key="STATISTICS_SKIPFACTORX">1</MDI>
      <MDI key="STATISTICS_SKIPFACTORY">1</MDI>
      <MDI key="STATISTICS_STDDEV">0.029202049839912</MDI>
    </Metadata>
  </PAMRasterBand>
  <PAMRasterBand band="3">
    <Description>Band_3</Description>
    <Histograms>
      <HistItem>
        <HistMin>0.1647499948740005</HistMin>
        <HistMax>0.6159999966621399</HistMax>
        <BucketCount>256</BucketCount>
        <IncludeOutOfRange>1</IncludeOutOfRange>
        <Approximate>0</Approximate>
        <HistCounts>3|1|1|0|1|3|5|7|27|32|57|69|113|113|149|103|147|115|132|107|72|98|43|51|45|42|30|27|42|19|8|13|6|13|4|7|4|3|3|6|10|1|6|4|6|7|1|6|3|3|3|6|6|2|1|0|1|0|1|5|1|3|1|0|0|0|0|3|0|0|0|1|1|0|1|1|0|1|1|0|1|0|2|1|0|1|0|0|0|1|0|0|0|0|0|0|1|0|0|0|0|0|0|0|0|0|0|0|0|0|0|0|0|0|0|0|0|0|0|0|0|0|0|0|0|0|0|0|0|0|0|0|0|0|0|0|0|0|0|0|0|0|0|0|0|0|0|0|0|0|0|0|0|0|0|1|0|0|0|0|0|0|0|0|0|0|0|0|0|0|0|0|0|0|0|0|0|0|0|0|0|0|0|0|0|0|0|0|0|0|0|0|0|0|0|0|0|0|0|0|0|0|0|0|0|0|0|0|0|0|0|0|0|0|0|0|0|0|0|0|0|0|0|0|0|0|0|0|0|0|0|0|0|0|0|0|0|0|0|0|0|0|0|0|0|0|0|0|0|0|0|0|0|0|0|1</HistCounts>
      </HistItem>
    </Histograms>
    <Metadata>
      <MDI key="BandName">Band_3</MDI>
      <MDI key="RepresentationType">ATHEMATIC</MDI>
      <MDI key="STATISTICS_COVARIANCES">0.0005526358763107283,0.0006019735400255629,0.0004513893942247283</MDI>
      <MDI key="STATISTICS_EXCLUDEDVALUES"></MDI>
      <MDI key="STATISTICS_MAXIMUM">0.61599999666214</MDI>
      <MDI key="STATISTICS_MEAN">0.20043006629605</MDI>
      <MDI key="STATISTICS_MEDIAN">0.194833</MDI>
      <MDI key="STATISTICS_MINIMUM">0.164749994874</MDI>
      <MDI key="STATISTICS_SKIPFACTORX">1</MDI>
      <MDI key="STATISTICS_SKIPFACTORY">1</MDI>
      <MDI key="STATISTICS_STDDEV">0.021245926532508</MDI>
    </Metadata>
  </PAMRasterBand>
</PAMDataset>
