<PAMDataset>
  <Metadata>
    <MDI key="DataType">Generic</MDI>
  </Metadata>
  <PAMRasterBand band="1">
    <Description>Band_1</Description>
    <Histograms>
      <HistItem>
        <HistMin>0.6587499976158142</HistMin>
        <HistMax>0.9203147888183594</HistMax>
        <BucketCount>256</BucketCount>
        <IncludeOutOfRange>1</IncludeOutOfRange>
        <Approximate>0</Approximate>
        <HistCounts>2|0|0|0|0|1|0|0|0|0|0|0|0|0|0|1|1|1|1|0|0|2|2|0|0|0|0|0|3|0|0|4|1|0|2|0|0|4|0|2|3|0|7|2|0|0|1|1|0|3|0|1|0|0|0|4|0|1|2|1|1|0|3|1|1|1|3|4|7|4|3|2|6|3|0|4|5|2|4|3|0|2|4|0|1|3|5|5|1|3|4|1|6|0|1|3|6|3|3|1|2|2|1|4|1|0|2|4|2|0|3|3|5|3|3|3|5|5|1|4|3|2|5|3|3|8|4|3|6|3|10|8|7|0|2|8|3|8|6|7|5|9|11|5|4|9|4|9|4|8|11|4|15|14|6|11|10|19|8|8|8|8|4|8|10|4|9|7|9|11|9|15|10|8|11|17|11|7|12|8|7|5|5|11|6|9|2|5|9|12|6|4|6|5|7|6|4|5|7|2|1|7|12|12|1|6|2|6|3|2|3|0|6|3|2|6|3|2|3|3|0|5|3|3|0|1|2|3|0|2|0|2|0|4|0|0|0|0|0|1|1|1|2|2|0|0|0|0|0|0|0|2|1|0|0|1</HistCounts>
      </HistItem>
    </Histograms>
    <Metadata>
      <MDI key="BandName">Band_1</MDI>
      <MDI key="RepresentationType">ATHEMATIC</MDI>
      <MDI key="STATISTICS_COVARIANCES">0.0024887394510211,0.00156740394148801,0.001091811529962173</MDI>
      <MDI key="STATISTICS_EXCLUDEDVALUES"></MDI>
      <MDI key="STATISTICS_MAXIMUM">0.92031478881836</MDI>
      <MDI key="STATISTICS_MEAN">0.81175689457806</MDI>
      <MDI key="STATISTICS_MEDIAN">0.819792</MDI>
      <MDI key="STATISTICS_MINIMUM">0.65874999761581</MDI>
      <MDI key="STATISTICS_SKIPFACTORX">1</MDI>
      <MDI key="STATISTICS_SKIPFACTORY">1</MDI>
      <MDI key="STATISTICS_STDDEV">0.049887267423874</MDI>
    </Metadata>
  </PAMRasterBand>
  <PAMRasterBand band="2">
    <Description>Band_2</Description>
    <Histograms>
      <HistItem>
        <HistMin>0.2409999966621399</HistMin>
        <HistMax>0.4857499897480011</HistMax>
        <BucketCount>256</BucketCount>
        <IncludeOutOfRange>1</IncludeOutOfRange>
        <Approximate>0</Approximate>
        <HistCounts>1|0|1|0|0|0|2|0|2|0|0|0|0|0|1|0|0|0|0|0|0|0|0|1|3|0|0|0|0|2|1|2|1|5|3|1|0|0|1|3|0|2|2|0|1|1|1|2|6|2|4|9|0|2|2|4|1|0|5|7|7|3|2|2|10|1|7|8|2|1|3|0|3|4|3|5|1|7|0|3|8|7|5|5|5|4|5|1|5|4|6|2|4|1|3|6|6|0|0|2|3|2|8|5|5|2|5|3|1|4|2|4|10|6|2|11|5|1|2|10|7|2|9|3|5|2|5|6|6|10|2|9|7|7|9|15|2|4|3|7|7|5|7|3|9|4|8|8|11|2|4|9|5|5|10|4|6|7|1|9|9|6|3|6|1|10|7|0|9|6|3|5|2|3|6|0|7|3|4|4|4|5|2|14|1|2|3|6|2|1|3|4|5|5|5|1|10|7|8|2|5|4|6|3|12|8|4|8|9|6|3|3|6|6|9|6|3|7|5|4|6|0|0|4|6|0|8|0|0|2|0|0|5|2|4|1|2|3|1|0|0|0|2|1|0|0|0|0|0|0|0|0|0|0|0|1</HistCounts>
      </HistItem>
    </Histograms>
    <Metadata>
      <MDI key="BandName">Band_2</MDI>
      <MDI key="RepresentationType">ATHEMATIC</MDI>
      <MDI key="STATISTICS_COVARIANCES">0.00156740394148801,0.002778832929844502,0.001727963982096888</MDI>
      <MDI key="STATISTICS_EXCLUDEDVALUES"></MDI>
      <MDI key="STATISTICS_MAXIMUM">0.485749989748</MDI>
      <MDI key="STATISTICS_MEAN">0.37543395171389</MDI>
      <MDI key="STATISTICS_MEDIAN">0.377292</MDI>
      <MDI key="STATISTICS_MINIMUM">0.24099999666214</MDI>
      <MDI key="STATISTICS_SKIPFACTORX">1</MDI>
      <MDI key="STATISTICS_SKIPFACTORY">1</MDI>
      <MDI key="STATISTICS_STDDEV">0.052714636770488</MDI>
    </Metadata>
  </PAMRasterBand>
  <PAMRasterBand band="3">
    <Description>Band_3</Description>
    <Histograms>
      <HistItem>
        <HistMin>0.2310000061988831</HistMin>
        <HistMax>0.3832499980926514</HistMax>
        <BucketCount>256</BucketCount>
        <IncludeOutOfRange>1</IncludeOutOfRange>
        <Approximate>0</Approximate>
        <HistCounts>2|0|0|0|0|1|0|1|0|0|0|0|1|0|0|0|0|2|1|4|0|0|0|1|1|2|4|1|3|1|2|1|1|2|1|3|2|0|0|2|1|3|2|4|2|1|9|0|1|4|1|4|2|5|7|6|0|6|4|9|3|6|1|0|2|4|2|3|1|11|1|4|8|3|5|6|9|5|7|4|7|2|1|7|1|6|0|3|4|0|1|2|0|0|8|2|2|0|2|5|0|4|4|1|11|7|0|0|8|1|4|5|2|7|5|6|6|3|4|8|6|3|7|8|6|2|7|7|8|8|0|6|10|7|6|5|9|8|5|8|3|10|5|2|12|9|9|4|10|6|5|7|3|8|7|9|3|6|9|7|8|7|8|7|0|3|5|7|1|2|4|2|9|2|1|3|3|11|3|1|2|5|10|0|5|3|2|5|5|2|7|2|2|3|5|8|10|3|10|5|6|9|8|9|2|7|6|8|3|5|2|10|7|2|10|5|5|0|1|2|2|2|4|1|1|4|0|2|2|2|2|3|0|0|3|0|0|2|0|2|0|0|0|0|0|0|0|0|1|0|0|0|0|0|0|1</HistCounts>
      </HistItem>
    </Histograms>
    <Metadata>
      <MDI key="BandName">Band_3</MDI>
      <MDI key="RepresentationType">ATHEMATIC</MDI>
      <MDI key="STATISTICS_COVARIANCES">0.001091811529962173,0.001727963982096888,0.001093119396089583</MDI>
      <MDI key="STATISTICS_EXCLUDEDVALUES"></MDI>
      <MDI key="STATISTICS_MAXIMUM">0.38324999809265</MDI>
      <MDI key="STATISTICS_MEAN">0.31205349356977</MDI>
      <MDI key="STATISTICS_MEDIAN">0.313991</MDI>
      <MDI key="STATISTICS_MINIMUM">0.23100000619888</MDI>
      <MDI key="STATISTICS_SKIPFACTORX">1</MDI>
      <MDI key="STATISTICS_SKIPFACTORY">1</MDI>
      <MDI key="STATISTICS_STDDEV">0.033062356178736</MDI>
    </Metadata>
  </PAMRasterBand>
</PAMDataset>
