<PAMDataset>
  <Metadata>
    <MDI key="DataType">Generic</MDI>
  </Metadata>
  <PAMRasterBand band="1">
    <Description>Band_1</Description>
    <Histograms>
      <HistItem>
        <HistMin>0.3032500147819519</HistMin>
        <HistMax>0.9340555667877197</HistMax>
        <BucketCount>256</BucketCount>
        <IncludeOutOfRange>1</IncludeOutOfRange>
        <Approximate>0</Approximate>
        <HistCounts>1|0|0|1|0|0|0|0|1|0|0|0|0|0|0|0|0|0|0|0|0|0|0|0|0|0|0|0|0|0|0|0|0|0|0|0|0|0|0|0|0|0|0|0|0|0|0|0|0|0|0|0|0|0|0|0|0|0|0|0|0|0|0|0|0|0|0|0|0|0|0|0|0|0|0|1|0|0|0|0|0|0|0|0|1|0|0|0|0|0|0|0|0|0|0|0|0|0|0|0|0|0|0|0|0|0|0|0|0|0|0|1|0|0|0|0|2|0|0|0|0|0|0|0|0|0|0|0|1|0|0|0|0|1|0|0|3|0|0|2|0|1|0|0|0|1|1|4|1|1|1|0|1|1|0|2|1|0|0|0|1|1|0|3|1|1|0|2|0|0|0|2|0|0|3|2|1|3|0|0|3|3|1|0|2|1|2|0|1|1|0|0|4|1|3|1|0|2|2|0|0|0|0|1|4|1|2|0|0|5|0|0|1|3|3|8|7|3|7|5|3|2|2|6|2|3|0|3|4|3|4|5|8|6|6|3|4|10|10|8|6|4|17|7|5|7|7|7|8|76|178|237|191|183|31|2</HistCounts>
      </HistItem>
    </Histograms>
    <Metadata>
      <MDI key="BandName">Band_1</MDI>
      <MDI key="RepresentationType">ATHEMATIC</MDI>
      <MDI key="STATISTICS_COVARIANCES">0.004131535617172912,0.003563160761143698,0.002957328042316283</MDI>
      <MDI key="STATISTICS_EXCLUDEDVALUES"></MDI>
      <MDI key="STATISTICS_MAXIMUM">0.93405556678772</MDI>
      <MDI key="STATISTICS_MEAN">0.90258556078758</MDI>
      <MDI key="STATISTICS_MEDIAN">0.924161</MDI>
      <MDI key="STATISTICS_MINIMUM">0.30325001478195</MDI>
      <MDI key="STATISTICS_SKIPFACTORX">1</MDI>
      <MDI key="STATISTICS_SKIPFACTORY">1</MDI>
      <MDI key="STATISTICS_STDDEV">0.064277022466609</MDI>
    </Metadata>
  </PAMRasterBand>
  <PAMRasterBand band="2">
    <Description>Band_2</Description>
    <Histograms>
      <HistItem>
        <HistMin>0.2167499959468842</HistMin>
        <HistMax>0.7195000052452087</HistMax>
        <BucketCount>256</BucketCount>
        <IncludeOutOfRange>1</IncludeOutOfRange>
        <Approximate>0</Approximate>
        <HistCounts>1|0|0|0|1|0|1|0|0|0|0|0|0|0|0|0|0|0|0|0|0|0|0|0|0|0|0|0|0|0|0|0|1|0|0|0|0|0|0|0|0|0|0|0|0|0|0|0|4|2|0|1|0|0|0|0|0|1|0|0|0|3|0|0|2|3|2|4|1|0|0|0|3|0|0|0|1|1|2|0|0|0|2|0|0|0|5|0|0|0|0|1|2|0|1|0|0|0|1|0|0|2|0|0|0|0|0|0|1|0|0|0|4|0|0|0|2|0|1|3|1|2|0|0|0|1|2|4|0|1|3|0|1|3|2|2|1|1|0|0|0|5|0|2|1|3|0|1|0|0|2|3|2|4|7|5|1|3|1|1|2|3|1|2|0|5|0|5|3|4|5|8|5|1|1|5|7|7|4|8|2|10|10|9|5|17|14|9|21|10|20|18|11|11|19|14|16|18|13|15|22|20|17|19|27|24|21|16|25|14|20|14|16|14|23|19|19|30|18|31|19|34|26|30|17|13|23|12|15|20|12|9|18|15|4|2|8|5|2|4|4|8|2|3|0|0|1|1|0|3|0|2|0|0|0|2</HistCounts>
      </HistItem>
    </Histograms>
    <Metadata>
      <MDI key="BandName">Band_2</MDI>
      <MDI key="RepresentationType">ATHEMATIC</MDI>
      <MDI key="STATISTICS_COVARIANCES">0.003563160761143698,0.005178034880671078,0.004077448780207911</MDI>
      <MDI key="STATISTICS_EXCLUDEDVALUES"></MDI>
      <MDI key="STATISTICS_MAXIMUM">0.71950000524521</MDI>
      <MDI key="STATISTICS_MEAN">0.60722510607182</MDI>
      <MDI key="STATISTICS_MEDIAN">0.622893</MDI>
      <MDI key="STATISTICS_MINIMUM">0.21674999594688</MDI>
      <MDI key="STATISTICS_SKIPFACTORX">1</MDI>
      <MDI key="STATISTICS_SKIPFACTORY">1</MDI>
      <MDI key="STATISTICS_STDDEV">0.071958563636798</MDI>
    </Metadata>
  </PAMRasterBand>
  <PAMRasterBand band="3">
    <Description>Band_3</Description>
    <Histograms>
      <HistItem>
        <HistMin>0.1657499969005585</HistMin>
        <HistMax>0.5802500247955322</HistMax>
        <BucketCount>256</BucketCount>
        <IncludeOutOfRange>1</IncludeOutOfRange>
        <Approximate>0</Approximate>
        <HistCounts>1|1|0|0|0|1|0|0|0|0|0|0|0|0|0|0|0|0|0|0|0|0|0|0|0|0|0|0|0|0|0|0|0|0|0|0|0|0|0|0|0|0|0|0|0|0|0|0|0|0|0|0|0|0|0|0|0|0|0|0|0|1|0|0|0|1|1|0|0|0|1|2|0|2|0|1|0|1|1|1|1|0|3|7|1|1|1|0|1|0|1|0|1|0|1|1|1|2|1|0|0|1|1|2|1|1|0|2|2|0|2|0|0|0|4|0|0|0|0|3|0|2|0|1|1|3|0|1|0|2|2|2|2|3|1|1|3|2|0|2|1|0|2|5|0|1|0|2|2|3|4|0|4|2|6|2|1|1|4|0|3|3|0|3|3|2|5|3|2|3|4|4|4|1|6|4|10|4|8|6|9|6|11|8|9|13|4|15|3|10|9|8|21|15|15|17|15|19|11|13|15|12|15|26|17|16|24|16|16|26|12|22|23|15|21|17|17|14|24|19|20|26|21|22|26|26|32|20|21|19|23|16|20|16|5|13|7|12|5|9|7|5|2|1|3|2|0|1|0|2|0|0|0|0|0|2</HistCounts>
      </HistItem>
    </Histograms>
    <Metadata>
      <MDI key="BandName">Band_3</MDI>
      <MDI key="RepresentationType">ATHEMATIC</MDI>
      <MDI key="STATISTICS_COVARIANCES">0.002957328042316283,0.004077448780207911,0.00327755335443401</MDI>
      <MDI key="STATISTICS_EXCLUDEDVALUES"></MDI>
      <MDI key="STATISTICS_MAXIMUM">0.58025002479553</MDI>
      <MDI key="STATISTICS_MEAN">0.49143670770941</MDI>
      <MDI key="STATISTICS_MEDIAN">0.505477</MDI>
      <MDI key="STATISTICS_MINIMUM">0.16574999690056</MDI>
      <MDI key="STATISTICS_SKIPFACTORX">1</MDI>
      <MDI key="STATISTICS_SKIPFACTORY">1</MDI>
      <MDI key="STATISTICS_STDDEV">0.057249920126006</MDI>
    </Metadata>
  </PAMRasterBand>
</PAMDataset>
