<PAMDataset>
  <Metadata>
    <MDI key="DataType">Generic</MDI>
  </Metadata>
  <PAMRasterBand band="1">
    <Description>Band_1</Description>
    <Histograms>
      <HistItem>
        <HistMin>0.4137499928474426</HistMin>
        <HistMax>0.9408147931098938</HistMax>
        <BucketCount>256</BucketCount>
        <IncludeOutOfRange>1</IncludeOutOfRange>
        <Approximate>0</Approximate>
        <HistCounts>1|0|0|0|0|0|0|0|1|2|0|0|0|1|0|0|0|0|1|1|0|0|0|0|2|0|2|0|0|2|0|0|0|1|0|1|1|0|0|0|2|1|0|0|1|1|0|0|0|0|0|0|0|1|0|0|0|2|0|0|0|0|0|3|1|1|0|0|0|1|1|2|0|1|2|0|0|0|4|0|2|0|0|0|1|0|0|1|0|2|1|0|0|0|0|0|0|0|3|0|1|0|0|1|0|0|0|2|0|0|0|2|0|1|2|0|0|0|3|0|0|1|1|0|0|0|4|3|0|0|1|2|0|0|2|1|4|6|1|0|4|4|2|5|4|6|4|7|5|2|2|3|4|0|5|1|0|3|4|6|8|3|7|9|8|1|7|1|4|10|4|6|7|6|5|5|9|8|5|9|10|7|11|13|6|7|8|12|10|8|8|6|7|18|10|13|5|8|7|10|8|6|8|12|6|8|9|8|8|9|9|7|11|4|5|18|9|7|7|7|10|9|9|16|10|17|14|8|19|9|6|25|16|25|21|24|18|18|10|13|27|21|25|15|39|272|202|86|41|2|3|2|1|3|1|1</HistCounts>
      </HistItem>
    </Histograms>
    <Metadata>
      <MDI key="BandName">Band_1</MDI>
      <MDI key="RepresentationType">ATHEMATIC</MDI>
      <MDI key="STATISTICS_COVARIANCES">0.007935379243197342,0.0003806949545179093,0.000697875900989727</MDI>
      <MDI key="STATISTICS_EXCLUDEDVALUES"></MDI>
      <MDI key="STATISTICS_MAXIMUM">0.94081479310989</MDI>
      <MDI key="STATISTICS_MEAN">0.85890048397666</MDI>
      <MDI key="STATISTICS_MEDIAN">0.897409</MDI>
      <MDI key="STATISTICS_MINIMUM">0.41374999284744</MDI>
      <MDI key="STATISTICS_SKIPFACTORX">1</MDI>
      <MDI key="STATISTICS_SKIPFACTORY">1</MDI>
      <MDI key="STATISTICS_STDDEV">0.089080745636739</MDI>
    </Metadata>
  </PAMRasterBand>
  <PAMRasterBand band="2">
    <Description>Band_2</Description>
    <Histograms>
      <HistItem>
        <HistMin>0.06724999845027924</HistMin>
        <HistMax>0.4512499868869781</HistMax>
        <BucketCount>256</BucketCount>
        <IncludeOutOfRange>1</IncludeOutOfRange>
        <Approximate>0</Approximate>
        <HistCounts>1|0|0|0|0|0|0|0|0|1|0|0|0|1|1|0|1|0|0|0|0|1|1|0|0|0|0|0|0|0|1|0|0|0|1|0|1|0|2|0|0|0|0|0|0|0|0|0|1|0|1|0|2|0|0|0|0|0|2|0|0|0|0|2|0|0|0|1|0|0|0|1|0|0|0|0|2|2|3|0|1|0|3|0|0|1|1|1|0|0|1|1|1|0|0|3|1|1|2|2|2|4|6|2|8|14|9|6|10|9|10|17|7|7|16|15|19|30|28|17|14|29|26|23|24|12|35|25|26|28|22|30|34|22|30|38|42|26|25|19|38|28|31|40|42|18|27|10|34|29|22|24|21|9|14|22|11|15|12|15|23|11|12|5|11|10|18|6|8|11|9|7|1|9|8|5|7|4|0|8|5|3|9|13|1|9|3|7|6|5|9|1|1|4|7|6|6|7|4|1|0|2|6|3|0|2|5|9|2|4|5|5|3|0|2|5|2|3|2|0|2|4|0|4|1|7|1|3|2|0|0|4|1|0|0|0|2|1|6|0|7|2|0|1|1|0|1|0|0|0|0|2|0|0|0|1</HistCounts>
      </HistItem>
    </Histograms>
    <Metadata>
      <MDI key="BandName">Band_2</MDI>
      <MDI key="RepresentationType">ATHEMATIC</MDI>
      <MDI key="STATISTICS_COVARIANCES">0.0003806949545179093,0.002327139241010344,0.00142503222008493</MDI>
      <MDI key="STATISTICS_EXCLUDEDVALUES"></MDI>
      <MDI key="STATISTICS_MAXIMUM">0.45124998688698</MDI>
      <MDI key="STATISTICS_MEAN">0.28526228288643</MDI>
      <MDI key="STATISTICS_MEDIAN">0.278074</MDI>
      <MDI key="STATISTICS_MINIMUM">0.067249998450279</MDI>
      <MDI key="STATISTICS_SKIPFACTORX">1</MDI>
      <MDI key="STATISTICS_SKIPFACTORY">1</MDI>
      <MDI key="STATISTICS_STDDEV">0.048240431600581</MDI>
    </Metadata>
  </PAMRasterBand>
  <PAMRasterBand band="3">
    <Description>Band_3</Description>
    <Histograms>
      <HistItem>
        <HistMin>0.1239999979734421</HistMin>
        <HistMax>0.3499999940395355</HistMax>
        <BucketCount>256</BucketCount>
        <IncludeOutOfRange>1</IncludeOutOfRange>
        <Approximate>0</Approximate>
        <HistCounts>1|0|0|0|0|0|0|0|0|0|0|0|0|1|0|0|0|0|1|0|0|0|1|0|0|0|0|0|0|1|2|0|0|0|0|0|0|1|0|0|0|1|1|0|0|1|0|1|1|2|0|0|1|0|2|3|0|0|0|0|1|1|1|0|1|0|0|1|1|0|2|0|0|0|0|0|1|0|0|0|4|0|0|2|3|0|0|0|1|4|2|1|2|8|0|4|6|9|8|2|2|2|7|1|11|6|5|5|13|8|11|10|10|19|15|8|21|18|21|24|8|15|20|6|22|8|15|13|29|24|23|6|22|37|22|40|16|23|33|15|28|31|20|16|31|18|33|20|28|21|29|27|30|20|28|23|14|27|14|26|13|19|17|9|11|24|10|11|12|11|14|6|15|11|14|8|10|5|2|8|6|5|3|10|1|5|4|13|9|0|12|8|7|3|8|3|4|2|3|7|0|5|4|6|7|5|2|14|4|4|3|0|2|0|3|0|11|2|6|1|4|2|2|3|10|5|2|3|2|1|0|3|0|0|3|3|2|0|3|0|0|2|1|0|2|0|2|1|0|0|0|2|0|4|0|1</HistCounts>
      </HistItem>
    </Histograms>
    <Metadata>
      <MDI key="BandName">Band_3</MDI>
      <MDI key="RepresentationType">ATHEMATIC</MDI>
      <MDI key="STATISTICS_COVARIANCES">0.000697875900989727,0.00142503222008493,0.0009179983096781135</MDI>
      <MDI key="STATISTICS_EXCLUDEDVALUES"></MDI>
      <MDI key="STATISTICS_MAXIMUM">0.34999999403954</MDI>
      <MDI key="STATISTICS_MEAN">0.25525778886478</MDI>
      <MDI key="STATISTICS_MEDIAN">0.252510</MDI>
      <MDI key="STATISTICS_MINIMUM">0.12399999797344</MDI>
      <MDI key="STATISTICS_SKIPFACTORX">1</MDI>
      <MDI key="STATISTICS_SKIPFACTORY">1</MDI>
      <MDI key="STATISTICS_STDDEV">0.030298486920606</MDI>
    </Metadata>
  </PAMRasterBand>
</PAMDataset>
