<PAMDataset>
  <Metadata>
    <MDI key="DataType">Generic</MDI>
  </Metadata>
  <PAMRasterBand band="1">
    <Description>Band_1</Description>
    <Histograms>
      <HistItem>
        <HistMin>0.4287500083446503</HistMin>
        <HistMax>0.9272222518920898</HistMax>
        <BucketCount>256</BucketCount>
        <IncludeOutOfRange>1</IncludeOutOfRange>
        <Approximate>0</Approximate>
        <HistCounts>1|0|0|0|0|0|0|0|0|0|0|0|0|0|0|0|0|1|0|0|0|0|0|0|0|0|0|0|0|0|0|2|0|0|1|1|0|2|0|0|0|1|0|0|0|0|0|1|0|0|1|0|0|0|1|1|0|0|0|0|2|0|1|1|1|0|0|0|1|1|0|0|1|1|0|1|2|0|0|1|1|5|2|4|4|3|1|1|0|5|4|4|2|0|2|4|2|3|1|5|7|3|4|3|5|1|2|4|8|5|7|7|6|2|2|0|6|4|2|3|4|2|4|8|3|8|3|6|4|5|7|5|4|8|8|7|7|3|13|7|4|3|7|5|9|8|9|11|9|6|9|7|7|8|12|6|14|13|6|4|13|20|8|12|11|7|11|9|16|14|15|10|7|17|15|11|13|12|11|13|11|16|18|9|13|11|13|13|19|10|7|14|14|12|8|16|10|13|14|5|16|14|10|8|10|11|11|8|4|15|18|8|14|12|6|4|4|4|6|5|5|9|3|1|3|7|3|5|5|1|2|0|1|2|3|2|5|1|2|0|3|1|0|1|2|0|1|0|0|0|1|6|14|2|8|1</HistCounts>
      </HistItem>
    </Histograms>
    <Metadata>
      <MDI key="BandName">Band_1</MDI>
      <MDI key="RepresentationType">ATHEMATIC</MDI>
      <MDI key="STATISTICS_COVARIANCES">0.006648598758919348,0.004338830904344755,0.003377186041951055</MDI>
      <MDI key="STATISTICS_EXCLUDEDVALUES"></MDI>
      <MDI key="STATISTICS_MAXIMUM">0.92722225189209</MDI>
      <MDI key="STATISTICS_MEAN">0.75953917601223</MDI>
      <MDI key="STATISTICS_MEDIAN">0.768884</MDI>
      <MDI key="STATISTICS_MINIMUM">0.42875000834465</MDI>
      <MDI key="STATISTICS_SKIPFACTORX">1</MDI>
      <MDI key="STATISTICS_SKIPFACTORY">1</MDI>
      <MDI key="STATISTICS_STDDEV">0.081538940138558</MDI>
    </Metadata>
  </PAMRasterBand>
  <PAMRasterBand band="2">
    <Description>Band_2</Description>
    <Histograms>
      <HistItem>
        <HistMin>0.0989999994635582</HistMin>
        <HistMax>0.5357499718666077</HistMax>
        <BucketCount>256</BucketCount>
        <IncludeOutOfRange>1</IncludeOutOfRange>
        <Approximate>0</Approximate>
        <HistCounts>3|0|0|0|0|3|1|0|0|1|2|1|0|0|0|0|0|0|0|0|0|0|0|1|0|0|1|1|0|0|0|0|1|1|3|0|0|0|1|0|0|1|0|3|2|1|1|0|0|0|0|0|0|0|2|0|2|0|0|0|0|0|5|0|2|4|1|0|1|4|5|5|1|3|6|8|5|12|4|8|6|11|10|8|7|9|5|6|7|5|6|9|9|14|6|6|8|0|10|8|10|10|5|11|4|10|8|9|8|7|5|5|12|6|11|9|2|12|9|13|7|4|12|8|17|13|7|7|9|8|13|18|11|11|2|7|5|12|5|11|4|5|2|19|7|7|13|6|7|8|8|12|13|4|7|10|4|8|4|16|6|4|8|3|11|3|8|7|12|7|9|4|10|5|5|6|7|7|14|15|2|13|6|16|12|10|11|5|9|8|10|6|9|16|6|6|11|4|5|5|2|1|7|6|3|2|3|1|3|1|1|2|12|3|6|7|2|3|3|3|2|2|0|8|4|3|3|2|1|1|0|1|0|0|0|2|0|0|2|1|3|1|0|2|1|0|1|2|1|2|0|0|0|1|0|1</HistCounts>
      </HistItem>
    </Histograms>
    <Metadata>
      <MDI key="BandName">Band_2</MDI>
      <MDI key="RepresentationType">ATHEMATIC</MDI>
      <MDI key="STATISTICS_COVARIANCES">0.004338830904344755,0.006429497575191318,0.004431866811353416</MDI>
      <MDI key="STATISTICS_EXCLUDEDVALUES"></MDI>
      <MDI key="STATISTICS_MAXIMUM">0.53574997186661</MDI>
      <MDI key="STATISTICS_MEAN">0.34064542126562</MDI>
      <MDI key="STATISTICS_MEDIAN">0.337072</MDI>
      <MDI key="STATISTICS_MINIMUM">0.098999999463558</MDI>
      <MDI key="STATISTICS_SKIPFACTORX">1</MDI>
      <MDI key="STATISTICS_SKIPFACTORY">1</MDI>
      <MDI key="STATISTICS_STDDEV">0.080184147904628</MDI>
    </Metadata>
  </PAMRasterBand>
  <PAMRasterBand band="3">
    <Description>Band_3</Description>
    <Histograms>
      <HistItem>
        <HistMin>0.130500003695488</HistMin>
        <HistMax>0.5090000033378601</HistMax>
        <BucketCount>256</BucketCount>
        <IncludeOutOfRange>1</IncludeOutOfRange>
        <Approximate>0</Approximate>
        <HistCounts>1|3|0|0|3|2|0|1|1|0|0|0|0|0|0|0|0|0|1|0|0|0|0|0|0|0|0|0|0|0|1|1|1|3|1|3|1|2|0|1|0|0|8|3|4|10|0|2|10|4|11|6|12|10|6|12|13|9|5|12|7|15|8|10|9|9|11|8|4|8|11|15|13|13|9|12|6|7|4|9|8|8|11|18|4|10|10|13|7|14|10|7|7|17|8|11|15|15|8|13|11|9|14|11|7|6|17|6|8|9|13|2|12|11|25|17|8|4|5|9|5|13|7|13|6|8|9|11|6|15|8|13|13|13|15|10|12|8|15|15|20|7|11|9|5|8|8|8|5|16|4|4|1|7|5|4|4|7|2|6|6|8|3|2|5|2|4|10|3|1|5|3|0|0|2|0|1|3|0|5|0|0|6|0|0|2|0|1|2|0|0|2|0|0|0|2|1|0|0|0|0|0|0|1|3|0|0|1|0|0|1|0|0|0|0|0|0|0|0|0|0|0|0|0|0|0|0|0|0|0|0|0|0|0|0|0|0|0|0|0|0|0|1|0|0|0|0|0|0|0|0|0|0|0|0|1</HistCounts>
      </HistItem>
    </Histograms>
    <Metadata>
      <MDI key="BandName">Band_3</MDI>
      <MDI key="RepresentationType">ATHEMATIC</MDI>
      <MDI key="STATISTICS_COVARIANCES">0.003377186041951055,0.004431866811353416,0.003190763860672533</MDI>
      <MDI key="STATISTICS_EXCLUDEDVALUES"></MDI>
      <MDI key="STATISTICS_MAXIMUM">0.50900000333786</MDI>
      <MDI key="STATISTICS_MEAN">0.28588077553821</MDI>
      <MDI key="STATISTICS_MEDIAN">0.283384</MDI>
      <MDI key="STATISTICS_MINIMUM">0.13050000369549</MDI>
      <MDI key="STATISTICS_SKIPFACTORX">1</MDI>
      <MDI key="STATISTICS_SKIPFACTORY">1</MDI>
      <MDI key="STATISTICS_STDDEV">0.056486846793502</MDI>
    </Metadata>
  </PAMRasterBand>
</PAMDataset>
