<PAMDataset>
  <Metadata>
    <MDI key="DataType">Generic</MDI>
  </Metadata>
  <PAMRasterBand band="1">
    <Description>Band_1</Description>
    <Histograms>
      <HistItem>
        <HistMin>0.668749988079071</HistMin>
        <HistMax>0.9272222518920898</HistMax>
        <BucketCount>256</BucketCount>
        <IncludeOutOfRange>1</IncludeOutOfRange>
        <Approximate>0</Approximate>
        <HistCounts>1|0|0|0|0|0|0|0|0|0|0|0|0|0|0|0|0|0|2|0|0|0|0|0|0|0|0|0|0|0|0|0|0|0|0|0|0|0|0|0|0|0|0|0|0|0|0|0|0|0|0|0|0|0|0|0|0|0|0|0|0|0|0|0|0|0|0|0|0|0|0|0|0|1|1|0|1|0|0|0|0|0|0|0|0|0|0|0|0|0|0|0|1|0|0|0|0|0|0|1|0|0|0|0|0|0|0|0|0|0|0|0|0|1|1|0|0|0|0|0|1|0|0|0|0|0|0|1|1|2|1|1|0|0|0|0|1|2|0|3|1|1|0|2|0|0|3|0|2|0|4|1|2|2|2|1|1|1|0|1|0|0|0|7|0|2|1|0|0|1|1|1|2|2|5|1|4|3|3|1|6|6|2|5|1|4|0|2|0|8|8|5|1|7|8|3|4|7|8|9|8|8|15|10|2|7|12|10|11|7|12|5|7|8|9|13|6|11|14|14|15|21|9|7|9|9|3|10|11|6|3|8|19|13|9|15|14|12|16|11|16|8|1|8|10|11|12|25|127|60|41|21|4|3|2|1</HistCounts>
      </HistItem>
    </Histograms>
    <Metadata>
      <MDI key="BandName">Band_1</MDI>
      <MDI key="RepresentationType">ATHEMATIC</MDI>
      <MDI key="STATISTICS_COVARIANCES">0.001051584673628556,-0.0003251430401068468,-0.0001942793941073699</MDI>
      <MDI key="STATISTICS_EXCLUDEDVALUES"></MDI>
      <MDI key="STATISTICS_MAXIMUM">0.92722225189209</MDI>
      <MDI key="STATISTICS_MEAN">0.89360576810622</MDI>
      <MDI key="STATISTICS_MEDIAN">0.901882</MDI>
      <MDI key="STATISTICS_MINIMUM">0.66874998807907</MDI>
      <MDI key="STATISTICS_SKIPFACTORX">1</MDI>
      <MDI key="STATISTICS_SKIPFACTORY">1</MDI>
      <MDI key="STATISTICS_STDDEV">0.032428146318107</MDI>
    </Metadata>
  </PAMRasterBand>
  <PAMRasterBand band="2">
    <Description>Band_2</Description>
    <Histograms>
      <HistItem>
        <HistMin>0.08574999868869781</HistMin>
        <HistMax>0.3677499890327454</HistMax>
        <BucketCount>256</BucketCount>
        <IncludeOutOfRange>1</IncludeOutOfRange>
        <Approximate>0</Approximate>
        <HistCounts>3|10|24|39|76|61|78|69|44|46|28|27|18|17|28|24|44|28|20|29|9|20|6|15|10|23|9|10|7|9|4|5|5|1|1|1|5|1|2|2|7|5|3|5|1|3|0|2|0|1|3|1|1|1|2|1|0|0|1|0|1|4|0|0|1|0|3|0|0|1|0|0|1|1|1|2|4|1|0|0|3|0|0|1|0|0|1|0|0|0|1|0|0|0|0|0|1|0|0|1|0|0|0|0|0|1|0|1|1|1|1|0|0|0|0|0|0|0|0|1|0|0|0|0|0|0|0|0|0|0|0|0|0|1|0|1|0|0|0|0|0|1|0|0|0|0|0|0|0|0|0|0|0|0|0|0|0|0|0|0|1|0|0|0|0|0|0|0|0|0|0|0|0|0|0|0|0|0|0|0|0|0|0|0|0|0|0|0|0|0|0|0|0|0|0|0|0|0|0|0|0|0|0|0|0|0|0|0|0|0|0|0|0|0|0|0|0|0|0|0|0|0|0|0|0|0|0|0|0|0|0|0|0|0|0|0|0|0|0|0|0|0|0|0|0|0|0|0|0|0|0|0|0|0|0|1</HistCounts>
      </HistItem>
    </Histograms>
    <Metadata>
      <MDI key="BandName">Band_2</MDI>
      <MDI key="RepresentationType">ATHEMATIC</MDI>
      <MDI key="STATISTICS_COVARIANCES">-0.0003251430401068468,0.0004924702523863218,0.0003654596034669976</MDI>
      <MDI key="STATISTICS_EXCLUDEDVALUES"></MDI>
      <MDI key="STATISTICS_MAXIMUM">0.36774998903275</MDI>
      <MDI key="STATISTICS_MEAN">0.104482066325</MDI>
      <MDI key="STATISTICS_MEDIAN">0.096809</MDI>
      <MDI key="STATISTICS_MINIMUM">0.085749998688698</MDI>
      <MDI key="STATISTICS_SKIPFACTORX">1</MDI>
      <MDI key="STATISTICS_SKIPFACTORY">1</MDI>
      <MDI key="STATISTICS_STDDEV">0.022191670788526</MDI>
    </Metadata>
  </PAMRasterBand>
  <PAMRasterBand band="3">
    <Description>Band_3</Description>
    <Histograms>
      <HistItem>
        <HistMin>0.1342500001192093</HistMin>
        <HistMax>0.3619999885559082</HistMax>
        <BucketCount>256</BucketCount>
        <IncludeOutOfRange>1</IncludeOutOfRange>
        <Approximate>0</Approximate>
        <HistCounts>4|21|22|68|60|71|78|30|58|27|43|39|24|41|25|21|18|23|9|25|15|16|8|11|13|15|21|10|5|11|9|12|1|3|4|4|2|1|0|1|3|5|0|2|5|5|0|1|0|0|3|4|4|2|2|1|0|3|0|2|0|0|0|0|0|0|1|0|1|0|0|1|0|0|0|0|3|0|2|0|0|0|0|0|0|0|0|1|0|1|2|0|0|0|1|0|0|1|0|0|0|1|0|0|0|0|0|0|1|0|1|0|1|0|0|0|0|0|0|0|1|0|1|0|0|0|0|0|0|0|1|0|0|0|0|0|0|0|0|0|0|0|0|0|0|0|0|0|0|0|0|0|0|0|0|0|0|0|1|0|0|0|0|0|0|0|0|0|0|0|0|0|0|0|0|0|0|0|0|0|0|0|0|0|0|0|0|0|0|0|0|0|0|0|0|0|0|0|0|0|0|0|0|0|0|0|0|0|0|0|0|0|0|0|0|0|0|0|0|0|0|0|0|0|0|0|0|0|0|0|0|0|0|0|0|0|0|0|0|0|0|0|0|0|0|0|0|0|0|0|0|0|0|0|0|1</HistCounts>
      </HistItem>
    </Histograms>
    <Metadata>
      <MDI key="BandName">Band_3</MDI>
      <MDI key="RepresentationType">ATHEMATIC</MDI>
      <MDI key="STATISTICS_COVARIANCES">-0.0001942793941073699,0.0003654596034669976,0.0002804731640506656</MDI>
      <MDI key="STATISTICS_EXCLUDEDVALUES"></MDI>
      <MDI key="STATISTICS_MAXIMUM">0.36199998855591</MDI>
      <MDI key="STATISTICS_MEAN">0.14857869400649</MDI>
      <MDI key="STATISTICS_MEDIAN">0.143181</MDI>
      <MDI key="STATISTICS_MINIMUM">0.13425000011921</MDI>
      <MDI key="STATISTICS_SKIPFACTORX">1</MDI>
      <MDI key="STATISTICS_SKIPFACTORY">1</MDI>
      <MDI key="STATISTICS_STDDEV">0.016747333042926</MDI>
    </Metadata>
  </PAMRasterBand>
</PAMDataset>
