<PAMDataset>
  <Metadata>
    <MDI key="DataType">Generic</MDI>
  </Metadata>
  <PAMRasterBand band="1">
    <Description>Band_1</Description>
    <Histograms>
      <HistItem>
        <HistMin>0.7107499837875366</HistMin>
        <HistMax>0.9406296014785767</HistMax>
        <BucketCount>256</BucketCount>
        <IncludeOutOfRange>1</IncludeOutOfRange>
        <Approximate>0</Approximate>
        <HistCounts>1|0|0|0|0|0|0|0|0|1|0|0|0|0|1|0|0|0|0|0|0|2|0|0|0|1|1|0|0|0|0|2|0|2|0|0|0|0|0|3|0|1|3|1|3|1|0|3|4|5|3|2|9|1|7|8|7|11|3|9|6|16|15|5|10|7|10|14|6|12|12|8|11|14|11|14|8|21|13|23|9|12|20|20|23|15|19|23|18|16|15|19|23|9|22|14|13|19|16|20|20|22|12|20|10|22|11|6|17|12|8|9|24|17|8|15|8|11|16|9|14|4|18|19|7|14|9|9|12|7|9|9|12|11|7|16|10|6|8|6|5|16|9|6|5|10|17|1|11|5|12|10|1|2|9|6|13|3|13|2|5|2|4|9|7|9|10|6|11|11|16|7|9|6|15|6|16|9|8|8|7|5|8|5|11|4|23|10|13|8|8|5|7|9|5|3|5|6|7|3|4|13|4|4|9|3|10|2|4|8|5|2|1|6|8|4|6|5|10|3|3|5|3|3|3|3|3|4|1|4|1|4|36|36|12|9|8|14|10|12|6|3|4|6|4|1|1|2|0|0|1|0|0|0|0|2</HistCounts>
      </HistItem>
    </Histograms>
    <Metadata>
      <MDI key="BandName">Band_1</MDI>
      <MDI key="RepresentationType">ATHEMATIC</MDI>
      <MDI key="STATISTICS_COVARIANCES">0.002477452737354381,-0.0001628282498337408,0.0001151791308063035</MDI>
      <MDI key="STATISTICS_EXCLUDEDVALUES"></MDI>
      <MDI key="STATISTICS_MAXIMUM">0.94062960147858</MDI>
      <MDI key="STATISTICS_MEAN">0.83164708423688</MDI>
      <MDI key="STATISTICS_MEDIAN">0.820732</MDI>
      <MDI key="STATISTICS_MINIMUM">0.71074998378754</MDI>
      <MDI key="STATISTICS_SKIPFACTORX">1</MDI>
      <MDI key="STATISTICS_SKIPFACTORY">1</MDI>
      <MDI key="STATISTICS_STDDEV">0.049774016688975</MDI>
    </Metadata>
  </PAMRasterBand>
  <PAMRasterBand band="2">
    <Description>Band_2</Description>
    <Histograms>
      <HistItem>
        <HistMin>0.08649999648332596</HistMin>
        <HistMax>0.4877499938011169</HistMax>
        <BucketCount>256</BucketCount>
        <IncludeOutOfRange>1</IncludeOutOfRange>
        <Approximate>0</Approximate>
        <HistCounts>1|0|4|0|0|2|1|0|1|0|0|1|0|0|0|1|2|1|2|1|2|0|1|6|0|0|4|3|5|0|2|2|1|1|0|1|2|3|2|1|1|2|2|0|1|2|2|4|3|4|3|4|3|2|2|1|1|1|1|2|0|2|2|0|3|0|2|1|2|2|0|1|0|0|0|3|0|0|1|0|2|3|3|3|2|0|4|2|0|3|2|2|4|0|1|6|2|5|6|4|3|4|2|2|2|4|3|6|0|3|5|5|11|1|0|0|1|4|2|9|11|5|6|5|6|10|6|7|10|11|10|9|9|8|11|14|16|9|16|24|8|15|20|24|36|20|31|18|16|24|20|21|11|18|25|18|40|16|20|18|29|24|23|25|21|14|35|23|24|21|36|39|23|19|19|20|24|30|29|25|17|12|23|25|22|22|15|12|25|13|11|18|11|21|12|20|12|17|11|16|19|11|9|11|10|7|9|11|6|3|10|10|7|12|13|7|10|8|9|6|5|6|3|8|1|8|1|4|4|1|2|2|6|0|2|3|2|3|2|2|1|0|1|2|0|1|0|0|0|0|0|0|2|1|1|1</HistCounts>
      </HistItem>
    </Histograms>
    <Metadata>
      <MDI key="BandName">Band_2</MDI>
      <MDI key="RepresentationType">ATHEMATIC</MDI>
      <MDI key="STATISTICS_COVARIANCES">-0.0001628282498337408,0.004450852780388621,0.002532940239864214</MDI>
      <MDI key="STATISTICS_EXCLUDEDVALUES"></MDI>
      <MDI key="STATISTICS_MAXIMUM">0.48774999380112</MDI>
      <MDI key="STATISTICS_MEAN">0.33756898307014</MDI>
      <MDI key="STATISTICS_MEDIAN">0.344559</MDI>
      <MDI key="STATISTICS_MINIMUM">0.086499996483326</MDI>
      <MDI key="STATISTICS_SKIPFACTORX">1</MDI>
      <MDI key="STATISTICS_SKIPFACTORY">1</MDI>
      <MDI key="STATISTICS_STDDEV">0.066714711873684</MDI>
    </Metadata>
  </PAMRasterBand>
  <PAMRasterBand band="3">
    <Description>Band_3</Description>
    <Histograms>
      <HistItem>
        <HistMin>0.1459999978542328</HistMin>
        <HistMax>0.3989999890327454</HistMax>
        <BucketCount>256</BucketCount>
        <IncludeOutOfRange>1</IncludeOutOfRange>
        <Approximate>0</Approximate>
        <HistCounts>2|0|0|1|0|0|0|1|1|0|0|1|0|2|1|0|0|1|2|0|3|1|1|0|2|1|0|1|2|1|1|0|1|3|1|2|0|4|1|1|0|0|5|0|0|3|3|6|2|1|0|1|2|0|0|0|4|4|1|3|4|0|6|2|4|8|5|0|0|3|0|2|2|1|1|2|0|1|0|0|0|0|0|2|0|2|3|5|3|2|2|2|4|6|6|3|4|1|1|7|2|6|7|5|3|2|4|3|1|2|11|7|11|11|7|4|6|13|7|6|10|4|14|12|12|7|17|16|12|18|10|21|20|26|32|21|21|27|33|22|37|24|24|20|20|18|14|34|33|27|26|29|23|19|36|19|29|20|29|11|33|22|24|14|36|32|32|23|24|16|15|28|20|19|20|23|11|16|14|14|14|12|14|27|13|6|15|7|15|3|12|15|12|13|2|7|17|9|6|5|6|8|6|13|11|8|7|17|9|5|8|8|5|4|2|1|2|1|5|2|3|3|2|0|2|0|5|0|4|0|0|2|0|0|3|1|3|0|0|0|1|1|1|0|0|0|0|1|1|0|0|0|3|0|0|1</HistCounts>
      </HistItem>
    </Histograms>
    <Metadata>
      <MDI key="BandName">Band_3</MDI>
      <MDI key="RepresentationType">ATHEMATIC</MDI>
      <MDI key="STATISTICS_COVARIANCES">0.0001151791308063035,0.002532940239864214,0.001475491270608391</MDI>
      <MDI key="STATISTICS_EXCLUDEDVALUES"></MDI>
      <MDI key="STATISTICS_MAXIMUM">0.39899998903275</MDI>
      <MDI key="STATISTICS_MEAN">0.29562008168451</MDI>
      <MDI key="STATISTICS_MEDIAN">0.297800</MDI>
      <MDI key="STATISTICS_MINIMUM">0.14599999785423</MDI>
      <MDI key="STATISTICS_SKIPFACTORX">1</MDI>
      <MDI key="STATISTICS_SKIPFACTORY">1</MDI>
      <MDI key="STATISTICS_STDDEV">0.038412124005428</MDI>
    </Metadata>
  </PAMRasterBand>
</PAMDataset>
