<PAMDataset>
  <Metadata>
    <MDI key="DataType">Generic</MDI>
  </Metadata>
  <PAMRasterBand band="1">
    <Description>Band_1</Description>
    <Histograms>
      <HistItem>
        <HistMin>0.6167500019073486</HistMin>
        <HistMax>0.8997499942779541</HistMax>
        <BucketCount>256</BucketCount>
        <IncludeOutOfRange>1</IncludeOutOfRange>
        <Approximate>0</Approximate>
        <HistCounts>1|0|0|0|0|0|0|0|0|0|0|0|1|2|1|0|0|0|0|0|0|0|2|2|0|0|1|0|0|1|0|1|0|2|0|0|2|0|3|1|1|0|0|0|1|1|2|2|1|1|0|6|6|1|4|2|3|0|6|8|4|3|5|3|2|8|5|13|3|6|12|9|11|11|18|9|12|16|12|13|20|19|12|18|21|12|17|13|15|19|15|16|15|10|12|7|11|31|12|23|14|16|22|14|18|15|24|14|17|38|18|21|25|21|19|18|27|15|24|17|17|12|16|21|19|16|13|15|10|4|10|4|6|5|5|3|7|7|6|2|11|3|6|7|6|5|4|5|2|4|8|4|4|0|5|3|1|1|2|0|0|1|0|2|0|0|1|0|0|0|0|0|0|0|0|0|0|0|0|0|0|2|0|0|0|0|0|0|0|0|0|0|0|0|0|0|0|0|0|0|0|0|0|0|0|0|0|0|0|0|0|0|0|0|0|0|0|0|0|0|0|0|0|0|0|0|0|0|0|1|0|0|0|0|0|0|0|0|0|1|0|0|0|0|0|0|0|0|0|0|0|0|0|0|0|1</HistCounts>
      </HistItem>
    </Histograms>
    <Metadata>
      <MDI key="BandName">Band_1</MDI>
      <MDI key="RepresentationType">ATHEMATIC</MDI>
      <MDI key="STATISTICS_COVARIANCES">0.0008578795602008308,0.0001316648886519466,0.0001042026958972006</MDI>
      <MDI key="STATISTICS_EXCLUDEDVALUES"></MDI>
      <MDI key="STATISTICS_MAXIMUM">0.89974999427795</MDI>
      <MDI key="STATISTICS_MEAN">0.7300617455573</MDI>
      <MDI key="STATISTICS_MEDIAN">0.731060</MDI>
      <MDI key="STATISTICS_MINIMUM">0.61675000190735</MDI>
      <MDI key="STATISTICS_SKIPFACTORX">1</MDI>
      <MDI key="STATISTICS_SKIPFACTORY">1</MDI>
      <MDI key="STATISTICS_STDDEV">0.029289581086127</MDI>
    </Metadata>
  </PAMRasterBand>
  <PAMRasterBand band="2">
    <Description>Band_2</Description>
    <Histograms>
      <HistItem>
        <HistMin>0.09149999916553497</HistMin>
        <HistMax>0.398250013589859</HistMax>
        <BucketCount>256</BucketCount>
        <IncludeOutOfRange>1</IncludeOutOfRange>
        <Approximate>0</Approximate>
        <HistCounts>1|0|0|0|1|0|0|0|0|0|0|0|0|1|0|0|0|0|0|0|0|0|0|0|0|0|0|0|0|0|0|0|0|0|0|2|0|0|0|0|0|0|0|0|0|0|0|0|0|0|0|0|0|0|0|0|0|0|0|0|0|0|0|0|0|0|0|0|0|0|0|0|0|0|0|0|2|0|0|0|2|2|0|0|0|0|1|0|2|0|0|0|0|0|0|0|2|2|0|0|0|0|0|0|0|2|0|2|0|0|0|2|0|0|0|0|0|0|0|0|0|0|0|2|0|0|0|0|2|0|0|0|0|0|0|1|0|0|0|0|0|0|0|0|1|1|0|0|0|3|1|1|1|2|3|3|1|1|1|4|1|4|2|3|4|5|0|6|2|1|2|4|5|2|2|4|2|1|4|2|2|4|6|7|3|0|7|1|2|8|2|6|2|6|3|5|0|4|4|6|6|5|12|10|18|18|16|26|20|24|41|21|17|32|26|20|28|18|25|26|24|15|35|25|40|25|21|17|33|35|24|38|44|30|29|27|20|19|21|14|26|10|9|10|9|10|10|6|7|0|2|7|2|2|1|1</HistCounts>
      </HistItem>
    </Histograms>
    <Metadata>
      <MDI key="BandName">Band_2</MDI>
      <MDI key="RepresentationType">ATHEMATIC</MDI>
      <MDI key="STATISTICS_COVARIANCES">0.0001316648886519466,0.001187039423641099,0.0006975849350669388</MDI>
      <MDI key="STATISTICS_EXCLUDEDVALUES"></MDI>
      <MDI key="STATISTICS_MAXIMUM">0.39825001358986</MDI>
      <MDI key="STATISTICS_MEAN">0.3503125501873</MDI>
      <MDI key="STATISTICS_MEDIAN">0.357350</MDI>
      <MDI key="STATISTICS_MINIMUM">0.091499999165535</MDI>
      <MDI key="STATISTICS_SKIPFACTORX">1</MDI>
      <MDI key="STATISTICS_SKIPFACTORY">1</MDI>
      <MDI key="STATISTICS_STDDEV">0.034453438487923</MDI>
    </Metadata>
  </PAMRasterBand>
  <PAMRasterBand band="3">
    <Description>Band_3</Description>
    <Histograms>
      <HistItem>
        <HistMin>0.1389999985694885</HistMin>
        <HistMax>0.3257499933242798</HistMax>
        <BucketCount>256</BucketCount>
        <IncludeOutOfRange>1</IncludeOutOfRange>
        <Approximate>0</Approximate>
        <HistCounts>2|0|0|0|0|0|0|0|0|0|0|1|0|0|0|0|0|0|0|0|0|0|0|0|0|0|0|0|0|2|0|0|0|0|0|0|0|0|0|0|0|0|0|0|0|0|0|0|0|0|0|0|0|0|0|0|0|0|0|0|0|0|0|0|0|0|0|0|0|0|0|0|0|0|2|0|0|0|0|0|0|2|0|0|0|0|0|0|2|0|0|2|0|0|0|2|1|0|0|0|0|0|2|0|0|2|0|2|0|0|0|0|2|0|0|0|0|0|0|0|0|0|0|0|0|0|0|0|0|0|0|2|0|1|0|0|1|0|1|0|0|0|0|4|1|1|0|3|2|2|2|0|2|3|2|2|4|1|3|1|1|3|5|1|0|5|1|2|2|1|8|2|2|4|3|7|1|4|0|2|3|5|8|2|2|6|1|5|9|10|5|4|6|4|13|3|10|22|14|11|21|28|29|17|17|31|20|27|18|12|18|32|19|33|20|26|17|29|22|18|28|32|23|38|26|24|33|39|42|36|29|20|20|21|14|18|11|13|9|0|4|7|4|4|12|3|10|6|0|0|0|0|0|0|2|2</HistCounts>
      </HistItem>
    </Histograms>
    <Metadata>
      <MDI key="BandName">Band_3</MDI>
      <MDI key="RepresentationType">ATHEMATIC</MDI>
      <MDI key="STATISTICS_COVARIANCES">0.0001042026958972006,0.0006975849350669388,0.0004186533950155712</MDI>
      <MDI key="STATISTICS_EXCLUDEDVALUES"></MDI>
      <MDI key="STATISTICS_MAXIMUM">0.32574999332428</MDI>
      <MDI key="STATISTICS_MEAN">0.29298813353358</MDI>
      <MDI key="STATISTICS_MEDIAN">0.296456</MDI>
      <MDI key="STATISTICS_MINIMUM">0.13899999856949</MDI>
      <MDI key="STATISTICS_SKIPFACTORX">1</MDI>
      <MDI key="STATISTICS_SKIPFACTORY">1</MDI>
      <MDI key="STATISTICS_STDDEV">0.020461021358074</MDI>
    </Metadata>
  </PAMRasterBand>
</PAMDataset>
