<PAMDataset>
  <Metadata>
    <MDI key="DataType">Generic</MDI>
  </Metadata>
  <PAMRasterBand band="1">
    <Description>Band_1</Description>
    <Histograms>
      <HistItem>
        <HistMin>0.6144999861717224</HistMin>
        <HistMax>0.930388867855072</HistMax>
        <BucketCount>256</BucketCount>
        <IncludeOutOfRange>1</IncludeOutOfRange>
        <Approximate>0</Approximate>
        <HistCounts>2|2|0|0|2|0|0|0|0|0|0|0|0|0|0|0|1|0|0|0|2|0|0|0|0|2|0|0|0|0|0|0|0|0|0|0|0|0|0|0|0|0|1|0|0|0|0|0|0|0|0|0|0|0|0|0|0|2|0|0|0|1|1|2|0|0|0|0|0|0|0|0|0|1|2|0|0|0|0|0|1|0|0|2|0|0|0|0|1|0|0|0|1|0|1|1|0|0|0|0|1|2|0|3|0|4|1|3|0|1|2|1|4|1|1|2|0|1|2|2|3|0|2|0|2|0|1|4|2|0|1|2|1|0|1|5|2|2|1|3|5|4|0|6|0|4|1|0|1|0|2|2|2|0|2|2|3|3|0|1|7|0|2|0|3|3|4|1|5|1|8|3|4|5|6|3|1|5|0|4|2|5|8|2|3|3|3|3|8|2|10|4|3|6|4|4|9|4|2|0|0|1|7|3|11|9|5|6|2|5|8|4|7|6|10|8|5|3|8|5|6|4|3|6|10|5|4|16|3|9|8|10|8|12|2|11|3|10|20|11|24|7|14|9|5|8|77|129|94|66|59|38|26|17|1|1</HistCounts>
      </HistItem>
    </Histograms>
    <Metadata>
      <MDI key="BandName">Band_1</MDI>
      <MDI key="RepresentationType">ATHEMATIC</MDI>
      <MDI key="STATISTICS_COVARIANCES">0.003286496996791009,-0.0003427654426566934,-5.216749572065207e-05</MDI>
      <MDI key="STATISTICS_EXCLUDEDVALUES"></MDI>
      <MDI key="STATISTICS_MAXIMUM">0.93038886785507</MDI>
      <MDI key="STATISTICS_MEAN">0.88420027240794</MDI>
      <MDI key="STATISTICS_MEDIAN">0.911807</MDI>
      <MDI key="STATISTICS_MINIMUM">0.61449998617172</MDI>
      <MDI key="STATISTICS_SKIPFACTORX">1</MDI>
      <MDI key="STATISTICS_SKIPFACTORY">1</MDI>
      <MDI key="STATISTICS_STDDEV">0.057327977435027</MDI>
    </Metadata>
  </PAMRasterBand>
  <PAMRasterBand band="2">
    <Description>Band_2</Description>
    <Histograms>
      <HistItem>
        <HistMin>0.1207500025629997</HistMin>
        <HistMax>0.4002499878406525</HistMax>
        <BucketCount>256</BucketCount>
        <IncludeOutOfRange>1</IncludeOutOfRange>
        <Approximate>0</Approximate>
        <HistCounts>2|0|1|0|0|0|1|0|0|0|1|0|1|0|1|1|0|0|0|0|0|0|0|1|0|1|0|0|0|0|0|0|2|0|0|0|0|0|0|0|0|0|0|0|1|0|0|0|0|0|1|0|0|0|1|0|0|0|0|0|0|0|2|2|0|0|0|0|0|0|1|0|0|0|2|2|0|0|0|1|0|0|0|0|0|0|1|4|0|1|1|3|3|2|1|5|3|3|5|5|8|15|11|8|12|6|6|5|5|12|5|9|11|14|9|6|12|16|7|19|7|14|13|12|17|20|13|12|16|19|23|18|27|22|15|32|18|15|20|15|27|19|17|22|18|22|22|14|10|12|10|13|13|23|5|14|18|7|14|16|8|6|7|4|5|7|8|6|7|21|11|6|3|6|5|4|2|3|0|5|6|9|2|3|3|6|3|3|2|2|3|0|1|3|2|4|7|0|0|2|2|0|1|0|2|1|0|5|1|2|0|0|0|0|0|1|0|0|0|0|0|0|2|0|0|0|0|0|2|1|0|0|0|0|0|0|0|0|0|0|0|0|0|0|0|0|0|0|0|0|0|0|0|0|0|1</HistCounts>
      </HistItem>
    </Histograms>
    <Metadata>
      <MDI key="BandName">Band_2</MDI>
      <MDI key="RepresentationType">ATHEMATIC</MDI>
      <MDI key="STATISTICS_COVARIANCES">-0.0003427654426566934,0.001015209488894712,0.0006429918933036857</MDI>
      <MDI key="STATISTICS_EXCLUDEDVALUES"></MDI>
      <MDI key="STATISTICS_MAXIMUM">0.40024998784065</MDI>
      <MDI key="STATISTICS_MEAN">0.27202016831845</MDI>
      <MDI key="STATISTICS_MEDIAN">0.270913</MDI>
      <MDI key="STATISTICS_MINIMUM">0.120750002563</MDI>
      <MDI key="STATISTICS_SKIPFACTORX">1</MDI>
      <MDI key="STATISTICS_SKIPFACTORY">1</MDI>
      <MDI key="STATISTICS_STDDEV">0.031862352218484</MDI>
    </Metadata>
  </PAMRasterBand>
  <PAMRasterBand band="3">
    <Description>Band_3</Description>
    <Histograms>
      <HistItem>
        <HistMin>0.1430000066757202</HistMin>
        <HistMax>0.324999988079071</HistMax>
        <BucketCount>256</BucketCount>
        <IncludeOutOfRange>1</IncludeOutOfRange>
        <Approximate>0</Approximate>
        <HistCounts>1|0|0|1|0|1|0|0|0|0|0|1|0|0|0|3|1|0|0|0|0|0|0|0|0|0|0|1|0|0|0|0|2|1|0|0|0|0|0|0|0|0|0|0|0|0|0|0|0|0|1|0|0|0|0|0|0|0|0|0|0|0|0|0|0|0|0|1|0|3|0|0|1|0|1|0|0|0|0|0|0|0|0|0|0|0|3|1|0|0|0|0|0|1|0|0|0|1|0|1|7|1|3|0|0|1|2|1|3|3|2|0|1|3|5|2|4|2|9|7|12|10|9|15|10|10|16|10|14|18|5|7|12|17|12|19|15|11|12|18|21|14|25|22|16|21|11|18|21|24|12|14|13|23|16|16|22|15|12|21|13|16|25|18|20|20|22|13|13|18|16|9|8|7|8|8|13|8|10|2|10|7|8|2|8|8|3|7|4|7|6|4|1|10|4|7|7|8|5|1|2|5|2|12|3|1|0|1|1|0|2|0|3|1|3|1|0|3|0|1|0|2|0|0|2|0|0|0|1|2|0|0|1|0|0|0|0|0|1|0|1|0|0|0|0|1|0|0|0|0|0|0|0|0|0|1</HistCounts>
      </HistItem>
    </Histograms>
    <Metadata>
      <MDI key="BandName">Band_3</MDI>
      <MDI key="RepresentationType">ATHEMATIC</MDI>
      <MDI key="STATISTICS_COVARIANCES">-5.216749572065207e-05,0.0006429918933036857,0.0004399343210747626</MDI>
      <MDI key="STATISTICS_EXCLUDEDVALUES"></MDI>
      <MDI key="STATISTICS_MAXIMUM">0.32499998807907</MDI>
      <MDI key="STATISTICS_MEAN">0.25198648040388</MDI>
      <MDI key="STATISTICS_MEDIAN">0.251486</MDI>
      <MDI key="STATISTICS_MINIMUM">0.14300000667572</MDI>
      <MDI key="STATISTICS_SKIPFACTORX">1</MDI>
      <MDI key="STATISTICS_SKIPFACTORY">1</MDI>
      <MDI key="STATISTICS_STDDEV">0.020974611345023</MDI>
    </Metadata>
  </PAMRasterBand>
</PAMDataset>
