<PAMDataset>
  <Metadata>
    <MDI key="DataType">Generic</MDI>
  </Metadata>
  <PAMRasterBand band="1">
    <Description>Band_1</Description>
    <Histograms>
      <HistItem>
        <HistMin>0.6257500052452087</HistMin>
        <HistMax>0.9371111392974854</HistMax>
        <BucketCount>256</BucketCount>
        <IncludeOutOfRange>1</IncludeOutOfRange>
        <Approximate>0</Approximate>
        <HistCounts>2|0|0|4|0|0|0|1|0|0|1|0|0|1|0|0|0|0|0|0|0|0|1|0|0|0|0|0|0|2|0|1|0|0|0|2|1|0|1|0|0|1|0|0|1|0|0|1|1|1|1|2|3|1|0|0|0|1|0|0|2|4|3|1|1|1|4|1|0|1|0|1|0|5|6|1|4|2|4|2|5|2|0|2|2|0|4|2|6|3|5|3|7|4|5|6|4|2|7|9|10|8|10|14|8|15|7|9|8|11|4|8|7|8|8|8|11|12|9|8|14|5|6|13|17|5|5|6|6|3|5|4|5|6|11|8|4|6|9|15|13|12|5|13|3|6|7|9|6|9|7|10|8|11|8|7|17|15|4|16|10|9|17|5|15|12|23|18|13|10|14|11|11|16|16|11|26|9|11|16|25|12|13|20|4|9|12|12|18|11|9|17|24|8|4|11|17|7|5|15|6|13|15|7|4|1|7|2|4|5|7|8|4|6|2|2|1|1|9|4|3|3|1|4|1|2|1|0|0|0|0|1|2|1|2|0|0|0|2|0|2|7|9|7|4|3|2|4|1|2|2|0|1|0|0|1</HistCounts>
      </HistItem>
    </Histograms>
    <Metadata>
      <MDI key="BandName">Band_1</MDI>
      <MDI key="RepresentationType">ATHEMATIC</MDI>
      <MDI key="STATISTICS_COVARIANCES">0.00298323498266786,0.00146337379603368,0.000989441337727021</MDI>
      <MDI key="STATISTICS_EXCLUDEDVALUES"></MDI>
      <MDI key="STATISTICS_MAXIMUM">0.93711113929749</MDI>
      <MDI key="STATISTICS_MEAN">0.81422694245252</MDI>
      <MDI key="STATISTICS_MEDIAN">0.822335</MDI>
      <MDI key="STATISTICS_MINIMUM">0.62575000524521</MDI>
      <MDI key="STATISTICS_SKIPFACTORX">1</MDI>
      <MDI key="STATISTICS_SKIPFACTORY">1</MDI>
      <MDI key="STATISTICS_STDDEV">0.05461899836749</MDI>
    </Metadata>
  </PAMRasterBand>
  <PAMRasterBand band="2">
    <Description>Band_2</Description>
    <Histograms>
      <HistItem>
        <HistMin>0.09449999779462814</HistMin>
        <HistMax>0.4634999930858612</HistMax>
        <BucketCount>256</BucketCount>
        <IncludeOutOfRange>1</IncludeOutOfRange>
        <Approximate>0</Approximate>
        <HistCounts>1|0|1|0|0|0|0|0|0|0|0|0|0|0|0|0|0|0|1|0|3|2|2|1|0|0|2|1|2|1|0|2|3|0|1|3|1|0|1|0|0|0|2|0|2|3|0|0|1|1|0|0|0|0|1|3|0|2|0|1|0|0|1|0|2|1|0|2|0|1|0|2|2|2|0|3|5|3|1|8|4|5|5|9|3|17|11|10|12|10|14|22|12|15|17|13|23|16|23|12|16|16|23|13|14|6|13|20|10|11|14|8|15|1|5|6|9|6|1|3|4|1|4|8|5|6|3|3|5|2|4|5|10|7|6|5|4|4|3|4|6|4|5|4|7|6|9|5|3|7|10|8|6|12|5|3|17|14|11|3|14|7|8|8|10|12|11|13|4|19|9|14|17|9|15|18|24|7|16|11|8|15|11|13|14|10|15|8|10|10|10|9|10|7|12|7|11|11|7|4|7|4|6|4|3|8|10|3|10|3|6|2|4|7|7|2|7|3|3|5|4|3|1|1|3|0|0|4|0|2|3|3|1|3|2|2|1|2|2|0|2|0|0|0|1|0|1|0|0|0|0|2|0|0|1|1</HistCounts>
      </HistItem>
    </Histograms>
    <Metadata>
      <MDI key="BandName">Band_2</MDI>
      <MDI key="RepresentationType">ATHEMATIC</MDI>
      <MDI key="STATISTICS_COVARIANCES">0.00146337379603368,0.004735340951257139,0.002856056959163507</MDI>
      <MDI key="STATISTICS_EXCLUDEDVALUES"></MDI>
      <MDI key="STATISTICS_MAXIMUM">0.46349999308586</MDI>
      <MDI key="STATISTICS_MEAN">0.30116000031341</MDI>
      <MDI key="STATISTICS_MEDIAN">0.310112</MDI>
      <MDI key="STATISTICS_MINIMUM">0.094499997794628</MDI>
      <MDI key="STATISTICS_SKIPFACTORX">1</MDI>
      <MDI key="STATISTICS_SKIPFACTORY">1</MDI>
      <MDI key="STATISTICS_STDDEV">0.068813813665987</MDI>
    </Metadata>
  </PAMRasterBand>
  <PAMRasterBand band="3">
    <Description>Band_3</Description>
    <Histograms>
      <HistItem>
        <HistMin>0.1547500044107437</HistMin>
        <HistMax>0.3652499914169312</HistMax>
        <BucketCount>256</BucketCount>
        <IncludeOutOfRange>1</IncludeOutOfRange>
        <Approximate>0</Approximate>
        <HistCounts>1|0|0|0|1|0|1|2|0|1|2|0|0|0|1|0|0|3|0|0|0|1|0|1|1|0|3|0|3|0|2|2|2|0|0|2|1|0|0|3|0|1|1|2|0|1|0|0|1|2|2|0|0|0|0|0|0|3|1|1|2|1|1|0|2|2|4|1|3|7|2|1|3|5|3|11|18|14|5|18|13|14|25|17|13|9|23|14|27|18|15|13|22|17|12|5|17|14|4|10|8|9|19|6|11|9|5|2|2|5|4|4|2|4|3|3|4|3|1|3|2|3|7|1|5|3|6|3|3|8|5|8|5|2|3|6|5|5|6|2|8|3|10|2|5|11|6|9|8|6|9|10|11|7|9|9|7|8|10|11|8|6|12|9|11|12|9|5|4|20|14|14|9|12|14|21|15|15|14|9|12|6|13|11|11|8|10|12|9|5|9|10|16|12|7|15|6|6|9|3|8|4|17|6|6|6|2|4|9|1|4|7|8|3|0|6|2|3|2|5|1|2|2|5|1|2|1|0|2|0|3|3|1|1|2|3|1|2|1|2|2|1|0|0|0|0|1|0|0|1|0|0|0|0|0|2</HistCounts>
      </HistItem>
    </Histograms>
    <Metadata>
      <MDI key="BandName">Band_3</MDI>
      <MDI key="RepresentationType">ATHEMATIC</MDI>
      <MDI key="STATISTICS_COVARIANCES">0.000989441337727021,0.002856056959163507,0.001738137728850555</MDI>
      <MDI key="STATISTICS_EXCLUDEDVALUES"></MDI>
      <MDI key="STATISTICS_MAXIMUM">0.36524999141693</MDI>
      <MDI key="STATISTICS_MEAN">0.26885927231745</MDI>
      <MDI key="STATISTICS_MEDIAN">0.274446</MDI>
      <MDI key="STATISTICS_MINIMUM">0.15475000441074</MDI>
      <MDI key="STATISTICS_SKIPFACTORX">1</MDI>
      <MDI key="STATISTICS_SKIPFACTORY">1</MDI>
      <MDI key="STATISTICS_STDDEV">0.041690978986473</MDI>
    </Metadata>
  </PAMRasterBand>
</PAMDataset>
