<PAMDataset>
  <Metadata>
    <MDI key="DataType">Generic</MDI>
  </Metadata>
  <PAMRasterBand band="1">
    <Description>Band_1</Description>
    <Histograms>
      <HistItem>
        <HistMin>0.5789999961853027</HistMin>
        <HistMax>0.9337962865829468</HistMax>
        <BucketCount>256</BucketCount>
        <IncludeOutOfRange>1</IncludeOutOfRange>
        <Approximate>0</Approximate>
        <HistCounts>2|1|0|0|0|0|0|2|0|0|0|0|0|1|1|0|0|0|1|1|0|0|0|0|1|0|0|0|0|0|1|2|0|0|2|0|2|6|2|4|0|1|2|1|1|3|1|2|1|1|0|3|1|0|1|2|1|6|7|1|1|4|0|4|2|1|0|4|4|2|4|3|1|0|5|4|4|2|5|4|1|4|13|3|11|7|10|8|3|11|18|16|25|18|18|12|16|16|9|16|19|13|15|10|16|15|32|25|19|28|23|24|27|20|24|25|34|12|19|19|31|11|22|18|18|19|13|29|10|19|17|13|9|14|8|7|7|16|15|7|4|9|3|3|4|4|6|2|5|0|2|1|1|3|1|4|4|0|1|0|1|1|0|2|0|1|1|0|3|1|3|0|0|0|0|0|0|1|0|0|0|0|0|0|0|2|0|0|0|0|0|0|0|0|0|0|0|0|0|0|2|0|0|0|0|0|1|0|0|0|0|0|0|1|0|0|1|1|0|0|0|0|0|0|1|0|1|0|1|0|0|1|0|1|0|0|0|1|0|2|0|0|0|0|1|8|4|4|7|4|1|0|0|0|3|1</HistCounts>
      </HistItem>
    </Histograms>
    <Metadata>
      <MDI key="BandName">Band_1</MDI>
      <MDI key="RepresentationType">ATHEMATIC</MDI>
      <MDI key="STATISTICS_COVARIANCES">0.002502223764317902,-0.0008147434027611529,-0.0003725038981208934</MDI>
      <MDI key="STATISTICS_EXCLUDEDVALUES"></MDI>
      <MDI key="STATISTICS_MAXIMUM">0.93379628658295</MDI>
      <MDI key="STATISTICS_MEAN">0.73707396575098</MDI>
      <MDI key="STATISTICS_MEDIAN">0.734832</MDI>
      <MDI key="STATISTICS_MINIMUM">0.5789999961853</MDI>
      <MDI key="STATISTICS_SKIPFACTORX">1</MDI>
      <MDI key="STATISTICS_SKIPFACTORY">1</MDI>
      <MDI key="STATISTICS_STDDEV">0.050022232700249</MDI>
    </Metadata>
  </PAMRasterBand>
  <PAMRasterBand band="2">
    <Description>Band_2</Description>
    <Histograms>
      <HistItem>
        <HistMin>0.06925000250339508</HistMin>
        <HistMax>0.4682500064373016</HistMax>
        <BucketCount>256</BucketCount>
        <IncludeOutOfRange>1</IncludeOutOfRange>
        <Approximate>0</Approximate>
        <HistCounts>2|0|2|0|0|2|1|0|0|0|0|0|0|0|0|0|0|1|0|0|0|1|0|0|0|1|0|0|0|0|0|1|0|0|0|0|0|0|0|0|0|1|0|0|0|1|0|0|0|0|1|2|3|0|0|0|0|0|0|0|1|0|0|0|0|2|0|0|0|0|0|0|0|1|0|0|0|2|1|0|1|0|0|0|0|0|0|0|0|1|3|0|1|0|0|0|1|0|0|3|0|0|0|0|4|1|3|0|1|2|1|3|0|0|1|0|0|1|1|1|0|0|1|2|0|2|0|0|0|0|0|0|0|1|2|1|0|0|0|0|3|0|4|2|3|2|3|1|2|6|2|4|3|1|2|4|4|4|4|5|1|7|12|11|8|7|18|10|16|21|20|9|25|21|11|18|13|16|12|31|26|23|13|11|19|17|35|15|29|25|15|8|16|18|13|19|18|28|16|18|22|15|14|12|11|9|15|8|18|17|11|11|17|10|14|10|8|10|11|5|11|9|8|10|6|5|4|7|3|7|5|1|8|3|2|6|7|3|2|0|5|4|4|3|2|2|3|8|2|3|2|3|2|2|1|2</HistCounts>
      </HistItem>
    </Histograms>
    <Metadata>
      <MDI key="BandName">Band_2</MDI>
      <MDI key="RepresentationType">ATHEMATIC</MDI>
      <MDI key="STATISTICS_COVARIANCES">-0.0008147434027611529,0.003018690226498433,0.001689583404869433</MDI>
      <MDI key="STATISTICS_EXCLUDEDVALUES"></MDI>
      <MDI key="STATISTICS_MAXIMUM">0.4682500064373</MDI>
      <MDI key="STATISTICS_MEAN">0.3624721754545</MDI>
      <MDI key="STATISTICS_MEDIAN">0.363415</MDI>
      <MDI key="STATISTICS_MINIMUM">0.069250002503395</MDI>
      <MDI key="STATISTICS_SKIPFACTORX">1</MDI>
      <MDI key="STATISTICS_SKIPFACTORY">1</MDI>
      <MDI key="STATISTICS_STDDEV">0.054942608479198</MDI>
    </Metadata>
  </PAMRasterBand>
  <PAMRasterBand band="3">
    <Description>Band_3</Description>
    <Histograms>
      <HistItem>
        <HistMin>0.1112499982118607</HistMin>
        <HistMax>0.3759999871253967</HistMax>
        <BucketCount>256</BucketCount>
        <IncludeOutOfRange>1</IncludeOutOfRange>
        <Approximate>0</Approximate>
        <HistCounts>1|0|0|2|0|0|0|0|0|0|0|0|0|1|0|0|0|0|0|0|0|1|0|0|0|0|0|1|1|0|1|0|0|1|0|1|0|0|0|0|0|0|0|0|2|0|1|0|1|0|0|0|0|2|0|0|0|1|2|0|0|0|0|0|0|3|0|0|0|0|0|0|0|0|0|0|0|3|0|0|0|1|0|0|0|1|0|0|0|1|0|2|3|1|1|1|0|0|1|0|1|0|3|3|3|1|0|0|1|1|1|0|3|1|1|2|0|2|0|0|0|0|1|0|0|2|0|1|5|2|5|1|2|4|0|2|3|8|13|1|5|5|4|6|8|0|10|11|14|13|23|18|16|19|17|19|28|18|14|15|27|15|19|36|18|20|28|18|19|22|25|13|24|17|17|33|21|22|20|25|23|17|13|11|18|7|17|13|22|7|18|13|7|12|17|8|12|11|12|15|5|7|6|4|7|3|1|3|5|5|6|3|4|1|5|3|3|2|5|2|4|5|1|1|6|3|0|3|1|3|2|0|0|0|0|0|0|0|0|0|0|0|0|0|0|0|0|0|0|0|0|0|0|0|0|1</HistCounts>
      </HistItem>
    </Histograms>
    <Metadata>
      <MDI key="BandName">Band_3</MDI>
      <MDI key="RepresentationType">ATHEMATIC</MDI>
      <MDI key="STATISTICS_COVARIANCES">-0.0003725038981208934,0.001689583404869433,0.0009658892808679495</MDI>
      <MDI key="STATISTICS_EXCLUDEDVALUES"></MDI>
      <MDI key="STATISTICS_MAXIMUM">0.3759999871254</MDI>
      <MDI key="STATISTICS_MEAN">0.28608556477719</MDI>
      <MDI key="STATISTICS_MEDIAN">0.287750</MDI>
      <MDI key="STATISTICS_MINIMUM">0.11124999821186</MDI>
      <MDI key="STATISTICS_SKIPFACTORX">1</MDI>
      <MDI key="STATISTICS_SKIPFACTORY">1</MDI>
      <MDI key="STATISTICS_STDDEV">0.031078759319959</MDI>
    </Metadata>
  </PAMRasterBand>
</PAMDataset>
