<PAMDataset>
  <Metadata>
    <MDI key="DataType">Generic</MDI>
  </Metadata>
  <PAMRasterBand band="1">
    <Description>Band_1</Description>
    <Histograms>
      <HistItem>
        <HistMin>0.5772500038146973</HistMin>
        <HistMax>0.9376851916313171</HistMax>
        <BucketCount>256</BucketCount>
        <IncludeOutOfRange>1</IncludeOutOfRange>
        <Approximate>0</Approximate>
        <HistCounts>1|0|0|1|1|0|2|2|0|0|0|0|0|0|0|0|0|0|0|0|2|0|1|0|2|1|1|2|0|0|1|0|0|5|0|0|0|0|0|3|0|0|0|3|0|2|0|0|0|0|1|2|3|0|0|0|6|0|1|1|0|0|1|0|1|0|0|1|3|3|2|0|1|0|1|4|0|2|2|3|2|2|4|4|2|0|2|3|0|0|2|3|2|4|1|1|0|0|3|4|2|3|1|2|5|1|5|4|2|0|1|3|1|4|2|4|2|3|2|4|7|4|8|1|4|2|5|1|2|6|1|0|3|5|2|6|6|3|2|2|5|4|4|4|2|1|3|3|8|2|5|8|4|5|5|3|2|3|2|6|5|4|9|6|2|4|3|7|3|1|1|3|3|11|5|2|6|13|7|3|9|11|8|2|5|3|5|5|11|2|4|5|5|11|8|6|4|8|4|1|9|4|5|9|3|3|4|2|2|2|8|5|1|1|0|2|4|5|3|4|5|1|0|5|8|5|7|3|2|7|2|3|1|0|1|4|2|5|8|1|5|5|36|33|23|20|19|13|13|15|5|17|20|5|4|2</HistCounts>
      </HistItem>
    </Histograms>
    <Metadata>
      <MDI key="BandName">Band_1</MDI>
      <MDI key="RepresentationType">ATHEMATIC</MDI>
      <MDI key="STATISTICS_COVARIANCES">0.00741671149101953,0.005086799246874487,0.004225830102887889</MDI>
      <MDI key="STATISTICS_EXCLUDEDVALUES"></MDI>
      <MDI key="STATISTICS_MAXIMUM">0.93768519163132</MDI>
      <MDI key="STATISTICS_MEAN">0.83091858356102</MDI>
      <MDI key="STATISTICS_MEDIAN">0.841569</MDI>
      <MDI key="STATISTICS_MINIMUM">0.5772500038147</MDI>
      <MDI key="STATISTICS_SKIPFACTORX">1</MDI>
      <MDI key="STATISTICS_SKIPFACTORY">1</MDI>
      <MDI key="STATISTICS_STDDEV">0.086120331461389</MDI>
    </Metadata>
  </PAMRasterBand>
  <PAMRasterBand band="2">
    <Description>Band_2</Description>
    <Histograms>
      <HistItem>
        <HistMin>0.1289999932050705</HistMin>
        <HistMax>0.7272499799728394</HistMax>
        <BucketCount>256</BucketCount>
        <IncludeOutOfRange>1</IncludeOutOfRange>
        <Approximate>0</Approximate>
        <HistCounts>2|1|0|2|1|2|4|0|2|3|1|0|3|0|0|0|3|0|1|1|0|0|0|0|0|0|0|0|2|0|0|0|2|0|0|0|0|3|0|0|2|0|1|0|0|0|2|0|0|0|0|0|1|0|2|0|1|0|2|0|5|3|3|1|4|7|2|5|6|3|4|8|5|4|3|7|4|8|13|6|11|14|8|14|12|13|9|7|9|13|21|14|12|18|11|17|20|15|15|13|16|14|24|21|12|15|19|17|7|16|12|8|13|6|5|4|11|10|5|2|2|7|5|6|3|8|4|9|7|11|10|3|0|3|3|4|6|6|0|7|10|4|2|0|2|6|3|6|2|1|1|0|1|2|1|0|1|5|0|2|0|2|0|2|0|2|2|2|1|2|2|0|1|1|4|0|0|4|1|0|0|1|1|1|2|0|0|3|0|0|0|0|1|0|0|2|3|2|0|1|1|3|0|0|0|4|3|0|1|0|1|1|0|3|3|0|2|0|4|1|2|0|2|0|2|2|0|1|3|3|1|3|0|0|1|1|2|0|1|0|0|1|0|0|2|2|0|0|0|1|0|0|1|0|0|1</HistCounts>
      </HistItem>
    </Histograms>
    <Metadata>
      <MDI key="BandName">Band_2</MDI>
      <MDI key="RepresentationType">ATHEMATIC</MDI>
      <MDI key="STATISTICS_COVARIANCES">0.005086799246874487,0.01037759991807821,0.007933012208782519</MDI>
      <MDI key="STATISTICS_EXCLUDEDVALUES"></MDI>
      <MDI key="STATISTICS_MAXIMUM">0.72724997997284</MDI>
      <MDI key="STATISTICS_MEAN">0.38734579165513</MDI>
      <MDI key="STATISTICS_MEDIAN">0.368300</MDI>
      <MDI key="STATISTICS_MINIMUM">0.12899999320507</MDI>
      <MDI key="STATISTICS_SKIPFACTORX">1</MDI>
      <MDI key="STATISTICS_SKIPFACTORY">1</MDI>
      <MDI key="STATISTICS_STDDEV">0.10187050563376</MDI>
    </Metadata>
  </PAMRasterBand>
  <PAMRasterBand band="3">
    <Description>Band_3</Description>
    <Histograms>
      <HistItem>
        <HistMin>0.1522500067949295</HistMin>
        <HistMax>0.612500011920929</HistMax>
        <BucketCount>256</BucketCount>
        <IncludeOutOfRange>1</IncludeOutOfRange>
        <Approximate>0</Approximate>
        <HistCounts>3|2|0|0|2|3|2|0|1|2|2|1|0|0|1|2|3|1|1|2|0|0|2|0|0|0|2|0|0|0|0|0|0|2|0|0|2|0|2|0|0|3|0|0|0|1|2|0|7|1|4|1|3|3|7|3|4|5|10|6|6|2|4|6|4|1|6|8|7|13|16|15|17|4|6|15|10|14|9|16|6|14|12|19|18|20|28|13|22|13|21|15|11|10|11|17|12|16|5|10|6|9|13|8|4|7|5|10|5|9|14|6|4|7|9|8|8|8|3|5|8|5|6|6|5|4|6|2|0|7|4|5|5|3|1|2|1|0|1|3|0|2|0|2|2|0|1|0|2|1|0|2|1|0|1|3|1|0|2|0|4|0|2|0|2|2|0|0|4|2|0|0|0|1|0|2|1|1|0|0|0|0|1|0|4|1|0|0|0|2|1|1|0|4|2|0|1|0|2|3|1|1|1|0|0|2|2|1|3|1|1|1|1|1|4|2|3|0|0|1|3|1|1|1|0|1|4|0|0|0|2|0|0|1|0|2|0|1|0|0|3|0|0|0|0|1|0|0|0|0|0|0|0|0|0|1</HistCounts>
      </HistItem>
    </Histograms>
    <Metadata>
      <MDI key="BandName">Band_3</MDI>
      <MDI key="RepresentationType">ATHEMATIC</MDI>
      <MDI key="STATISTICS_COVARIANCES">0.004225830102887889,0.007933012208782519,0.006142888949105453</MDI>
      <MDI key="STATISTICS_EXCLUDEDVALUES"></MDI>
      <MDI key="STATISTICS_MAXIMUM">0.61250001192093</MDI>
      <MDI key="STATISTICS_MEAN">0.33185686638057</MDI>
      <MDI key="STATISTICS_MEDIAN">0.314691</MDI>
      <MDI key="STATISTICS_MINIMUM">0.15225000679493</MDI>
      <MDI key="STATISTICS_SKIPFACTORX">1</MDI>
      <MDI key="STATISTICS_SKIPFACTORY">1</MDI>
      <MDI key="STATISTICS_STDDEV">0.078376584188809</MDI>
    </Metadata>
  </PAMRasterBand>
</PAMDataset>
