<PAMDataset>
  <Metadata>
    <MDI key="DataType">Generic</MDI>
  </Metadata>
  <PAMRasterBand band="1">
    <Description>Band_1</Description>
    <Histograms>
      <HistItem>
        <HistMin>0.5985000133514404</HistMin>
        <HistMax>0.9380370378494263</HistMax>
        <BucketCount>256</BucketCount>
        <IncludeOutOfRange>1</IncludeOutOfRange>
        <Approximate>0</Approximate>
        <HistCounts>4|0|0|0|0|0|1|2|1|0|0|0|3|0|0|1|1|0|4|2|0|0|0|0|2|0|0|1|0|0|0|0|1|0|0|0|0|1|0|0|0|0|0|0|0|0|1|0|2|0|0|0|0|0|0|2|1|1|0|0|0|0|1|2|0|1|2|2|1|3|2|1|1|2|0|0|0|2|5|1|1|3|1|2|1|1|2|1|0|0|2|0|1|2|4|0|4|2|2|1|1|4|3|1|1|1|4|3|1|1|1|2|2|2|1|1|3|4|0|4|4|3|1|0|1|7|5|1|6|9|4|7|6|9|5|4|6|5|15|7|11|7|8|7|10|3|9|4|13|8|8|7|11|7|12|10|13|11|15|16|13|14|6|10|6|14|14|3|17|18|7|16|11|11|14|4|9|13|7|8|8|1|5|5|10|2|5|7|4|6|9|7|5|4|8|4|7|9|5|3|1|6|4|6|2|6|3|10|0|1|1|11|10|5|1|7|4|4|5|1|4|4|9|10|3|5|2|3|4|1|4|3|3|4|4|7|4|4|6|3|3|30|65|50|53|48|45|57|45|12|1|2|0|1|0|1</HistCounts>
      </HistItem>
    </Histograms>
    <Metadata>
      <MDI key="BandName">Band_1</MDI>
      <MDI key="RepresentationType">ATHEMATIC</MDI>
      <MDI key="STATISTICS_COVARIANCES">0.005250469093825824,0.005919901797126763,0.004170921474545309</MDI>
      <MDI key="STATISTICS_EXCLUDEDVALUES"></MDI>
      <MDI key="STATISTICS_MAXIMUM">0.93803703784943</MDI>
      <MDI key="STATISTICS_MEAN">0.84730020314566</MDI>
      <MDI key="STATISTICS_MEDIAN">0.846162</MDI>
      <MDI key="STATISTICS_MINIMUM">0.59850001335144</MDI>
      <MDI key="STATISTICS_SKIPFACTORX">1</MDI>
      <MDI key="STATISTICS_SKIPFACTORY">1</MDI>
      <MDI key="STATISTICS_STDDEV">0.072460120713575</MDI>
    </Metadata>
  </PAMRasterBand>
  <PAMRasterBand band="2">
    <Description>Band_2</Description>
    <Histograms>
      <HistItem>
        <HistMin>0.09075000137090683</HistMin>
        <HistMax>0.5770000219345093</HistMax>
        <BucketCount>256</BucketCount>
        <IncludeOutOfRange>1</IncludeOutOfRange>
        <Approximate>0</Approximate>
        <HistCounts>1|1|0|0|2|0|3|1|0|0|0|0|1|0|1|1|2|0|2|0|0|0|2|4|2|2|0|2|4|3|5|7|3|4|8|5|6|6|13|10|12|7|15|6|10|13|11|10|8|9|8|11|9|9|9|10|17|17|15|16|27|24|38|25|17|23|15|18|14|12|13|14|15|20|10|20|20|11|17|14|15|12|16|11|10|11|10|6|8|6|4|3|4|5|8|2|5|6|4|4|0|2|3|5|5|0|3|4|3|0|1|2|8|1|1|1|3|3|2|2|0|4|4|1|1|3|1|0|1|3|2|0|3|2|6|5|1|0|5|4|6|2|4|4|4|1|2|2|3|3|5|2|8|1|3|2|3|2|6|0|5|3|1|1|7|2|2|4|4|1|3|6|4|5|3|7|3|3|1|1|6|7|5|4|6|3|2|4|4|3|6|1|1|5|3|2|5|5|2|1|5|4|6|7|4|6|6|4|2|7|2|6|2|3|1|3|3|4|0|3|4|1|6|7|4|7|5|7|3|3|4|10|7|6|3|6|3|6|2|3|6|1|1|1|1|1|0|3|0|2|2|2|2|2|0|1</HistCounts>
      </HistItem>
    </Histograms>
    <Metadata>
      <MDI key="BandName">Band_2</MDI>
      <MDI key="RepresentationType">ATHEMATIC</MDI>
      <MDI key="STATISTICS_COVARIANCES">0.005919901797126763,0.01521228554945204,0.01031318549538387</MDI>
      <MDI key="STATISTICS_EXCLUDEDVALUES"></MDI>
      <MDI key="STATISTICS_MAXIMUM">0.57700002193451</MDI>
      <MDI key="STATISTICS_MEAN">0.29521545966986</MDI>
      <MDI key="STATISTICS_MEDIAN">0.239485</MDI>
      <MDI key="STATISTICS_MINIMUM">0.090750001370907</MDI>
      <MDI key="STATISTICS_SKIPFACTORX">1</MDI>
      <MDI key="STATISTICS_SKIPFACTORY">1</MDI>
      <MDI key="STATISTICS_STDDEV">0.12333809447795</MDI>
    </Metadata>
  </PAMRasterBand>
  <PAMRasterBand band="3">
    <Description>Band_3</Description>
    <Histograms>
      <HistItem>
        <HistMin>0.145249992609024</HistMin>
        <HistMax>0.4742499887943268</HistMax>
        <BucketCount>256</BucketCount>
        <IncludeOutOfRange>1</IncludeOutOfRange>
        <Approximate>0</Approximate>
        <HistCounts>1|0|0|1|0|0|1|2|2|1|0|1|1|0|3|0|2|1|6|1|3|9|3|3|13|7|14|5|8|15|18|11|8|9|4|8|5|8|13|4|9|11|4|12|12|9|12|10|18|26|23|12|27|39|21|27|12|25|8|9|17|19|17|18|17|16|15|12|22|26|13|13|9|10|7|10|15|6|2|7|4|4|4|2|7|6|2|10|9|3|1|1|2|2|2|1|5|4|1|2|1|3|10|4|3|2|1|4|0|0|5|1|0|1|4|0|2|1|3|3|0|3|3|2|5|3|3|5|5|2|5|2|0|3|6|1|1|7|14|1|6|1|3|1|0|0|1|1|1|5|4|8|4|2|5|3|4|7|1|4|1|4|4|1|10|2|5|6|5|1|1|6|4|3|6|3|1|6|3|5|7|0|3|4|6|4|4|3|0|3|4|4|2|3|5|10|0|0|6|3|0|3|2|2|1|5|4|0|2|5|3|5|2|0|5|5|3|1|6|2|4|0|5|8|4|3|4|9|3|7|7|1|2|2|3|2|1|1|5|2|5|2|0|0|1|1|3|1|0|1|2|1|1|2|1|1</HistCounts>
      </HistItem>
    </Histograms>
    <Metadata>
      <MDI key="BandName">Band_3</MDI>
      <MDI key="RepresentationType">ATHEMATIC</MDI>
      <MDI key="STATISTICS_COVARIANCES">0.004170921474545309,0.01031318549538387,0.007023713827222447</MDI>
      <MDI key="STATISTICS_EXCLUDEDVALUES"></MDI>
      <MDI key="STATISTICS_MAXIMUM">0.47424998879433</MDI>
      <MDI key="STATISTICS_MEAN">0.27175392100311</MDI>
      <MDI key="STATISTICS_MEDIAN">0.232983</MDI>
      <MDI key="STATISTICS_MINIMUM">0.14524999260902</MDI>
      <MDI key="STATISTICS_SKIPFACTORX">1</MDI>
      <MDI key="STATISTICS_SKIPFACTORY">1</MDI>
      <MDI key="STATISTICS_STDDEV">0.083807600056453</MDI>
    </Metadata>
  </PAMRasterBand>
</PAMDataset>
