<PAMDataset>
  <Metadata>
    <MDI key="DataType">Generic</MDI>
  </Metadata>
  <PAMRasterBand band="1">
    <Description>Band_1</Description>
    <Histograms>
      <HistItem>
        <HistMin>0.6107500195503235</HistMin>
        <HistMax>0.9388518333435059</HistMax>
        <BucketCount>256</BucketCount>
        <IncludeOutOfRange>1</IncludeOutOfRange>
        <Approximate>0</Approximate>
        <HistCounts>1|0|0|0|0|0|0|0|0|1|0|2|1|2|0|0|0|0|1|2|4|0|1|0|2|1|5|1|1|4|1|0|1|2|5|1|1|2|1|3|2|1|0|0|0|2|5|5|5|0|2|2|1|0|7|0|2|5|4|6|5|6|3|3|4|6|5|2|11|4|0|3|6|4|4|7|4|3|9|7|2|11|10|10|3|5|6|8|8|5|5|6|10|3|2|17|7|7|6|8|9|11|10|9|3|8|2|5|8|7|8|7|6|4|7|10|9|4|4|9|6|5|14|7|9|11|13|12|20|7|12|10|4|12|7|10|8|6|11|11|16|9|4|17|4|15|11|10|9|11|6|9|9|12|9|14|10|15|4|14|11|16|15|21|9|12|19|16|9|17|24|21|19|15|22|27|13|23|19|21|24|28|21|27|16|21|18|28|27|23|20|32|24|18|26|28|14|25|31|20|19|21|25|26|37|17|16|26|19|17|24|26|16|9|21|15|21|13|16|21|17|14|14|17|8|13|11|9|12|15|6|4|7|3|4|6|2|1|5|2|39|29|10|7|5|6|4|1|1|2|1|1|1|0|0|1</HistCounts>
      </HistItem>
    </Histograms>
    <Metadata>
      <MDI key="BandName">Band_1</MDI>
      <MDI key="RepresentationType">ATHEMATIC</MDI>
      <MDI key="STATISTICS_COVARIANCES">0.004419187277383422,0.0009161088231338585,0.0008103344852719796</MDI>
      <MDI key="STATISTICS_EXCLUDEDVALUES"></MDI>
      <MDI key="STATISTICS_MAXIMUM">0.93885183334351</MDI>
      <MDI key="STATISTICS_MEAN">0.8239232446459</MDI>
      <MDI key="STATISTICS_MEDIAN">0.839778</MDI>
      <MDI key="STATISTICS_MINIMUM">0.61075001955032</MDI>
      <MDI key="STATISTICS_SKIPFACTORX">1</MDI>
      <MDI key="STATISTICS_SKIPFACTORY">1</MDI>
      <MDI key="STATISTICS_STDDEV">0.06647696802189</MDI>
    </Metadata>
  </PAMRasterBand>
  <PAMRasterBand band="2">
    <Description>Band_2</Description>
    <Histograms>
      <HistItem>
        <HistMin>0.07100000232458115</HistMin>
        <HistMax>0.5425000190734863</HistMax>
        <BucketCount>256</BucketCount>
        <IncludeOutOfRange>1</IncludeOutOfRange>
        <Approximate>0</Approximate>
        <HistCounts>1|0|0|1|0|0|0|1|1|1|0|0|0|0|0|0|0|0|0|0|1|0|0|0|0|0|0|0|1|0|0|0|0|0|1|0|1|0|1|0|1|1|1|0|1|1|0|1|1|1|1|2|0|0|0|4|0|0|0|0|0|1|0|2|0|0|1|1|1|0|0|3|1|0|0|0|0|0|1|2|0|0|1|2|0|2|0|2|1|4|1|1|1|3|1|3|6|4|5|6|7|6|12|7|12|17|21|23|23|19|19|10|28|28|27|45|24|46|54|42|54|45|38|44|41|50|43|34|53|48|51|46|51|43|25|36|42|27|48|37|29|35|40|62|38|30|49|41|50|36|25|48|43|46|40|35|36|32|22|30|18|15|8|13|12|9|12|10|5|8|6|2|6|4|6|4|1|3|2|0|3|1|2|0|2|3|3|0|3|0|5|0|6|0|3|1|1|0|1|0|2|2|1|0|2|1|1|0|0|0|1|0|0|0|1|0|0|0|0|0|1|0|2|0|1|1|0|0|0|0|0|0|0|1|0|0|1|1|0|0|0|1|0|0|1|0|0|0|0|0|1|0|0|0|1|1</HistCounts>
      </HistItem>
    </Histograms>
    <Metadata>
      <MDI key="BandName">Band_2</MDI>
      <MDI key="RepresentationType">ATHEMATIC</MDI>
      <MDI key="STATISTICS_COVARIANCES">0.0009161088231338585,0.001861424298005966,0.001233034640156596</MDI>
      <MDI key="STATISTICS_EXCLUDEDVALUES"></MDI>
      <MDI key="STATISTICS_MAXIMUM">0.54250001907349</MDI>
      <MDI key="STATISTICS_MEAN">0.32025294644313</MDI>
      <MDI key="STATISTICS_MEDIAN">0.316920</MDI>
      <MDI key="STATISTICS_MINIMUM">0.071000002324581</MDI>
      <MDI key="STATISTICS_SKIPFACTORX">1</MDI>
      <MDI key="STATISTICS_SKIPFACTORY">1</MDI>
      <MDI key="STATISTICS_STDDEV">0.043144226705389</MDI>
    </Metadata>
  </PAMRasterBand>
  <PAMRasterBand band="3">
    <Description>Band_3</Description>
    <Histograms>
      <HistItem>
        <HistMin>0.117749996483326</HistMin>
        <HistMax>0.4412499964237213</HistMax>
        <BucketCount>256</BucketCount>
        <IncludeOutOfRange>1</IncludeOutOfRange>
        <Approximate>0</Approximate>
        <HistCounts>1|0|0|0|0|1|0|1|0|0|0|0|0|0|0|0|1|0|0|0|0|1|0|0|0|0|0|0|0|0|0|0|0|0|0|0|0|1|0|1|0|0|0|0|0|0|0|1|1|0|0|0|0|0|2|1|0|2|1|2|3|0|2|0|0|0|3|2|2|1|1|1|2|2|1|2|1|2|0|3|1|3|5|3|8|6|1|6|13|7|8|11|11|5|20|5|25|8|23|15|22|21|17|27|41|52|24|49|46|47|42|47|50|49|50|61|56|44|54|50|38|37|42|39|40|29|42|21|28|46|26|54|32|39|44|32|34|28|37|29|43|43|44|38|35|40|35|31|31|19|35|10|14|10|11|11|18|5|6|5|4|1|4|10|1|3|5|2|3|0|0|2|2|2|5|1|0|2|1|2|2|0|5|3|1|4|0|1|1|6|2|1|0|1|0|2|1|0|1|0|2|1|0|1|1|0|0|0|0|0|0|1|0|0|0|0|0|0|0|1|0|0|0|0|0|0|0|1|0|0|0|0|1|0|0|1|1|0|0|0|0|0|0|0|0|1|0|1|0|0|1|0|0|0|1|1</HistCounts>
      </HistItem>
    </Histograms>
    <Metadata>
      <MDI key="BandName">Band_3</MDI>
      <MDI key="RepresentationType">ATHEMATIC</MDI>
      <MDI key="STATISTICS_COVARIANCES">0.0008103344852719796,0.001233034640156596,0.0008544069966977116</MDI>
      <MDI key="STATISTICS_EXCLUDEDVALUES"></MDI>
      <MDI key="STATISTICS_MAXIMUM">0.44124999642372</MDI>
      <MDI key="STATISTICS_MEAN">0.27592529481597</MDI>
      <MDI key="STATISTICS_MEDIAN">0.272523</MDI>
      <MDI key="STATISTICS_MINIMUM">0.11774999648333</MDI>
      <MDI key="STATISTICS_SKIPFACTORX">1</MDI>
      <MDI key="STATISTICS_SKIPFACTORY">1</MDI>
      <MDI key="STATISTICS_STDDEV">0.029230241133075</MDI>
    </Metadata>
  </PAMRasterBand>
</PAMDataset>
