<PAMDataset>
  <Metadata>
    <MDI key="DataType">Generic</MDI>
  </Metadata>
  <PAMRasterBand band="1">
    <Description>Band_1</Description>
    <Histograms>
      <HistItem>
        <HistMin>0.7214999794960022</HistMin>
        <HistMax>0.9371296167373657</HistMax>
        <BucketCount>256</BucketCount>
        <IncludeOutOfRange>1</IncludeOutOfRange>
        <Approximate>0</Approximate>
        <HistCounts>1|0|0|0|0|0|0|0|0|0|0|0|0|0|0|0|0|1|0|0|0|0|0|0|0|0|0|0|1|0|0|0|0|0|0|0|0|0|0|1|0|0|2|0|0|0|0|0|0|0|0|0|0|0|0|0|0|0|0|1|1|1|0|0|0|0|0|1|0|0|0|3|0|0|0|4|2|1|1|2|1|1|3|3|3|0|6|2|1|0|1|6|7|2|4|2|1|4|4|6|3|4|8|3|7|0|7|10|8|4|5|7|6|4|10|8|14|10|4|6|9|1|11|6|5|11|8|3|9|5|13|11|10|13|8|10|10|6|5|11|8|6|5|9|10|8|7|12|6|10|9|12|8|3|21|4|9|6|12|6|4|3|3|5|8|7|12|18|7|8|3|5|8|6|8|7|12|6|7|2|11|4|10|5|3|5|1|9|6|6|8|9|7|10|4|3|3|3|7|9|3|6|3|1|0|2|7|2|1|8|7|0|2|3|7|1|2|5|0|0|1|3|1|2|1|2|0|3|0|0|1|3|0|2|7|6|7|6|2|5|3|4|1|4|0|7|3|0|0|3|1|2|0|1|0|1</HistCounts>
      </HistItem>
    </Histograms>
    <Metadata>
      <MDI key="BandName">Band_1</MDI>
      <MDI key="RepresentationType">ATHEMATIC</MDI>
      <MDI key="STATISTICS_COVARIANCES">0.001313296512498239,-0.0005664776531056705,-0.0002467116638053752</MDI>
      <MDI key="STATISTICS_EXCLUDEDVALUES"></MDI>
      <MDI key="STATISTICS_MAXIMUM">0.93712961673737</MDI>
      <MDI key="STATISTICS_MEAN">0.85274863293402</MDI>
      <MDI key="STATISTICS_MEDIAN">0.849187</MDI>
      <MDI key="STATISTICS_MINIMUM">0.721499979496</MDI>
      <MDI key="STATISTICS_SKIPFACTORX">1</MDI>
      <MDI key="STATISTICS_SKIPFACTORY">1</MDI>
      <MDI key="STATISTICS_STDDEV">0.036239433115023</MDI>
    </Metadata>
  </PAMRasterBand>
  <PAMRasterBand band="2">
    <Description>Band_2</Description>
    <Histograms>
      <HistItem>
        <HistMin>0.09775000065565109</HistMin>
        <HistMax>0.4792500138282776</HistMax>
        <BucketCount>256</BucketCount>
        <IncludeOutOfRange>1</IncludeOutOfRange>
        <Approximate>0</Approximate>
        <HistCounts>1|1|0|2|0|0|3|2|0|0|0|0|0|1|0|1|2|1|0|0|2|0|0|1|0|3|0|0|0|0|0|0|0|0|1|2|2|0|0|0|0|2|2|0|0|0|1|3|0|0|0|0|2|0|0|0|0|2|2|0|1|0|1|1|1|0|0|3|0|0|0|0|0|1|0|2|0|0|0|0|1|2|1|3|1|0|1|2|1|0|2|2|0|1|2|4|0|0|2|0|2|1|1|0|0|0|0|2|2|0|1|2|0|1|1|2|2|0|1|0|0|2|2|2|1|0|1|0|0|3|0|2|1|0|2|2|5|0|0|2|1|2|1|3|0|4|2|1|1|3|4|8|3|5|5|1|4|3|5|5|5|1|3|4|10|2|12|6|4|3|5|8|5|11|7|3|10|8|9|13|6|4|8|5|8|7|15|8|8|7|6|11|8|26|15|8|5|18|10|14|16|9|13|14|17|10|13|9|13|12|17|12|13|11|18|8|25|25|13|11|13|10|12|3|14|10|9|10|12|7|8|2|1|10|6|5|3|9|3|3|0|0|1|2|2|0|4|1|2|2|0|0|0|0|0|1</HistCounts>
      </HistItem>
    </Histograms>
    <Metadata>
      <MDI key="BandName">Band_2</MDI>
      <MDI key="RepresentationType">ATHEMATIC</MDI>
      <MDI key="STATISTICS_COVARIANCES">-0.0005664776531056705,0.00506952091451535,0.0028362694333303</MDI>
      <MDI key="STATISTICS_EXCLUDEDVALUES"></MDI>
      <MDI key="STATISTICS_MAXIMUM">0.47925001382828</MDI>
      <MDI key="STATISTICS_MEAN">0.37402188854944</MDI>
      <MDI key="STATISTICS_MEDIAN">0.392477</MDI>
      <MDI key="STATISTICS_MINIMUM">0.097750000655651</MDI>
      <MDI key="STATISTICS_SKIPFACTORX">1</MDI>
      <MDI key="STATISTICS_SKIPFACTORY">1</MDI>
      <MDI key="STATISTICS_STDDEV">0.071200568217644</MDI>
    </Metadata>
  </PAMRasterBand>
  <PAMRasterBand band="3">
    <Description>Band_3</Description>
    <Histograms>
      <HistItem>
        <HistMin>0.1519999951124191</HistMin>
        <HistMax>0.3767499923706055</HistMax>
        <BucketCount>256</BucketCount>
        <IncludeOutOfRange>1</IncludeOutOfRange>
        <Approximate>0</Approximate>
        <HistCounts>1|1|0|0|0|0|0|0|0|0|1|0|0|3|0|0|0|1|1|2|0|0|0|0|0|3|1|1|0|0|0|0|0|0|1|0|1|0|2|0|2|1|0|0|0|0|0|0|3|1|2|0|0|0|3|0|0|1|0|2|0|0|2|2|2|0|1|0|1|1|0|2|0|0|1|1|0|2|0|1|2|0|1|1|1|0|0|1|0|2|1|4|0|1|0|3|3|1|1|0|0|2|0|1|0|1|0|4|1|3|1|0|1|1|0|1|2|1|1|0|0|0|0|4|0|2|1|0|2|1|0|0|0|1|1|0|1|1|4|2|2|2|3|5|1|2|4|2|4|4|11|1|5|5|3|8|1|8|7|9|3|12|3|4|3|7|10|1|6|11|3|7|0|9|5|10|8|10|5|4|10|9|9|6|6|5|9|5|6|13|13|15|11|18|15|8|12|11|7|10|20|13|15|12|17|13|10|16|19|17|14|22|16|18|7|24|15|19|9|6|4|7|11|7|13|10|5|8|7|5|1|4|10|2|6|2|2|0|3|2|5|4|0|4|0|0|0|2|0|1|0|0|0|2|0|1</HistCounts>
      </HistItem>
    </Histograms>
    <Metadata>
      <MDI key="BandName">Band_3</MDI>
      <MDI key="RepresentationType">ATHEMATIC</MDI>
      <MDI key="STATISTICS_COVARIANCES">-0.0002467116638053752,0.0028362694333303,0.001608989906946381</MDI>
      <MDI key="STATISTICS_EXCLUDEDVALUES"></MDI>
      <MDI key="STATISTICS_MAXIMUM">0.37674999237061</MDI>
      <MDI key="STATISTICS_MEAN">0.3133306964163</MDI>
      <MDI key="STATISTICS_MEDIAN">0.323868</MDI>
      <MDI key="STATISTICS_MINIMUM">0.15199999511242</MDI>
      <MDI key="STATISTICS_SKIPFACTORX">1</MDI>
      <MDI key="STATISTICS_SKIPFACTORY">1</MDI>
      <MDI key="STATISTICS_STDDEV">0.04011221643024</MDI>
    </Metadata>
  </PAMRasterBand>
</PAMDataset>
