<PAMDataset>
  <Metadata>
    <MDI key="DataType">Generic</MDI>
  </Metadata>
  <PAMRasterBand band="1">
    <Description>Band_1</Description>
    <Histograms>
      <HistItem>
        <HistMin>0.6389999985694885</HistMin>
        <HistMax>0.9359999895095825</HistMax>
        <BucketCount>256</BucketCount>
        <IncludeOutOfRange>1</IncludeOutOfRange>
        <Approximate>0</Approximate>
        <HistCounts>3|0|0|2|0|2|0|0|0|0|2|0|0|1|0|0|1|0|3|0|0|1|0|0|1|0|3|0|1|0|1|0|1|0|0|1|0|3|1|0|3|0|2|1|3|0|1|1|0|0|5|0|0|3|3|2|2|1|2|2|0|0|2|1|2|0|0|3|0|1|5|8|2|2|1|5|0|4|3|1|2|2|2|4|0|1|1|0|10|5|0|2|4|2|6|2|2|5|5|7|3|8|2|9|5|2|5|5|4|4|3|0|6|3|2|2|4|4|2|6|2|8|2|7|7|0|4|9|2|7|4|4|3|3|2|6|6|0|6|7|5|8|9|5|12|4|3|6|9|6|6|5|3|5|6|2|9|3|2|7|7|6|8|8|3|2|3|1|3|3|5|7|7|2|4|8|8|3|7|4|12|5|13|3|2|3|6|5|1|4|7|7|4|3|6|8|2|6|3|3|5|5|1|3|3|1|3|4|5|5|2|3|4|8|5|2|3|7|7|2|1|4|5|2|2|2|1|6|1|1|2|2|5|3|0|0|2|2|2|4|0|34|18|16|4|6|7|3|2|6|1|1|0|1|2|1</HistCounts>
      </HistItem>
    </Histograms>
    <Metadata>
      <MDI key="BandName">Band_1</MDI>
      <MDI key="RepresentationType">ATHEMATIC</MDI>
      <MDI key="STATISTICS_COVARIANCES">0.004771528964818726,-0.001067827398041112,-0.0004287995205138693</MDI>
      <MDI key="STATISTICS_EXCLUDEDVALUES"></MDI>
      <MDI key="STATISTICS_MAXIMUM">0.93599998950958</MDI>
      <MDI key="STATISTICS_MEAN">0.82121937667285</MDI>
      <MDI key="STATISTICS_MEDIAN">0.823024</MDI>
      <MDI key="STATISTICS_MINIMUM">0.63899999856949</MDI>
      <MDI key="STATISTICS_SKIPFACTORX">1</MDI>
      <MDI key="STATISTICS_SKIPFACTORY">1</MDI>
      <MDI key="STATISTICS_STDDEV">0.069076254710419</MDI>
    </Metadata>
  </PAMRasterBand>
  <PAMRasterBand band="2">
    <Description>Band_2</Description>
    <Histograms>
      <HistItem>
        <HistMin>0.06224999949336052</HistMin>
        <HistMax>0.4132499992847443</HistMax>
        <BucketCount>256</BucketCount>
        <IncludeOutOfRange>1</IncludeOutOfRange>
        <Approximate>0</Approximate>
        <HistCounts>1|0|0|0|0|1|0|0|1|0|0|1|0|0|0|0|0|0|0|0|0|1|0|0|2|1|1|3|2|1|0|1|1|0|2|0|2|1|2|1|0|0|3|2|3|2|0|1|1|0|1|0|0|0|0|0|0|0|0|0|1|2|0|2|0|1|0|0|0|0|0|0|0|0|0|0|0|0|0|1|0|0|0|1|0|0|0|0|0|0|0|1|0|0|0|0|1|0|0|0|1|0|0|2|0|0|0|0|2|1|1|1|2|1|2|4|1|3|3|1|3|1|2|1|5|3|3|2|3|3|3|9|6|5|12|8|5|3|19|1|9|12|15|3|6|8|6|8|4|5|7|5|7|8|15|10|12|11|17|12|20|10|15|17|20|19|23|12|21|8|33|21|14|18|10|15|5|18|9|14|8|18|17|17|5|11|3|7|6|10|12|10|8|5|4|5|2|3|3|4|3|1|0|1|0|2|3|0|0|4|0|1|1|0|0|0|1|3|0|2|0|0|1|1|2|0|0|1|1|0|0|1|0|0|1|0|0|0|0|2|2|1|2|0|0|1|0|0|0|3|0|0|0|0|0|1</HistCounts>
      </HistItem>
    </Histograms>
    <Metadata>
      <MDI key="BandName">Band_2</MDI>
      <MDI key="RepresentationType">ATHEMATIC</MDI>
      <MDI key="STATISTICS_COVARIANCES">-0.001067827398041112,0.002577010278781378,0.00160821123403067</MDI>
      <MDI key="STATISTICS_EXCLUDEDVALUES"></MDI>
      <MDI key="STATISTICS_MAXIMUM">0.41324999928474</MDI>
      <MDI key="STATISTICS_MEAN">0.28068405907994</MDI>
      <MDI key="STATISTICS_MEDIAN">0.289368</MDI>
      <MDI key="STATISTICS_MINIMUM">0.062249999493361</MDI>
      <MDI key="STATISTICS_SKIPFACTORX">1</MDI>
      <MDI key="STATISTICS_SKIPFACTORY">1</MDI>
      <MDI key="STATISTICS_STDDEV">0.050764261826421</MDI>
    </Metadata>
  </PAMRasterBand>
  <PAMRasterBand band="3">
    <Description>Band_3</Description>
    <Histograms>
      <HistItem>
        <HistMin>0.1167500019073486</HistMin>
        <HistMax>0.3404999971389771</HistMax>
        <BucketCount>256</BucketCount>
        <IncludeOutOfRange>1</IncludeOutOfRange>
        <Approximate>0</Approximate>
        <HistCounts>1|0|0|1|0|0|0|0|0|0|0|0|0|1|0|0|0|1|0|0|0|2|0|1|0|1|1|3|1|1|0|2|1|4|0|0|3|0|1|2|0|1|3|0|1|0|1|0|0|0|2|1|0|0|2|0|0|1|0|2|0|0|0|1|0|2|0|0|0|0|0|0|0|0|0|0|0|2|0|0|0|0|0|0|0|1|0|0|0|0|1|1|1|0|0|0|1|0|1|2|3|0|0|0|0|3|1|8|0|1|3|0|1|0|2|7|2|2|2|6|2|4|2|8|6|6|7|11|8|10|7|9|9|7|9|8|4|5|0|13|2|8|7|7|8|11|11|3|11|7|7|11|12|14|20|12|16|14|18|10|14|17|25|16|20|14|15|14|21|9|17|4|10|8|17|10|16|9|20|4|6|8|8|4|12|11|13|3|5|3|13|4|5|5|2|1|4|3|8|3|2|4|1|2|0|1|0|0|0|0|1|2|0|2|3|0|1|0|1|0|0|0|0|1|0|1|0|3|2|0|0|0|0|0|0|0|0|1|0|0|0|0|2|0|0|0|0|0|0|1|0|0|0|0|0|1</HistCounts>
      </HistItem>
    </Histograms>
    <Metadata>
      <MDI key="BandName">Band_3</MDI>
      <MDI key="RepresentationType">ATHEMATIC</MDI>
      <MDI key="STATISTICS_COVARIANCES">-0.0004287995205138693,0.00160821123403067,0.001028597084484439</MDI>
      <MDI key="STATISTICS_EXCLUDEDVALUES"></MDI>
      <MDI key="STATISTICS_MAXIMUM">0.34049999713898</MDI>
      <MDI key="STATISTICS_MEAN">0.25118663983095</MDI>
      <MDI key="STATISTICS_MEDIAN">0.256265</MDI>
      <MDI key="STATISTICS_MINIMUM">0.11675000190735</MDI>
      <MDI key="STATISTICS_SKIPFACTORX">1</MDI>
      <MDI key="STATISTICS_SKIPFACTORY">1</MDI>
      <MDI key="STATISTICS_STDDEV">0.032071749008815</MDI>
    </Metadata>
  </PAMRasterBand>
</PAMDataset>
