<PAMDataset>
  <Metadata>
    <MDI key="DataType">Generic</MDI>
  </Metadata>
  <PAMRasterBand band="1">
    <Description>Band_1</Description>
    <Histograms>
      <HistItem>
        <HistMin>0.5382500290870667</HistMin>
        <HistMax>0.9282777905464172</HistMax>
        <BucketCount>256</BucketCount>
        <IncludeOutOfRange>1</IncludeOutOfRange>
        <Approximate>0</Approximate>
        <HistCounts>1|0|0|0|0|0|0|0|0|0|0|0|0|0|0|0|0|0|0|0|0|1|0|0|2|0|2|0|0|1|0|1|0|0|0|1|0|0|0|0|1|0|0|2|0|4|2|0|2|0|1|3|1|1|1|4|1|0|3|2|1|0|2|1|4|1|3|4|3|4|1|2|3|6|0|3|3|3|1|1|9|3|3|2|6|1|4|8|5|4|2|8|7|5|3|6|9|3|6|8|5|11|3|9|12|15|14|16|19|10|25|17|11|9|20|17|9|10|13|13|13|8|7|2|10|5|9|15|5|8|1|10|5|4|7|6|3|2|9|5|7|4|2|8|11|7|15|13|4|5|10|5|4|8|3|4|3|2|3|7|6|6|6|4|4|6|4|2|3|6|6|8|1|6|4|9|8|8|5|4|2|1|1|9|2|5|10|5|1|1|4|3|7|3|6|6|4|5|3|4|5|6|2|2|8|2|3|2|2|1|3|4|7|2|0|3|9|4|3|1|7|1|8|3|1|6|0|3|3|4|6|0|0|4|2|4|1|2|0|4|5|2|3|0|0|2|1|2|0|3|15|4|1|1|0|1</HistCounts>
      </HistItem>
    </Histograms>
    <Metadata>
      <MDI key="BandName">Band_1</MDI>
      <MDI key="RepresentationType">ATHEMATIC</MDI>
      <MDI key="STATISTICS_COVARIANCES">0.005878111949407528,0.00167895879815193,0.001364110208869227</MDI>
      <MDI key="STATISTICS_EXCLUDEDVALUES"></MDI>
      <MDI key="STATISTICS_MAXIMUM">0.92827779054642</MDI>
      <MDI key="STATISTICS_MEAN">0.75529913990168</MDI>
      <MDI key="STATISTICS_MEDIAN">0.738617</MDI>
      <MDI key="STATISTICS_MINIMUM">0.53825002908707</MDI>
      <MDI key="STATISTICS_SKIPFACTORX">1</MDI>
      <MDI key="STATISTICS_SKIPFACTORY">1</MDI>
      <MDI key="STATISTICS_STDDEV">0.076668846015885</MDI>
    </Metadata>
  </PAMRasterBand>
  <PAMRasterBand band="2">
    <Description>Band_2</Description>
    <Histograms>
      <HistItem>
        <HistMin>0.08649999648332596</HistMin>
        <HistMax>0.6362500190734863</HistMax>
        <BucketCount>256</BucketCount>
        <IncludeOutOfRange>1</IncludeOutOfRange>
        <Approximate>0</Approximate>
        <HistCounts>1|3|1|0|0|0|0|0|1|1|0|2|0|0|0|0|2|2|0|2|0|0|0|2|1|5|1|0|1|2|0|0|1|2|0|0|2|0|0|0|0|0|1|3|4|0|3|10|21|20|32|30|56|53|55|47|52|39|26|29|35|21|16|19|17|22|20|13|20|8|9|11|10|13|12|10|11|15|13|9|8|15|9|9|9|10|4|8|8|12|6|6|8|3|5|4|2|11|0|9|11|10|9|2|2|3|5|3|5|9|7|1|5|2|2|1|0|1|1|1|2|2|1|0|1|0|3|1|0|1|1|0|0|1|0|0|0|0|0|0|1|0|0|0|0|0|0|0|0|0|0|0|0|0|0|0|0|0|0|0|0|0|0|0|0|0|0|0|0|0|0|0|0|0|0|0|0|0|0|0|0|0|0|0|0|0|0|0|0|0|0|0|0|0|0|0|0|0|0|0|0|0|0|0|0|0|0|0|0|0|0|0|0|0|0|0|0|0|0|0|0|0|0|0|0|0|0|0|0|0|0|0|0|0|0|0|0|0|0|0|0|0|0|0|0|0|0|0|0|0|0|0|0|0|0|1</HistCounts>
      </HistItem>
    </Histograms>
    <Metadata>
      <MDI key="BandName">Band_2</MDI>
      <MDI key="RepresentationType">ATHEMATIC</MDI>
      <MDI key="STATISTICS_COVARIANCES">0.00167895879815193,0.002018594975877402,0.001405912856169285</MDI>
      <MDI key="STATISTICS_EXCLUDEDVALUES"></MDI>
      <MDI key="STATISTICS_MAXIMUM">0.63625001907349</MDI>
      <MDI key="STATISTICS_MEAN">0.23087594502505</MDI>
      <MDI key="STATISTICS_MEDIAN">0.215853</MDI>
      <MDI key="STATISTICS_MINIMUM">0.086499996483326</MDI>
      <MDI key="STATISTICS_SKIPFACTORX">1</MDI>
      <MDI key="STATISTICS_SKIPFACTORY">1</MDI>
      <MDI key="STATISTICS_STDDEV">0.044928776701324</MDI>
    </Metadata>
  </PAMRasterBand>
  <PAMRasterBand band="3">
    <Description>Band_3</Description>
    <Histograms>
      <HistItem>
        <HistMin>0.1330000013113022</HistMin>
        <HistMax>0.6082500219345093</HistMax>
        <BucketCount>256</BucketCount>
        <IncludeOutOfRange>1</IncludeOutOfRange>
        <Approximate>0</Approximate>
        <HistCounts>3|2|1|0|1|1|0|0|0|0|1|1|1|2|1|1|0|1|0|2|3|3|1|0|1|0|2|1|1|0|3|5|6|15|21|40|48|69|69|58|56|44|34|50|33|12|23|18|23|11|15|19|17|9|14|10|15|18|19|12|12|14|6|15|14|10|9|11|11|10|12|5|7|13|8|8|3|6|1|8|8|5|4|5|4|7|2|3|2|3|1|1|4|1|2|1|1|0|0|3|0|0|0|0|0|1|0|0|0|0|0|0|0|0|0|0|0|0|0|0|0|0|0|0|0|0|0|0|0|0|0|0|0|0|0|0|0|0|0|0|0|0|0|0|0|0|0|0|0|0|0|0|0|0|0|0|0|0|0|0|0|0|0|0|0|0|0|0|0|0|0|0|0|0|0|0|0|0|0|0|0|0|0|0|0|0|0|0|0|0|0|0|0|0|0|0|0|0|0|0|0|0|0|0|0|0|0|0|0|0|0|0|0|0|0|0|0|0|0|0|0|0|0|0|0|0|0|0|0|0|0|0|0|0|0|0|0|0|0|0|0|0|0|0|0|0|0|0|0|0|0|0|0|0|0|1</HistCounts>
      </HistItem>
    </Histograms>
    <Metadata>
      <MDI key="BandName">Band_3</MDI>
      <MDI key="RepresentationType">ATHEMATIC</MDI>
      <MDI key="STATISTICS_COVARIANCES">0.001364110208869227,0.001405912856169285,0.001006179977785436</MDI>
      <MDI key="STATISTICS_EXCLUDEDVALUES"></MDI>
      <MDI key="STATISTICS_MAXIMUM">0.60825002193451</MDI>
      <MDI key="STATISTICS_MEAN">0.22479631375726</MDI>
      <MDI key="STATISTICS_MEDIAN">0.213140</MDI>
      <MDI key="STATISTICS_MINIMUM">0.1330000013113</MDI>
      <MDI key="STATISTICS_SKIPFACTORX">1</MDI>
      <MDI key="STATISTICS_SKIPFACTORY">1</MDI>
      <MDI key="STATISTICS_STDDEV">0.031720340127203</MDI>
    </Metadata>
  </PAMRasterBand>
</PAMDataset>
