<PAMDataset>
  <Metadata>
    <MDI key="DataType">Generic</MDI>
  </Metadata>
  <PAMRasterBand band="1">
    <Description>Band_1</Description>
    <Histograms>
      <HistItem>
        <HistMin>0.5787500143051147</HistMin>
        <HistMax>0.9317407608032227</HistMax>
        <BucketCount>256</BucketCount>
        <IncludeOutOfRange>1</IncludeOutOfRange>
        <Approximate>0</Approximate>
        <HistCounts>1|0|0|2|0|0|0|0|0|0|0|0|0|0|0|0|0|0|0|0|0|0|0|0|0|0|0|0|0|0|0|0|0|0|0|0|0|0|0|0|0|0|0|0|0|0|0|0|0|0|0|1|1|0|3|2|0|1|0|0|2|0|0|1|3|2|0|0|0|0|1|0|1|1|0|0|0|2|1|0|0|1|0|0|0|2|0|0|0|2|0|0|0|3|0|0|1|0|0|2|0|0|0|0|0|0|0|0|0|1|0|0|3|0|0|0|0|0|2|0|4|0|0|1|0|0|0|0|0|0|1|1|0|0|0|1|1|2|1|0|1|1|0|0|0|0|0|0|3|1|1|1|2|0|2|0|0|1|1|0|0|2|0|0|0|0|7|7|0|0|1|5|0|3|3|1|3|2|4|0|0|2|4|1|5|4|2|3|2|1|3|2|2|5|3|2|1|2|2|3|8|3|7|1|0|5|6|7|10|7|13|7|5|7|8|6|4|6|5|8|5|5|5|3|7|6|10|3|3|4|6|3|5|4|5|11|6|6|10|5|7|7|10|6|3|5|60|198|176|128|119|92|81|42|19|1</HistCounts>
      </HistItem>
    </Histograms>
    <Metadata>
      <MDI key="BandName">Band_1</MDI>
      <MDI key="RepresentationType">ATHEMATIC</MDI>
      <MDI key="STATISTICS_COVARIANCES">0.002695108568922619,0.002427471026283892,0.001715433022123056</MDI>
      <MDI key="STATISTICS_EXCLUDEDVALUES"></MDI>
      <MDI key="STATISTICS_MAXIMUM">0.93174076080322</MDI>
      <MDI key="STATISTICS_MEAN">0.90023515479905</MDI>
      <MDI key="STATISTICS_MEDIAN">0.920667</MDI>
      <MDI key="STATISTICS_MINIMUM">0.57875001430511</MDI>
      <MDI key="STATISTICS_SKIPFACTORX">1</MDI>
      <MDI key="STATISTICS_SKIPFACTORY">1</MDI>
      <MDI key="STATISTICS_STDDEV">0.051914435072748</MDI>
    </Metadata>
  </PAMRasterBand>
  <PAMRasterBand band="2">
    <Description>Band_2</Description>
    <Histograms>
      <HistItem>
        <HistMin>0.2092500030994415</HistMin>
        <HistMax>0.6922500133514404</HistMax>
        <BucketCount>256</BucketCount>
        <IncludeOutOfRange>1</IncludeOutOfRange>
        <Approximate>0</Approximate>
        <HistCounts>1|2|0|2|0|4|0|0|0|1|0|2|1|0|0|1|4|0|0|3|6|1|2|0|1|5|0|2|0|1|1|0|1|0|1|1|0|0|1|2|1|0|0|0|2|2|0|2|0|1|1|0|0|3|0|1|1|1|0|0|0|0|3|0|0|0|1|0|0|0|1|0|2|0|0|0|4|2|2|0|0|0|0|0|0|0|0|0|0|0|0|0|4|3|0|0|2|2|0|0|0|0|3|1|2|0|1|2|2|2|3|1|0|2|0|5|4|4|1|4|6|4|0|10|2|3|7|4|13|2|13|8|16|17|2|10|12|22|20|22|18|21|37|18|17|25|23|30|22|31|37|35|49|30|31|31|31|37|35|25|24|22|18|15|29|17|17|20|23|7|14|22|26|13|8|9|15|4|8|11|9|7|2|10|5|7|9|9|4|3|8|2|7|1|3|0|5|1|8|1|1|0|2|1|0|0|0|0|1|0|0|0|0|2|3|0|0|4|0|0|0|0|2|1|0|0|0|0|0|0|0|2|0|0|0|0|0|0|0|0|0|0|1|0|0|0|0|0|0|0|0|0|0|0|0|1</HistCounts>
      </HistItem>
    </Histograms>
    <Metadata>
      <MDI key="BandName">Band_2</MDI>
      <MDI key="RepresentationType">ATHEMATIC</MDI>
      <MDI key="STATISTICS_COVARIANCES">0.002427471026283892,0.004185976852257153,0.002935562393327637</MDI>
      <MDI key="STATISTICS_EXCLUDEDVALUES"></MDI>
      <MDI key="STATISTICS_MAXIMUM">0.69225001335144</MDI>
      <MDI key="STATISTICS_MEAN">0.49013374252467</MDI>
      <MDI key="STATISTICS_MEDIAN">0.497156</MDI>
      <MDI key="STATISTICS_MINIMUM">0.20925000309944</MDI>
      <MDI key="STATISTICS_SKIPFACTORX">1</MDI>
      <MDI key="STATISTICS_SKIPFACTORY">1</MDI>
      <MDI key="STATISTICS_STDDEV">0.064699125591133</MDI>
    </Metadata>
  </PAMRasterBand>
  <PAMRasterBand band="3">
    <Description>Band_3</Description>
    <Histograms>
      <HistItem>
        <HistMin>0.2152500003576279</HistMin>
        <HistMax>0.6140000224113464</HistMax>
        <BucketCount>256</BucketCount>
        <IncludeOutOfRange>1</IncludeOutOfRange>
        <Approximate>0</Approximate>
        <HistCounts>1|0|2|1|1|2|1|1|3|0|1|0|2|0|1|6|0|5|2|2|3|1|2|3|4|2|1|2|4|0|1|0|0|2|0|0|1|0|0|0|1|0|0|0|1|0|0|1|0|0|0|0|0|0|1|1|1|2|0|0|1|7|0|2|0|0|0|0|0|0|0|2|1|0|0|0|1|0|1|0|0|0|2|2|1|0|1|1|0|2|4|2|0|2|5|2|0|7|3|1|0|1|4|7|3|4|13|3|10|8|9|11|13|16|10|8|23|31|32|18|22|29|27|21|28|21|22|31|32|38|30|53|38|48|49|40|30|41|26|29|19|19|25|22|23|11|26|15|21|21|14|10|17|16|13|7|10|10|6|3|6|13|3|0|2|0|1|3|0|2|0|1|1|0|0|0|2|0|0|0|0|0|0|0|0|0|1|0|0|0|0|0|0|0|0|0|0|0|0|0|0|0|0|0|0|0|0|0|0|0|0|0|0|0|4|0|0|0|0|0|0|0|0|0|0|0|0|0|0|0|0|0|0|0|0|0|0|0|0|2|0|0|0|0|0|0|0|0|0|0|0|0|0|0|0|1</HistCounts>
      </HistItem>
    </Histograms>
    <Metadata>
      <MDI key="BandName">Band_3</MDI>
      <MDI key="RepresentationType">ATHEMATIC</MDI>
      <MDI key="STATISTICS_COVARIANCES">0.001715433022123056,0.002935562393327637,0.00211735422166112</MDI>
      <MDI key="STATISTICS_EXCLUDEDVALUES"></MDI>
      <MDI key="STATISTICS_MAXIMUM">0.61400002241135</MDI>
      <MDI key="STATISTICS_MEAN">0.41284691267425</MDI>
      <MDI key="STATISTICS_MEDIAN">0.420098</MDI>
      <MDI key="STATISTICS_MINIMUM">0.21525000035763</MDI>
      <MDI key="STATISTICS_SKIPFACTORX">1</MDI>
      <MDI key="STATISTICS_SKIPFACTORY">1</MDI>
      <MDI key="STATISTICS_STDDEV">0.046014717446281</MDI>
    </Metadata>
  </PAMRasterBand>
</PAMDataset>
