<PAMDataset>
  <Metadata>
    <MDI key="DataType">Generic</MDI>
  </Metadata>
  <PAMRasterBand band="1">
    <Description>Band_1</Description>
    <Histograms>
      <HistItem>
        <HistMin>0.6302499771118164</HistMin>
        <HistMax>0.9261481761932373</HistMax>
        <BucketCount>256</BucketCount>
        <IncludeOutOfRange>1</IncludeOutOfRange>
        <Approximate>0</Approximate>
        <HistCounts>1|0|0|0|0|1|0|0|0|1|4|0|2|0|0|0|0|0|0|0|0|0|1|0|0|2|0|0|0|3|0|2|2|0|3|0|0|0|2|0|2|1|3|2|2|4|3|1|2|2|2|4|4|3|4|6|9|9|5|8|9|0|10|7|10|7|5|10|7|1|11|11|11|6|16|16|16|12|6|21|14|10|13|6|6|16|15|16|17|14|11|17|16|17|13|15|9|10|26|16|17|13|16|15|15|16|23|13|23|21|34|12|17|22|17|23|23|11|24|16|14|23|28|10|26|19|32|14|15|24|24|20|40|24|28|22|19|22|37|29|45|21|27|21|22|20|41|30|23|20|19|31|28|25|29|29|25|33|32|18|20|19|29|27|13|11|20|21|23|34|18|25|11|28|14|9|22|11|9|16|14|18|15|21|10|16|16|28|13|12|17|12|22|11|18|14|21|19|11|22|16|34|14|17|9|20|26|21|19|23|12|13|12|10|12|7|13|11|14|9|8|15|16|8|9|3|11|9|7|6|8|3|8|4|3|4|8|4|7|7|5|6|8|0|8|7|2|2|2|18|31|21|16|5|4|1</HistCounts>
      </HistItem>
    </Histograms>
    <Metadata>
      <MDI key="BandName">Band_1</MDI>
      <MDI key="RepresentationType">ATHEMATIC</MDI>
      <MDI key="STATISTICS_COVARIANCES">0.00335433782521373,0.0003096025357875934,0.0003902634958128074</MDI>
      <MDI key="STATISTICS_EXCLUDEDVALUES"></MDI>
      <MDI key="STATISTICS_MAXIMUM">0.92614817619324</MDI>
      <MDI key="STATISTICS_MEAN">0.80365902004154</MDI>
      <MDI key="STATISTICS_MEDIAN">0.800827</MDI>
      <MDI key="STATISTICS_MINIMUM">0.63024997711182</MDI>
      <MDI key="STATISTICS_SKIPFACTORX">1</MDI>
      <MDI key="STATISTICS_SKIPFACTORY">1</MDI>
      <MDI key="STATISTICS_STDDEV">0.057916645493448</MDI>
    </Metadata>
  </PAMRasterBand>
  <PAMRasterBand band="2">
    <Description>Band_2</Description>
    <Histograms>
      <HistItem>
        <HistMin>0.06199999898672104</HistMin>
        <HistMax>0.6277499794960022</HistMax>
        <BucketCount>256</BucketCount>
        <IncludeOutOfRange>1</IncludeOutOfRange>
        <Approximate>0</Approximate>
        <HistCounts>2|0|0|0|1|0|0|0|0|0|0|0|0|0|0|0|0|0|0|0|0|1|0|0|0|0|0|0|0|0|0|2|0|0|0|0|0|0|0|0|0|5|0|2|1|0|0|1|0|0|0|0|4|0|0|0|2|4|1|5|2|0|1|0|1|2|0|0|1|5|1|0|1|1|2|1|3|0|1|0|2|3|3|1|2|3|2|2|0|2|7|2|6|2|0|6|3|5|3|3|4|7|6|3|7|10|14|5|5|11|9|11|7|13|9|8|9|13|12|7|12|31|22|28|22|21|8|12|21|28|33|27|25|50|28|29|33|34|45|41|36|54|61|53|66|61|63|71|75|84|103|81|98|85|77|83|67|65|58|79|56|55|65|45|47|56|48|36|45|20|34|33|26|31|17|17|24|17|25|25|16|11|12|12|13|7|12|8|9|14|22|12|13|13|2|4|9|3|5|6|9|3|2|6|2|2|6|0|3|3|3|1|0|5|3|0|6|1|3|2|1|0|3|0|1|1|8|0|0|0|3|1|0|0|0|0|0|0|1|0|0|0|0|0|0|0|0|0|0|0|0|0|0|0|0|1</HistCounts>
      </HistItem>
    </Histograms>
    <Metadata>
      <MDI key="BandName">Band_2</MDI>
      <MDI key="RepresentationType">ATHEMATIC</MDI>
      <MDI key="STATISTICS_COVARIANCES">0.0003096025357875934,0.00318326385945047,0.001840127863900292</MDI>
      <MDI key="STATISTICS_EXCLUDEDVALUES"></MDI>
      <MDI key="STATISTICS_MAXIMUM">0.627749979496</MDI>
      <MDI key="STATISTICS_MEAN">0.39584723478913</MDI>
      <MDI key="STATISTICS_MEDIAN">0.397013</MDI>
      <MDI key="STATISTICS_MINIMUM">0.061999998986721</MDI>
      <MDI key="STATISTICS_SKIPFACTORX">1</MDI>
      <MDI key="STATISTICS_SKIPFACTORY">1</MDI>
      <MDI key="STATISTICS_STDDEV">0.056420420589096</MDI>
    </Metadata>
  </PAMRasterBand>
  <PAMRasterBand band="3">
    <Description>Band_3</Description>
    <Histograms>
      <HistItem>
        <HistMin>0.1000000014901161</HistMin>
        <HistMax>0.5857499837875366</HistMax>
        <BucketCount>256</BucketCount>
        <IncludeOutOfRange>1</IncludeOutOfRange>
        <Approximate>0</Approximate>
        <HistCounts>1|1|0|0|0|1|0|0|0|0|0|0|0|0|0|0|0|0|1|0|0|0|0|0|0|0|0|0|0|0|2|0|0|0|2|4|0|0|0|0|0|3|0|0|1|0|2|2|1|0|1|4|3|1|0|2|0|2|2|2|0|3|1|4|1|5|5|5|1|7|2|2|4|4|8|4|6|10|6|5|10|7|8|10|13|17|15|17|10|19|11|18|24|31|39|35|24|35|43|44|59|62|59|73|86|76|127|104|144|136|79|150|96|78|127|77|73|78|70|95|51|53|44|43|44|51|59|42|32|49|32|32|41|32|7|24|19|17|19|20|20|14|3|7|6|10|11|6|1|4|4|7|0|0|5|1|6|3|2|1|7|3|2|0|2|0|1|6|2|5|1|0|2|0|0|0|0|1|0|0|0|0|0|0|0|0|0|0|0|0|0|0|0|0|0|0|0|0|0|0|0|0|0|0|0|0|0|0|0|0|0|0|0|0|0|0|0|0|0|0|0|0|0|0|0|0|0|0|0|0|0|0|0|0|0|0|0|0|0|0|0|0|0|0|0|0|0|0|0|0|0|0|0|0|0|1</HistCounts>
      </HistItem>
    </Histograms>
    <Metadata>
      <MDI key="BandName">Band_3</MDI>
      <MDI key="RepresentationType">ATHEMATIC</MDI>
      <MDI key="STATISTICS_COVARIANCES">0.0003902634958128074,0.001840127863900292,0.00111941522896377</MDI>
      <MDI key="STATISTICS_EXCLUDEDVALUES"></MDI>
      <MDI key="STATISTICS_MAXIMUM">0.58574998378754</MDI>
      <MDI key="STATISTICS_MEAN">0.31322496171737</MDI>
      <MDI key="STATISTICS_MEDIAN">0.311444</MDI>
      <MDI key="STATISTICS_MINIMUM">0.10000000149012</MDI>
      <MDI key="STATISTICS_SKIPFACTORX">1</MDI>
      <MDI key="STATISTICS_SKIPFACTORY">1</MDI>
      <MDI key="STATISTICS_STDDEV">0.033457663232267</MDI>
    </Metadata>
  </PAMRasterBand>
</PAMDataset>
