<PAMDataset>
  <Metadata>
    <MDI key="DataType">Generic</MDI>
  </Metadata>
  <PAMRasterBand band="1">
    <Description>Band_1</Description>
    <Histograms>
      <HistItem>
        <HistMin>0.4569999873638153</HistMin>
        <HistMax>0.9316111207008362</HistMax>
        <BucketCount>256</BucketCount>
        <IncludeOutOfRange>1</IncludeOutOfRange>
        <Approximate>0</Approximate>
        <HistCounts>1|1|1|1|0|0|0|2|0|1|1|2|0|2|0|0|2|3|1|0|1|0|2|1|2|0|1|3|1|0|2|1|2|1|1|4|2|0|3|1|0|0|4|0|4|4|2|5|3|4|0|4|3|3|2|7|7|7|5|13|4|5|8|4|10|6|10|19|14|12|12|23|10|10|9|9|21|17|21|17|20|19|24|29|28|33|15|22|26|22|31|29|29|20|34|45|34|26|37|38|32|46|30|41|23|31|30|35|39|38|32|23|33|29|39|22|30|19|37|30|37|37|47|44|37|29|32|36|30|41|25|20|29|24|26|29|28|28|14|11|11|11|11|5|15|8|19|15|13|6|6|7|13|6|8|11|5|5|5|18|12|4|12|5|11|2|3|5|2|0|4|4|1|3|3|0|2|2|4|2|0|0|1|1|4|1|1|0|0|2|0|4|4|0|1|1|1|0|0|2|0|1|0|1|1|0|0|0|0|0|0|2|1|0|0|3|0|0|1|0|0|0|0|0|0|0|0|0|0|0|0|0|0|0|0|2|0|0|0|0|0|0|0|0|0|0|0|1|1|1|0|0|0|2|2|1</HistCounts>
      </HistItem>
    </Histograms>
    <Metadata>
      <MDI key="BandName">Band_1</MDI>
      <MDI key="RepresentationType">ATHEMATIC</MDI>
      <MDI key="STATISTICS_COVARIANCES">0.003422263979717074,0.001431473248106665,0.001016313694640922</MDI>
      <MDI key="STATISTICS_EXCLUDEDVALUES"></MDI>
      <MDI key="STATISTICS_MAXIMUM">0.93161112070084</MDI>
      <MDI key="STATISTICS_MEAN">0.66125728042729</MDI>
      <MDI key="STATISTICS_MEDIAN">0.659873</MDI>
      <MDI key="STATISTICS_MINIMUM">0.45699998736382</MDI>
      <MDI key="STATISTICS_SKIPFACTORX">1</MDI>
      <MDI key="STATISTICS_SKIPFACTORY">1</MDI>
      <MDI key="STATISTICS_STDDEV">0.058500119484639</MDI>
    </Metadata>
  </PAMRasterBand>
  <PAMRasterBand band="2">
    <Description>Band_2</Description>
    <Histograms>
      <HistItem>
        <HistMin>0.1064999997615814</HistMin>
        <HistMax>0.4474999904632568</HistMax>
        <BucketCount>256</BucketCount>
        <IncludeOutOfRange>1</IncludeOutOfRange>
        <Approximate>0</Approximate>
        <HistCounts>1|0|2|3|1|0|0|0|1|0|2|0|1|0|0|2|2|2|1|4|0|2|0|0|1|0|0|0|1|2|0|1|0|0|0|1|2|5|3|2|3|3|3|7|3|6|9|11|24|19|21|37|23|44|30|36|35|48|38|58|52|24|41|46|43|35|32|34|35|36|22|37|29|30|25|24|28|25|24|22|31|15|19|19|14|26|12|12|14|18|4|15|7|14|13|7|13|6|2|6|5|4|1|20|9|3|7|5|6|7|5|7|5|2|8|5|2|6|4|3|5|2|2|5|3|6|3|4|7|5|3|11|4|6|5|7|14|7|10|7|12|8|11|9|11|5|12|3|7|4|7|7|3|2|11|3|5|4|6|1|2|7|1|9|5|0|2|5|4|5|10|20|9|8|12|15|8|20|13|17|13|15|15|10|18|7|13|11|5|6|7|11|24|10|18|20|15|16|16|11|13|9|11|18|13|18|19|6|5|17|6|12|10|3|11|4|9|10|4|3|7|4|1|9|6|0|4|1|0|4|0|0|4|0|5|1|0|3|2|1|4|3|0|3|1|6|2|5|3|0|0|3|0|0|0|2</HistCounts>
      </HistItem>
    </Histograms>
    <Metadata>
      <MDI key="BandName">Band_2</MDI>
      <MDI key="RepresentationType">ATHEMATIC</MDI>
      <MDI key="STATISTICS_COVARIANCES">0.001431473248106665,0.006399231895790945,0.003814194253807155</MDI>
      <MDI key="STATISTICS_EXCLUDEDVALUES"></MDI>
      <MDI key="STATISTICS_MAXIMUM">0.44749999046326</MDI>
      <MDI key="STATISTICS_MEAN">0.25774006008743</MDI>
      <MDI key="STATISTICS_MEDIAN">0.220167</MDI>
      <MDI key="STATISTICS_MINIMUM">0.10649999976158</MDI>
      <MDI key="STATISTICS_SKIPFACTORX">1</MDI>
      <MDI key="STATISTICS_SKIPFACTORY">1</MDI>
      <MDI key="STATISTICS_STDDEV">0.079995199204646</MDI>
    </Metadata>
  </PAMRasterBand>
  <PAMRasterBand band="3">
    <Description>Band_3</Description>
    <Histograms>
      <HistItem>
        <HistMin>0.1455000042915344</HistMin>
        <HistMax>0.3549999892711639</HistMax>
        <BucketCount>256</BucketCount>
        <IncludeOutOfRange>1</IncludeOutOfRange>
        <Approximate>0</Approximate>
        <HistCounts>2|1|1|1|0|2|0|0|0|0|0|0|1|3|1|0|0|2|0|0|1|0|0|0|0|0|0|0|1|2|1|0|5|5|3|0|2|5|8|4|6|20|11|9|7|23|8|13|12|17|25|25|34|30|42|42|38|45|50|60|32|32|54|32|50|39|41|40|36|33|30|24|36|36|33|13|22|25|20|7|18|26|17|24|17|19|10|15|7|10|6|11|4|8|4|5|2|14|4|5|12|9|2|6|3|2|2|4|6|9|4|3|5|10|4|5|5|10|10|7|4|4|8|4|4|4|7|7|14|9|7|5|8|4|5|10|5|5|5|9|9|5|9|5|5|5|7|5|9|3|9|12|4|9|2|4|7|4|5|2|8|8|12|3|12|14|12|9|6|13|14|17|10|14|14|11|8|9|6|7|12|4|17|15|10|15|20|16|23|14|8|8|25|12|15|21|10|12|11|20|11|9|8|9|8|1|14|7|4|14|5|10|5|8|6|6|3|4|2|0|1|3|2|3|5|2|0|4|3|1|2|4|0|3|0|0|2|4|2|2|3|0|1|3|3|1|6|2|0|2|0|0|0|0|0|2</HistCounts>
      </HistItem>
    </Histograms>
    <Metadata>
      <MDI key="BandName">Band_3</MDI>
      <MDI key="RepresentationType">ATHEMATIC</MDI>
      <MDI key="STATISTICS_COVARIANCES">0.001016313694640922,0.003814194253807155,0.002297091028739385</MDI>
      <MDI key="STATISTICS_EXCLUDEDVALUES"></MDI>
      <MDI key="STATISTICS_MAXIMUM">0.35499998927116</MDI>
      <MDI key="STATISTICS_MEAN">0.23566124476941</MDI>
      <MDI key="STATISTICS_MEDIAN">0.212047</MDI>
      <MDI key="STATISTICS_MINIMUM">0.14550000429153</MDI>
      <MDI key="STATISTICS_SKIPFACTORX">1</MDI>
      <MDI key="STATISTICS_SKIPFACTORY">1</MDI>
      <MDI key="STATISTICS_STDDEV">0.047927977515637</MDI>
    </Metadata>
  </PAMRasterBand>
</PAMDataset>
