<PAMDataset>
  <Metadata>
    <MDI key="DataType">Generic</MDI>
  </Metadata>
  <PAMRasterBand band="1">
    <Description>Band_1</Description>
    <Histograms>
      <HistItem>
        <HistMin>0.5502499938011169</HistMin>
        <HistMax>0.949055552482605</HistMax>
        <BucketCount>256</BucketCount>
        <IncludeOutOfRange>1</IncludeOutOfRange>
        <Approximate>0</Approximate>
        <HistCounts>1|0|0|0|0|0|0|0|0|0|0|0|0|0|0|0|0|0|0|0|0|0|0|0|0|0|0|0|0|0|0|0|0|0|0|0|0|0|0|0|0|0|0|0|0|0|0|0|0|0|0|0|0|0|0|0|0|0|2|0|0|0|0|0|0|1|0|0|0|1|1|0|1|0|0|0|0|0|0|0|0|0|0|0|0|0|0|0|0|0|0|0|0|0|0|0|2|0|2|0|0|1|1|3|0|1|2|0|3|2|4|2|4|6|3|4|10|9|9|12|9|32|27|22|28|31|23|19|32|36|26|25|28|24|22|7|22|11|7|21|13|17|18|4|11|2|6|6|11|8|7|5|2|5|3|5|3|2|4|4|8|2|6|3|2|0|1|2|2|1|0|2|0|3|1|1|2|1|0|0|1|0|0|1|0|0|0|0|0|1|0|1|0|0|0|0|0|0|0|1|0|0|0|0|0|0|1|0|0|2|0|0|0|0|0|1|2|0|2|0|0|0|0|0|1|0|0|1|0|0|0|1|0|0|0|1|3|6|4|4|5|5|4|3|2|1|1|3|2|1|4|6|1|4|2|1</HistCounts>
      </HistItem>
    </Histograms>
    <Metadata>
      <MDI key="BandName">Band_1</MDI>
      <MDI key="RepresentationType">ATHEMATIC</MDI>
      <MDI key="STATISTICS_COVARIANCES">0.003029226503234034,-0.003077792309591164,-0.001417188943997785</MDI>
      <MDI key="STATISTICS_EXCLUDEDVALUES"></MDI>
      <MDI key="STATISTICS_MAXIMUM">0.9490555524826</MDI>
      <MDI key="STATISTICS_MEAN">0.77327092950775</MDI>
      <MDI key="STATISTICS_MEDIAN">0.755127</MDI>
      <MDI key="STATISTICS_MINIMUM">0.55024999380112</MDI>
      <MDI key="STATISTICS_SKIPFACTORX">1</MDI>
      <MDI key="STATISTICS_SKIPFACTORY">1</MDI>
      <MDI key="STATISTICS_STDDEV">0.055038409345057</MDI>
    </Metadata>
  </PAMRasterBand>
  <PAMRasterBand band="2">
    <Description>Band_2</Description>
    <Histograms>
      <HistItem>
        <HistMin>0.08425000309944153</HistMin>
        <HistMax>0.4659999907016754</HistMax>
        <BucketCount>256</BucketCount>
        <IncludeOutOfRange>1</IncludeOutOfRange>
        <Approximate>0</Approximate>
        <HistCounts>2|1|1|1|0|0|0|0|3|6|3|5|1|2|1|3|2|0|1|1|1|1|0|1|1|1|1|1|1|0|0|3|0|0|0|0|0|0|0|0|0|1|0|0|0|0|0|0|0|0|0|0|0|0|1|1|0|0|1|0|1|2|2|0|2|2|1|1|0|0|0|1|3|0|1|0|0|0|1|2|2|1|0|1|0|0|0|0|1|0|0|0|4|0|0|1|0|0|0|0|0|1|0|0|0|0|1|0|0|0|0|0|0|0|0|0|0|0|0|0|0|0|0|1|0|1|2|2|0|1|1|0|0|0|3|0|2|4|2|2|0|4|3|2|3|3|0|3|2|1|0|2|5|0|0|2|0|2|0|3|0|1|1|1|1|4|0|1|3|1|3|0|2|3|3|3|3|0|1|1|9|2|7|4|3|7|8|7|15|14|15|16|18|16|21|17|13|16|20|20|26|25|20|18|33|16|30|20|24|13|16|5|16|14|9|6|9|14|15|4|5|8|1|6|1|0|5|0|0|0|0|2|2|0|1|6|1|1|0|0|0|0|0|0|0|1|0|0|0|0|0|0|1|0|1|1</HistCounts>
      </HistItem>
    </Histograms>
    <Metadata>
      <MDI key="BandName">Band_2</MDI>
      <MDI key="RepresentationType">ATHEMATIC</MDI>
      <MDI key="STATISTICS_COVARIANCES">-0.003077792309591164,0.005982949111017467,0.002975202078109703</MDI>
      <MDI key="STATISTICS_EXCLUDEDVALUES"></MDI>
      <MDI key="STATISTICS_MAXIMUM">0.46599999070168</MDI>
      <MDI key="STATISTICS_MEAN">0.35588053059111</MDI>
      <MDI key="STATISTICS_MEDIAN">0.380668</MDI>
      <MDI key="STATISTICS_MINIMUM">0.084250003099442</MDI>
      <MDI key="STATISTICS_SKIPFACTORX">1</MDI>
      <MDI key="STATISTICS_SKIPFACTORY">1</MDI>
      <MDI key="STATISTICS_STDDEV">0.077349525603054</MDI>
    </Metadata>
  </PAMRasterBand>
  <PAMRasterBand band="3">
    <Description>Band_3</Description>
    <Histograms>
      <HistItem>
        <HistMin>0.1410000026226044</HistMin>
        <HistMax>0.3637500107288361</HistMax>
        <BucketCount>256</BucketCount>
        <IncludeOutOfRange>1</IncludeOutOfRange>
        <Approximate>0</Approximate>
        <HistCounts>1|0|0|0|0|2|0|0|0|0|0|0|0|0|0|0|0|0|0|1|0|0|1|0|0|0|1|1|0|1|0|0|0|0|1|1|3|0|0|1|0|0|2|4|1|1|2|4|4|0|2|3|0|2|0|1|0|0|1|0|0|0|0|0|0|0|0|1|1|1|1|0|0|0|0|0|0|0|4|0|0|2|3|1|2|2|0|2|0|0|0|2|0|3|1|0|0|0|1|2|0|0|0|2|0|0|0|1|0|2|0|0|0|1|0|2|0|1|0|0|0|0|0|0|0|0|2|0|0|0|0|0|3|3|1|3|1|2|3|3|1|3|0|3|0|4|0|2|1|3|3|1|0|1|3|1|2|0|7|1|0|5|1|1|0|3|3|2|0|1|0|4|0|3|1|6|2|4|5|3|1|11|8|9|11|16|20|16|16|10|20|8|16|10|26|16|22|19|28|12|36|24|19|19|21|27|17|15|11|15|10|8|9|6|13|8|9|2|8|5|3|2|0|2|2|1|1|1|3|0|0|1|0|4|3|0|0|0|2|2|1|0|0|0|1|1|0|0|2|0|0|1|0|0|0|1</HistCounts>
      </HistItem>
    </Histograms>
    <Metadata>
      <MDI key="BandName">Band_3</MDI>
      <MDI key="RepresentationType">ATHEMATIC</MDI>
      <MDI key="STATISTICS_COVARIANCES">-0.001417188943997785,0.002975202078109703,0.001500927003919175</MDI>
      <MDI key="STATISTICS_EXCLUDEDVALUES"></MDI>
      <MDI key="STATISTICS_MAXIMUM">0.36375001072884</MDI>
      <MDI key="STATISTICS_MEAN">0.2997563207044</MDI>
      <MDI key="STATISTICS_MEDIAN">0.312212</MDI>
      <MDI key="STATISTICS_MINIMUM">0.1410000026226</MDI>
      <MDI key="STATISTICS_SKIPFACTORX">1</MDI>
      <MDI key="STATISTICS_SKIPFACTORY">1</MDI>
      <MDI key="STATISTICS_STDDEV">0.038741799182784</MDI>
    </Metadata>
  </PAMRasterBand>
</PAMDataset>
