<PAMDataset>
  <Metadata>
    <MDI key="DataType">Generic</MDI>
  </Metadata>
  <PAMRasterBand band="1">
    <Description>Band_1</Description>
    <Histograms>
      <HistItem>
        <HistMin>0.6175000071525574</HistMin>
        <HistMax>0.9222777485847473</HistMax>
        <BucketCount>256</BucketCount>
        <IncludeOutOfRange>1</IncludeOutOfRange>
        <Approximate>0</Approximate>
        <HistCounts>2|0|0|0|0|0|0|2|0|0|1|0|0|0|0|0|0|0|1|2|0|0|1|1|0|1|0|0|0|0|0|0|0|0|0|0|0|0|0|1|2|0|0|0|1|1|4|0|2|0|0|1|1|0|0|1|2|0|0|1|3|0|1|0|0|0|0|2|2|0|0|1|1|0|2|3|1|0|3|0|0|2|2|2|1|3|3|3|2|2|3|1|1|1|2|0|7|0|3|1|1|0|1|0|2|4|2|4|3|0|5|6|5|4|4|1|3|5|4|4|6|4|9|9|12|2|14|1|7|6|3|6|6|9|8|10|9|8|13|13|12|17|11|26|12|17|22|20|25|30|16|10|9|11|7|16|7|6|6|7|13|3|13|4|4|9|6|3|6|4|4|9|6|2|3|7|10|6|11|8|8|2|4|4|5|2|5|0|4|1|5|2|5|3|6|9|3|2|2|2|6|2|9|4|5|0|3|4|1|0|0|0|2|4|1|1|2|1|2|1|3|2|0|5|0|1|1|0|3|6|1|2|2|1|2|1|2|1|2|0|3|0|1|4|0|0|0|2|0|0|0|0|1|10|1|1</HistCounts>
      </HistItem>
    </Histograms>
    <Metadata>
      <MDI key="BandName">Band_1</MDI>
      <MDI key="RepresentationType">ATHEMATIC</MDI>
      <MDI key="STATISTICS_COVARIANCES">0.002511572319021583,0.0007848478452486102,0.0006946339219423378</MDI>
      <MDI key="STATISTICS_EXCLUDEDVALUES"></MDI>
      <MDI key="STATISTICS_MAXIMUM">0.92227774858475</MDI>
      <MDI key="STATISTICS_MEAN">0.79771452145433</MDI>
      <MDI key="STATISTICS_MEDIAN">0.794391</MDI>
      <MDI key="STATISTICS_MINIMUM">0.61750000715256</MDI>
      <MDI key="STATISTICS_SKIPFACTORX">1</MDI>
      <MDI key="STATISTICS_SKIPFACTORY">1</MDI>
      <MDI key="STATISTICS_STDDEV">0.050115589580704</MDI>
    </Metadata>
  </PAMRasterBand>
  <PAMRasterBand band="2">
    <Description>Band_2</Description>
    <Histograms>
      <HistItem>
        <HistMin>0.1704999953508377</HistMin>
        <HistMax>0.5232499837875366</HistMax>
        <BucketCount>256</BucketCount>
        <IncludeOutOfRange>1</IncludeOutOfRange>
        <Approximate>0</Approximate>
        <HistCounts>2|0|0|0|0|0|0|0|0|0|0|0|0|0|0|0|0|0|0|0|0|0|0|0|0|0|0|0|0|0|0|0|0|1|0|2|1|0|0|1|0|2|0|2|2|10|3|1|3|0|11|4|2|1|17|9|8|7|12|2|9|5|2|7|3|6|6|9|8|7|3|3|9|10|7|4|16|8|3|2|12|4|7|7|3|8|5|2|16|5|6|4|7|3|7|3|1|6|2|8|3|9|2|7|4|3|0|5|1|1|5|3|3|9|3|7|3|0|4|1|3|1|8|4|4|0|2|8|2|2|0|2|4|5|4|2|4|3|5|1|2|2|4|0|3|4|5|2|1|3|1|1|1|2|1|5|1|0|1|0|2|0|2|1|1|2|0|0|3|1|0|0|0|0|1|0|0|4|0|2|1|0|0|1|4|0|1|2|0|3|0|0|1|0|2|0|1|2|5|0|3|5|6|2|3|1|8|4|0|2|3|7|1|5|1|3|3|1|8|5|3|4|6|5|2|9|7|10|10|13|23|14|18|20|13|12|13|11|16|7|4|7|6|5|7|8|2|3|2|0|0|0|0|0|0|2</HistCounts>
      </HistItem>
    </Histograms>
    <Metadata>
      <MDI key="BandName">Band_2</MDI>
      <MDI key="RepresentationType">ATHEMATIC</MDI>
      <MDI key="STATISTICS_COVARIANCES">0.0007848478452486102,0.009749544068776336,0.005121525354761864</MDI>
      <MDI key="STATISTICS_EXCLUDEDVALUES"></MDI>
      <MDI key="STATISTICS_MAXIMUM">0.52324998378754</MDI>
      <MDI key="STATISTICS_MEAN">0.37157998857822</MDI>
      <MDI key="STATISTICS_MEDIAN">0.346183</MDI>
      <MDI key="STATISTICS_MINIMUM">0.17049999535084</MDI>
      <MDI key="STATISTICS_SKIPFACTORX">1</MDI>
      <MDI key="STATISTICS_SKIPFACTORY">1</MDI>
      <MDI key="STATISTICS_STDDEV">0.098739779566172</MDI>
    </Metadata>
  </PAMRasterBand>
  <PAMRasterBand band="3">
    <Description>Band_3</Description>
    <Histograms>
      <HistItem>
        <HistMin>0.1850000023841858</HistMin>
        <HistMax>0.3882499933242798</HistMax>
        <BucketCount>256</BucketCount>
        <IncludeOutOfRange>1</IncludeOutOfRange>
        <Approximate>0</Approximate>
        <HistCounts>2|0|0|0|0|0|0|0|0|0|0|0|0|0|0|0|0|0|0|0|0|0|0|0|0|0|0|0|0|0|0|0|1|0|0|0|0|0|0|2|0|0|1|0|1|1|1|3|0|1|0|3|5|5|4|5|5|3|4|4|5|16|9|7|9|1|9|4|7|7|4|5|7|4|9|11|4|4|3|10|5|13|8|2|10|11|1|5|2|5|4|3|0|0|2|10|5|5|2|8|15|6|4|0|3|2|2|2|5|5|3|2|8|5|4|4|1|5|5|3|3|2|7|6|0|0|3|2|3|6|4|6|1|2|4|0|1|4|5|2|2|4|4|6|4|1|4|0|3|0|3|2|6|3|0|9|0|3|0|2|0|2|4|4|3|0|1|2|2|3|0|0|1|3|1|0|5|1|0|0|0|3|4|3|5|3|1|2|3|0|1|1|7|5|6|7|3|7|0|2|0|11|0|2|0|3|10|4|0|1|1|5|8|9|8|5|2|13|5|9|11|14|9|14|6|15|10|14|15|9|7|13|12|12|6|3|0|8|10|3|8|3|2|4|2|0|2|2|0|0|2|0|0|0|0|2</HistCounts>
      </HistItem>
    </Histograms>
    <Metadata>
      <MDI key="BandName">Band_3</MDI>
      <MDI key="RepresentationType">ATHEMATIC</MDI>
      <MDI key="STATISTICS_COVARIANCES">0.0006946339219423378,0.005121525354761864,0.002739937956295708</MDI>
      <MDI key="STATISTICS_EXCLUDEDVALUES"></MDI>
      <MDI key="STATISTICS_MAXIMUM">0.38824999332428</MDI>
      <MDI key="STATISTICS_MEAN">0.30442335568742</MDI>
      <MDI key="STATISTICS_MEDIAN">0.298979</MDI>
      <MDI key="STATISTICS_MINIMUM">0.18500000238419</MDI>
      <MDI key="STATISTICS_SKIPFACTORX">1</MDI>
      <MDI key="STATISTICS_SKIPFACTORY">1</MDI>
      <MDI key="STATISTICS_STDDEV">0.052344416667833</MDI>
    </Metadata>
  </PAMRasterBand>
</PAMDataset>
