<PAMDataset>
  <Metadata>
    <MDI key="DataType">Generic</MDI>
  </Metadata>
  <PAMRasterBand band="1">
    <Description>Band_1</Description>
    <Histograms>
      <HistItem>
        <HistMin>0.628000020980835</HistMin>
        <HistMax>0.927907407283783</HistMax>
        <BucketCount>256</BucketCount>
        <IncludeOutOfRange>1</IncludeOutOfRange>
        <Approximate>0</Approximate>
        <HistCounts>1|0|0|0|2|0|0|0|0|0|0|0|2|0|1|0|4|0|2|0|2|0|0|0|0|2|0|2|0|0|1|1|0|0|4|1|2|1|1|1|1|0|4|2|0|1|1|3|1|0|0|0|1|2|0|1|2|2|1|0|1|1|0|4|0|6|4|0|1|1|0|1|0|1|4|5|0|2|1|3|0|5|2|0|2|4|4|7|12|6|14|6|2|6|10|3|7|9|5|6|4|7|5|8|13|9|7|6|8|12|4|7|4|9|1|6|6|4|4|7|8|6|8|10|10|6|13|15|7|11|6|8|11|11|11|12|17|15|10|16|16|11|10|17|10|16|16|17|14|14|19|28|13|16|12|12|15|19|20|15|19|16|9|15|12|9|11|14|12|9|14|12|10|14|12|13|8|10|7|11|7|8|3|6|5|8|2|6|2|0|4|1|0|5|7|3|4|3|1|2|2|3|1|5|0|0|0|0|1|0|1|2|0|2|1|2|0|0|2|3|0|0|0|0|0|0|0|0|2|1|0|1|0|0|0|0|0|4|0|0|0|8|0|0|0|0|0|0|1|5|4|2|5|0|0|1</HistCounts>
      </HistItem>
    </Histograms>
    <Metadata>
      <MDI key="BandName">Band_1</MDI>
      <MDI key="RepresentationType">ATHEMATIC</MDI>
      <MDI key="STATISTICS_COVARIANCES">0.002382052676360882,0.0009869508981582829,0.0007055721500185766</MDI>
      <MDI key="STATISTICS_EXCLUDEDVALUES"></MDI>
      <MDI key="STATISTICS_MAXIMUM">0.92790740728378</MDI>
      <MDI key="STATISTICS_MEAN">0.79269074740074</MDI>
      <MDI key="STATISTICS_MEDIAN">0.798536</MDI>
      <MDI key="STATISTICS_MINIMUM">0.62800002098083</MDI>
      <MDI key="STATISTICS_SKIPFACTORX">1</MDI>
      <MDI key="STATISTICS_SKIPFACTORY">1</MDI>
      <MDI key="STATISTICS_STDDEV">0.048806277018032</MDI>
    </Metadata>
  </PAMRasterBand>
  <PAMRasterBand band="2">
    <Description>Band_2</Description>
    <Histograms>
      <HistItem>
        <HistMin>0.1449999958276749</HistMin>
        <HistMax>0.4037500023841858</HistMax>
        <BucketCount>256</BucketCount>
        <IncludeOutOfRange>1</IncludeOutOfRange>
        <Approximate>0</Approximate>
        <HistCounts>2|0|0|0|0|0|0|0|0|0|0|0|0|0|0|0|0|0|0|0|0|0|4|1|0|0|0|0|0|0|2|0|0|0|0|0|0|0|0|2|0|2|3|0|1|0|1|0|0|1|0|1|0|3|0|0|0|5|0|2|3|0|3|0|0|1|3|5|4|6|1|0|0|1|3|2|2|1|0|2|5|5|5|1|0|1|6|1|6|5|5|2|5|1|3|4|3|4|9|1|7|6|5|3|3|2|4|4|6|9|2|3|4|5|7|7|2|4|8|8|3|5|8|9|6|12|5|3|4|9|8|8|7|10|5|4|13|10|8|10|11|4|6|2|4|10|7|7|4|10|5|8|15|6|6|10|2|4|6|6|7|8|8|5|8|11|4|0|4|6|3|10|2|4|5|10|10|5|12|5|6|6|15|7|9|9|8|5|10|6|13|10|6|11|9|13|11|11|6|5|10|5|10|11|10|16|9|13|13|14|9|14|10|8|13|12|7|18|7|8|4|23|17|11|9|8|12|8|8|7|10|6|6|1|7|1|6|0|5|1|3|4|6|1|4|0|4|3|2|0|0|1|4|0|0|2</HistCounts>
      </HistItem>
    </Histograms>
    <Metadata>
      <MDI key="BandName">Band_2</MDI>
      <MDI key="RepresentationType">ATHEMATIC</MDI>
      <MDI key="STATISTICS_COVARIANCES">0.0009869508981582829,0.002612796865471004,0.001464262502365903</MDI>
      <MDI key="STATISTICS_EXCLUDEDVALUES"></MDI>
      <MDI key="STATISTICS_MAXIMUM">0.40375000238419</MDI>
      <MDI key="STATISTICS_MEAN">0.31396317472239</MDI>
      <MDI key="STATISTICS_MEDIAN">0.322574</MDI>
      <MDI key="STATISTICS_MINIMUM">0.14499999582767</MDI>
      <MDI key="STATISTICS_SKIPFACTORX">1</MDI>
      <MDI key="STATISTICS_SKIPFACTORY">1</MDI>
      <MDI key="STATISTICS_STDDEV">0.051115524701122</MDI>
    </Metadata>
  </PAMRasterBand>
  <PAMRasterBand band="3">
    <Description>Band_3</Description>
    <Histograms>
      <HistItem>
        <HistMin>0.1979999989271164</HistMin>
        <HistMax>0.3305000066757202</HistMax>
        <BucketCount>256</BucketCount>
        <IncludeOutOfRange>1</IncludeOutOfRange>
        <Approximate>0</Approximate>
        <HistCounts>2|0|0|0|0|0|0|0|0|0|0|0|0|0|0|4|2|0|0|2|0|0|0|1|3|2|0|2|0|0|0|2|2|2|4|0|3|2|0|2|5|1|2|8|0|4|7|0|3|3|2|4|0|3|8|2|1|4|1|5|5|2|3|4|3|4|2|5|4|3|3|4|1|0|2|9|6|0|1|4|11|5|3|0|6|5|5|3|2|12|3|5|1|7|3|6|2|3|3|6|8|8|12|8|5|4|8|3|7|5|10|4|8|6|9|5|4|5|8|13|2|14|3|14|0|3|2|8|6|4|6|6|7|4|5|9|3|6|1|0|8|4|6|9|6|8|8|10|7|2|5|9|5|3|6|2|3|8|2|9|7|6|9|3|9|9|2|7|6|8|12|9|12|3|12|6|12|11|9|6|10|7|11|13|6|6|4|7|11|12|10|16|7|14|9|6|5|8|8|15|2|11|15|16|10|1|11|11|7|6|9|11|8|13|10|10|8|9|6|2|9|5|4|7|5|1|2|3|5|4|4|0|2|4|4|4|1|1|2|6|2|2|0|0|0|0|0|3|2|0|0|2|0|0|0|2</HistCounts>
      </HistItem>
    </Histograms>
    <Metadata>
      <MDI key="BandName">Band_3</MDI>
      <MDI key="RepresentationType">ATHEMATIC</MDI>
      <MDI key="STATISTICS_COVARIANCES">0.0007055721500185766,0.001464262502365903,0.000838927944563392</MDI>
      <MDI key="STATISTICS_EXCLUDEDVALUES"></MDI>
      <MDI key="STATISTICS_MAXIMUM">0.33050000667572</MDI>
      <MDI key="STATISTICS_MEAN">0.27547606374648</MDI>
      <MDI key="STATISTICS_MEDIAN">0.280618</MDI>
      <MDI key="STATISTICS_MINIMUM">0.19799999892712</MDI>
      <MDI key="STATISTICS_SKIPFACTORX">1</MDI>
      <MDI key="STATISTICS_SKIPFACTORY">1</MDI>
      <MDI key="STATISTICS_STDDEV">0.028964252874248</MDI>
    </Metadata>
  </PAMRasterBand>
</PAMDataset>
