<PAMDataset>
  <Metadata>
    <MDI key="DataType">Generic</MDI>
  </Metadata>
  <PAMRasterBand band="1">
    <Description>Band_1</Description>
    <Histograms>
      <HistItem>
        <HistMin>0.4605000019073486</HistMin>
        <HistMax>0.9369259476661682</HistMax>
        <BucketCount>256</BucketCount>
        <IncludeOutOfRange>1</IncludeOutOfRange>
        <Approximate>0</Approximate>
        <HistCounts>1|0|2|0|0|0|0|0|1|0|0|0|0|0|0|1|0|0|0|0|0|0|2|0|0|0|1|0|0|0|0|2|0|0|0|1|1|2|0|0|0|0|0|0|1|1|2|1|4|0|1|0|2|0|0|0|0|0|0|4|1|0|0|0|0|3|0|3|3|4|1|0|0|0|3|0|0|1|0|5|4|1|1|1|1|5|0|4|1|3|2|3|4|2|4|1|0|7|6|6|4|6|3|8|1|5|5|4|7|3|6|4|7|7|3|10|5|3|10|9|13|10|14|9|10|6|9|7|11|18|20|11|13|19|18|11|7|13|18|13|12|22|23|13|20|18|17|21|16|21|20|21|17|29|27|27|23|24|37|46|30|31|31|31|38|33|31|46|34|41|37|47|47|38|38|55|56|59|35|46|39|47|50|51|47|57|52|50|55|34|62|47|73|51|72|64|56|54|74|66|60|53|58|45|60|53|42|61|48|62|37|58|51|59|34|53|46|78|33|47|38|49|49|48|40|33|57|34|41|38|46|30|40|20|31|25|22|27|28|23|29|30|27|16|32|18|197|207|115|35|15|8|0|2|1|1</HistCounts>
      </HistItem>
    </Histograms>
    <Metadata>
      <MDI key="BandName">Band_1</MDI>
      <MDI key="RepresentationType">ATHEMATIC</MDI>
      <MDI key="STATISTICS_COVARIANCES">0.005267170544722178,0.002404962335527877,0.001663306697900595</MDI>
      <MDI key="STATISTICS_EXCLUDEDVALUES"></MDI>
      <MDI key="STATISTICS_MAXIMUM">0.93692594766617</MDI>
      <MDI key="STATISTICS_MEAN">0.82298281559103</MDI>
      <MDI key="STATISTICS_MEDIAN">0.828562</MDI>
      <MDI key="STATISTICS_MINIMUM">0.46050000190735</MDI>
      <MDI key="STATISTICS_SKIPFACTORX">1</MDI>
      <MDI key="STATISTICS_SKIPFACTORY">1</MDI>
      <MDI key="STATISTICS_STDDEV">0.0725752750234</MDI>
    </Metadata>
  </PAMRasterBand>
  <PAMRasterBand band="2">
    <Description>Band_2</Description>
    <Histograms>
      <HistItem>
        <HistMin>0.08924999833106995</HistMin>
        <HistMax>0.5494999885559082</HistMax>
        <BucketCount>256</BucketCount>
        <IncludeOutOfRange>1</IncludeOutOfRange>
        <Approximate>0</Approximate>
        <HistCounts>1|0|0|0|1|0|0|0|0|0|0|0|0|0|0|3|0|0|2|2|0|1|0|0|0|0|0|0|1|0|1|0|0|2|3|2|3|0|2|6|1|2|2|6|3|5|4|1|4|2|3|0|1|1|0|3|2|5|3|2|1|5|3|4|4|3|1|1|8|3|4|1|8|4|3|2|5|13|4|15|8|20|12|13|11|8|24|24|18|28|37|34|35|31|26|40|41|42|32|51|44|30|28|42|34|32|57|32|32|72|41|45|40|43|38|27|48|39|44|41|47|38|50|44|47|48|50|58|32|34|39|50|68|48|56|38|54|40|37|49|41|63|50|62|53|58|41|44|39|28|52|42|30|57|47|52|39|46|76|64|61|56|67|65|60|61|78|58|61|55|72|52|52|76|26|50|58|47|48|47|36|30|27|27|26|20|38|20|28|17|22|19|19|13|21|19|17|7|28|20|9|10|17|14|17|16|11|10|3|10|12|13|7|6|7|6|2|8|3|9|5|7|7|9|9|6|6|7|4|0|4|3|3|5|3|0|1|3|2|2|2|2|1|1|0|1|0|0|0|1|1|0|1|0|0|2</HistCounts>
      </HistItem>
    </Histograms>
    <Metadata>
      <MDI key="BandName">Band_2</MDI>
      <MDI key="RepresentationType">ATHEMATIC</MDI>
      <MDI key="STATISTICS_COVARIANCES">0.002404962335527877,0.004424937483444528,0.002719009990612278</MDI>
      <MDI key="STATISTICS_EXCLUDEDVALUES"></MDI>
      <MDI key="STATISTICS_MAXIMUM">0.54949998855591</MDI>
      <MDI key="STATISTICS_MEAN">0.3469801185501</MDI>
      <MDI key="STATISTICS_MEDIAN">0.347351</MDI>
      <MDI key="STATISTICS_MINIMUM">0.08924999833107</MDI>
      <MDI key="STATISTICS_SKIPFACTORX">1</MDI>
      <MDI key="STATISTICS_SKIPFACTORY">1</MDI>
      <MDI key="STATISTICS_STDDEV">0.066520203573385</MDI>
    </Metadata>
  </PAMRasterBand>
  <PAMRasterBand band="3">
    <Description>Band_3</Description>
    <Histograms>
      <HistItem>
        <HistMin>0.1522500067949295</HistMin>
        <HistMax>0.4550000131130219</HistMax>
        <BucketCount>256</BucketCount>
        <IncludeOutOfRange>1</IncludeOutOfRange>
        <Approximate>0</Approximate>
        <HistCounts>1|1|0|0|0|0|0|0|0|0|1|0|0|0|1|2|1|0|1|2|0|1|0|2|1|3|3|0|4|2|4|2|2|3|3|5|3|5|2|1|3|0|5|2|0|1|6|1|6|3|5|4|4|4|1|7|1|5|6|2|2|5|11|5|5|5|19|9|14|16|22|11|19|24|24|21|39|22|29|42|34|34|42|28|39|44|42|32|46|45|28|52|39|46|36|31|46|52|44|48|55|34|23|32|44|40|67|42|51|47|59|53|57|35|62|59|50|64|59|55|50|76|59|51|58|41|63|56|49|54|41|34|51|55|51|39|76|65|71|56|67|71|82|47|79|82|66|59|77|64|63|39|55|52|71|41|48|38|45|32|32|37|40|33|37|16|38|14|23|21|22|19|19|16|20|13|19|24|11|5|5|17|18|14|13|11|6|8|23|10|8|6|18|11|8|9|11|3|4|4|10|5|8|6|6|4|4|7|9|2|4|3|10|4|2|5|2|3|0|0|5|2|2|0|4|1|0|0|0|0|2|0|2|0|1|0|0|0|1|0|0|0|0|2|0|0|0|0|0|0|0|0|0|0|0|1</HistCounts>
      </HistItem>
    </Histograms>
    <Metadata>
      <MDI key="BandName">Band_3</MDI>
      <MDI key="RepresentationType">ATHEMATIC</MDI>
      <MDI key="STATISTICS_COVARIANCES">0.001663306697900595,0.002719009990612278,0.001701534893237549</MDI>
      <MDI key="STATISTICS_EXCLUDEDVALUES"></MDI>
      <MDI key="STATISTICS_MAXIMUM">0.45500001311302</MDI>
      <MDI key="STATISTICS_MEAN">0.30217414012157</MDI>
      <MDI key="STATISTICS_MEDIAN">0.301844</MDI>
      <MDI key="STATISTICS_MINIMUM">0.15225000679493</MDI>
      <MDI key="STATISTICS_SKIPFACTORX">1</MDI>
      <MDI key="STATISTICS_SKIPFACTORY">1</MDI>
      <MDI key="STATISTICS_STDDEV">0.041249665371219</MDI>
    </Metadata>
  </PAMRasterBand>
</PAMDataset>
