<PAMDataset>
  <Metadata>
    <MDI key="DataType">Generic</MDI>
  </Metadata>
  <PAMRasterBand band="1">
    <Description>Band_1</Description>
    <Histograms>
      <HistItem>
        <HistMin>0.5649999976158142</HistMin>
        <HistMax>0.9209814667701721</HistMax>
        <BucketCount>256</BucketCount>
        <IncludeOutOfRange>1</IncludeOutOfRange>
        <Approximate>0</Approximate>
        <HistCounts>2|0|0|0|0|0|0|0|0|0|0|0|0|0|0|1|0|0|0|0|0|0|0|0|0|1|0|0|0|0|0|0|0|2|0|2|0|0|0|0|0|1|0|1|0|0|1|2|0|0|0|0|0|0|1|2|0|5|0|1|0|0|0|0|0|7|3|3|2|1|0|1|8|3|4|4|3|6|5|4|3|1|6|7|4|1|8|9|6|6|9|7|9|11|8|11|13|6|4|21|8|11|23|10|8|4|24|16|17|15|18|27|25|27|25|23|17|19|25|27|19|36|18|33|22|28|23|15|21|26|21|20|33|27|25|15|6|19|8|11|4|2|12|13|4|5|5|12|2|3|10|2|2|1|8|8|1|6|2|1|3|0|4|1|0|2|1|1|2|3|0|0|0|1|0|2|0|0|0|0|0|0|1|0|0|0|0|0|0|1|1|0|0|0|0|0|0|0|1|1|0|0|0|0|0|3|1|1|1|2|2|0|0|1|0|0|0|1|0|0|0|0|3|0|2|2|0|2|0|0|2|0|0|1|0|0|2|0|1|0|0|0|0|1|0|0|0|0|0|0|0|1|0|0|0|2</HistCounts>
      </HistItem>
    </Histograms>
    <Metadata>
      <MDI key="BandName">Band_1</MDI>
      <MDI key="RepresentationType">ATHEMATIC</MDI>
      <MDI key="STATISTICS_COVARIANCES">0.001595456381460831,0.0001486713297693453,0.0001396125867499618</MDI>
      <MDI key="STATISTICS_EXCLUDEDVALUES"></MDI>
      <MDI key="STATISTICS_MAXIMUM">0.92098146677017</MDI>
      <MDI key="STATISTICS_MEAN">0.73210462978331</MDI>
      <MDI key="STATISTICS_MEDIAN">0.731125</MDI>
      <MDI key="STATISTICS_MINIMUM">0.56499999761581</MDI>
      <MDI key="STATISTICS_SKIPFACTORX">1</MDI>
      <MDI key="STATISTICS_SKIPFACTORY">1</MDI>
      <MDI key="STATISTICS_STDDEV">0.039943164389678</MDI>
    </Metadata>
  </PAMRasterBand>
  <PAMRasterBand band="2">
    <Description>Band_2</Description>
    <Histograms>
      <HistItem>
        <HistMin>0.1564999967813492</HistMin>
        <HistMax>0.6240000128746033</HistMax>
        <BucketCount>256</BucketCount>
        <IncludeOutOfRange>1</IncludeOutOfRange>
        <Approximate>0</Approximate>
        <HistCounts>2|0|2|0|0|0|0|1|0|0|0|1|0|0|0|0|0|1|0|0|0|0|1|1|0|2|0|0|0|0|0|0|1|0|0|0|0|0|0|0|0|0|2|0|0|0|1|0|1|0|0|3|2|0|0|1|0|2|0|3|0|1|1|0|1|2|1|2|0|0|2|0|2|6|2|0|0|1|0|1|0|1|2|1|0|0|0|0|2|1|4|1|0|2|2|0|5|2|0|3|3|2|2|2|0|3|0|2|3|2|0|1|1|7|4|1|5|5|3|10|1|3|1|4|9|6|3|3|5|5|6|4|6|13|8|7|6|9|13|18|7|16|21|18|14|15|22|13|20|19|16|23|19|26|26|27|25|22|24|39|41|33|52|30|23|49|48|27|41|29|23|14|13|21|8|8|4|10|5|4|4|4|1|1|4|0|2|0|2|1|0|0|1|0|1|0|1|0|0|0|0|0|0|0|0|0|0|0|0|0|0|0|0|0|0|0|0|0|0|0|0|0|0|0|0|0|0|0|0|0|0|0|0|0|0|0|0|0|0|0|0|0|0|0|0|0|0|0|0|0|0|0|0|0|0|2</HistCounts>
      </HistItem>
    </Histograms>
    <Metadata>
      <MDI key="BandName">Band_2</MDI>
      <MDI key="RepresentationType">ATHEMATIC</MDI>
      <MDI key="STATISTICS_COVARIANCES">0.0001486713297693453,0.002636670954437327,0.001525076365939934</MDI>
      <MDI key="STATISTICS_EXCLUDEDVALUES"></MDI>
      <MDI key="STATISTICS_MAXIMUM">0.6240000128746</MDI>
      <MDI key="STATISTICS_MEAN">0.42994978818095</MDI>
      <MDI key="STATISTICS_MEDIAN">0.444333</MDI>
      <MDI key="STATISTICS_MINIMUM">0.15649999678135</MDI>
      <MDI key="STATISTICS_SKIPFACTORX">1</MDI>
      <MDI key="STATISTICS_SKIPFACTORY">1</MDI>
      <MDI key="STATISTICS_STDDEV">0.05134852436475</MDI>
    </Metadata>
  </PAMRasterBand>
  <PAMRasterBand band="3">
    <Description>Band_3</Description>
    <Histograms>
      <HistItem>
        <HistMin>0.1755000054836273</HistMin>
        <HistMax>0.4977500140666962</HistMax>
        <BucketCount>256</BucketCount>
        <IncludeOutOfRange>1</IncludeOutOfRange>
        <Approximate>0</Approximate>
        <HistCounts>3|1|0|1|0|1|0|0|0|0|0|0|0|0|0|0|0|0|0|0|0|1|0|1|0|2|0|0|0|0|1|3|1|0|1|0|0|0|2|1|0|2|1|0|2|0|0|1|1|0|1|0|3|0|3|0|0|1|5|4|2|1|3|1|0|0|0|2|0|0|0|0|3|1|2|0|3|3|3|0|1|0|4|1|2|0|0|3|4|1|1|4|3|6|3|9|0|5|8|13|2|9|6|4|3|6|11|4|12|8|8|17|16|18|10|9|15|17|17|26|13|25|22|22|19|21|33|38|49|33|39|34|40|26|38|51|33|39|19|43|26|12|24|12|22|14|10|9|13|6|6|3|10|3|6|6|2|1|0|0|1|0|1|1|0|0|0|0|0|0|0|0|0|0|0|0|0|0|0|0|0|0|0|0|0|0|0|0|0|0|0|0|0|0|0|0|0|0|0|0|0|0|0|0|0|0|0|0|0|0|0|0|0|0|0|0|0|0|0|0|0|0|0|0|0|0|0|0|0|0|0|0|0|0|0|0|0|0|0|0|0|0|0|0|0|0|0|0|0|0|0|0|0|0|0|2</HistCounts>
      </HistItem>
    </Histograms>
    <Metadata>
      <MDI key="BandName">Band_3</MDI>
      <MDI key="RepresentationType">ATHEMATIC</MDI>
      <MDI key="STATISTICS_COVARIANCES">0.0001396125867499618,0.001525076365939934,0.0009103255969854383</MDI>
      <MDI key="STATISTICS_EXCLUDEDVALUES"></MDI>
      <MDI key="STATISTICS_MAXIMUM">0.4977500140667</MDI>
      <MDI key="STATISTICS_MEAN">0.33164173751059</MDI>
      <MDI key="STATISTICS_MEDIAN">0.337257</MDI>
      <MDI key="STATISTICS_MINIMUM">0.17550000548363</MDI>
      <MDI key="STATISTICS_SKIPFACTORX">1</MDI>
      <MDI key="STATISTICS_SKIPFACTORY">1</MDI>
      <MDI key="STATISTICS_STDDEV">0.030171602492832</MDI>
    </Metadata>
  </PAMRasterBand>
</PAMDataset>
