<PAMDataset>
  <Metadata>
    <MDI key="DataType">Generic</MDI>
  </Metadata>
  <PAMRasterBand band="1">
    <Description>Band_1</Description>
    <Histograms>
      <HistItem>
        <HistMin>0.6032500267028809</HistMin>
        <HistMax>0.9397592544555664</HistMax>
        <BucketCount>256</BucketCount>
        <IncludeOutOfRange>1</IncludeOutOfRange>
        <Approximate>0</Approximate>
        <HistCounts>1|0|0|0|0|0|1|0|0|0|0|0|0|0|0|0|1|0|0|0|0|0|0|0|0|0|0|0|0|1|0|0|0|2|0|0|0|0|0|0|0|0|0|0|0|0|0|0|0|0|0|0|0|1|0|0|0|0|0|1|0|0|1|1|0|0|2|0|0|0|0|0|2|0|1|0|0|0|2|0|3|0|3|0|1|0|1|0|3|3|0|1|2|2|0|1|5|1|5|9|6|0|3|13|4|6|7|12|3|5|7|16|14|12|14|18|12|14|22|17|27|27|33|20|18|22|22|18|20|19|21|17|35|17|28|23|30|28|18|19|32|32|14|20|13|32|17|22|12|20|26|24|19|25|20|32|20|19|20|17|20|23|24|16|18|35|21|20|27|20|19|28|14|20|7|23|8|16|12|19|16|6|8|22|13|13|6|5|9|8|5|10|9|10|9|9|5|9|6|4|7|6|10|7|9|3|3|3|7|6|5|12|5|4|3|6|13|7|5|4|12|3|6|8|5|4|3|6|8|4|3|4|5|3|9|2|5|8|9|2|42|31|30|24|32|23|16|9|9|12|3|4|5|1|0|1</HistCounts>
      </HistItem>
    </Histograms>
    <Metadata>
      <MDI key="BandName">Band_1</MDI>
      <MDI key="RepresentationType">ATHEMATIC</MDI>
      <MDI key="STATISTICS_COVARIANCES">0.003214136879518151,-0.002328152661783716,-0.00108662631121651</MDI>
      <MDI key="STATISTICS_EXCLUDEDVALUES"></MDI>
      <MDI key="STATISTICS_MAXIMUM">0.93975925445557</MDI>
      <MDI key="STATISTICS_MEAN">0.8205651247307</MDI>
      <MDI key="STATISTICS_MEDIAN">0.809114</MDI>
      <MDI key="STATISTICS_MINIMUM">0.60325002670288</MDI>
      <MDI key="STATISTICS_SKIPFACTORX">1</MDI>
      <MDI key="STATISTICS_SKIPFACTORY">1</MDI>
      <MDI key="STATISTICS_STDDEV">0.056693358336918</MDI>
    </Metadata>
  </PAMRasterBand>
  <PAMRasterBand band="2">
    <Description>Band_2</Description>
    <Histograms>
      <HistItem>
        <HistMin>0.07074999809265137</HistMin>
        <HistMax>0.534250020980835</HistMax>
        <BucketCount>256</BucketCount>
        <IncludeOutOfRange>1</IncludeOutOfRange>
        <Approximate>0</Approximate>
        <HistCounts>1|0|0|0|0|2|0|0|2|2|0|0|0|2|0|1|1|3|1|3|3|4|2|2|3|2|2|2|0|0|1|0|1|0|2|3|2|3|2|0|4|2|4|1|2|1|0|2|2|0|2|2|1|1|0|1|0|0|0|5|0|1|1|2|2|3|0|0|3|2|0|1|2|5|3|0|4|5|0|1|2|0|3|0|1|1|2|3|1|3|2|0|2|3|2|1|2|3|6|1|5|2|2|3|2|4|2|2|2|2|2|2|0|3|2|1|1|2|2|3|1|5|2|6|2|8|4|4|1|2|3|0|6|7|7|3|1|6|4|5|10|4|4|9|5|6|10|8|14|8|6|15|6|4|10|3|8|3|11|5|8|5|6|5|6|9|8|4|2|10|6|8|14|13|13|17|3|16|7|12|16|16|17|12|10|14|23|15|27|18|22|22|27|26|36|39|35|30|43|48|38|42|30|44|49|41|56|45|38|37|57|34|35|32|51|40|30|38|47|43|34|36|20|30|31|17|9|11|11|19|9|8|3|8|3|1|5|4|5|2|2|5|3|3|1|2|1|0|1|0|2|0|1|0|0|1</HistCounts>
      </HistItem>
    </Histograms>
    <Metadata>
      <MDI key="BandName">Band_2</MDI>
      <MDI key="RepresentationType">ATHEMATIC</MDI>
      <MDI key="STATISTICS_COVARIANCES">-0.002328152661783716,0.006789272693495437,0.003722839050661976</MDI>
      <MDI key="STATISTICS_EXCLUDEDVALUES"></MDI>
      <MDI key="STATISTICS_MAXIMUM">0.53425002098083</MDI>
      <MDI key="STATISTICS_MEAN">0.4079958106985</MDI>
      <MDI key="STATISTICS_MEDIAN">0.434279</MDI>
      <MDI key="STATISTICS_MINIMUM">0.070749998092651</MDI>
      <MDI key="STATISTICS_SKIPFACTORX">1</MDI>
      <MDI key="STATISTICS_SKIPFACTORY">1</MDI>
      <MDI key="STATISTICS_STDDEV">0.082397042989997</MDI>
    </Metadata>
  </PAMRasterBand>
  <PAMRasterBand band="3">
    <Description>Band_3</Description>
    <Histograms>
      <HistItem>
        <HistMin>0.1379999965429306</HistMin>
        <HistMax>0.4257499873638153</HistMax>
        <BucketCount>256</BucketCount>
        <IncludeOutOfRange>1</IncludeOutOfRange>
        <Approximate>0</Approximate>
        <HistCounts>2|0|0|2|1|2|0|3|1|0|0|0|2|1|0|1|0|0|1|0|1|1|1|1|1|4|4|0|1|2|3|1|4|4|4|1|6|2|0|1|0|0|0|1|1|0|2|2|1|0|0|6|0|1|1|0|1|1|5|2|3|1|4|0|4|1|1|1|0|0|2|1|2|2|0|0|0|3|5|0|0|2|0|3|2|0|0|3|2|0|2|1|2|0|0|2|2|1|2|2|5|6|1|6|2|2|2|1|2|0|3|1|1|2|8|2|6|2|7|5|5|1|7|7|8|5|8|6|6|5|12|8|6|6|11|8|9|11|6|6|19|3|9|10|8|7|20|6|4|11|2|4|4|8|18|9|5|12|7|13|11|23|12|17|10|9|16|21|15|27|23|34|14|34|32|36|16|44|31|46|33|47|41|23|47|25|41|33|47|51|27|40|44|37|35|30|48|28|39|27|30|33|43|36|38|32|39|23|21|14|20|12|20|9|19|7|6|6|10|2|6|4|4|3|4|4|2|0|5|0|2|5|2|0|0|2|5|0|0|0|0|0|0|1|0|2|0|0|0|0|0|0|0|0|0|1</HistCounts>
      </HistItem>
    </Histograms>
    <Metadata>
      <MDI key="BandName">Band_3</MDI>
      <MDI key="RepresentationType">ATHEMATIC</MDI>
      <MDI key="STATISTICS_COVARIANCES">-0.00108662631121651,0.003722839050661976,0.002105505158350166</MDI>
      <MDI key="STATISTICS_EXCLUDEDVALUES"></MDI>
      <MDI key="STATISTICS_MAXIMUM">0.42574998736382</MDI>
      <MDI key="STATISTICS_MEAN">0.33238768111914</MDI>
      <MDI key="STATISTICS_MEDIAN">0.343374</MDI>
      <MDI key="STATISTICS_MINIMUM">0.13799999654293</MDI>
      <MDI key="STATISTICS_SKIPFACTORX">1</MDI>
      <MDI key="STATISTICS_SKIPFACTORY">1</MDI>
      <MDI key="STATISTICS_STDDEV">0.045885783837156</MDI>
    </Metadata>
  </PAMRasterBand>
</PAMDataset>
