<PAMDataset>
  <Metadata>
    <MDI key="DataType">Generic</MDI>
  </Metadata>
  <PAMRasterBand band="1">
    <Description>Band_1</Description>
    <Histograms>
      <HistItem>
        <HistMin>0.4799999892711639</HistMin>
        <HistMax>0.9308518767356873</HistMax>
        <BucketCount>256</BucketCount>
        <IncludeOutOfRange>1</IncludeOutOfRange>
        <Approximate>0</Approximate>
        <HistCounts>1|0|0|2|0|0|0|0|0|0|1|5|0|0|0|0|0|0|0|0|0|2|4|0|2|1|4|1|3|2|3|1|1|5|0|1|4|2|1|0|2|1|2|3|0|0|2|1|3|1|3|0|6|2|2|2|3|4|5|12|4|2|5|6|3|2|8|3|0|12|3|2|13|3|8|4|14|10|7|12|9|12|14|13|3|3|5|12|5|4|6|5|5|5|9|3|2|4|12|6|5|5|2|6|6|4|9|5|9|10|10|2|10|6|2|5|3|9|3|3|6|6|3|2|8|0|1|3|5|6|2|5|2|8|4|2|2|5|2|4|3|3|4|5|2|3|2|6|3|0|1|2|4|0|1|1|9|2|7|8|2|3|5|4|0|2|2|3|4|2|0|1|2|1|3|2|7|5|6|6|6|4|3|9|11|3|0|6|7|3|9|3|3|3|4|6|6|5|8|12|5|5|8|5|13|7|7|6|12|4|9|8|13|5|9|6|13|6|9|10|11|12|5|10|7|8|6|9|7|6|5|2|6|3|13|8|9|7|10|8|3|9|5|7|4|5|5|4|13|36|41|53|24|14|2|2</HistCounts>
      </HistItem>
    </Histograms>
    <Metadata>
      <MDI key="BandName">Band_1</MDI>
      <MDI key="RepresentationType">ATHEMATIC</MDI>
      <MDI key="STATISTICS_COVARIANCES">0.01551404359034221,0.003080540846885093,0.002957557397069702</MDI>
      <MDI key="STATISTICS_EXCLUDEDVALUES"></MDI>
      <MDI key="STATISTICS_MAXIMUM">0.93085187673569</MDI>
      <MDI key="STATISTICS_MEAN">0.76576254667652</MDI>
      <MDI key="STATISTICS_MEDIAN">0.792944</MDI>
      <MDI key="STATISTICS_MINIMUM">0.47999998927116</MDI>
      <MDI key="STATISTICS_SKIPFACTORX">1</MDI>
      <MDI key="STATISTICS_SKIPFACTORY">1</MDI>
      <MDI key="STATISTICS_STDDEV">0.12455538362649</MDI>
    </Metadata>
  </PAMRasterBand>
  <PAMRasterBand band="2">
    <Description>Band_2</Description>
    <Histograms>
      <HistItem>
        <HistMin>0.1937499940395355</HistMin>
        <HistMax>0.671750009059906</HistMax>
        <BucketCount>256</BucketCount>
        <IncludeOutOfRange>1</IncludeOutOfRange>
        <Approximate>0</Approximate>
        <HistCounts>1|1|1|2|1|2|1|3|4|2|4|2|7|3|4|3|3|5|12|4|6|5|1|5|5|3|6|11|8|19|17|21|21|21|24|19|33|12|39|19|24|24|28|34|22|22|23|22|31|22|17|14|13|21|26|24|21|14|14|20|17|15|11|13|19|10|20|8|15|15|12|9|21|14|10|9|7|14|10|9|7|10|11|9|11|10|17|6|10|10|6|7|5|4|6|6|8|1|9|11|5|10|1|3|3|4|3|1|2|2|1|5|0|0|2|0|3|0|0|1|1|1|3|0|0|0|6|0|2|2|1|0|2|0|3|0|4|2|4|0|0|0|0|0|0|0|2|2|2|0|3|0|0|0|0|0|0|0|0|0|0|0|0|2|0|0|0|0|0|2|1|1|0|1|1|0|0|0|0|2|1|0|0|0|0|0|0|0|0|0|0|0|0|0|0|0|0|1|0|0|0|0|1|0|0|0|0|1|0|0|0|0|0|0|0|0|1|0|0|0|0|0|0|0|0|0|0|0|0|0|0|0|0|0|0|0|0|0|0|0|0|0|0|0|0|2|1|0|1|0|0|0|0|0|0|1</HistCounts>
      </HistItem>
    </Histograms>
    <Metadata>
      <MDI key="BandName">Band_2</MDI>
      <MDI key="RepresentationType">ATHEMATIC</MDI>
      <MDI key="STATISTICS_COVARIANCES">0.003080540846885093,0.003541760208304813,0.002362166184573455</MDI>
      <MDI key="STATISTICS_EXCLUDEDVALUES"></MDI>
      <MDI key="STATISTICS_MAXIMUM">0.67175000905991</MDI>
      <MDI key="STATISTICS_MEAN">0.30535215228301</MDI>
      <MDI key="STATISTICS_MEDIAN">0.293099</MDI>
      <MDI key="STATISTICS_MINIMUM">0.19374999403954</MDI>
      <MDI key="STATISTICS_SKIPFACTORX">1</MDI>
      <MDI key="STATISTICS_SKIPFACTORY">1</MDI>
      <MDI key="STATISTICS_STDDEV">0.059512689472959</MDI>
    </Metadata>
  </PAMRasterBand>
  <PAMRasterBand band="3">
    <Description>Band_3</Description>
    <Histograms>
      <HistItem>
        <HistMin>0.1965000033378601</HistMin>
        <HistMax>0.4934999942779541</HistMax>
        <BucketCount>256</BucketCount>
        <IncludeOutOfRange>1</IncludeOutOfRange>
        <Approximate>0</Approximate>
        <HistCounts>1|0|0|1|0|1|4|0|3|2|2|3|0|4|5|3|8|12|13|14|12|17|24|21|28|30|16|34|22|21|15|26|19|20|7|28|33|24|14|12|26|19|11|9|21|18|10|14|19|13|9|13|13|9|15|15|11|14|10|7|11|10|19|17|5|8|15|5|18|9|11|24|15|5|15|7|16|17|7|9|10|12|11|16|11|8|8|11|9|16|8|18|10|2|6|8|5|14|1|5|4|6|1|3|3|3|1|7|3|5|0|0|2|0|0|2|1|1|2|3|2|2|1|0|0|3|0|1|1|0|0|3|1|2|0|1|1|3|0|2|4|5|1|0|2|1|1|0|1|2|2|0|2|2|1|0|0|0|0|0|1|1|0|2|0|0|1|0|4|0|0|0|0|0|0|0|2|1|0|1|0|0|0|0|1|0|0|0|0|0|0|1|0|0|0|0|0|0|0|0|0|0|0|0|0|0|0|2|0|0|0|0|0|0|0|0|0|0|0|0|0|0|0|1|0|0|0|0|0|0|0|0|0|0|0|0|0|0|0|0|0|0|1|0|0|0|1|1|0|0|0|0|1|0|0|1</HistCounts>
      </HistItem>
    </Histograms>
    <Metadata>
      <MDI key="BandName">Band_3</MDI>
      <MDI key="RepresentationType">ATHEMATIC</MDI>
      <MDI key="STATISTICS_COVARIANCES">0.002957557397069702,0.002362166184573455,0.00166366872241509</MDI>
      <MDI key="STATISTICS_EXCLUDEDVALUES"></MDI>
      <MDI key="STATISTICS_MAXIMUM">0.49349999427795</MDI>
      <MDI key="STATISTICS_MEAN">0.26433515879593</MDI>
      <MDI key="STATISTICS_MEDIAN">0.254735</MDI>
      <MDI key="STATISTICS_MINIMUM">0.19650000333786</MDI>
      <MDI key="STATISTICS_SKIPFACTORX">1</MDI>
      <MDI key="STATISTICS_SKIPFACTORY">1</MDI>
      <MDI key="STATISTICS_STDDEV">0.040788095351648</MDI>
    </Metadata>
  </PAMRasterBand>
</PAMDataset>
