<PAMDataset>
  <Metadata>
    <MDI key="DataType">Generic</MDI>
  </Metadata>
  <PAMRasterBand band="1">
    <Description>Band_1</Description>
    <Histograms>
      <HistItem>
        <HistMin>0.484250009059906</HistMin>
        <HistMax>0.9259259104728699</HistMax>
        <BucketCount>256</BucketCount>
        <IncludeOutOfRange>1</IncludeOutOfRange>
        <Approximate>0</Approximate>
        <HistCounts>2|0|0|0|0|0|0|0|0|0|0|0|0|0|0|0|0|0|0|0|0|0|0|0|0|0|0|1|0|0|0|0|0|0|2|0|0|0|0|0|0|1|0|2|0|0|0|0|0|0|0|0|0|0|0|0|0|1|0|0|0|0|0|0|0|0|0|3|0|0|0|0|0|0|0|0|0|1|0|0|0|0|0|0|0|0|0|0|0|0|0|0|0|1|0|1|0|0|0|0|1|0|0|0|0|0|0|0|0|0|0|0|0|0|0|0|0|0|0|2|0|0|0|0|0|1|0|0|0|0|0|0|0|0|0|0|0|2|0|2|0|1|1|1|0|4|3|1|2|3|3|0|1|2|2|2|8|4|2|7|9|9|7|11|11|7|14|12|10|11|6|10|10|19|24|22|15|22|28|30|32|40|24|46|46|38|50|35|33|41|40|47|38|28|17|17|16|24|16|8|10|8|5|9|3|5|3|6|3|8|6|4|5|2|0|5|2|2|5|0|2|2|5|3|2|0|2|1|3|1|0|2|0|3|1|4|0|1|0|4|0|1|0|2|0|0|0|0|0|0|0|0|3|1|2|1</HistCounts>
      </HistItem>
    </Histograms>
    <Metadata>
      <MDI key="BandName">Band_1</MDI>
      <MDI key="RepresentationType">ATHEMATIC</MDI>
      <MDI key="STATISTICS_COVARIANCES">0.001609689458431046,-0.0001265023256079459,-7.421156353194164e-05</MDI>
      <MDI key="STATISTICS_EXCLUDEDVALUES"></MDI>
      <MDI key="STATISTICS_MAXIMUM">0.92592591047287</MDI>
      <MDI key="STATISTICS_MEAN">0.80301820693818</MDI>
      <MDI key="STATISTICS_MEDIAN">0.804682</MDI>
      <MDI key="STATISTICS_MINIMUM">0.48425000905991</MDI>
      <MDI key="STATISTICS_SKIPFACTORX">1</MDI>
      <MDI key="STATISTICS_SKIPFACTORY">1</MDI>
      <MDI key="STATISTICS_STDDEV">0.040120935413211</MDI>
    </Metadata>
  </PAMRasterBand>
  <PAMRasterBand band="2">
    <Description>Band_2</Description>
    <Histograms>
      <HistItem>
        <HistMin>0.1007499992847443</HistMin>
        <HistMax>0.5665000081062317</HistMax>
        <BucketCount>256</BucketCount>
        <IncludeOutOfRange>1</IncludeOutOfRange>
        <Approximate>0</Approximate>
        <HistCounts>1|0|0|1|0|5|0|0|1|0|0|0|1|0|0|0|0|0|2|0|1|0|0|0|1|1|0|0|0|1|0|4|3|0|0|2|0|2|1|1|0|0|0|0|0|0|2|2|4|0|0|0|1|3|5|4|1|3|1|4|0|1|4|2|7|8|0|14|11|6|5|6|5|8|5|0|14|7|7|4|2|10|10|2|10|15|9|6|9|7|3|16|14|9|12|9|4|7|20|8|6|12|7|7|17|11|10|8|9|29|10|20|16|27|15|13|19|20|19|26|12|15|12|13|13|19|14|25|14|21|19|20|16|18|13|18|18|14|10|3|21|12|11|14|12|8|9|6|10|4|3|5|4|0|6|4|3|1|1|5|0|2|1|5|1|2|0|0|2|1|1|1|0|1|0|0|2|2|0|0|0|0|0|1|0|0|0|0|0|0|0|1|0|1|0|0|0|0|0|0|0|0|0|0|0|0|0|0|0|0|0|2|0|0|0|0|0|0|0|0|0|0|0|0|0|0|0|2|0|0|0|0|0|0|0|0|0|0|0|0|0|0|0|0|0|0|0|0|0|0|0|0|0|0|0|1</HistCounts>
      </HistItem>
    </Histograms>
    <Metadata>
      <MDI key="BandName">Band_2</MDI>
      <MDI key="RepresentationType">ATHEMATIC</MDI>
      <MDI key="STATISTICS_COVARIANCES">-0.0001265023256079459,0.003088422269132721,0.001848782401083264</MDI>
      <MDI key="STATISTICS_EXCLUDEDVALUES"></MDI>
      <MDI key="STATISTICS_MAXIMUM">0.56650000810623</MDI>
      <MDI key="STATISTICS_MEAN">0.30428783193362</MDI>
      <MDI key="STATISTICS_MEDIAN">0.310794</MDI>
      <MDI key="STATISTICS_MINIMUM">0.10074999928474</MDI>
      <MDI key="STATISTICS_SKIPFACTORX">1</MDI>
      <MDI key="STATISTICS_SKIPFACTORY">1</MDI>
      <MDI key="STATISTICS_STDDEV">0.055573575277579</MDI>
    </Metadata>
  </PAMRasterBand>
  <PAMRasterBand band="3">
    <Description>Band_3</Description>
    <Histograms>
      <HistItem>
        <HistMin>0.1465000063180923</HistMin>
        <HistMax>0.5210000276565552</HistMax>
        <BucketCount>256</BucketCount>
        <IncludeOutOfRange>1</IncludeOutOfRange>
        <Approximate>0</Approximate>
        <HistCounts>1|0|0|1|0|0|1|0|3|1|0|2|1|0|2|0|0|1|1|2|1|0|1|2|0|0|0|2|2|2|4|0|0|3|0|0|1|0|2|4|2|1|1|2|0|2|5|2|11|5|6|5|9|10|7|8|17|11|10|8|15|11|9|11|9|11|15|9|13|17|11|17|19|17|9|11|11|14|19|27|20|22|13|30|29|18|32|33|29|16|20|28|19|37|39|22|15|18|31|18|31|9|18|15|14|16|15|10|13|3|3|1|5|6|3|6|2|4|1|2|2|3|0|1|0|0|0|2|0|4|0|0|0|0|0|0|0|0|0|0|0|2|1|0|0|1|1|1|0|0|0|0|0|0|0|0|0|1|0|0|0|0|0|0|0|0|0|0|0|0|1|0|0|0|0|0|0|0|1|0|1|0|0|0|0|0|0|0|0|0|0|0|0|0|0|0|0|0|0|2|0|0|0|0|0|0|0|0|0|0|2|0|0|0|0|0|0|0|0|0|0|0|0|0|0|0|0|0|0|0|0|0|0|0|0|0|0|0|0|0|0|0|0|0|0|0|0|0|0|0|0|0|0|0|0|1</HistCounts>
      </HistItem>
    </Histograms>
    <Metadata>
      <MDI key="BandName">Band_3</MDI>
      <MDI key="RepresentationType">ATHEMATIC</MDI>
      <MDI key="STATISTICS_COVARIANCES">-7.421156353194164e-05,0.001848782401083264,0.001165837087577248</MDI>
      <MDI key="STATISTICS_EXCLUDEDVALUES"></MDI>
      <MDI key="STATISTICS_MAXIMUM">0.52100002765656</MDI>
      <MDI key="STATISTICS_MEAN">0.26854424828713</MDI>
      <MDI key="STATISTICS_MEDIAN">0.271333</MDI>
      <MDI key="STATISTICS_MINIMUM">0.14650000631809</MDI>
      <MDI key="STATISTICS_SKIPFACTORX">1</MDI>
      <MDI key="STATISTICS_SKIPFACTORY">1</MDI>
      <MDI key="STATISTICS_STDDEV">0.034144356599257</MDI>
    </Metadata>
  </PAMRasterBand>
</PAMDataset>
