<PAMDataset>
  <Metadata>
    <MDI key="DataType">Generic</MDI>
  </Metadata>
  <PAMRasterBand band="1">
    <Description>Band_1</Description>
    <Histograms>
      <HistItem>
        <HistMin>0.5485000014305115</HistMin>
        <HistMax>0.9305740594863892</HistMax>
        <BucketCount>256</BucketCount>
        <IncludeOutOfRange>1</IncludeOutOfRange>
        <Approximate>0</Approximate>
        <HistCounts>1|0|0|0|0|0|0|0|0|0|0|0|0|0|0|0|0|0|0|0|0|0|0|0|0|0|0|0|0|0|0|1|0|1|0|1|1|2|0|0|0|1|0|1|0|1|2|5|0|1|1|0|1|0|1|0|0|2|1|0|4|0|1|0|0|1|2|1|2|0|0|0|1|0|3|2|0|0|1|0|2|3|4|3|1|3|3|4|3|4|4|2|2|0|0|1|0|2|0|4|3|6|6|5|3|9|3|6|16|9|8|5|4|7|12|12|4|2|4|11|8|5|5|6|10|10|5|5|19|0|13|2|6|12|8|4|8|5|18|12|8|11|13|9|13|7|5|7|5|5|8|14|9|7|17|11|10|8|13|8|19|8|22|18|13|19|13|16|11|12|22|8|13|6|15|8|10|7|13|10|6|7|7|10|7|15|12|9|6|5|3|8|11|9|9|9|4|8|6|12|8|8|7|6|4|4|10|2|7|4|6|7|7|1|5|1|6|1|5|5|5|0|2|1|6|2|2|0|4|2|1|0|2|2|4|0|2|4|0|0|0|0|0|0|0|1|0|1|13|6|0|7|0|0|0|1</HistCounts>
      </HistItem>
    </Histograms>
    <Metadata>
      <MDI key="BandName">Band_1</MDI>
      <MDI key="RepresentationType">ATHEMATIC</MDI>
      <MDI key="STATISTICS_COVARIANCES">0.003941021731372334,-0.000453587837507003,-6.751485767762624e-05</MDI>
      <MDI key="STATISTICS_EXCLUDEDVALUES"></MDI>
      <MDI key="STATISTICS_MAXIMUM">0.93057405948639</MDI>
      <MDI key="STATISTICS_MEAN">0.78400706561638</MDI>
      <MDI key="STATISTICS_MEDIAN">0.788233</MDI>
      <MDI key="STATISTICS_MINIMUM">0.54850000143051</MDI>
      <MDI key="STATISTICS_SKIPFACTORX">1</MDI>
      <MDI key="STATISTICS_SKIPFACTORY">1</MDI>
      <MDI key="STATISTICS_STDDEV">0.06277755754545</MDI>
    </Metadata>
  </PAMRasterBand>
  <PAMRasterBand band="2">
    <Description>Band_2</Description>
    <Histograms>
      <HistItem>
        <HistMin>0.125</HistMin>
        <HistMax>0.6397500038146973</HistMax>
        <BucketCount>256</BucketCount>
        <IncludeOutOfRange>1</IncludeOutOfRange>
        <Approximate>0</Approximate>
        <HistCounts>1|0|3|0|0|0|0|0|1|0|3|0|2|2|2|2|3|1|1|2|2|6|5|4|6|13|14|10|14|12|17|24|17|14|21|16|19|14|18|24|27|19|16|24|18|9|18|14|19|17|20|21|14|32|18|26|23|13|20|27|26|23|21|20|11|22|21|24|16|8|7|9|7|9|8|5|4|11|11|8|11|9|10|7|10|15|13|3|12|5|7|15|4|4|4|4|10|9|8|7|5|4|0|0|1|4|3|2|1|2|2|1|0|2|2|1|1|0|1|0|0|0|0|0|0|0|0|0|0|0|0|0|0|0|0|0|0|1|0|2|0|0|0|0|0|0|0|0|0|0|0|0|0|0|0|0|0|0|0|0|0|0|0|0|0|3|0|0|0|0|0|0|0|1|0|0|0|0|0|2|0|0|0|0|0|0|0|0|0|0|0|0|0|0|0|0|0|1|0|0|0|0|0|0|0|0|0|0|0|0|0|0|0|0|0|0|0|0|0|0|0|0|0|0|0|0|0|0|0|0|0|0|0|0|0|0|0|0|0|0|0|0|0|0|0|0|0|0|0|0|0|0|0|0|0|1</HistCounts>
      </HistItem>
    </Histograms>
    <Metadata>
      <MDI key="BandName">Band_2</MDI>
      <MDI key="RepresentationType">ATHEMATIC</MDI>
      <MDI key="STATISTICS_COVARIANCES">-0.000453587837507003,0.002466801738145046,0.001592191692174042</MDI>
      <MDI key="STATISTICS_EXCLUDEDVALUES"></MDI>
      <MDI key="STATISTICS_MAXIMUM">0.6397500038147</MDI>
      <MDI key="STATISTICS_MEAN">0.24138408901857</MDI>
      <MDI key="STATISTICS_MEDIAN">0.236025</MDI>
      <MDI key="STATISTICS_MINIMUM">0.125</MDI>
      <MDI key="STATISTICS_SKIPFACTORX">1</MDI>
      <MDI key="STATISTICS_SKIPFACTORY">1</MDI>
      <MDI key="STATISTICS_STDDEV">0.049666907877832</MDI>
    </Metadata>
  </PAMRasterBand>
  <PAMRasterBand band="3">
    <Description>Band_3</Description>
    <Histograms>
      <HistItem>
        <HistMin>0.158500000834465</HistMin>
        <HistMax>0.5605000257492065</HistMax>
        <BucketCount>256</BucketCount>
        <IncludeOutOfRange>1</IncludeOutOfRange>
        <Approximate>0</Approximate>
        <HistCounts>1|3|1|1|3|0|0|2|5|2|2|2|5|8|2|8|10|12|11|24|19|27|22|16|9|16|28|26|30|34|22|20|28|27|23|28|15|20|20|26|35|38|32|32|26|25|17|18|33|28|16|18|11|6|11|5|13|15|8|14|22|7|22|8|13|7|10|11|8|8|5|8|1|7|5|6|5|9|6|1|5|3|2|2|2|8|0|1|0|0|0|2|0|3|1|0|1|0|0|0|0|0|0|0|0|1|0|0|0|0|2|0|0|0|0|0|0|0|0|0|0|0|0|0|0|0|0|0|0|0|0|0|1|0|0|0|2|0|0|0|0|0|0|1|0|0|0|0|0|0|0|0|0|0|0|0|0|0|0|0|2|0|0|0|0|0|0|0|0|0|0|0|0|0|0|0|0|0|0|0|0|0|0|0|0|0|0|0|0|0|0|0|0|0|0|1|0|0|0|0|0|0|0|0|0|0|0|0|0|0|0|0|0|0|0|0|0|0|0|0|0|0|0|0|0|0|0|0|0|0|0|0|0|0|0|0|0|0|0|0|0|0|0|0|0|0|0|0|0|0|0|0|0|0|0|1</HistCounts>
      </HistItem>
    </Histograms>
    <Metadata>
      <MDI key="BandName">Band_3</MDI>
      <MDI key="RepresentationType">ATHEMATIC</MDI>
      <MDI key="STATISTICS_COVARIANCES">-6.751485767762624e-05,0.001592191692174042,0.001064263238332779</MDI>
      <MDI key="STATISTICS_EXCLUDEDVALUES"></MDI>
      <MDI key="STATISTICS_MAXIMUM">0.56050002574921</MDI>
      <MDI key="STATISTICS_MEAN">0.22596621030258</MDI>
      <MDI key="STATISTICS_MEDIAN">0.221559</MDI>
      <MDI key="STATISTICS_MINIMUM">0.15850000083447</MDI>
      <MDI key="STATISTICS_SKIPFACTORX">1</MDI>
      <MDI key="STATISTICS_SKIPFACTORY">1</MDI>
      <MDI key="STATISTICS_STDDEV">0.032623047655496</MDI>
    </Metadata>
  </PAMRasterBand>
</PAMDataset>
