<PAMDataset>
  <Metadata>
    <MDI key="DataType">Generic</MDI>
  </Metadata>
  <PAMRasterBand band="1">
    <Description>Band_1</Description>
    <Histograms>
      <HistItem>
        <HistMin>0.2140000015497208</HistMin>
        <HistMax>0.9265555739402771</HistMax>
        <BucketCount>256</BucketCount>
        <IncludeOutOfRange>1</IncludeOutOfRange>
        <Approximate>0</Approximate>
        <HistCounts>1|0|0|1|0|1|0|0|0|1|1|0|0|0|0|0|0|0|0|2|1|2|2|2|1|0|0|0|1|1|0|0|1|4|2|1|0|0|3|0|1|0|0|0|4|1|0|4|7|0|0|2|0|5|3|0|1|0|0|0|1|1|0|0|1|2|1|1|2|3|1|1|1|0|1|5|1|0|4|6|3|2|0|3|1|2|1|1|1|1|0|0|4|2|0|4|1|4|1|1|3|3|2|5|4|4|2|4|4|4|3|7|4|5|4|5|7|3|3|4|5|13|4|2|12|1|4|5|4|5|3|9|8|1|3|3|8|1|15|8|6|10|11|13|13|5|11|8|16|15|14|6|5|6|5|11|11|8|5|13|15|12|12|11|12|15|10|5|9|7|11|11|13|10|17|14|7|11|7|7|9|10|9|8|8|1|13|6|10|12|7|15|10|6|6|11|11|14|5|3|8|6|8|5|5|2|5|13|6|3|4|2|3|6|3|8|2|2|0|0|1|3|3|5|2|5|3|1|3|3|3|3|0|2|2|1|2|0|0|2|0|5|0|0|0|0|0|0|0|5|0|0|0|1|1|1</HistCounts>
      </HistItem>
    </Histograms>
    <Metadata>
      <MDI key="BandName">Band_1</MDI>
      <MDI key="RepresentationType">ATHEMATIC</MDI>
      <MDI key="STATISTICS_COVARIANCES">0.01694042515190355,0.00440102097327966,0.003584657793063022</MDI>
      <MDI key="STATISTICS_EXCLUDEDVALUES"></MDI>
      <MDI key="STATISTICS_MAXIMUM">0.92655557394028</MDI>
      <MDI key="STATISTICS_MEAN">0.64641010253137</MDI>
      <MDI key="STATISTICS_MEDIAN">0.663888</MDI>
      <MDI key="STATISTICS_MINIMUM">0.21400000154972</MDI>
      <MDI key="STATISTICS_SKIPFACTORX">1</MDI>
      <MDI key="STATISTICS_SKIPFACTORY">1</MDI>
      <MDI key="STATISTICS_STDDEV">0.13015538848585</MDI>
    </Metadata>
  </PAMRasterBand>
  <PAMRasterBand band="2">
    <Description>Band_2</Description>
    <Histograms>
      <HistItem>
        <HistMin>0.06449999660253525</HistMin>
        <HistMax>0.4122500121593475</HistMax>
        <BucketCount>256</BucketCount>
        <IncludeOutOfRange>1</IncludeOutOfRange>
        <Approximate>0</Approximate>
        <HistCounts>1|0|0|0|0|0|0|0|0|2|0|0|2|0|0|2|0|2|1|0|0|0|0|0|0|0|0|0|2|3|0|0|0|0|0|0|1|0|0|1|0|0|1|0|0|0|0|1|1|0|1|3|1|1|0|3|1|2|2|1|1|0|0|1|7|0|1|0|0|0|1|3|0|2|1|2|1|1|2|2|0|1|0|2|1|2|4|3|2|3|11|2|0|0|5|2|0|0|1|4|1|0|0|2|1|3|3|9|1|1|2|4|5|0|3|0|3|1|2|4|2|3|6|1|3|3|3|1|3|4|1|1|4|3|1|7|2|3|9|2|9|6|7|7|9|4|6|7|8|6|3|7|4|8|13|3|5|12|8|12|7|7|9|6|4|3|3|12|3|3|8|15|9|17|9|18|13|13|13|10|18|13|14|14|17|18|7|9|13|15|17|17|23|16|15|12|12|8|5|12|10|12|9|11|9|14|14|6|9|6|5|13|13|10|11|5|3|2|3|8|3|9|2|7|0|5|4|3|1|2|1|5|7|5|0|1|0|1|0|1|0|0|0|0|1|0|0|0|0|1|0|0|0|0|0|1</HistCounts>
      </HistItem>
    </Histograms>
    <Metadata>
      <MDI key="BandName">Band_2</MDI>
      <MDI key="RepresentationType">ATHEMATIC</MDI>
      <MDI key="STATISTICS_COVARIANCES">0.00440102097327966,0.003649590586415203,0.002446561826863311</MDI>
      <MDI key="STATISTICS_EXCLUDEDVALUES"></MDI>
      <MDI key="STATISTICS_MAXIMUM">0.41225001215935</MDI>
      <MDI key="STATISTICS_MEAN">0.29301197332298</MDI>
      <MDI key="STATISTICS_MEDIAN">0.307243</MDI>
      <MDI key="STATISTICS_MINIMUM">0.064499996602535</MDI>
      <MDI key="STATISTICS_SKIPFACTORX">1</MDI>
      <MDI key="STATISTICS_SKIPFACTORY">1</MDI>
      <MDI key="STATISTICS_STDDEV">0.060411841442015</MDI>
    </Metadata>
  </PAMRasterBand>
  <PAMRasterBand band="3">
    <Description>Band_3</Description>
    <Histograms>
      <HistItem>
        <HistMin>0.1094999983906746</HistMin>
        <HistMax>0.3877499997615814</HistMax>
        <BucketCount>256</BucketCount>
        <IncludeOutOfRange>1</IncludeOutOfRange>
        <Approximate>0</Approximate>
        <HistCounts>1|1|2|0|0|0|1|0|1|1|1|1|0|0|1|0|0|1|1|0|0|0|0|1|1|1|1|2|1|6|1|4|1|1|1|2|1|3|1|1|1|1|0|1|5|0|3|0|0|7|1|1|3|5|1|2|0|0|0|6|5|0|3|2|1|2|2|2|4|1|2|7|2|1|4|2|6|2|3|4|3|1|2|0|6|0|4|3|7|1|7|1|3|8|1|7|1|0|4|8|6|6|4|13|11|3|6|7|3|6|1|9|9|7|7|8|4|13|8|8|9|7|12|4|5|14|11|7|6|17|7|16|12|13|12|12|20|13|13|16|18|12|15|17|12|18|10|20|27|7|14|17|19|13|17|16|13|12|11|12|13|23|7|11|4|5|5|14|7|18|6|5|8|1|3|1|10|4|2|5|1|3|2|0|0|0|1|1|3|2|1|0|0|1|1|1|0|0|2|0|0|3|0|0|0|0|0|0|0|0|0|0|0|0|0|0|0|1|0|0|0|0|0|0|0|0|0|1|0|0|0|0|0|0|0|0|0|1|0|0|0|0|0|0|0|0|0|0|0|0|0|0|0|0|0|2</HistCounts>
      </HistItem>
    </Histograms>
    <Metadata>
      <MDI key="BandName">Band_3</MDI>
      <MDI key="RepresentationType">ATHEMATIC</MDI>
      <MDI key="STATISTICS_COVARIANCES">0.003584657793063022,0.002446561826863311,0.001754881105323143</MDI>
      <MDI key="STATISTICS_EXCLUDEDVALUES"></MDI>
      <MDI key="STATISTICS_MAXIMUM">0.38774999976158</MDI>
      <MDI key="STATISTICS_MEAN">0.24922557443495</MDI>
      <MDI key="STATISTICS_MEDIAN">0.257900</MDI>
      <MDI key="STATISTICS_MINIMUM">0.10949999839067</MDI>
      <MDI key="STATISTICS_SKIPFACTORX">1</MDI>
      <MDI key="STATISTICS_SKIPFACTORY">1</MDI>
      <MDI key="STATISTICS_STDDEV">0.04189130106983</MDI>
    </Metadata>
  </PAMRasterBand>
</PAMDataset>
