<PAMDataset>
  <Metadata>
    <MDI key="DataType">Generic</MDI>
  </Metadata>
  <PAMRasterBand band="1">
    <Description>Band_1</Description>
    <Histograms>
      <HistItem>
        <HistMin>0.5835000276565552</HistMin>
        <HistMax>0.8855000138282776</HistMax>
        <BucketCount>256</BucketCount>
        <IncludeOutOfRange>1</IncludeOutOfRange>
        <Approximate>0</Approximate>
        <HistCounts>1|0|0|0|1|0|0|0|0|0|0|1|0|0|0|1|0|1|0|2|1|0|0|3|0|0|0|1|0|1|0|0|1|1|0|1|3|0|0|0|2|0|1|0|0|0|0|1|0|0|3|1|2|0|0|2|1|0|2|1|2|0|3|1|0|0|2|1|3|3|1|2|1|1|1|1|1|3|1|4|2|0|2|2|3|3|0|2|2|2|2|1|2|2|2|2|1|8|0|4|0|3|0|6|1|1|2|3|8|1|2|5|5|10|8|6|2|8|9|20|11|8|18|7|21|9|4|15|8|3|3|9|6|5|5|4|4|10|11|10|7|10|7|8|2|10|7|16|12|14|10|16|2|11|11|12|10|12|17|11|12|16|17|11|17|19|13|13|5|5|9|9|13|13|3|5|0|4|5|4|6|2|1|1|4|0|0|2|2|0|1|0|4|5|0|1|1|0|3|0|2|2|1|0|2|0|0|2|0|0|0|0|0|2|0|0|0|0|1|0|0|0|0|0|0|0|0|0|0|0|2|0|0|0|0|0|0|0|1|0|0|0|0|0|0|0|0|0|0|0|0|0|0|0|0|2</HistCounts>
      </HistItem>
    </Histograms>
    <Metadata>
      <MDI key="BandName">Band_1</MDI>
      <MDI key="RepresentationType">ATHEMATIC</MDI>
      <MDI key="STATISTICS_COVARIANCES">0.00186425685755899,0.0006322491157659708,0.0004950738456378504</MDI>
      <MDI key="STATISTICS_EXCLUDEDVALUES"></MDI>
      <MDI key="STATISTICS_MAXIMUM">0.88550001382828</MDI>
      <MDI key="STATISTICS_MEAN">0.74659673442575</MDI>
      <MDI key="STATISTICS_MEDIAN">0.754041</MDI>
      <MDI key="STATISTICS_MINIMUM">0.58350002765656</MDI>
      <MDI key="STATISTICS_SKIPFACTORX">1</MDI>
      <MDI key="STATISTICS_SKIPFACTORY">1</MDI>
      <MDI key="STATISTICS_STDDEV">0.043177040861539</MDI>
    </Metadata>
  </PAMRasterBand>
  <PAMRasterBand band="2">
    <Description>Band_2</Description>
    <Histograms>
      <HistItem>
        <HistMin>0.15625</HistMin>
        <HistMax>0.4357500076293945</HistMax>
        <BucketCount>256</BucketCount>
        <IncludeOutOfRange>1</IncludeOutOfRange>
        <Approximate>0</Approximate>
        <HistCounts>2|0|0|0|0|0|0|0|0|0|0|0|0|0|0|0|0|0|0|0|0|0|0|2|2|0|0|0|0|0|0|0|0|2|0|2|4|0|0|0|0|0|2|0|2|0|0|0|2|0|0|0|0|0|0|0|0|0|0|0|0|0|0|0|0|0|0|0|0|0|0|0|0|0|0|0|0|0|0|0|0|0|0|0|1|0|1|2|0|0|0|0|0|2|2|0|0|0|1|1|2|3|0|0|1|2|0|3|0|0|3|1|3|3|2|4|2|4|2|4|3|4|5|5|3|4|5|1|4|3|10|7|0|3|3|1|2|2|5|2|4|4|4|3|5|10|1|1|9|5|5|0|4|1|5|2|7|2|3|0|6|6|5|5|6|11|12|9|7|15|7|12|17|12|17|18|11|11|10|15|18|5|12|17|6|10|8|8|8|8|4|9|5|9|10|6|4|10|6|17|5|8|7|4|5|6|9|5|3|6|10|4|7|4|3|5|6|7|4|7|7|8|5|12|1|2|8|3|8|4|5|0|3|4|5|4|5|3|2|1|1|3|2|0|0|0|0|1|0|1|1|0|2|0|1|2</HistCounts>
      </HistItem>
    </Histograms>
    <Metadata>
      <MDI key="BandName">Band_2</MDI>
      <MDI key="RepresentationType">ATHEMATIC</MDI>
      <MDI key="STATISTICS_COVARIANCES">0.0006322491157659708,0.001991002267429603,0.001288574087074032</MDI>
      <MDI key="STATISTICS_EXCLUDEDVALUES"></MDI>
      <MDI key="STATISTICS_MAXIMUM">0.43575000762939</MDI>
      <MDI key="STATISTICS_MEAN">0.34842503049209</MDI>
      <MDI key="STATISTICS_MEDIAN">0.351352</MDI>
      <MDI key="STATISTICS_MINIMUM">0.15625</MDI>
      <MDI key="STATISTICS_SKIPFACTORX">1</MDI>
      <MDI key="STATISTICS_SKIPFACTORY">1</MDI>
      <MDI key="STATISTICS_STDDEV">0.044620648442505</MDI>
    </Metadata>
  </PAMRasterBand>
  <PAMRasterBand band="3">
    <Description>Band_3</Description>
    <Histograms>
      <HistItem>
        <HistMin>0.1714999973773956</HistMin>
        <HistMax>0.3445000052452087</HistMax>
        <BucketCount>256</BucketCount>
        <IncludeOutOfRange>1</IncludeOutOfRange>
        <Approximate>0</Approximate>
        <HistCounts>2|0|0|0|0|0|0|0|0|0|0|0|0|2|0|0|0|0|0|0|0|0|2|2|2|0|0|0|0|0|0|2|0|0|2|0|0|2|2|0|2|0|0|0|0|0|0|0|0|0|0|0|0|0|0|0|0|0|0|0|0|0|0|0|0|0|0|0|1|0|0|0|0|0|1|2|0|0|0|1|0|0|0|0|0|0|0|0|0|3|0|1|1|3|0|1|0|0|2|0|5|5|1|2|0|0|2|3|2|6|2|0|2|4|3|3|2|5|1|4|3|8|0|3|2|4|6|5|2|2|1|7|4|5|3|6|5|1|2|1|3|4|1|5|5|1|4|4|5|4|4|6|6|4|7|4|6|5|8|2|7|5|14|9|8|12|12|8|13|6|15|8|15|10|11|20|9|8|2|12|8|2|15|8|10|8|12|4|12|11|8|9|8|8|6|9|7|5|8|5|6|9|5|3|3|8|8|4|3|2|6|5|11|5|4|6|3|3|5|9|1|11|8|2|4|5|7|6|4|0|6|5|3|2|4|4|5|3|3|1|5|0|0|0|3|2|3|0|2|1|0|2|2|1|0|1</HistCounts>
      </HistItem>
    </Histograms>
    <Metadata>
      <MDI key="BandName">Band_3</MDI>
      <MDI key="RepresentationType">ATHEMATIC</MDI>
      <MDI key="STATISTICS_COVARIANCES">0.0004950738456378504,0.001288574087074032,0.0008501330387308399</MDI>
      <MDI key="STATISTICS_EXCLUDEDVALUES"></MDI>
      <MDI key="STATISTICS_MAXIMUM">0.34450000524521</MDI>
      <MDI key="STATISTICS_MEAN">0.28876420808674</MDI>
      <MDI key="STATISTICS_MEDIAN">0.290225</MDI>
      <MDI key="STATISTICS_MINIMUM">0.1714999973774</MDI>
      <MDI key="STATISTICS_SKIPFACTORX">1</MDI>
      <MDI key="STATISTICS_SKIPFACTORY">1</MDI>
      <MDI key="STATISTICS_STDDEV">0.029157040980368</MDI>
    </Metadata>
  </PAMRasterBand>
</PAMDataset>
