<PAMDataset>
  <Metadata>
    <MDI key="DataType">Generic</MDI>
  </Metadata>
  <PAMRasterBand band="1">
    <Description>Band_1</Description>
    <Histograms>
      <HistItem>
        <HistMin>0.6727499961853027</HistMin>
        <HistMax>0.9304074048995972</HistMax>
        <BucketCount>256</BucketCount>
        <IncludeOutOfRange>1</IncludeOutOfRange>
        <Approximate>0</Approximate>
        <HistCounts>1|0|0|0|0|0|0|0|0|0|0|0|0|0|0|0|0|0|0|0|0|0|0|0|1|0|2|0|0|2|0|3|0|1|1|0|0|0|4|1|0|3|4|3|0|0|3|2|3|6|0|4|5|8|1|3|4|4|11|8|5|4|5|2|0|3|8|7|5|7|10|2|16|9|8|7|6|9|9|9|4|7|6|9|6|18|5|5|12|7|14|12|7|7|13|8|2|10|10|10|6|10|9|5|6|6|14|7|1|12|9|9|8|11|7|13|12|11|10|10|18|5|10|5|13|7|5|6|6|9|13|5|10|8|6|6|8|11|9|3|8|6|8|3|10|3|11|11|11|6|2|5|6|5|11|14|12|8|12|8|7|11|17|5|12|6|15|11|4|10|9|10|8|20|6|14|7|9|12|6|11|13|7|9|11|13|22|17|13|8|21|13|20|15|15|7|15|24|22|29|17|17|16|10|15|16|23|9|20|15|16|19|9|8|18|8|15|17|9|15|6|19|16|8|14|15|11|3|9|11|9|8|9|7|3|18|12|16|10|16|6|12|10|7|56|102|49|17|11|5|0|1|1|0|0|1</HistCounts>
      </HistItem>
    </Histograms>
    <Metadata>
      <MDI key="BandName">Band_1</MDI>
      <MDI key="RepresentationType">ATHEMATIC</MDI>
      <MDI key="STATISTICS_COVARIANCES">0.003566871915453405,0.000512569185375154,0.0005088724133642658</MDI>
      <MDI key="STATISTICS_EXCLUDEDVALUES"></MDI>
      <MDI key="STATISTICS_MAXIMUM">0.9304074048996</MDI>
      <MDI key="STATISTICS_MEAN">0.84211930567092</MDI>
      <MDI key="STATISTICS_MEDIAN">0.854626</MDI>
      <MDI key="STATISTICS_MINIMUM">0.6727499961853</MDI>
      <MDI key="STATISTICS_SKIPFACTORX">1</MDI>
      <MDI key="STATISTICS_SKIPFACTORY">1</MDI>
      <MDI key="STATISTICS_STDDEV">0.059723294579698</MDI>
    </Metadata>
  </PAMRasterBand>
  <PAMRasterBand band="2">
    <Description>Band_2</Description>
    <Histograms>
      <HistItem>
        <HistMin>0.1647499948740005</HistMin>
        <HistMax>0.4584999978542328</HistMax>
        <BucketCount>256</BucketCount>
        <IncludeOutOfRange>1</IncludeOutOfRange>
        <Approximate>0</Approximate>
        <HistCounts>1|0|0|0|0|1|0|0|0|0|3|0|3|0|0|2|0|0|0|3|0|0|3|2|1|3|4|7|6|10|10|8|30|3|6|11|23|17|15|16|11|17|38|24|22|16|31|45|32|40|43|39|37|39|49|39|28|39|28|46|35|35|42|51|43|39|29|44|27|40|28|39|24|28|30|34|18|27|38|17|14|27|10|25|14|15|17|19|22|13|4|19|13|18|11|15|8|8|11|8|10|11|9|10|9|7|8|5|5|4|6|11|12|10|6|14|6|6|12|5|6|9|3|5|3|3|4|8|5|5|8|10|2|3|3|7|5|3|6|8|1|6|3|6|3|2|1|1|3|6|2|5|8|4|4|2|0|3|0|1|0|2|0|0|3|1|0|3|0|1|0|1|2|7|1|1|3|0|2|0|0|1|0|3|4|1|0|1|0|2|0|0|0|0|0|0|0|0|0|0|0|0|0|0|0|0|0|0|0|0|0|0|0|0|0|0|0|0|0|0|0|0|1|0|0|0|0|0|0|0|0|0|0|0|0|0|0|0|0|0|0|0|0|0|0|0|0|0|0|0|0|0|0|0|0|1</HistCounts>
      </HistItem>
    </Histograms>
    <Metadata>
      <MDI key="BandName">Band_2</MDI>
      <MDI key="RepresentationType">ATHEMATIC</MDI>
      <MDI key="STATISTICS_COVARIANCES">0.000512569185375154,0.001320292271900723,0.0008758245904795743</MDI>
      <MDI key="STATISTICS_EXCLUDEDVALUES"></MDI>
      <MDI key="STATISTICS_MAXIMUM">0.45849999785423</MDI>
      <MDI key="STATISTICS_MEAN">0.2493332190637</MDI>
      <MDI key="STATISTICS_MEDIAN">0.239627</MDI>
      <MDI key="STATISTICS_MINIMUM">0.164749994874</MDI>
      <MDI key="STATISTICS_SKIPFACTORX">1</MDI>
      <MDI key="STATISTICS_SKIPFACTORY">1</MDI>
      <MDI key="STATISTICS_STDDEV">0.036335826286198</MDI>
    </Metadata>
  </PAMRasterBand>
  <PAMRasterBand band="3">
    <Description>Band_3</Description>
    <Histograms>
      <HistItem>
        <HistMin>0.1912499964237213</HistMin>
        <HistMax>0.3637500107288361</HistMax>
        <BucketCount>256</BucketCount>
        <IncludeOutOfRange>1</IncludeOutOfRange>
        <Approximate>0</Approximate>
        <HistCounts>1|0|0|0|0|3|1|4|3|1|2|2|5|4|9|10|8|4|6|8|11|8|18|6|11|14|28|13|12|23|12|19|32|12|28|34|24|25|33|33|25|32|34|41|22|31|37|15|29|31|23|37|37|41|19|40|43|18|38|33|44|25|36|31|26|34|27|17|30|19|22|16|29|19|7|20|24|18|16|17|12|9|17|16|9|11|16|19|10|7|18|9|14|14|17|4|19|6|9|3|8|11|9|7|7|9|5|7|5|8|8|5|4|11|9|10|9|9|4|8|1|8|5|9|6|0|10|3|3|2|5|9|4|2|11|4|6|7|9|2|2|4|5|3|3|4|5|3|1|5|9|2|1|0|2|1|3|2|3|1|0|7|1|1|2|2|0|2|5|0|0|0|2|2|3|0|3|4|2|0|0|3|1|0|0|0|1|3|2|2|1|3|0|1|1|0|0|0|0|1|0|0|1|0|0|0|0|0|0|0|0|0|0|0|0|0|0|0|0|0|0|0|0|0|0|0|0|0|0|0|0|0|0|0|0|0|0|0|0|0|0|0|0|0|0|0|0|0|0|0|0|0|0|0|0|1</HistCounts>
      </HistItem>
    </Histograms>
    <Metadata>
      <MDI key="BandName">Band_3</MDI>
      <MDI key="RepresentationType">ATHEMATIC</MDI>
      <MDI key="STATISTICS_COVARIANCES">0.0005088724133642658,0.0008758245904795743,0.0005998778684740341</MDI>
      <MDI key="STATISTICS_EXCLUDEDVALUES"></MDI>
      <MDI key="STATISTICS_MAXIMUM">0.36375001072884</MDI>
      <MDI key="STATISTICS_MEAN">0.2372957873107</MDI>
      <MDI key="STATISTICS_MEDIAN">0.231162</MDI>
      <MDI key="STATISTICS_MINIMUM">0.19124999642372</MDI>
      <MDI key="STATISTICS_SKIPFACTORX">1</MDI>
      <MDI key="STATISTICS_SKIPFACTORY">1</MDI>
      <MDI key="STATISTICS_STDDEV">0.02449240430162</MDI>
    </Metadata>
  </PAMRasterBand>
</PAMDataset>
