<PAMDataset>
  <Metadata>
    <MDI key="DataType">Generic</MDI>
  </Metadata>
  <PAMRasterBand band="1">
    <Description>Band_1</Description>
    <Histograms>
      <HistItem>
        <HistMin>0.4847500026226044</HistMin>
        <HistMax>0.9534444212913513</HistMax>
        <BucketCount>256</BucketCount>
        <IncludeOutOfRange>1</IncludeOutOfRange>
        <Approximate>0</Approximate>
        <HistCounts>1|0|1|0|0|0|0|3|0|0|0|0|0|0|0|0|0|0|0|1|0|1|1|0|0|0|0|1|1|0|0|0|0|0|0|0|2|0|0|1|0|0|3|2|0|0|2|3|0|3|0|4|2|2|3|1|0|1|5|4|3|2|1|5|6|5|3|5|5|4|4|6|4|5|5|8|1|2|4|7|7|6|15|6|5|2|4|13|5|2|1|10|7|9|9|4|2|7|7|3|3|1|3|5|2|14|5|4|2|3|7|4|3|7|8|7|2|2|3|10|10|4|7|1|1|0|5|4|1|5|8|2|5|9|8|2|9|4|4|10|8|5|3|10|2|7|2|7|8|5|7|6|5|9|9|4|11|7|13|9|8|12|5|14|16|7|1|12|12|6|10|5|14|7|15|13|11|8|9|6|14|24|15|11|8|4|6|7|4|15|11|12|4|17|10|6|11|11|5|10|8|11|8|9|9|14|8|6|5|7|14|11|13|8|4|8|9|11|2|10|17|8|9|8|6|7|3|2|2|4|2|6|3|0|6|2|2|12|2|4|5|5|0|3|0|2|0|0|2|0|0|0|0|0|0|1</HistCounts>
      </HistItem>
    </Histograms>
    <Metadata>
      <MDI key="BandName">Band_1</MDI>
      <MDI key="RepresentationType">ATHEMATIC</MDI>
      <MDI key="STATISTICS_COVARIANCES">0.009340398198473992,9.828179801361613e-05,0.0007071209863852805</MDI>
      <MDI key="STATISTICS_EXCLUDEDVALUES"></MDI>
      <MDI key="STATISTICS_MAXIMUM">0.95344442129135</MDI>
      <MDI key="STATISTICS_MEAN">0.77090925598944</MDI>
      <MDI key="STATISTICS_MEDIAN">0.786185</MDI>
      <MDI key="STATISTICS_MINIMUM">0.4847500026226</MDI>
      <MDI key="STATISTICS_SKIPFACTORX">1</MDI>
      <MDI key="STATISTICS_SKIPFACTORY">1</MDI>
      <MDI key="STATISTICS_STDDEV">0.096645735542102</MDI>
    </Metadata>
  </PAMRasterBand>
  <PAMRasterBand band="2">
    <Description>Band_2</Description>
    <Histograms>
      <HistItem>
        <HistMin>0.07225000113248825</HistMin>
        <HistMax>0.4477500021457672</HistMax>
        <BucketCount>256</BucketCount>
        <IncludeOutOfRange>1</IncludeOutOfRange>
        <Approximate>0</Approximate>
        <HistCounts>1|0|1|0|1|1|1|0|1|1|0|0|0|0|1|0|0|1|0|0|0|0|0|0|0|1|0|0|0|0|2|0|0|0|0|0|0|0|0|1|1|0|2|0|0|0|0|0|0|0|0|0|0|0|0|3|0|0|2|0|0|0|1|0|0|0|2|0|0|0|0|0|0|0|0|1|0|2|0|0|0|0|0|0|0|1|0|0|0|1|0|1|3|0|0|1|0|0|0|0|0|0|2|2|1|1|4|2|2|3|0|4|0|2|2|7|1|3|1|3|2|1|3|7|2|0|1|6|1|7|12|8|4|9|10|11|6|10|14|11|10|13|12|20|7|6|19|13|17|10|17|9|15|19|13|15|17|17|20|24|26|14|17|17|22|14|23|19|27|31|33|24|21|26|19|15|21|27|17|34|16|20|7|21|17|13|6|14|15|21|14|10|13|16|12|7|9|7|7|13|16|4|8|8|5|3|3|8|3|2|2|2|4|2|3|0|0|0|2|0|0|1|2|0|0|0|2|2|0|0|1|0|1|0|0|0|0|0|0|0|0|0|0|0|0|0|0|0|0|0|0|0|0|0|0|1</HistCounts>
      </HistItem>
    </Histograms>
    <Metadata>
      <MDI key="BandName">Band_2</MDI>
      <MDI key="RepresentationType">ATHEMATIC</MDI>
      <MDI key="STATISTICS_COVARIANCES">9.828179801361613e-05,0.001954473096424841,0.001171950054454998</MDI>
      <MDI key="STATISTICS_EXCLUDEDVALUES"></MDI>
      <MDI key="STATISTICS_MAXIMUM">0.44775000214577</MDI>
      <MDI key="STATISTICS_MEAN">0.31306591246411</MDI>
      <MDI key="STATISTICS_MEDIAN">0.318166</MDI>
      <MDI key="STATISTICS_MINIMUM">0.072250001132488</MDI>
      <MDI key="STATISTICS_SKIPFACTORX">1</MDI>
      <MDI key="STATISTICS_SKIPFACTORY">1</MDI>
      <MDI key="STATISTICS_STDDEV">0.044209423163222</MDI>
    </Metadata>
  </PAMRasterBand>
  <PAMRasterBand band="3">
    <Description>Band_3</Description>
    <Histograms>
      <HistItem>
        <HistMin>0.1152499988675117</HistMin>
        <HistMax>0.3442499935626984</HistMax>
        <BucketCount>256</BucketCount>
        <IncludeOutOfRange>1</IncludeOutOfRange>
        <Approximate>0</Approximate>
        <HistCounts>2|1|0|0|0|1|0|0|2|0|0|0|0|1|0|1|0|0|0|0|0|0|0|0|0|0|0|0|0|0|0|0|2|0|0|0|0|0|0|0|0|0|0|0|0|2|0|0|1|0|0|0|0|0|0|0|0|3|0|0|0|0|0|0|0|1|0|0|0|0|0|0|2|0|0|0|0|0|0|1|2|0|2|0|0|1|4|0|0|0|2|1|4|1|0|0|2|0|0|1|2|3|0|3|3|3|1|1|2|1|0|0|5|1|2|2|1|4|5|2|1|3|3|3|4|1|6|2|7|2|9|8|9|7|6|6|9|7|11|2|16|9|11|12|8|13|15|4|9|18|17|9|16|20|14|20|15|16|24|23|22|14|15|25|21|31|20|25|19|25|17|19|23|24|20|12|15|22|13|17|20|16|14|11|22|19|5|13|11|13|23|16|12|11|7|10|10|23|19|9|11|6|11|11|6|6|12|5|1|5|3|4|3|0|4|2|2|4|4|2|2|0|3|1|3|1|0|2|1|0|1|0|0|0|2|1|0|1|0|0|1|0|0|0|1|0|0|0|0|0|0|0|0|0|0|1</HistCounts>
      </HistItem>
    </Histograms>
    <Metadata>
      <MDI key="BandName">Band_3</MDI>
      <MDI key="RepresentationType">ATHEMATIC</MDI>
      <MDI key="STATISTICS_COVARIANCES">0.0007071209863852805,0.001171950054454998,0.0007833657820809241</MDI>
      <MDI key="STATISTICS_EXCLUDEDVALUES"></MDI>
      <MDI key="STATISTICS_MAXIMUM">0.3442499935627</MDI>
      <MDI key="STATISTICS_MEAN">0.26392784706562</MDI>
      <MDI key="STATISTICS_MEDIAN">0.265223</MDI>
      <MDI key="STATISTICS_MINIMUM">0.11524999886751</MDI>
      <MDI key="STATISTICS_SKIPFACTORX">1</MDI>
      <MDI key="STATISTICS_SKIPFACTORY">1</MDI>
      <MDI key="STATISTICS_STDDEV">0.027988672388681</MDI>
    </Metadata>
  </PAMRasterBand>
</PAMDataset>
