<PAMDataset>
  <Metadata>
    <MDI key="DataType">Generic</MDI>
  </Metadata>
  <PAMRasterBand band="1">
    <Description>Band_1</Description>
    <Histograms>
      <HistItem>
        <HistMin>0.4465000033378601</HistMin>
        <HistMax>0.9223518371582031</HistMax>
        <BucketCount>256</BucketCount>
        <IncludeOutOfRange>1</IncludeOutOfRange>
        <Approximate>0</Approximate>
        <HistCounts>1|0|0|0|0|0|0|0|0|0|0|0|0|0|0|0|0|0|0|0|0|0|0|0|0|0|0|0|1|0|0|1|0|0|0|0|0|1|1|0|0|0|0|3|0|4|0|0|0|0|0|2|0|0|0|0|0|0|0|2|0|0|0|2|2|0|0|0|0|0|1|1|0|0|0|0|0|0|0|0|0|0|0|0|0|0|2|0|1|1|0|2|0|2|0|0|0|0|0|0|2|3|0|0|0|0|0|1|0|0|2|0|0|0|2|0|2|0|2|1|0|0|1|3|0|0|0|1|1|0|2|5|2|2|1|1|1|0|5|1|5|4|4|1|4|5|1|4|10|10|7|11|16|11|15|20|13|14|19|14|18|23|13|20|18|23|21|22|12|17|17|21|16|13|28|27|16|22|20|22|25|10|9|11|15|15|10|4|11|4|7|6|1|2|3|6|0|1|3|1|4|4|0|1|2|0|1|0|2|0|1|3|1|2|0|0|0|0|0|1|0|0|3|2|2|0|0|0|1|1|0|0|0|0|0|0|0|0|0|0|0|0|0|0|0|0|0|0|0|0|0|0|0|0|0|1</HistCounts>
      </HistItem>
    </Histograms>
    <Metadata>
      <MDI key="BandName">Band_1</MDI>
      <MDI key="RepresentationType">ATHEMATIC</MDI>
      <MDI key="STATISTICS_COVARIANCES">0.002650171909155726,0.0001425003521094306,0.0002582249372409435</MDI>
      <MDI key="STATISTICS_EXCLUDEDVALUES"></MDI>
      <MDI key="STATISTICS_MAXIMUM">0.9223518371582</MDI>
      <MDI key="STATISTICS_MEAN">0.75327287842203</MDI>
      <MDI key="STATISTICS_MEDIAN">0.758136</MDI>
      <MDI key="STATISTICS_MINIMUM">0.44650000333786</MDI>
      <MDI key="STATISTICS_SKIPFACTORX">1</MDI>
      <MDI key="STATISTICS_SKIPFACTORY">1</MDI>
      <MDI key="STATISTICS_STDDEV">0.051479820407182</MDI>
    </Metadata>
  </PAMRasterBand>
  <PAMRasterBand band="2">
    <Description>Band_2</Description>
    <Histograms>
      <HistItem>
        <HistMin>0.1084999963641167</HistMin>
        <HistMax>0.4404999911785126</HistMax>
        <BucketCount>256</BucketCount>
        <IncludeOutOfRange>1</IncludeOutOfRange>
        <Approximate>0</Approximate>
        <HistCounts>2|2|0|0|0|0|0|0|0|0|0|0|0|1|0|0|0|0|0|0|0|2|0|0|0|0|0|0|2|1|0|0|0|0|0|0|0|0|0|0|0|0|0|1|0|0|0|0|0|0|0|1|0|2|0|0|2|0|0|0|0|0|1|0|0|2|0|1|1|0|0|1|1|0|3|1|2|2|0|1|0|2|3|1|0|2|1|1|0|1|0|1|1|2|4|1|2|0|1|0|0|2|2|1|1|0|0|0|0|0|0|2|1|0|1|1|0|0|1|0|2|1|0|4|3|9|6|1|4|5|4|3|2|5|5|10|7|17|8|13|13|15|6|5|12|16|9|10|7|15|16|19|7|13|18|17|28|12|33|27|21|21|21|24|19|14|14|26|30|10|17|16|12|3|6|5|7|8|5|6|9|6|3|2|9|5|1|7|1|3|2|3|4|0|0|2|0|0|1|1|0|0|0|0|0|0|0|1|0|0|0|0|1|0|0|0|0|0|0|0|0|0|0|0|0|0|0|0|0|1|1|0|0|0|0|0|0|0|1|0|0|0|0|0|0|0|0|0|0|0|0|0|0|0|0|1</HistCounts>
      </HistItem>
    </Histograms>
    <Metadata>
      <MDI key="BandName">Band_2</MDI>
      <MDI key="RepresentationType">ATHEMATIC</MDI>
      <MDI key="STATISTICS_COVARIANCES">0.0001425003521094306,0.001443262035908821,0.0009074138403933308</MDI>
      <MDI key="STATISTICS_EXCLUDEDVALUES"></MDI>
      <MDI key="STATISTICS_MAXIMUM">0.44049999117851</MDI>
      <MDI key="STATISTICS_MEAN">0.30577518125472</MDI>
      <MDI key="STATISTICS_MEDIAN">0.312908</MDI>
      <MDI key="STATISTICS_MINIMUM">0.10849999636412</MDI>
      <MDI key="STATISTICS_SKIPFACTORX">1</MDI>
      <MDI key="STATISTICS_SKIPFACTORY">1</MDI>
      <MDI key="STATISTICS_STDDEV">0.037990288705258</MDI>
    </Metadata>
  </PAMRasterBand>
  <PAMRasterBand band="3">
    <Description>Band_3</Description>
    <Histograms>
      <HistItem>
        <HistMin>0.1445000022649765</HistMin>
        <HistMax>0.3585000038146973</HistMax>
        <BucketCount>256</BucketCount>
        <IncludeOutOfRange>1</IncludeOutOfRange>
        <Approximate>0</Approximate>
        <HistCounts>1|0|0|0|0|0|0|0|0|0|0|0|0|0|2|0|0|2|0|0|1|0|0|1|0|0|0|0|0|3|0|0|0|0|0|0|0|0|0|0|0|0|0|0|0|0|0|0|0|4|0|0|0|1|1|1|2|0|0|0|1|0|0|0|0|0|0|0|0|0|0|0|1|1|2|1|0|1|2|0|1|2|4|0|1|4|1|0|2|2|0|0|1|0|1|1|0|1|4|3|2|0|1|1|1|3|3|1|4|2|0|0|3|0|4|1|2|3|0|1|5|5|8|1|6|4|4|1|6|6|11|10|7|3|4|11|10|15|13|9|4|5|14|16|9|17|8|11|19|11|27|16|19|14|25|13|25|11|19|24|20|21|19|26|20|31|14|13|16|9|3|5|6|13|1|4|4|9|4|9|5|3|5|0|3|6|1|7|3|0|0|1|0|1|0|0|0|1|0|0|0|0|0|0|0|0|0|0|0|0|0|0|1|0|0|0|0|0|0|0|0|1|0|1|0|0|0|0|0|0|0|0|0|0|1|0|1|1|0|0|0|0|0|0|0|0|0|0|0|0|0|0|0|0|0|1</HistCounts>
      </HistItem>
    </Histograms>
    <Metadata>
      <MDI key="BandName">Band_3</MDI>
      <MDI key="RepresentationType">ATHEMATIC</MDI>
      <MDI key="STATISTICS_COVARIANCES">0.0002582249372409435,0.0009074138403933308,0.0005912077675190033</MDI>
      <MDI key="STATISTICS_EXCLUDEDVALUES"></MDI>
      <MDI key="STATISTICS_MAXIMUM">0.3585000038147</MDI>
      <MDI key="STATISTICS_MEAN">0.26850485434593</MDI>
      <MDI key="STATISTICS_MEDIAN">0.272900</MDI>
      <MDI key="STATISTICS_MINIMUM">0.14450000226498</MDI>
      <MDI key="STATISTICS_SKIPFACTORX">1</MDI>
      <MDI key="STATISTICS_SKIPFACTORY">1</MDI>
      <MDI key="STATISTICS_STDDEV">0.024314764393656</MDI>
    </Metadata>
  </PAMRasterBand>
</PAMDataset>
