<PAMDataset>
  <Metadata>
    <MDI key="DataType">Generic</MDI>
  </Metadata>
  <PAMRasterBand band="1">
    <Description>Band_1</Description>
    <Histograms>
      <HistItem>
        <HistMin>0.4309999942779541</HistMin>
        <HistMax>0.938870370388031</HistMax>
        <BucketCount>256</BucketCount>
        <IncludeOutOfRange>1</IncludeOutOfRange>
        <Approximate>0</Approximate>
        <HistCounts>2|2|1|0|1|2|1|3|1|2|0|0|3|0|2|0|3|2|0|4|3|1|0|6|4|4|8|2|5|2|5|0|5|6|9|5|8|5|5|3|6|7|7|8|9|0|7|8|11|6|8|7|5|9|10|1|6|9|5|6|11|6|4|5|2|6|1|7|10|5|4|3|4|10|1|3|9|7|6|6|11|7|7|6|4|2|5|9|11|7|4|10|5|14|12|16|13|7|9|8|9|8|6|10|8|7|9|15|9|12|12|13|8|21|22|12|21|21|16|13|17|14|11|22|16|18|24|14|22|21|21|12|18|21|29|28|25|18|19|16|20|13|11|14|17|13|18|20|14|15|19|14|8|24|16|23|22|19|22|19|32|19|19|14|29|18|26|16|30|34|33|41|26|31|26|35|34|28|29|22|27|32|36|45|43|39|40|39|47|26|34|37|44|36|45|39|44|39|41|43|31|38|37|34|38|21|29|34|18|21|29|37|22|23|15|17|17|8|16|21|10|9|9|15|6|2|8|14|11|4|4|2|2|0|5|2|2|1|4|1|0|2|0|4|2|6|9|0|3|0|0|0|0|0|0|1</HistCounts>
      </HistItem>
    </Histograms>
    <Metadata>
      <MDI key="BandName">Band_1</MDI>
      <MDI key="RepresentationType">ATHEMATIC</MDI>
      <MDI key="STATISTICS_COVARIANCES">0.01035945013595284,0.002304143942398903,0.002130424533678217</MDI>
      <MDI key="STATISTICS_EXCLUDEDVALUES"></MDI>
      <MDI key="STATISTICS_MAXIMUM">0.93887037038803</MDI>
      <MDI key="STATISTICS_MEAN">0.7410834242419</MDI>
      <MDI key="STATISTICS_MEDIAN">0.767589</MDI>
      <MDI key="STATISTICS_MINIMUM">0.43099999427795</MDI>
      <MDI key="STATISTICS_SKIPFACTORX">1</MDI>
      <MDI key="STATISTICS_SKIPFACTORY">1</MDI>
      <MDI key="STATISTICS_STDDEV">0.10178138403437</MDI>
    </Metadata>
  </PAMRasterBand>
  <PAMRasterBand band="2">
    <Description>Band_2</Description>
    <Histograms>
      <HistItem>
        <HistMin>0.1037499979138374</HistMin>
        <HistMax>0.8382499814033508</HistMax>
        <BucketCount>256</BucketCount>
        <IncludeOutOfRange>1</IncludeOutOfRange>
        <Approximate>0</Approximate>
        <HistCounts>2|3|0|0|0|0|1|0|2|1|0|3|0|1|0|0|0|0|2|0|2|0|2|1|2|0|1|3|1|1|0|2|0|4|2|3|1|2|2|0|0|3|2|2|3|0|5|6|0|4|12|11|6|7|4|12|15|10|8|10|12|13|8|17|8|16|12|13|20|28|22|32|43|30|33|27|41|50|65|59|36|50|69|63|94|57|107|72|75|92|103|67|83|84|89|74|65|72|88|77|72|78|59|67|63|75|65|48|43|57|54|68|48|79|49|46|61|38|32|27|18|19|8|9|3|4|4|3|3|0|4|4|1|0|4|0|0|1|2|4|8|2|0|1|0|2|0|0|0|0|0|1|0|0|0|0|1|0|0|0|0|0|0|0|0|0|0|0|0|0|2|0|0|0|0|0|0|0|0|0|0|0|0|0|0|0|0|0|0|0|0|0|0|0|0|0|0|0|0|0|0|0|0|0|0|0|0|0|0|0|0|0|0|0|0|0|0|0|0|0|0|0|0|0|0|0|0|0|0|0|0|0|0|0|0|0|0|0|0|0|0|0|0|0|0|0|0|0|0|0|0|0|0|0|0|1</HistCounts>
      </HistItem>
    </Histograms>
    <Metadata>
      <MDI key="BandName">Band_2</MDI>
      <MDI key="RepresentationType">ATHEMATIC</MDI>
      <MDI key="STATISTICS_COVARIANCES">0.002304143942398903,0.002872850642117817,0.001934164651704009</MDI>
      <MDI key="STATISTICS_EXCLUDEDVALUES"></MDI>
      <MDI key="STATISTICS_MAXIMUM">0.83824998140335</MDI>
      <MDI key="STATISTICS_MEAN">0.37114028237983</MDI>
      <MDI key="STATISTICS_MEDIAN">0.371626</MDI>
      <MDI key="STATISTICS_MINIMUM">0.10374999791384</MDI>
      <MDI key="STATISTICS_SKIPFACTORX">1</MDI>
      <MDI key="STATISTICS_SKIPFACTORY">1</MDI>
      <MDI key="STATISTICS_STDDEV">0.053598979860794</MDI>
    </Metadata>
  </PAMRasterBand>
  <PAMRasterBand band="3">
    <Description>Band_3</Description>
    <Histograms>
      <HistItem>
        <HistMin>0.1389999985694885</HistMin>
        <HistMax>0.8180000185966492</HistMax>
        <BucketCount>256</BucketCount>
        <IncludeOutOfRange>1</IncludeOutOfRange>
        <Approximate>0</Approximate>
        <HistCounts>4|2|1|1|2|1|2|1|0|1|1|2|3|3|0|1|4|1|1|6|3|7|6|5|7|11|15|11|6|14|18|10|14|20|10|16|23|24|44|31|16|35|30|38|35|61|44|60|68|78|105|85|89|99|95|110|107|98|121|128|116|142|108|107|113|85|96|86|79|59|71|73|81|69|49|65|53|45|40|28|9|6|13|5|6|3|5|0|0|0|6|0|2|1|0|2|0|0|0|0|0|0|0|0|0|0|0|2|2|2|0|0|1|0|0|0|0|0|0|0|0|0|0|0|0|0|2|0|0|0|0|0|0|0|0|0|0|1|0|0|0|0|0|0|0|0|0|0|0|0|0|0|0|0|0|0|0|0|0|0|0|0|0|0|0|0|0|0|0|0|0|0|0|0|0|0|0|0|0|0|0|0|0|0|0|0|0|0|0|0|0|0|0|0|0|0|0|0|0|0|0|0|0|0|0|0|0|0|0|0|0|0|0|0|0|0|0|0|0|0|0|0|0|0|0|0|0|0|0|0|0|0|0|0|0|0|0|0|0|0|0|0|0|0|0|0|0|0|0|0|0|0|0|0|0|1</HistCounts>
      </HistItem>
    </Histograms>
    <Metadata>
      <MDI key="BandName">Band_3</MDI>
      <MDI key="RepresentationType">ATHEMATIC</MDI>
      <MDI key="STATISTICS_COVARIANCES">0.002130424533678217,0.001934164651704009,0.00139385697599853</MDI>
      <MDI key="STATISTICS_EXCLUDEDVALUES"></MDI>
      <MDI key="STATISTICS_MAXIMUM">0.81800001859665</MDI>
      <MDI key="STATISTICS_MEAN">0.29384969728285</MDI>
      <MDI key="STATISTICS_MEDIAN">0.296102</MDI>
      <MDI key="STATISTICS_MINIMUM">0.13899999856949</MDI>
      <MDI key="STATISTICS_SKIPFACTORX">1</MDI>
      <MDI key="STATISTICS_SKIPFACTORY">1</MDI>
      <MDI key="STATISTICS_STDDEV">0.037334394008722</MDI>
    </Metadata>
  </PAMRasterBand>
</PAMDataset>
