<PAMDataset>
  <Metadata>
    <MDI key="DataType">Generic</MDI>
  </Metadata>
  <PAMRasterBand band="1">
    <Description>Band_1</Description>
    <Histograms>
      <HistItem>
        <HistMin>0.6014999747276306</HistMin>
        <HistMax>0.9442407488822937</HistMax>
        <BucketCount>256</BucketCount>
        <IncludeOutOfRange>1</IncludeOutOfRange>
        <Approximate>0</Approximate>
        <HistCounts>1|0|0|0|0|0|0|0|1|0|0|0|0|2|0|0|1|1|0|0|0|0|2|0|3|0|0|0|1|0|0|0|1|0|0|0|0|0|0|0|0|1|2|1|0|0|2|1|0|0|0|0|0|1|0|0|0|0|3|2|0|0|0|0|0|0|1|0|0|2|2|1|1|0|0|0|0|2|0|2|0|2|0|1|0|0|0|2|2|0|0|3|0|2|2|1|3|3|2|2|6|0|1|4|2|4|4|1|2|3|2|9|5|10|7|9|7|5|9|17|8|9|6|12|11|9|11|5|3|6|9|5|18|9|15|13|10|15|18|9|22|11|15|10|13|11|19|18|19|11|9|10|20|14|12|13|16|9|9|13|5|11|10|10|12|9|12|12|13|8|12|9|9|9|5|11|20|17|10|10|15|10|7|11|11|12|18|7|11|8|13|22|11|5|7|14|11|9|12|12|6|9|7|15|8|6|11|11|6|9|5|5|11|3|0|4|2|9|6|2|7|0|1|3|0|2|5|4|1|0|2|0|1|2|0|0|2|11|18|11|6|4|5|4|1|4|3|0|0|0|1|0|2|1|0|1</HistCounts>
      </HistItem>
    </Histograms>
    <Metadata>
      <MDI key="BandName">Band_1</MDI>
      <MDI key="RepresentationType">ATHEMATIC</MDI>
      <MDI key="STATISTICS_COVARIANCES">0.00304504781282733,-7.210499681263157e-05,0.0002750229878047122</MDI>
      <MDI key="STATISTICS_EXCLUDEDVALUES"></MDI>
      <MDI key="STATISTICS_MAXIMUM">0.94424074888229</MDI>
      <MDI key="STATISTICS_MEAN">0.82039830894023</MDI>
      <MDI key="STATISTICS_MEDIAN">0.817897</MDI>
      <MDI key="STATISTICS_MINIMUM">0.60149997472763</MDI>
      <MDI key="STATISTICS_SKIPFACTORX">1</MDI>
      <MDI key="STATISTICS_SKIPFACTORY">1</MDI>
      <MDI key="STATISTICS_STDDEV">0.055181951875838</MDI>
    </Metadata>
  </PAMRasterBand>
  <PAMRasterBand band="2">
    <Description>Band_2</Description>
    <Histograms>
      <HistItem>
        <HistMin>0.09175000339746475</HistMin>
        <HistMax>0.425000011920929</HistMax>
        <BucketCount>256</BucketCount>
        <IncludeOutOfRange>1</IncludeOutOfRange>
        <Approximate>0</Approximate>
        <HistCounts>1|2|5|0|2|2|0|2|2|1|2|0|3|5|1|0|7|0|1|0|2|2|0|1|1|0|1|1|0|1|0|2|1|0|1|0|0|3|3|2|2|3|3|0|3|1|0|0|4|2|0|0|1|0|0|1|2|0|1|0|1|2|1|0|2|0|0|0|0|1|0|2|4|2|1|3|3|0|1|4|8|3|3|4|12|4|7|3|3|7|4|5|9|7|8|6|6|7|4|11|6|7|8|8|14|10|9|5|9|12|8|6|17|9|9|19|14|4|13|7|8|10|7|8|5|7|10|16|18|13|12|18|9|12|7|9|9|8|17|10|14|11|2|3|6|6|5|11|5|9|13|4|3|6|4|2|11|12|3|4|8|2|6|7|8|12|9|13|7|10|8|9|14|14|6|9|20|17|14|16|21|14|9|8|15|13|15|11|12|13|19|14|6|12|5|7|6|12|7|13|5|6|8|10|1|7|6|2|3|3|6|6|2|4|4|3|0|0|4|2|1|1|0|0|3|1|0|3|2|2|0|2|1|4|1|1|0|0|3|1|0|0|1|0|0|0|0|0|0|1|0|0|0|0|0|1</HistCounts>
      </HistItem>
    </Histograms>
    <Metadata>
      <MDI key="BandName">Band_2</MDI>
      <MDI key="RepresentationType">ATHEMATIC</MDI>
      <MDI key="STATISTICS_COVARIANCES">-7.210499681263157e-05,0.004016342596493214,0.002170022750579345</MDI>
      <MDI key="STATISTICS_EXCLUDEDVALUES"></MDI>
      <MDI key="STATISTICS_MAXIMUM">0.42500001192093</MDI>
      <MDI key="STATISTICS_MEAN">0.27755753235732</MDI>
      <MDI key="STATISTICS_MEDIAN">0.276018</MDI>
      <MDI key="STATISTICS_MINIMUM">0.091750003397465</MDI>
      <MDI key="STATISTICS_SKIPFACTORX">1</MDI>
      <MDI key="STATISTICS_SKIPFACTORY">1</MDI>
      <MDI key="STATISTICS_STDDEV">0.063374621075737</MDI>
    </Metadata>
  </PAMRasterBand>
  <PAMRasterBand band="3">
    <Description>Band_3</Description>
    <Histograms>
      <HistItem>
        <HistMin>0.1567499935626984</HistMin>
        <HistMax>0.3412500023841858</HistMax>
        <BucketCount>256</BucketCount>
        <IncludeOutOfRange>1</IncludeOutOfRange>
        <Approximate>0</Approximate>
        <HistCounts>2|1|2|0|1|0|1|1|1|0|0|1|0|1|0|0|1|0|0|0|0|0|2|3|3|2|0|1|1|0|1|2|8|0|6|1|1|1|1|1|0|1|3|1|1|0|0|1|0|1|5|2|2|1|2|0|2|1|0|1|0|1|2|2|1|1|2|6|0|2|8|3|4|0|1|7|1|1|8|5|5|7|8|4|4|6|8|4|10|9|6|8|11|6|10|21|12|12|12|8|8|6|6|11|20|12|4|8|12|11|11|4|5|8|5|16|12|16|16|11|18|10|3|12|11|8|14|13|7|20|10|3|9|12|10|8|2|3|8|4|8|6|5|6|0|5|12|5|6|4|0|2|7|6|7|6|3|12|6|5|6|8|10|2|12|9|9|6|9|6|11|10|18|15|15|19|18|6|14|9|19|5|13|9|4|16|12|12|7|4|11|10|13|8|8|10|8|8|5|1|5|10|6|6|7|6|5|4|8|1|6|4|2|5|4|1|4|5|4|0|0|3|3|0|1|0|1|3|1|5|0|0|2|1|3|3|1|2|2|0|3|0|3|0|1|0|0|0|0|0|0|0|0|0|0|1</HistCounts>
      </HistItem>
    </Histograms>
    <Metadata>
      <MDI key="BandName">Band_3</MDI>
      <MDI key="RepresentationType">ATHEMATIC</MDI>
      <MDI key="STATISTICS_COVARIANCES">0.0002750229878047122,0.002170022750579345,0.001241832815173564</MDI>
      <MDI key="STATISTICS_EXCLUDEDVALUES"></MDI>
      <MDI key="STATISTICS_MAXIMUM">0.34125000238419</MDI>
      <MDI key="STATISTICS_MEAN">0.25757229358612</MDI>
      <MDI key="STATISTICS_MEDIAN">0.254426</MDI>
      <MDI key="STATISTICS_MINIMUM">0.1567499935627</MDI>
      <MDI key="STATISTICS_SKIPFACTORX">1</MDI>
      <MDI key="STATISTICS_SKIPFACTORY">1</MDI>
      <MDI key="STATISTICS_STDDEV">0.035239648340663</MDI>
    </Metadata>
  </PAMRasterBand>
</PAMDataset>
