<PAMDataset>
  <Metadata>
    <MDI key="DataType">Generic</MDI>
  </Metadata>
  <PAMRasterBand band="1">
    <Description>Band_1</Description>
    <Histograms>
      <HistItem>
        <HistMin>0.5090000033378601</HistMin>
        <HistMax>0.909250020980835</HistMax>
        <BucketCount>256</BucketCount>
        <IncludeOutOfRange>1</IncludeOutOfRange>
        <Approximate>0</Approximate>
        <HistCounts>1|1|0|0|0|0|0|0|0|0|1|0|0|1|0|0|2|0|0|0|0|0|0|3|0|3|0|1|0|2|1|2|7|2|0|0|1|2|2|1|6|4|2|6|2|11|5|6|11|4|10|13|19|9|24|7|12|18|21|24|29|24|17|20|20|19|24|17|19|9|9|23|16|22|22|20|12|21|15|20|21|11|15|19|20|15|18|18|18|29|11|10|10|18|11|8|7|7|13|2|9|5|3|5|8|3|2|11|7|13|2|7|3|1|4|3|5|2|0|7|3|4|5|4|1|1|3|8|0|3|2|7|6|4|2|5|8|2|10|6|4|2|7|4|7|2|4|0|2|6|6|2|0|3|4|6|2|3|2|3|1|0|1|3|1|3|0|1|3|0|0|0|0|1|0|3|0|0|1|0|0|1|0|2|0|1|2|2|1|0|0|0|0|0|0|0|0|0|0|0|0|0|0|0|1|0|0|0|0|0|0|0|0|0|0|0|0|0|0|0|0|0|0|0|1|0|1|0|0|0|0|0|0|0|0|0|0|0|0|0|0|0|0|0|0|0|0|1|0|0|0|0|0|0|0|1</HistCounts>
      </HistItem>
    </Histograms>
    <Metadata>
      <MDI key="BandName">Band_1</MDI>
      <MDI key="RepresentationType">ATHEMATIC</MDI>
      <MDI key="STATISTICS_COVARIANCES">0.002709934376462187,0.0004237247086774478,0.0003619609768651674</MDI>
      <MDI key="STATISTICS_EXCLUDEDVALUES"></MDI>
      <MDI key="STATISTICS_MAXIMUM">0.90925002098083</MDI>
      <MDI key="STATISTICS_MEAN">0.64268178042997</MDI>
      <MDI key="STATISTICS_MEDIAN">0.631429</MDI>
      <MDI key="STATISTICS_MINIMUM">0.50900000333786</MDI>
      <MDI key="STATISTICS_SKIPFACTORX">1</MDI>
      <MDI key="STATISTICS_SKIPFACTORY">1</MDI>
      <MDI key="STATISTICS_STDDEV">0.052057030038816</MDI>
    </Metadata>
  </PAMRasterBand>
  <PAMRasterBand band="2">
    <Description>Band_2</Description>
    <Histograms>
      <HistItem>
        <HistMin>0.1247500032186508</HistMin>
        <HistMax>0.3129999935626984</HistMax>
        <BucketCount>256</BucketCount>
        <IncludeOutOfRange>1</IncludeOutOfRange>
        <Approximate>0</Approximate>
        <HistCounts>2|4|0|0|0|0|0|0|3|0|1|0|1|1|0|1|0|1|0|1|1|0|0|0|4|0|0|0|2|2|0|2|0|0|1|0|0|0|2|0|3|0|5|2|4|8|0|0|0|3|0|2|1|0|2|4|0|1|2|5|1|1|2|1|5|7|3|0|6|0|1|1|6|5|3|6|4|7|10|8|3|9|5|4|3|4|6|10|2|12|11|1|5|6|4|2|6|4|2|2|1|6|2|0|3|3|1|3|5|4|4|2|1|2|6|4|9|1|2|1|7|11|12|7|3|7|5|4|6|1|8|8|9|6|15|7|5|10|8|7|10|13|3|4|13|13|12|1|4|9|14|6|12|13|6|15|20|8|10|8|12|7|9|8|6|8|12|11|10|9|7|8|9|12|14|13|9|16|17|11|6|12|17|9|10|15|12|14|16|8|13|9|11|6|7|13|9|13|7|4|6|6|6|4|5|7|4|4|4|3|5|2|6|5|2|1|1|1|4|3|5|2|4|0|0|2|3|1|0|1|1|0|2|3|4|0|0|2|1|1|0|2|0|2|0|3|0|0|0|0|2|0|0|2|0|1</HistCounts>
      </HistItem>
    </Histograms>
    <Metadata>
      <MDI key="BandName">Band_2</MDI>
      <MDI key="RepresentationType">ATHEMATIC</MDI>
      <MDI key="STATISTICS_COVARIANCES">0.0004237247086774478,0.00134508692562,0.000828774938988677</MDI>
      <MDI key="STATISTICS_EXCLUDEDVALUES"></MDI>
      <MDI key="STATISTICS_MAXIMUM">0.3129999935627</MDI>
      <MDI key="STATISTICS_MEAN">0.23275188936545</MDI>
      <MDI key="STATISTICS_MEDIAN">0.239176</MDI>
      <MDI key="STATISTICS_MINIMUM">0.12475000321865</MDI>
      <MDI key="STATISTICS_SKIPFACTORX">1</MDI>
      <MDI key="STATISTICS_SKIPFACTORY">1</MDI>
      <MDI key="STATISTICS_STDDEV">0.03667542672717</MDI>
    </Metadata>
  </PAMRasterBand>
  <PAMRasterBand band="3">
    <Description>Band_3</Description>
    <Histograms>
      <HistItem>
        <HistMin>0.1609999984502792</HistMin>
        <HistMax>0.2829999923706055</HistMax>
        <BucketCount>256</BucketCount>
        <IncludeOutOfRange>1</IncludeOutOfRange>
        <Approximate>0</Approximate>
        <HistCounts>2|0|0|0|0|0|0|0|0|0|0|0|0|0|0|0|3|0|0|0|0|0|4|0|4|2|3|1|4|0|2|0|4|0|1|1|0|2|2|3|2|4|3|6|0|0|3|9|4|1|1|2|2|1|5|0|2|1|4|3|3|2|4|7|2|6|2|9|3|5|5|8|8|2|4|8|4|1|12|6|6|4|7|7|3|6|6|5|9|3|4|3|0|4|2|2|3|4|4|5|0|2|11|1|2|1|4|7|9|3|4|9|5|10|4|1|8|4|8|8|9|6|8|9|5|8|9|6|19|7|7|16|12|7|11|14|11|14|3|12|12|8|11|13|10|9|10|15|7|13|2|6|15|12|8|7|12|10|15|10|12|9|7|18|9|10|6|10|15|5|15|17|8|4|8|13|17|15|7|14|15|3|11|10|8|7|6|8|9|9|3|6|3|4|3|6|4|3|2|2|6|4|3|4|0|1|3|0|2|3|5|3|2|3|3|0|0|1|0|2|0|0|2|0|1|1|1|0|2|0|2|0|0|2|0|1|2|1|0|2|3|0|1|1|0|0|1|0|0|0|0|2|0|0|0|2</HistCounts>
      </HistItem>
    </Histograms>
    <Metadata>
      <MDI key="BandName">Band_3</MDI>
      <MDI key="RepresentationType">ATHEMATIC</MDI>
      <MDI key="STATISTICS_COVARIANCES">0.0003619609768651674,0.000828774938988677,0.000520687460081006</MDI>
      <MDI key="STATISTICS_EXCLUDEDVALUES"></MDI>
      <MDI key="STATISTICS_MAXIMUM">0.28299999237061</MDI>
      <MDI key="STATISTICS_MEAN">0.22595256110333</MDI>
      <MDI key="STATISTICS_MEDIAN">0.228937</MDI>
      <MDI key="STATISTICS_MINIMUM">0.16099999845028</MDI>
      <MDI key="STATISTICS_SKIPFACTORX">1</MDI>
      <MDI key="STATISTICS_SKIPFACTORY">1</MDI>
      <MDI key="STATISTICS_STDDEV">0.022818577082741</MDI>
    </Metadata>
  </PAMRasterBand>
</PAMDataset>
