<PAMDataset>
  <Metadata>
    <MDI key="DataType">Generic</MDI>
  </Metadata>
  <PAMRasterBand band="1">
    <Description>Band_1</Description>
    <Histograms>
      <HistItem>
        <HistMin>0.5789999961853027</HistMin>
        <HistMax>0.9352037310600281</HistMax>
        <BucketCount>256</BucketCount>
        <IncludeOutOfRange>1</IncludeOutOfRange>
        <Approximate>0</Approximate>
        <HistCounts>2|0|0|0|0|0|2|0|0|0|0|0|0|0|1|0|0|0|0|0|1|0|2|2|0|0|0|1|0|0|2|2|1|0|1|1|2|0|0|1|0|1|2|0|1|8|1|2|0|0|0|4|3|5|7|1|1|7|1|4|9|5|7|2|6|8|11|7|23|11|9|23|22|22|12|17|22|8|20|14|5|25|33|25|28|22|28|23|23|28|25|28|25|30|33|20|23|28|17|27|27|27|26|23|33|33|33|41|17|20|20|27|17|28|25|41|34|14|16|20|21|25|17|17|16|26|22|14|17|18|23|34|20|24|29|20|19|25|18|24|33|17|29|19|15|14|35|23|23|24|18|28|17|31|16|14|31|13|22|11|24|28|17|27|20|12|20|16|27|24|17|27|15|16|24|29|12|13|24|4|17|21|24|9|14|26|20|31|14|5|17|10|20|13|11|17|11|16|10|15|12|9|8|11|11|16|9|8|7|14|6|9|13|5|8|6|5|6|10|5|8|3|9|1|6|2|2|5|6|6|5|3|0|1|3|0|7|4|0|1|3|5|1|1|13|8|9|5|2|7|1|1|1|0|1|1</HistCounts>
      </HistItem>
    </Histograms>
    <Metadata>
      <MDI key="BandName">Band_1</MDI>
      <MDI key="RepresentationType">ATHEMATIC</MDI>
      <MDI key="STATISTICS_COVARIANCES">0.004158232842212691,0.001356143778271486,0.001028369572150175</MDI>
      <MDI key="STATISTICS_EXCLUDEDVALUES"></MDI>
      <MDI key="STATISTICS_MAXIMUM">0.93520373106003</MDI>
      <MDI key="STATISTICS_MEAN">0.7691066779111</MDI>
      <MDI key="STATISTICS_MEDIAN">0.764785</MDI>
      <MDI key="STATISTICS_MINIMUM">0.5789999961853</MDI>
      <MDI key="STATISTICS_SKIPFACTORX">1</MDI>
      <MDI key="STATISTICS_SKIPFACTORY">1</MDI>
      <MDI key="STATISTICS_STDDEV">0.064484361222026</MDI>
    </Metadata>
  </PAMRasterBand>
  <PAMRasterBand band="2">
    <Description>Band_2</Description>
    <Histograms>
      <HistItem>
        <HistMin>0.08224999904632568</HistMin>
        <HistMax>0.4137499928474426</HistMax>
        <BucketCount>256</BucketCount>
        <IncludeOutOfRange>1</IncludeOutOfRange>
        <Approximate>0</Approximate>
        <HistCounts>1|0|0|0|1|0|0|0|0|0|1|0|0|0|0|0|1|0|0|1|1|0|1|0|1|1|0|0|1|2|0|0|1|0|0|1|1|0|0|0|2|1|0|0|4|5|5|3|0|3|2|1|5|4|1|6|4|2|3|4|3|1|4|1|3|10|3|1|1|3|8|3|3|3|2|2|2|1|0|2|3|8|6|4|13|4|7|20|14|8|29|25|17|32|28|33|31|36|44|26|42|43|45|41|52|62|46|58|49|80|57|54|61|61|55|84|56|47|70|48|44|45|40|32|35|47|18|42|14|25|42|25|32|31|25|28|22|18|20|10|16|19|28|14|17|19|17|23|25|13|29|26|21|14|16|25|18|23|9|25|18|17|21|10|14|11|12|12|5|21|19|19|18|13|8|15|14|14|11|12|16|13|8|4|12|8|8|13|12|7|9|7|13|6|10|5|8|10|7|6|8|7|3|5|7|3|5|12|5|6|2|9|5|4|5|6|6|1|3|4|2|4|1|2|1|2|5|1|2|5|2|0|2|0|1|1|1|0|0|2|2|3|0|0|0|0|0|0|0|0|0|0|3|0|0|2</HistCounts>
      </HistItem>
    </Histograms>
    <Metadata>
      <MDI key="BandName">Band_2</MDI>
      <MDI key="RepresentationType">ATHEMATIC</MDI>
      <MDI key="STATISTICS_COVARIANCES">0.001356143778271486,0.002163493168895679,0.00135620283786749</MDI>
      <MDI key="STATISTICS_EXCLUDEDVALUES"></MDI>
      <MDI key="STATISTICS_MAXIMUM">0.41374999284744</MDI>
      <MDI key="STATISTICS_MEAN">0.24992097114082</MDI>
      <MDI key="STATISTICS_MEDIAN">0.236950</MDI>
      <MDI key="STATISTICS_MINIMUM">0.082249999046326</MDI>
      <MDI key="STATISTICS_SKIPFACTORX">1</MDI>
      <MDI key="STATISTICS_SKIPFACTORY">1</MDI>
      <MDI key="STATISTICS_STDDEV">0.046513365486661</MDI>
    </Metadata>
  </PAMRasterBand>
  <PAMRasterBand band="3">
    <Description>Band_3</Description>
    <Histograms>
      <HistItem>
        <HistMin>0.1515000015497208</HistMin>
        <HistMax>0.3610000014305115</HistMax>
        <BucketCount>256</BucketCount>
        <IncludeOutOfRange>1</IncludeOutOfRange>
        <Approximate>0</Approximate>
        <HistCounts>2|2|0|0|1|1|1|0|1|0|0|2|0|1|0|0|0|0|0|2|1|3|2|2|1|1|0|3|4|1|2|6|2|6|3|6|1|3|10|1|5|3|3|1|3|1|1|2|4|1|3|1|10|0|6|9|16|9|10|17|9|18|31|22|31|26|38|23|23|34|34|30|27|52|35|37|41|36|56|34|73|39|36|68|39|41|48|90|52|60|87|51|68|33|60|44|36|40|35|22|32|38|18|30|18|35|21|37|29|17|33|15|21|24|17|25|18|19|37|16|13|12|25|12|11|30|20|14|17|18|19|18|16|10|17|15|18|9|19|20|20|15|14|21|15|20|13|10|10|11|14|16|10|11|7|18|8|19|15|8|16|9|5|10|7|6|18|12|14|5|5|18|7|2|12|4|6|4|10|2|7|7|5|8|7|4|5|8|6|2|5|2|1|2|3|4|2|4|6|4|2|3|0|2|2|2|0|0|0|3|0|0|0|0|1|2|0|0|0|0|0|0|0|0|2|0|0|3|0|0|0|0|0|0|0|0|0|0|0|0|0|0|0|0|2|0|0|0|0|0|0|1|0|0|0|1</HistCounts>
      </HistItem>
    </Histograms>
    <Metadata>
      <MDI key="BandName">Band_3</MDI>
      <MDI key="RepresentationType">ATHEMATIC</MDI>
      <MDI key="STATISTICS_COVARIANCES">0.001028369572150175,0.00135620283786749,0.0008769476818295675</MDI>
      <MDI key="STATISTICS_EXCLUDEDVALUES"></MDI>
      <MDI key="STATISTICS_MAXIMUM">0.36100000143051</MDI>
      <MDI key="STATISTICS_MEAN">0.23672602862405</MDI>
      <MDI key="STATISTICS_MEDIAN">0.228727</MDI>
      <MDI key="STATISTICS_MINIMUM">0.15150000154972</MDI>
      <MDI key="STATISTICS_SKIPFACTORX">1</MDI>
      <MDI key="STATISTICS_SKIPFACTORY">1</MDI>
      <MDI key="STATISTICS_STDDEV">0.029613302447204</MDI>
    </Metadata>
  </PAMRasterBand>
</PAMDataset>
