<PAMDataset>
  <Metadata>
    <MDI key="DataType">Generic</MDI>
  </Metadata>
  <PAMRasterBand band="1">
    <Description>Band_1</Description>
    <Histograms>
      <HistItem>
        <HistMin>0.5302500128746033</HistMin>
        <HistMax>0.9247037172317505</HistMax>
        <BucketCount>256</BucketCount>
        <IncludeOutOfRange>1</IncludeOutOfRange>
        <Approximate>0</Approximate>
        <HistCounts>4|0|0|0|0|0|4|0|0|2|0|0|0|0|0|0|2|0|2|0|3|0|0|0|0|0|0|1|0|0|1|2|0|2|0|0|0|2|0|0|0|1|1|2|0|1|1|2|1|0|0|0|2|3|3|2|0|0|0|7|0|5|3|2|2|2|2|4|9|1|3|6|2|7|0|0|0|3|2|2|1|2|4|0|3|4|3|4|5|0|4|2|5|0|5|0|0|1|7|4|1|9|5|1|3|4|3|3|1|2|3|8|5|0|1|3|2|7|6|3|0|6|2|2|2|3|0|0|1|3|4|1|6|0|3|6|1|4|6|3|4|1|4|5|6|3|4|5|5|3|1|5|5|2|4|3|1|2|6|6|5|2|3|4|0|4|2|6|0|0|0|4|1|3|4|2|8|2|5|0|0|9|4|4|5|3|3|9|7|3|6|3|3|1|2|4|5|3|2|6|3|2|7|6|1|5|0|7|11|5|2|4|7|7|4|6|4|2|3|6|7|13|11|2|12|15|11|10|10|11|6|14|6|2|4|15|3|3|8|9|7|12|6|5|2|5|1|2|5|0|5|3|31|10|2|1</HistCounts>
      </HistItem>
    </Histograms>
    <Metadata>
      <MDI key="BandName">Band_1</MDI>
      <MDI key="RepresentationType">ATHEMATIC</MDI>
      <MDI key="STATISTICS_COVARIANCES">0.01008157468197102,0.001347734698907709,0.001326284881922077</MDI>
      <MDI key="STATISTICS_EXCLUDEDVALUES"></MDI>
      <MDI key="STATISTICS_MAXIMUM">0.92470371723175</MDI>
      <MDI key="STATISTICS_MEAN">0.7907414664732</MDI>
      <MDI key="STATISTICS_MEDIAN">0.813329</MDI>
      <MDI key="STATISTICS_MINIMUM">0.5302500128746</MDI>
      <MDI key="STATISTICS_SKIPFACTORX">1</MDI>
      <MDI key="STATISTICS_SKIPFACTORY">1</MDI>
      <MDI key="STATISTICS_STDDEV">0.10040704498177</MDI>
    </Metadata>
  </PAMRasterBand>
  <PAMRasterBand band="2">
    <Description>Band_2</Description>
    <Histograms>
      <HistItem>
        <HistMin>0.07275000214576721</HistMin>
        <HistMax>0.3757500052452087</HistMax>
        <BucketCount>256</BucketCount>
        <IncludeOutOfRange>1</IncludeOutOfRange>
        <Approximate>0</Approximate>
        <HistCounts>1|2|0|0|0|1|0|0|0|0|0|0|0|0|0|0|0|1|0|0|0|0|0|0|0|1|0|0|0|0|0|0|0|0|0|0|0|0|0|0|0|0|0|0|0|0|0|0|0|0|0|0|0|0|0|0|0|0|0|0|0|0|0|0|0|0|0|0|0|0|0|0|0|0|0|0|0|0|0|1|0|0|0|0|0|0|2|0|0|0|0|0|1|1|0|0|0|1|1|5|4|4|1|6|3|0|3|3|3|6|5|5|8|2|2|6|8|6|7|10|10|6|19|3|9|5|9|18|20|5|16|9|14|11|14|11|16|4|7|9|22|10|5|9|8|10|16|12|6|10|9|18|14|5|9|18|19|15|9|9|8|9|14|10|17|9|11|11|8|6|10|10|9|9|2|5|8|5|7|3|3|8|5|8|7|4|2|6|6|5|2|3|4|0|4|5|4|4|1|1|2|3|8|1|1|2|2|0|0|2|1|2|0|1|1|0|2|0|0|0|4|2|0|0|0|0|0|2|0|2|0|0|0|0|0|0|0|0|0|1|2|0|2|0|0|0|0|0|0|0|0|1|0|0|0|1</HistCounts>
      </HistItem>
    </Histograms>
    <Metadata>
      <MDI key="BandName">Band_2</MDI>
      <MDI key="RepresentationType">ATHEMATIC</MDI>
      <MDI key="STATISTICS_COVARIANCES">0.001347734698907709,0.001301385047016501,0.0009474840789061347</MDI>
      <MDI key="STATISTICS_EXCLUDEDVALUES"></MDI>
      <MDI key="STATISTICS_MAXIMUM">0.37575000524521</MDI>
      <MDI key="STATISTICS_MEAN">0.25102132050512</MDI>
      <MDI key="STATISTICS_MEDIAN">0.249797</MDI>
      <MDI key="STATISTICS_MINIMUM">0.072750002145767</MDI>
      <MDI key="STATISTICS_SKIPFACTORX">1</MDI>
      <MDI key="STATISTICS_SKIPFACTORY">1</MDI>
      <MDI key="STATISTICS_STDDEV">0.036074714787736</MDI>
    </Metadata>
  </PAMRasterBand>
  <PAMRasterBand band="3">
    <Description>Band_3</Description>
    <Histograms>
      <HistItem>
        <HistMin>0.1145000010728836</HistMin>
        <HistMax>0.3192499876022339</HistMax>
        <BucketCount>256</BucketCount>
        <IncludeOutOfRange>1</IncludeOutOfRange>
        <Approximate>0</Approximate>
        <HistCounts>1|0|1|2|0|0|0|0|0|0|0|0|0|0|0|0|0|1|0|0|0|0|0|0|0|1|0|0|0|0|0|0|0|0|0|0|0|0|0|0|0|0|0|0|0|0|0|0|0|0|0|0|0|0|0|0|0|0|0|0|0|0|1|0|0|0|0|0|0|0|0|0|0|2|1|0|3|0|2|1|0|4|2|2|3|3|4|4|2|5|8|1|3|2|4|6|3|6|4|10|2|4|4|12|8|4|12|9|7|12|10|6|4|8|11|10|11|4|18|13|5|12|6|11|6|10|4|11|8|9|10|6|7|9|6|9|12|5|11|2|9|17|7|7|9|17|15|16|11|7|4|20|11|10|7|9|8|14|13|10|4|11|3|13|8|13|3|6|5|10|12|3|1|2|6|15|1|5|2|1|4|5|3|4|2|2|4|7|4|2|3|5|1|6|2|6|1|0|1|3|1|0|3|0|0|3|0|1|1|0|1|0|4|1|0|0|0|0|2|0|0|1|0|0|0|0|0|2|0|0|0|0|0|1|0|0|0|0|0|0|0|0|0|0|2|0|0|0|0|0|2|0|0|0|0|1</HistCounts>
      </HistItem>
    </Histograms>
    <Metadata>
      <MDI key="BandName">Band_3</MDI>
      <MDI key="RepresentationType">ATHEMATIC</MDI>
      <MDI key="STATISTICS_COVARIANCES">0.001326284881922077,0.0009474840789061347,0.0007180703208138964</MDI>
      <MDI key="STATISTICS_EXCLUDEDVALUES"></MDI>
      <MDI key="STATISTICS_MAXIMUM">0.31924998760223</MDI>
      <MDI key="STATISTICS_MEAN">0.22636506960632</MDI>
      <MDI key="STATISTICS_MEDIAN">0.226912</MDI>
      <MDI key="STATISTICS_MINIMUM">0.11450000107288</MDI>
      <MDI key="STATISTICS_SKIPFACTORX">1</MDI>
      <MDI key="STATISTICS_SKIPFACTORY">1</MDI>
      <MDI key="STATISTICS_STDDEV">0.026796834156555</MDI>
    </Metadata>
  </PAMRasterBand>
</PAMDataset>
