<PAMDataset>
  <Metadata>
    <MDI key="DataType">Generic</MDI>
  </Metadata>
  <PAMRasterBand band="1">
    <Description>Band_1</Description>
    <Histograms>
      <HistItem>
        <HistMin>0.6225000023841858</HistMin>
        <HistMax>0.9285370111465454</HistMax>
        <BucketCount>256</BucketCount>
        <IncludeOutOfRange>1</IncludeOutOfRange>
        <Approximate>0</Approximate>
        <HistCounts>2|0|0|0|0|0|0|0|0|0|0|0|0|0|0|0|0|0|0|1|0|0|0|0|0|0|0|0|0|0|0|0|0|0|0|0|0|0|0|0|0|0|1|1|1|0|0|2|1|1|1|0|0|0|0|0|1|0|2|1|1|3|0|1|1|1|2|1|0|1|1|2|4|2|1|3|5|7|5|0|4|1|2|1|1|0|2|3|3|6|8|3|4|3|6|7|4|7|12|6|5|13|8|5|7|2|5|7|17|15|5|7|10|13|9|17|4|15|23|9|9|16|14|14|14|13|18|14|15|17|12|15|14|10|26|9|11|16|11|14|11|8|19|6|10|10|13|3|10|9|8|10|6|6|9|7|3|12|16|2|8|9|2|6|6|5|0|6|7|5|3|5|3|9|6|6|6|1|5|13|9|5|5|7|4|5|5|2|7|3|1|5|4|9|3|3|5|9|5|8|6|6|9|1|5|4|5|6|2|1|3|8|3|2|8|10|1|5|3|5|1|3|3|2|3|5|6|1|1|2|5|2|3|0|3|1|2|0|1|5|0|2|2|1|1|2|2|3|22|5|4|0|0|0|0|1</HistCounts>
      </HistItem>
    </Histograms>
    <Metadata>
      <MDI key="BandName">Band_1</MDI>
      <MDI key="RepresentationType">ATHEMATIC</MDI>
      <MDI key="STATISTICS_COVARIANCES">0.002911169726002486,0.0004136202537748273,0.0004417434699057885</MDI>
      <MDI key="STATISTICS_EXCLUDEDVALUES"></MDI>
      <MDI key="STATISTICS_MAXIMUM">0.92853701114655</MDI>
      <MDI key="STATISTICS_MEAN">0.79989052147495</MDI>
      <MDI key="STATISTICS_MEDIAN">0.788120</MDI>
      <MDI key="STATISTICS_MINIMUM">0.62250000238419</MDI>
      <MDI key="STATISTICS_SKIPFACTORX">1</MDI>
      <MDI key="STATISTICS_SKIPFACTORY">1</MDI>
      <MDI key="STATISTICS_STDDEV">0.053955256704074</MDI>
    </Metadata>
  </PAMRasterBand>
  <PAMRasterBand band="2">
    <Description>Band_2</Description>
    <Histograms>
      <HistItem>
        <HistMin>0.1212500035762787</HistMin>
        <HistMax>0.4732500016689301</HistMax>
        <BucketCount>256</BucketCount>
        <IncludeOutOfRange>1</IncludeOutOfRange>
        <Approximate>0</Approximate>
        <HistCounts>1|0|0|0|0|0|1|0|0|0|0|1|0|0|0|0|2|1|2|1|1|3|3|0|1|0|0|2|0|2|0|2|0|2|1|2|2|1|1|2|1|0|0|2|0|0|0|1|0|1|0|0|1|0|0|0|2|0|0|0|1|0|0|1|1|0|0|0|0|1|0|0|1|0|0|0|0|0|1|0|0|2|0|2|2|0|0|2|1|1|1|0|0|1|0|1|1|1|0|3|1|3|0|5|2|0|0|1|2|0|0|3|2|0|1|1|1|2|0|2|1|0|3|2|5|4|2|1|3|2|1|1|5|4|2|2|8|4|13|11|10|5|2|12|7|17|19|14|12|5|8|16|10|15|11|12|15|20|14|17|22|18|10|19|25|28|28|23|26|29|22|26|27|27|21|19|28|18|24|14|17|22|18|22|16|15|14|17|7|11|15|12|7|7|3|6|9|3|4|8|6|4|2|1|5|1|3|9|3|9|3|4|0|1|3|3|5|0|2|1|2|7|4|1|1|2|0|3|0|1|0|0|0|1|2|1|1|0|1|1|3|1|0|0|0|2|0|0|0|1|2|0|0|0|0|1</HistCounts>
      </HistItem>
    </Histograms>
    <Metadata>
      <MDI key="BandName">Band_2</MDI>
      <MDI key="RepresentationType">ATHEMATIC</MDI>
      <MDI key="STATISTICS_COVARIANCES">0.0004136202537748273,0.002526627881197013,0.00152820198408405</MDI>
      <MDI key="STATISTICS_EXCLUDEDVALUES"></MDI>
      <MDI key="STATISTICS_MAXIMUM">0.47325000166893</MDI>
      <MDI key="STATISTICS_MEAN">0.34693295702201</MDI>
      <MDI key="STATISTICS_MEDIAN">0.353156</MDI>
      <MDI key="STATISTICS_MINIMUM">0.12125000357628</MDI>
      <MDI key="STATISTICS_SKIPFACTORX">1</MDI>
      <MDI key="STATISTICS_SKIPFACTORY">1</MDI>
      <MDI key="STATISTICS_STDDEV">0.05026557351903</MDI>
    </Metadata>
  </PAMRasterBand>
  <PAMRasterBand band="3">
    <Description>Band_3</Description>
    <Histograms>
      <HistItem>
        <HistMin>0.1634999960660934</HistMin>
        <HistMax>0.3734999895095825</HistMax>
        <BucketCount>256</BucketCount>
        <IncludeOutOfRange>1</IncludeOutOfRange>
        <Approximate>0</Approximate>
        <HistCounts>1|0|0|0|1|0|0|1|0|0|3|1|2|2|1|0|0|0|1|1|1|1|2|1|1|2|2|1|2|1|1|1|1|1|0|0|2|1|0|2|0|0|1|0|0|1|1|0|0|1|0|0|0|0|0|0|0|1|0|1|0|0|0|0|0|1|2|1|1|0|1|0|0|0|4|1|0|2|1|0|2|1|0|1|1|1|0|0|1|1|0|1|0|0|1|1|0|2|3|3|2|1|0|3|0|6|0|2|1|2|1|2|5|4|0|3|1|5|0|9|3|2|2|1|3|2|3|6|2|7|13|14|10|3|20|5|14|14|11|16|18|11|19|14|15|9|17|13|15|17|17|21|10|22|16|23|26|22|21|31|28|17|22|25|25|24|16|11|27|22|28|12|15|17|12|17|15|15|11|16|7|5|4|7|2|5|3|4|9|3|10|10|6|3|1|4|4|1|6|3|3|7|3|0|4|3|2|2|1|7|2|4|1|3|5|1|2|4|5|1|0|1|1|0|2|6|3|4|1|1|0|0|1|0|0|0|0|2|0|0|1|0|2|0|5|2|0|0|0|0|0|0|0|0|0|2</HistCounts>
      </HistItem>
    </Histograms>
    <Metadata>
      <MDI key="BandName">Band_3</MDI>
      <MDI key="RepresentationType">ATHEMATIC</MDI>
      <MDI key="STATISTICS_COVARIANCES">0.0004417434699057885,0.00152820198408405,0.0009482787559407044</MDI>
      <MDI key="STATISTICS_EXCLUDEDVALUES"></MDI>
      <MDI key="STATISTICS_MAXIMUM">0.37349998950958</MDI>
      <MDI key="STATISTICS_MEAN">0.29110150435067</MDI>
      <MDI key="STATISTICS_MEDIAN">0.293618</MDI>
      <MDI key="STATISTICS_MINIMUM">0.16349999606609</MDI>
      <MDI key="STATISTICS_SKIPFACTORX">1</MDI>
      <MDI key="STATISTICS_SKIPFACTORY">1</MDI>
      <MDI key="STATISTICS_STDDEV">0.030794135089992</MDI>
    </Metadata>
  </PAMRasterBand>
</PAMDataset>
