<PAMDataset>
  <Metadata>
    <MDI key="DataType">Generic</MDI>
  </Metadata>
  <PAMRasterBand band="1">
    <Description>Band_1</Description>
    <Histograms>
      <HistItem>
        <HistMin>0.5879999995231628</HistMin>
        <HistMax>0.9251296520233154</HistMax>
        <BucketCount>256</BucketCount>
        <IncludeOutOfRange>1</IncludeOutOfRange>
        <Approximate>0</Approximate>
        <HistCounts>2|0|0|0|0|0|3|0|0|1|0|0|0|0|0|0|0|0|0|0|0|0|0|0|0|0|1|0|0|0|0|0|0|0|0|0|1|0|0|0|0|0|0|0|0|0|1|0|0|0|1|1|0|0|0|2|0|0|0|0|0|1|0|0|1|4|0|0|0|1|0|0|0|3|0|1|0|0|2|0|2|0|1|0|0|0|0|0|2|2|2|0|0|0|0|2|0|0|2|1|4|3|0|1|0|0|1|4|5|1|5|4|0|5|4|0|4|10|1|0|1|8|6|1|2|3|3|8|7|1|7|1|3|3|3|1|2|6|4|5|7|2|3|1|5|7|8|5|1|5|7|2|11|1|6|12|2|5|10|4|4|6|10|11|1|2|7|4|10|14|6|10|7|13|14|5|18|17|11|9|16|14|19|22|22|10|11|19|22|21|13|13|14|22|19|13|19|16|7|14|15|20|10|7|9|10|9|13|7|4|2|6|4|5|10|8|7|11|3|10|16|4|6|10|2|10|8|11|9|7|4|4|8|3|5|5|5|2|5|4|2|10|0|0|1|3|2|2|4|3|0|10|0|1|0|1</HistCounts>
      </HistItem>
    </Histograms>
    <Metadata>
      <MDI key="BandName">Band_1</MDI>
      <MDI key="RepresentationType">ATHEMATIC</MDI>
      <MDI key="STATISTICS_COVARIANCES">0.002821177897907969,0.001508898520607065,0.00105453864718168</MDI>
      <MDI key="STATISTICS_EXCLUDEDVALUES"></MDI>
      <MDI key="STATISTICS_MAXIMUM">0.92512965202332</MDI>
      <MDI key="STATISTICS_MEAN">0.8262755315473</MDI>
      <MDI key="STATISTICS_MEDIAN">0.833906</MDI>
      <MDI key="STATISTICS_MINIMUM">0.58799999952316</MDI>
      <MDI key="STATISTICS_SKIPFACTORX">1</MDI>
      <MDI key="STATISTICS_SKIPFACTORY">1</MDI>
      <MDI key="STATISTICS_STDDEV">0.053114761581955</MDI>
    </Metadata>
  </PAMRasterBand>
  <PAMRasterBand band="2">
    <Description>Band_2</Description>
    <Histograms>
      <HistItem>
        <HistMin>0.1482499986886978</HistMin>
        <HistMax>0.5357499718666077</HistMax>
        <BucketCount>256</BucketCount>
        <IncludeOutOfRange>1</IncludeOutOfRange>
        <Approximate>0</Approximate>
        <HistCounts>1|0|0|1|0|0|1|0|0|0|0|0|0|0|0|0|0|1|0|0|0|0|0|0|0|0|0|0|0|0|0|0|0|0|0|0|0|0|0|0|0|0|0|0|0|0|0|0|0|0|0|0|0|1|0|0|0|0|0|0|0|0|0|0|0|0|0|0|0|0|0|0|0|0|0|0|0|0|0|0|0|0|0|0|0|0|0|0|0|1|0|0|1|0|2|0|0|0|0|2|0|0|2|0|7|0|1|7|0|3|0|1|0|1|0|2|3|0|1|2|5|3|0|4|2|5|3|4|1|2|7|3|7|4|3|8|0|3|7|5|17|4|3|0|5|8|8|18|11|9|12|12|6|11|6|10|8|3|9|13|7|6|6|11|4|11|14|13|11|16|13|15|15|13|26|26|8|20|20|15|19|20|18|19|11|29|17|17|12|16|19|28|27|12|6|19|18|8|14|14|10|11|9|8|14|4|7|3|2|4|5|9|6|4|7|8|6|4|8|9|8|11|6|2|2|4|4|6|3|5|0|0|5|5|1|2|2|1|0|0|0|0|0|0|0|0|0|0|0|2|0|0|0|2|0|1</HistCounts>
      </HistItem>
    </Histograms>
    <Metadata>
      <MDI key="BandName">Band_2</MDI>
      <MDI key="RepresentationType">ATHEMATIC</MDI>
      <MDI key="STATISTICS_COVARIANCES">0.001508898520607065,0.002124720571506112,0.001334594704423856</MDI>
      <MDI key="STATISTICS_EXCLUDEDVALUES"></MDI>
      <MDI key="STATISTICS_MAXIMUM">0.53574997186661</MDI>
      <MDI key="STATISTICS_MEAN">0.41664600223705</MDI>
      <MDI key="STATISTICS_MEDIAN">0.420260</MDI>
      <MDI key="STATISTICS_MINIMUM">0.1482499986887</MDI>
      <MDI key="STATISTICS_SKIPFACTORX">1</MDI>
      <MDI key="STATISTICS_SKIPFACTORY">1</MDI>
      <MDI key="STATISTICS_STDDEV">0.046094691359267</MDI>
    </Metadata>
  </PAMRasterBand>
  <PAMRasterBand band="3">
    <Description>Band_3</Description>
    <Histograms>
      <HistItem>
        <HistMin>0.1922499984502792</HistMin>
        <HistMax>0.3964999914169312</HistMax>
        <BucketCount>256</BucketCount>
        <IncludeOutOfRange>1</IncludeOutOfRange>
        <Approximate>0</Approximate>
        <HistCounts>1|0|0|0|0|0|1|1|0|1|0|0|0|0|0|0|0|0|0|0|0|0|0|0|0|0|0|0|0|0|0|0|0|0|0|0|0|0|0|0|0|0|0|0|0|0|0|0|0|0|1|0|0|0|0|0|0|0|0|0|0|0|0|0|1|0|0|2|0|0|0|1|0|0|0|0|0|3|0|0|1|4|0|3|0|0|1|1|4|0|0|2|0|0|0|3|0|1|0|0|2|2|6|0|0|6|0|3|1|2|1|7|2|2|5|2|2|6|3|3|1|2|4|0|3|10|0|2|0|8|10|3|8|3|5|6|8|23|8|6|5|6|13|11|11|4|4|14|6|8|4|14|20|6|3|5|4|10|15|7|5|14|16|11|15|12|13|6|20|16|13|12|9|16|15|16|16|9|14|15|25|13|20|19|14|14|20|8|14|8|17|12|11|5|5|11|5|13|10|3|9|16|7|13|6|8|1|4|6|4|5|8|0|3|1|1|4|5|6|7|6|6|2|4|5|8|11|2|5|8|18|2|5|0|0|2|1|2|7|0|4|2|2|0|1|4|2|0|2|1|4|2|2|0|0|2</HistCounts>
      </HistItem>
    </Histograms>
    <Metadata>
      <MDI key="BandName">Band_3</MDI>
      <MDI key="RepresentationType">ATHEMATIC</MDI>
      <MDI key="STATISTICS_COVARIANCES">0.00105453864718168,0.001334594704423856,0.0008621002317919814</MDI>
      <MDI key="STATISTICS_EXCLUDEDVALUES"></MDI>
      <MDI key="STATISTICS_MAXIMUM">0.39649999141693</MDI>
      <MDI key="STATISTICS_MEAN">0.33035781602011</MDI>
      <MDI key="STATISTICS_MEDIAN">0.331621</MDI>
      <MDI key="STATISTICS_MINIMUM">0.19224999845028</MDI>
      <MDI key="STATISTICS_SKIPFACTORX">1</MDI>
      <MDI key="STATISTICS_SKIPFACTORY">1</MDI>
      <MDI key="STATISTICS_STDDEV">0.02936154341638</MDI>
    </Metadata>
  </PAMRasterBand>
</PAMDataset>
