<PAMDataset>
  <Metadata>
    <MDI key="DataType">Generic</MDI>
  </Metadata>
  <PAMRasterBand band="1">
    <Description>Band_1</Description>
    <Histograms>
      <HistItem>
        <HistMin>0.4415000081062317</HistMin>
        <HistMax>0.9554444551467896</HistMax>
        <BucketCount>256</BucketCount>
        <IncludeOutOfRange>1</IncludeOutOfRange>
        <Approximate>0</Approximate>
        <HistCounts>1|0|0|0|0|0|0|0|0|0|0|0|0|2|0|0|0|0|0|0|0|0|0|0|1|0|0|0|0|0|0|0|0|2|0|0|0|1|0|0|0|0|0|0|0|2|0|0|2|2|0|2|0|0|2|0|0|0|0|0|1|0|0|1|1|2|1|3|4|2|1|3|3|2|3|3|2|1|3|2|7|2|0|1|4|3|5|3|6|4|8|3|8|9|6|4|4|13|14|11|4|4|16|6|11|17|18|11|4|9|3|7|18|11|12|13|13|12|7|11|7|3|16|9|13|7|7|7|21|11|12|6|15|20|12|7|14|20|8|15|10|18|22|9|12|18|6|11|17|13|8|15|10|24|10|20|10|15|22|14|18|25|18|24|22|9|27|10|18|18|24|29|20|17|14|13|11|10|14|21|11|9|13|10|9|12|7|14|6|5|7|10|7|11|9|8|5|2|2|2|4|3|0|2|2|3|2|4|2|1|1|1|0|0|0|0|1|0|0|1|2|0|0|0|0|0|0|0|0|0|0|1|2|0|0|1|1|1|0|1|1|4|2|2|4|2|0|0|0|1|0|2|2|0|0|2</HistCounts>
      </HistItem>
    </Histograms>
    <Metadata>
      <MDI key="BandName">Band_1</MDI>
      <MDI key="RepresentationType">ATHEMATIC</MDI>
      <MDI key="STATISTICS_COVARIANCES">0.00544424508344044,0.001190612936433737,0.0009810470629638354</MDI>
      <MDI key="STATISTICS_EXCLUDEDVALUES"></MDI>
      <MDI key="STATISTICS_MAXIMUM">0.95544445514679</MDI>
      <MDI key="STATISTICS_MEAN">0.73493724566739</MDI>
      <MDI key="STATISTICS_MEDIAN">0.741805</MDI>
      <MDI key="STATISTICS_MINIMUM">0.44150000810623</MDI>
      <MDI key="STATISTICS_SKIPFACTORX">1</MDI>
      <MDI key="STATISTICS_SKIPFACTORY">1</MDI>
      <MDI key="STATISTICS_STDDEV">0.073785127793075</MDI>
    </Metadata>
  </PAMRasterBand>
  <PAMRasterBand band="2">
    <Description>Band_2</Description>
    <Histograms>
      <HistItem>
        <HistMin>0.1102500036358833</HistMin>
        <HistMax>0.488999992609024</HistMax>
        <BucketCount>256</BucketCount>
        <IncludeOutOfRange>1</IncludeOutOfRange>
        <Approximate>0</Approximate>
        <HistCounts>4|0|0|0|2|0|0|0|0|0|0|0|0|0|0|0|1|0|0|0|0|0|1|0|0|1|0|1|0|0|1|0|0|0|0|0|0|1|0|0|0|0|0|0|1|1|1|1|4|0|0|0|1|1|0|1|0|1|0|1|0|1|1|0|1|2|3|1|1|1|4|9|4|9|5|8|13|9|19|23|17|24|22|28|12|26|31|27|23|19|31|26|25|22|39|21|18|19|20|17|15|9|17|10|14|10|8|12|4|9|5|18|12|22|14|19|17|19|13|13|18|11|10|15|14|25|22|14|16|25|15|22|20|9|12|11|14|11|11|9|3|11|12|15|24|8|15|17|13|8|4|6|7|2|10|11|5|5|5|6|7|4|13|8|2|7|7|0|3|1|6|4|5|0|6|5|4|2|2|1|0|3|0|2|4|1|1|0|0|0|1|0|1|0|0|1|1|2|0|0|0|0|0|0|0|0|0|1|1|0|0|0|0|0|2|0|0|1|0|0|0|2|0|0|0|0|0|0|0|0|0|0|0|0|0|0|0|0|0|0|0|0|0|0|0|0|0|0|0|1|0|0|0|0|0|1</HistCounts>
      </HistItem>
    </Histograms>
    <Metadata>
      <MDI key="BandName">Band_2</MDI>
      <MDI key="RepresentationType">ATHEMATIC</MDI>
      <MDI key="STATISTICS_COVARIANCES">0.001190612936433737,0.002119440447589473,0.001310037686730859</MDI>
      <MDI key="STATISTICS_EXCLUDEDVALUES"></MDI>
      <MDI key="STATISTICS_MAXIMUM">0.48899999260902</MDI>
      <MDI key="STATISTICS_MEAN">0.2791030614149</MDI>
      <MDI key="STATISTICS_MEDIAN">0.275118</MDI>
      <MDI key="STATISTICS_MINIMUM">0.11025000363588</MDI>
      <MDI key="STATISTICS_SKIPFACTORX">1</MDI>
      <MDI key="STATISTICS_SKIPFACTORY">1</MDI>
      <MDI key="STATISTICS_STDDEV">0.046037380980997</MDI>
    </Metadata>
  </PAMRasterBand>
  <PAMRasterBand band="3">
    <Description>Band_3</Description>
    <Histograms>
      <HistItem>
        <HistMin>0.1727499961853027</HistMin>
        <HistMax>0.4437499940395355</HistMax>
        <BucketCount>256</BucketCount>
        <IncludeOutOfRange>1</IncludeOutOfRange>
        <Approximate>0</Approximate>
        <HistCounts>1|0|0|1|1|0|0|2|0|2|2|0|1|0|0|2|0|0|0|0|1|0|1|1|0|0|0|1|0|1|3|0|1|3|1|1|0|1|4|3|0|2|2|6|3|11|7|16|22|15|17|21|27|28|24|30|30|26|24|31|32|30|20|31|21|31|22|27|24|23|11|17|5|10|9|14|15|14|15|17|16|7|25|14|8|19|14|18|23|16|14|17|16|10|15|13|20|22|29|18|14|25|15|32|25|21|16|18|11|12|8|11|11|8|11|8|1|8|0|4|5|11|9|11|4|7|3|5|5|3|2|4|2|4|0|5|1|2|0|4|0|2|1|1|2|2|1|1|0|0|0|0|0|0|0|0|0|1|0|0|1|2|1|0|0|0|0|1|0|0|0|1|1|0|0|1|0|0|0|0|0|0|0|0|0|0|0|0|0|0|0|0|0|0|0|0|0|0|0|0|0|0|0|2|0|0|0|0|0|0|1|0|0|0|0|0|0|0|0|0|0|0|0|0|0|0|0|2|0|0|0|0|0|0|0|0|0|0|0|0|0|0|0|0|0|1|0|0|0|0|0|0|0|0|0|1</HistCounts>
      </HistItem>
    </Histograms>
    <Metadata>
      <MDI key="BandName">Band_3</MDI>
      <MDI key="RepresentationType">ATHEMATIC</MDI>
      <MDI key="STATISTICS_COVARIANCES">0.0009810470629638354,0.001310037686730859,0.0008635007824515729</MDI>
      <MDI key="STATISTICS_EXCLUDEDVALUES"></MDI>
      <MDI key="STATISTICS_MAXIMUM">0.44374999403954</MDI>
      <MDI key="STATISTICS_MEAN">0.25888129247695</MDI>
      <MDI key="STATISTICS_MEDIAN">0.255644</MDI>
      <MDI key="STATISTICS_MINIMUM">0.1727499961853</MDI>
      <MDI key="STATISTICS_SKIPFACTORX">1</MDI>
      <MDI key="STATISTICS_SKIPFACTORY">1</MDI>
      <MDI key="STATISTICS_STDDEV">0.029385383823452</MDI>
    </Metadata>
  </PAMRasterBand>
</PAMDataset>
