<PAMDataset>
  <Metadata>
    <MDI key="DataType">Generic</MDI>
  </Metadata>
  <PAMRasterBand band="1">
    <Description>Band_1</Description>
    <Histograms>
      <HistItem>
        <HistMin>0.5947499871253967</HistMin>
        <HistMax>0.9370555281639099</HistMax>
        <BucketCount>256</BucketCount>
        <IncludeOutOfRange>1</IncludeOutOfRange>
        <Approximate>0</Approximate>
        <HistCounts>2|0|0|0|0|3|0|0|0|0|0|0|0|0|2|1|0|2|0|1|0|0|0|0|2|1|0|0|2|2|2|3|2|0|0|1|0|0|3|2|1|2|1|4|1|0|2|1|1|0|2|2|0|1|5|3|2|2|1|2|3|3|3|1|2|3|6|2|2|1|6|2|1|2|2|4|3|3|0|3|8|3|3|7|1|9|6|1|4|10|2|4|7|4|8|0|7|2|6|10|5|4|10|9|12|11|6|5|6|13|6|4|13|10|13|12|8|14|13|19|10|24|13|12|14|8|6|7|11|18|13|8|23|14|12|7|2|5|21|5|8|5|7|14|6|4|6|5|3|4|6|6|6|5|4|4|5|2|6|4|3|4|2|1|7|2|1|0|2|7|2|9|10|1|3|2|3|1|4|1|7|6|5|1|9|5|5|4|5|4|1|2|4|6|6|4|1|3|1|7|1|5|7|5|5|2|3|3|2|8|4|2|1|9|3|3|2|8|3|9|4|6|7|3|5|3|11|9|6|5|4|3|7|3|3|2|4|2|4|3|6|1|35|48|24|20|5|6|1|4|1|1|1|5|1|1</HistCounts>
      </HistItem>
    </Histograms>
    <Metadata>
      <MDI key="BandName">Band_1</MDI>
      <MDI key="RepresentationType">ATHEMATIC</MDI>
      <MDI key="STATISTICS_COVARIANCES">0.006407362314524201,-0.006050766046432273,-0.003317860983362424</MDI>
      <MDI key="STATISTICS_EXCLUDEDVALUES"></MDI>
      <MDI key="STATISTICS_MAXIMUM">0.93705552816391</MDI>
      <MDI key="STATISTICS_MEAN">0.79882828608587</MDI>
      <MDI key="STATISTICS_MEDIAN">0.779998</MDI>
      <MDI key="STATISTICS_MINIMUM">0.5947499871254</MDI>
      <MDI key="STATISTICS_SKIPFACTORX">1</MDI>
      <MDI key="STATISTICS_SKIPFACTORY">1</MDI>
      <MDI key="STATISTICS_STDDEV">0.080046001240063</MDI>
    </Metadata>
  </PAMRasterBand>
  <PAMRasterBand band="2">
    <Description>Band_2</Description>
    <Histograms>
      <HistItem>
        <HistMin>0.04699999839067459</HistMin>
        <HistMax>0.4830000102519989</HistMax>
        <BucketCount>256</BucketCount>
        <IncludeOutOfRange>1</IncludeOutOfRange>
        <Approximate>0</Approximate>
        <HistCounts>2|0|0|2|0|0|0|0|0|0|0|0|2|0|1|0|0|0|0|0|0|0|0|0|0|0|1|0|1|1|1|0|0|0|0|1|2|0|1|0|1|0|3|1|1|0|1|1|1|0|1|3|2|3|1|2|3|2|3|3|1|3|4|2|4|4|2|9|1|6|7|5|8|1|6|10|3|5|10|9|6|0|6|6|10|14|10|4|5|2|6|12|5|6|12|4|2|10|6|7|13|3|2|6|5|8|5|6|7|4|6|5|11|5|7|6|5|1|2|0|3|5|2|4|1|2|2|2|0|1|1|1|3|1|3|0|0|0|1|1|2|1|1|1|2|2|1|1|0|1|3|1|2|1|0|2|1|2|0|0|2|0|0|0|1|6|1|2|3|1|4|1|3|3|0|2|3|0|3|6|9|4|8|6|8|1|3|2|10|8|7|2|6|11|4|18|9|21|8|21|13|19|23|11|7|13|21|19|18|31|17|15|16|15|14|21|22|18|15|15|22|16|27|7|12|12|8|3|12|8|3|12|9|20|9|8|6|7|4|4|2|3|4|4|4|7|7|3|2|1|1|0|1|1|0|1</HistCounts>
      </HistItem>
    </Histograms>
    <Metadata>
      <MDI key="BandName">Band_2</MDI>
      <MDI key="RepresentationType">ATHEMATIC</MDI>
      <MDI key="STATISTICS_COVARIANCES">-0.006050766046432273,0.01098524619510766,0.006298379485018382</MDI>
      <MDI key="STATISTICS_EXCLUDEDVALUES"></MDI>
      <MDI key="STATISTICS_MAXIMUM">0.483000010252</MDI>
      <MDI key="STATISTICS_MEAN">0.33471201770187</MDI>
      <MDI key="STATISTICS_MEDIAN">0.383831</MDI>
      <MDI key="STATISTICS_MINIMUM">0.046999998390675</MDI>
      <MDI key="STATISTICS_SKIPFACTORX">1</MDI>
      <MDI key="STATISTICS_SKIPFACTORY">1</MDI>
      <MDI key="STATISTICS_STDDEV">0.10481052521149</MDI>
    </Metadata>
  </PAMRasterBand>
  <PAMRasterBand band="3">
    <Description>Band_3</Description>
    <Histograms>
      <HistItem>
        <HistMin>0.09600000083446503</HistMin>
        <HistMax>0.3637500107288361</HistMax>
        <BucketCount>256</BucketCount>
        <IncludeOutOfRange>1</IncludeOutOfRange>
        <Approximate>0</Approximate>
        <HistCounts>1|0|0|0|0|0|0|0|0|0|0|0|0|0|0|0|0|0|1|0|0|0|0|0|0|0|0|0|0|0|1|0|0|0|0|0|1|3|2|1|0|1|2|0|2|1|1|0|0|2|0|0|0|3|0|0|1|3|2|2|3|4|1|2|2|3|1|4|3|1|5|7|2|5|5|3|6|6|3|3|8|6|16|5|4|6|0|0|7|10|2|7|9|7|7|7|2|7|6|3|9|9|3|9|9|13|3|3|8|9|4|5|3|2|4|3|8|7|7|8|5|3|6|5|0|6|8|5|3|1|2|3|3|2|0|1|1|1|4|4|4|0|1|1|1|0|1|3|2|0|2|1|4|3|3|3|1|1|0|0|0|1|1|1|1|1|3|1|0|2|4|3|3|4|6|6|7|2|6|6|6|3|6|5|7|5|8|8|5|8|12|9|8|7|12|17|14|14|9|15|17|8|17|14|8|17|14|22|11|19|19|17|16|10|18|10|20|21|16|15|21|18|24|22|8|11|7|12|9|6|10|11|12|5|3|14|3|4|7|1|7|2|7|6|4|12|5|1|2|0|0|3|2|0|1|1</HistCounts>
      </HistItem>
    </Histograms>
    <Metadata>
      <MDI key="BandName">Band_3</MDI>
      <MDI key="RepresentationType">ATHEMATIC</MDI>
      <MDI key="STATISTICS_COVARIANCES">-0.003317860983362424,0.006298379485018382,0.003648416369578843</MDI>
      <MDI key="STATISTICS_EXCLUDEDVALUES"></MDI>
      <MDI key="STATISTICS_MAXIMUM">0.36375001072884</MDI>
      <MDI key="STATISTICS_MEAN">0.27568528961714</MDI>
      <MDI key="STATISTICS_MEDIAN">0.300750</MDI>
      <MDI key="STATISTICS_MINIMUM">0.096000000834465</MDI>
      <MDI key="STATISTICS_SKIPFACTORX">1</MDI>
      <MDI key="STATISTICS_SKIPFACTORY">1</MDI>
      <MDI key="STATISTICS_STDDEV">0.060402122227442</MDI>
    </Metadata>
  </PAMRasterBand>
</PAMDataset>
