<PAMDataset>
  <Metadata>
    <MDI key="DataType">Generic</MDI>
  </Metadata>
  <PAMRasterBand band="1">
    <Description>Band_1</Description>
    <Histograms>
      <HistItem>
        <HistMin>0.7124999761581421</HistMin>
        <HistMax>0.9415925741195679</HistMax>
        <BucketCount>256</BucketCount>
        <IncludeOutOfRange>1</IncludeOutOfRange>
        <Approximate>0</Approximate>
        <HistCounts>1|0|0|0|0|0|0|0|0|0|0|0|0|0|0|0|1|0|0|0|0|0|0|0|0|0|0|0|1|0|0|0|0|0|1|0|1|1|2|0|0|0|0|0|0|0|0|0|0|1|1|0|0|1|0|0|1|1|1|0|0|0|1|0|0|2|0|1|0|0|0|0|1|2|1|1|0|0|4|1|2|2|6|1|1|5|4|1|2|8|2|2|3|0|0|3|4|2|1|7|2|6|6|3|5|3|5|5|4|5|7|4|11|5|4|10|17|15|1|5|13|11|10|7|6|6|10|7|17|17|2|10|15|4|13|9|3|8|6|13|14|8|9|18|13|8|10|4|6|19|7|8|9|6|5|4|3|5|9|5|6|1|3|3|9|5|3|3|5|3|2|1|0|4|3|0|4|2|4|1|3|0|1|3|1|1|1|0|3|0|3|3|0|2|1|1|1|3|0|2|4|4|3|3|1|0|0|3|2|0|0|2|2|4|1|2|4|4|5|3|3|0|1|1|7|0|2|1|4|3|6|43|40|40|43|58|58|40|73|78|57|80|74|41|5|0|0|0|0|0|0|2|0|2|0|2</HistCounts>
      </HistItem>
    </Histograms>
    <Metadata>
      <MDI key="BandName">Band_1</MDI>
      <MDI key="RepresentationType">ATHEMATIC</MDI>
      <MDI key="STATISTICS_COVARIANCES">0.002551113686246789,0.0008165067713146394,0.001027670265797205</MDI>
      <MDI key="STATISTICS_EXCLUDEDVALUES"></MDI>
      <MDI key="STATISTICS_MAXIMUM">0.94159257411957</MDI>
      <MDI key="STATISTICS_MEAN">0.88249891919133</MDI>
      <MDI key="STATISTICS_MEDIAN">0.920031</MDI>
      <MDI key="STATISTICS_MINIMUM">0.71249997615814</MDI>
      <MDI key="STATISTICS_SKIPFACTORX">1</MDI>
      <MDI key="STATISTICS_SKIPFACTORY">1</MDI>
      <MDI key="STATISTICS_STDDEV">0.050508550625085</MDI>
    </Metadata>
  </PAMRasterBand>
  <PAMRasterBand band="2">
    <Description>Band_2</Description>
    <Histograms>
      <HistItem>
        <HistMin>0.1102500036358833</HistMin>
        <HistMax>0.6492499709129333</HistMax>
        <BucketCount>256</BucketCount>
        <IncludeOutOfRange>1</IncludeOutOfRange>
        <Approximate>0</Approximate>
        <HistCounts>2|0|0|0|0|0|0|0|0|0|0|0|0|0|2|0|0|0|0|0|0|0|0|0|0|0|1|0|1|0|0|0|0|1|0|0|0|0|1|0|1|0|0|0|2|2|0|0|1|3|1|0|0|0|2|0|0|1|0|0|0|1|0|0|1|0|0|0|2|2|0|0|0|1|0|0|1|0|0|0|0|3|0|0|0|0|0|2|1|0|2|2|1|5|0|1|0|0|3|1|0|0|0|1|1|0|3|0|1|6|0|2|0|2|2|3|3|0|1|2|2|2|2|3|6|3|0|2|1|2|3|5|6|1|5|7|2|4|0|4|7|0|7|1|3|11|1|6|4|3|2|2|4|11|16|8|4|3|5|6|4|5|11|8|11|19|24|15|16|23|18|21|21|14|10|14|16|17|30|19|24|19|23|28|26|17|15|18|21|23|31|24|17|27|24|25|16|17|26|23|19|14|21|19|25|20|16|10|16|6|11|8|7|12|12|15|17|17|7|11|16|6|22|10|11|4|8|3|9|5|8|9|4|13|10|4|1|9|6|4|3|3|1|0|2|3|2|0|2|0|0|2|0|0|0|2</HistCounts>
      </HistItem>
    </Histograms>
    <Metadata>
      <MDI key="BandName">Band_2</MDI>
      <MDI key="RepresentationType">ATHEMATIC</MDI>
      <MDI key="STATISTICS_COVARIANCES">0.0008165067713146394,0.00564113023754901,0.004000363830423086</MDI>
      <MDI key="STATISTICS_EXCLUDEDVALUES"></MDI>
      <MDI key="STATISTICS_MAXIMUM">0.64924997091293</MDI>
      <MDI key="STATISTICS_MEAN">0.49864051864059</MDI>
      <MDI key="STATISTICS_MEDIAN">0.507630</MDI>
      <MDI key="STATISTICS_MINIMUM">0.11025000363588</MDI>
      <MDI key="STATISTICS_SKIPFACTORX">1</MDI>
      <MDI key="STATISTICS_SKIPFACTORY">1</MDI>
      <MDI key="STATISTICS_STDDEV">0.075107457935607</MDI>
    </Metadata>
  </PAMRasterBand>
  <PAMRasterBand band="3">
    <Description>Band_3</Description>
    <Histograms>
      <HistItem>
        <HistMin>0.177499994635582</HistMin>
        <HistMax>0.5252500176429749</HistMax>
        <BucketCount>256</BucketCount>
        <IncludeOutOfRange>1</IncludeOutOfRange>
        <Approximate>0</Approximate>
        <HistCounts>2|0|0|0|0|0|0|0|0|0|0|2|0|1|0|0|0|0|0|1|0|1|2|0|0|0|2|2|0|0|0|0|0|1|0|0|0|1|2|0|0|0|1|2|0|0|0|0|1|0|0|1|0|0|0|0|1|0|1|0|0|0|2|1|1|0|0|0|0|0|1|4|1|2|2|1|3|0|1|2|1|0|0|1|0|3|2|0|1|1|3|2|1|4|2|2|1|0|5|1|4|0|1|4|5|3|1|2|2|0|3|1|7|0|1|9|4|5|4|3|4|1|3|6|5|2|7|4|1|12|5|7|4|8|7|4|7|12|27|8|10|16|11|16|11|18|19|19|11|11|23|13|17|17|17|18|11|26|17|14|17|13|24|14|24|16|9|19|19|18|22|16|32|19|14|17|20|13|22|11|16|15|11|10|17|11|13|2|12|7|8|15|14|9|10|6|11|6|4|3|8|10|6|6|10|4|4|3|9|6|4|18|6|8|9|13|10|9|4|19|10|11|4|9|4|7|3|11|4|4|11|4|4|4|12|4|6|7|10|5|7|6|3|0|1|0|1|0|1|0|0|3|0|0|0|2</HistCounts>
      </HistItem>
    </Histograms>
    <Metadata>
      <MDI key="BandName">Band_3</MDI>
      <MDI key="RepresentationType">ATHEMATIC</MDI>
      <MDI key="STATISTICS_COVARIANCES">0.001027670265797205,0.004000363830423086,0.003007558084964711</MDI>
      <MDI key="STATISTICS_EXCLUDEDVALUES"></MDI>
      <MDI key="STATISTICS_MAXIMUM">0.52525001764297</MDI>
      <MDI key="STATISTICS_MEAN">0.40742786526477</MDI>
      <MDI key="STATISTICS_MEDIAN">0.406606</MDI>
      <MDI key="STATISTICS_MINIMUM">0.17749999463558</MDI>
      <MDI key="STATISTICS_SKIPFACTORX">1</MDI>
      <MDI key="STATISTICS_SKIPFACTORY">1</MDI>
      <MDI key="STATISTICS_STDDEV">0.054841207909424</MDI>
    </Metadata>
  </PAMRasterBand>
</PAMDataset>
