<PAMDataset>
  <Metadata>
    <MDI key="DataType">Generic</MDI>
  </Metadata>
  <PAMRasterBand band="1">
    <Description>Band_1</Description>
    <Histograms>
      <HistItem>
        <HistMin>0.578000009059906</HistMin>
        <HistMax>0.9223889112472534</HistMax>
        <BucketCount>256</BucketCount>
        <IncludeOutOfRange>1</IncludeOutOfRange>
        <Approximate>0</Approximate>
        <HistCounts>1|0|3|0|0|0|1|0|0|0|0|1|0|0|0|2|0|0|0|0|1|2|1|0|0|2|0|0|1|0|0|0|1|0|0|0|0|0|0|1|0|0|2|0|3|0|2|0|1|0|0|0|0|1|0|2|0|0|0|1|0|1|1|3|2|1|0|0|2|0|3|0|1|0|1|0|0|2|0|1|1|2|1|0|1|1|2|0|1|2|0|0|0|2|1|3|2|0|0|3|0|6|4|2|1|5|1|4|3|5|2|1|5|2|4|6|4|6|8|3|5|12|10|4|6|7|6|5|5|7|5|10|4|10|21|3|14|7|18|20|32|22|20|24|28|16|41|22|32|30|13|25|15|23|33|15|26|16|21|23|16|24|12|17|9|26|12|10|11|16|15|15|6|7|4|8|11|6|7|6|3|15|3|6|5|3|0|0|3|2|3|4|2|4|1|1|0|1|1|0|1|2|2|3|0|0|3|2|1|3|6|4|1|0|1|1|0|1|1|4|1|1|1|2|2|2|2|0|0|2|0|2|1|2|2|1|1|0|0|0|3|1|1|0|0|0|1|0|0|0|0|0|0|0|2|1</HistCounts>
      </HistItem>
    </Histograms>
    <Metadata>
      <MDI key="BandName">Band_1</MDI>
      <MDI key="RepresentationType">ATHEMATIC</MDI>
      <MDI key="STATISTICS_COVARIANCES">0.002087377345240194,4.350432089662901e-05,9.813977351851926e-05</MDI>
      <MDI key="STATISTICS_EXCLUDEDVALUES"></MDI>
      <MDI key="STATISTICS_MAXIMUM">0.92238891124725</MDI>
      <MDI key="STATISTICS_MEAN">0.77897361278328</MDI>
      <MDI key="STATISTICS_MEDIAN">0.779231</MDI>
      <MDI key="STATISTICS_MINIMUM">0.57800000905991</MDI>
      <MDI key="STATISTICS_SKIPFACTORX">1</MDI>
      <MDI key="STATISTICS_SKIPFACTORY">1</MDI>
      <MDI key="STATISTICS_STDDEV">0.045687824912554</MDI>
    </Metadata>
  </PAMRasterBand>
  <PAMRasterBand band="2">
    <Description>Band_2</Description>
    <Histograms>
      <HistItem>
        <HistMin>0.1535000056028366</HistMin>
        <HistMax>0.4670000076293945</HistMax>
        <BucketCount>256</BucketCount>
        <IncludeOutOfRange>1</IncludeOutOfRange>
        <Approximate>0</Approximate>
        <HistCounts>1|1|1|2|2|0|3|3|2|0|0|2|0|1|0|0|2|0|1|0|0|0|1|0|0|1|1|0|0|0|0|0|0|1|0|0|1|0|2|0|0|1|2|2|0|0|0|2|1|0|3|0|1|0|0|0|2|0|0|0|0|0|0|0|0|1|0|0|2|4|0|1|1|3|2|0|3|0|2|0|0|4|2|5|3|2|1|2|4|5|2|1|2|1|4|6|3|1|3|2|2|5|3|1|1|0|1|7|1|0|2|5|0|1|3|9|3|5|9|6|8|10|7|13|11|15|13|11|10|13|17|11|8|10|17|14|26|20|15|11|20|22|20|15|25|8|12|19|17|13|12|18|17|14|21|6|16|13|12|21|12|21|17|14|13|12|15|19|14|6|9|4|6|6|19|11|16|10|18|7|17|3|5|5|5|7|7|12|2|4|11|7|4|9|3|4|7|3|1|3|2|3|0|3|0|0|1|2|0|2|0|0|0|3|0|0|0|0|0|0|1|1|0|0|0|0|0|0|0|0|0|0|0|1|1|0|1|0|1|1|0|0|1|1|1|1|0|0|0|1|1|0|2|0|0|1</HistCounts>
      </HistItem>
    </Histograms>
    <Metadata>
      <MDI key="BandName">Band_2</MDI>
      <MDI key="RepresentationType">ATHEMATIC</MDI>
      <MDI key="STATISTICS_COVARIANCES">4.350432089662901e-05,0.002115338269659058,0.001319670274812387</MDI>
      <MDI key="STATISTICS_EXCLUDEDVALUES"></MDI>
      <MDI key="STATISTICS_MAXIMUM">0.46700000762939</MDI>
      <MDI key="STATISTICS_MEAN">0.33190250256588</MDI>
      <MDI key="STATISTICS_MEDIAN">0.334224</MDI>
      <MDI key="STATISTICS_MINIMUM">0.15350000560284</MDI>
      <MDI key="STATISTICS_SKIPFACTORX">1</MDI>
      <MDI key="STATISTICS_SKIPFACTORY">1</MDI>
      <MDI key="STATISTICS_STDDEV">0.045992806716475</MDI>
    </Metadata>
  </PAMRasterBand>
  <PAMRasterBand band="3">
    <Description>Band_3</Description>
    <Histograms>
      <HistItem>
        <HistMin>0.181999996304512</HistMin>
        <HistMax>0.414000004529953</HistMax>
        <BucketCount>256</BucketCount>
        <IncludeOutOfRange>1</IncludeOutOfRange>
        <Approximate>0</Approximate>
        <HistCounts>2|1|1|2|0|2|3|2|1|1|1|2|0|1|1|0|1|0|0|1|0|0|0|0|1|1|1|0|2|1|2|0|1|0|0|1|1|0|1|0|2|0|1|1|0|2|0|0|1|1|4|1|1|0|1|4|1|7|0|0|3|4|0|2|4|2|1|6|2|1|1|2|6|2|1|7|3|2|11|7|1|3|2|1|4|3|0|1|7|6|5|3|6|12|5|5|14|7|7|8|16|12|12|16|12|21|17|26|15|20|22|21|20|15|17|25|17|29|23|15|25|23|23|25|16|26|34|21|21|21|16|18|16|9|9|6|15|23|9|29|7|8|8|7|10|16|15|6|5|7|6|8|5|11|6|4|2|6|1|1|2|0|2|2|0|2|0|3|1|0|0|0|1|0|0|0|0|0|0|0|0|0|0|1|3|0|0|1|0|0|0|0|1|0|1|0|0|0|0|0|0|0|0|0|0|0|1|0|0|0|0|0|0|0|0|0|0|0|1|0|0|0|0|0|1|0|0|0|0|0|1|0|1|0|0|1|1|0|0|1|0|0|1|0|1|1|1|0|1|0|0|0|0|1|1|1</HistCounts>
      </HistItem>
    </Histograms>
    <Metadata>
      <MDI key="BandName">Band_3</MDI>
      <MDI key="RepresentationType">ATHEMATIC</MDI>
      <MDI key="STATISTICS_COVARIANCES">9.813977351851926e-05,0.001319670274812387,0.0008594886042115244</MDI>
      <MDI key="STATISTICS_EXCLUDEDVALUES"></MDI>
      <MDI key="STATISTICS_MAXIMUM">0.41400000452995</MDI>
      <MDI key="STATISTICS_MEAN">0.2876986626076</MDI>
      <MDI key="STATISTICS_MEDIAN">0.289357</MDI>
      <MDI key="STATISTICS_MINIMUM">0.18199999630451</MDI>
      <MDI key="STATISTICS_SKIPFACTORX">1</MDI>
      <MDI key="STATISTICS_SKIPFACTORY">1</MDI>
      <MDI key="STATISTICS_STDDEV">0.029317036074807</MDI>
    </Metadata>
  </PAMRasterBand>
</PAMDataset>
