<PAMDataset>
  <Metadata>
    <MDI key="DataType">Generic</MDI>
  </Metadata>
  <PAMRasterBand band="1">
    <Description>Band_1</Description>
    <Histograms>
      <HistItem>
        <HistMin>0.5407500267028809</HistMin>
        <HistMax>0.9340000152587891</HistMax>
        <BucketCount>256</BucketCount>
        <IncludeOutOfRange>1</IncludeOutOfRange>
        <Approximate>0</Approximate>
        <HistCounts>2|0|0|0|0|0|0|0|0|0|0|0|0|0|0|0|0|0|0|0|2|0|0|0|0|0|0|0|0|0|0|0|0|0|0|0|0|0|0|0|0|0|0|0|0|1|0|0|0|0|0|0|0|0|0|0|0|1|0|0|0|0|1|0|0|0|0|0|0|0|0|0|0|0|0|0|0|0|0|0|0|0|0|0|0|0|0|3|3|1|0|0|0|1|2|0|2|0|1|0|0|2|0|1|0|0|0|2|1|2|2|0|0|0|1|3|0|2|0|4|0|2|5|1|6|4|1|7|9|4|5|11|5|6|1|11|13|11|6|17|10|6|8|7|10|5|7|6|6|2|5|4|5|6|5|6|0|3|3|5|2|1|5|4|8|4|4|4|1|3|7|5|3|7|10|6|7|8|8|8|8|7|9|9|9|8|16|16|7|9|7|18|7|2|5|9|8|6|5|7|4|9|4|2|2|4|3|4|2|3|3|1|1|1|3|6|2|7|2|5|2|3|5|4|4|4|4|11|10|5|6|4|1|4|1|4|4|3|3|4|6|6|1|8|3|12|24|11|14|5|8|0|0|1|3|2</HistCounts>
      </HistItem>
    </Histograms>
    <Metadata>
      <MDI key="BandName">Band_1</MDI>
      <MDI key="RepresentationType">ATHEMATIC</MDI>
      <MDI key="STATISTICS_COVARIANCES">0.004476452772045061,8.853832952217037e-05,0.0002556871569637102</MDI>
      <MDI key="STATISTICS_EXCLUDEDVALUES"></MDI>
      <MDI key="STATISTICS_MAXIMUM">0.93400001525879</MDI>
      <MDI key="STATISTICS_MEAN">0.82030348452119</MDI>
      <MDI key="STATISTICS_MEDIAN">0.822965</MDI>
      <MDI key="STATISTICS_MINIMUM">0.54075002670288</MDI>
      <MDI key="STATISTICS_SKIPFACTORX">1</MDI>
      <MDI key="STATISTICS_SKIPFACTORY">1</MDI>
      <MDI key="STATISTICS_STDDEV">0.066906298448241</MDI>
    </Metadata>
  </PAMRasterBand>
  <PAMRasterBand band="2">
    <Description>Band_2</Description>
    <Histograms>
      <HistItem>
        <HistMin>0.09300000220537186</HistMin>
        <HistMax>0.4569999873638153</HistMax>
        <BucketCount>256</BucketCount>
        <IncludeOutOfRange>1</IncludeOutOfRange>
        <Approximate>0</Approximate>
        <HistCounts>1|6|0|0|0|0|0|0|0|0|0|0|1|0|0|0|0|0|0|0|0|0|0|0|0|0|0|0|1|0|0|4|1|0|2|3|2|1|2|2|0|0|0|0|3|0|2|0|0|0|0|1|0|2|3|1|0|2|0|3|2|6|1|2|0|6|2|5|0|3|1|3|1|3|0|3|4|1|4|3|7|7|3|10|8|0|5|1|3|3|3|6|12|11|7|13|12|8|10|3|9|9|9|7|13|10|5|13|5|12|9|7|9|10|9|8|5|3|9|7|3|4|8|5|1|7|7|3|12|8|7|12|7|7|3|1|7|11|5|12|18|10|12|8|12|14|13|11|14|14|8|11|8|8|5|9|4|5|6|14|7|9|4|8|6|7|4|3|0|4|5|1|1|4|1|1|3|0|0|2|0|0|3|1|1|0|0|1|0|1|1|2|0|0|0|0|0|0|0|0|0|0|0|0|0|0|0|0|0|0|0|0|0|0|0|0|0|0|0|0|0|0|0|0|0|0|0|0|0|0|0|0|0|0|0|0|0|0|0|0|0|0|0|0|0|0|0|0|0|0|0|0|0|0|0|2</HistCounts>
      </HistItem>
    </Histograms>
    <Metadata>
      <MDI key="BandName">Band_2</MDI>
      <MDI key="RepresentationType">ATHEMATIC</MDI>
      <MDI key="STATISTICS_COVARIANCES">8.853832952217037e-05,0.002557086056504475,0.001554022054249812</MDI>
      <MDI key="STATISTICS_EXCLUDEDVALUES"></MDI>
      <MDI key="STATISTICS_MAXIMUM">0.45699998736382</MDI>
      <MDI key="STATISTICS_MEAN">0.26389647761477</MDI>
      <MDI key="STATISTICS_MEDIAN">0.267149</MDI>
      <MDI key="STATISTICS_MINIMUM">0.093000002205372</MDI>
      <MDI key="STATISTICS_SKIPFACTORX">1</MDI>
      <MDI key="STATISTICS_SKIPFACTORY">1</MDI>
      <MDI key="STATISTICS_STDDEV">0.050567638431159</MDI>
    </Metadata>
  </PAMRasterBand>
  <PAMRasterBand band="3">
    <Description>Band_3</Description>
    <Histograms>
      <HistItem>
        <HistMin>0.1480000019073486</HistMin>
        <HistMax>0.3567500114440918</HistMax>
        <BucketCount>256</BucketCount>
        <IncludeOutOfRange>1</IncludeOutOfRange>
        <Approximate>0</Approximate>
        <HistCounts>1|0|0|0|0|0|0|1|1|0|2|2|1|0|0|0|0|0|0|0|0|0|0|0|0|0|0|0|0|0|0|2|5|1|3|3|1|0|0|2|0|0|0|1|0|0|0|0|0|3|0|2|0|1|2|0|4|1|2|2|2|1|0|2|0|5|3|0|2|3|4|0|3|6|1|2|0|5|4|5|7|6|3|4|1|4|5|5|7|3|7|10|11|8|10|11|8|5|16|8|7|10|5|7|11|12|6|12|2|2|3|11|6|9|4|6|10|1|8|6|8|2|2|6|5|3|12|11|3|5|8|4|7|8|7|4|5|4|7|5|4|3|16|11|6|7|13|6|16|18|7|10|8|14|12|10|9|12|3|9|7|4|1|7|7|3|7|5|10|5|4|3|10|5|9|4|4|2|8|2|0|3|3|1|0|0|1|0|0|4|0|0|3|0|0|0|2|0|1|0|0|0|0|0|0|0|0|1|0|0|0|3|0|0|0|0|0|0|0|0|0|0|0|0|0|0|0|0|0|0|0|0|0|0|0|0|0|0|0|0|0|0|0|0|0|0|0|0|0|0|0|0|0|0|0|2</HistCounts>
      </HistItem>
    </Histograms>
    <Metadata>
      <MDI key="BandName">Band_3</MDI>
      <MDI key="RepresentationType">ATHEMATIC</MDI>
      <MDI key="STATISTICS_COVARIANCES">0.0002556871569637102,0.001554022054249812,0.0009613748603562498</MDI>
      <MDI key="STATISTICS_EXCLUDEDVALUES"></MDI>
      <MDI key="STATISTICS_MAXIMUM">0.35675001144409</MDI>
      <MDI key="STATISTICS_MEAN">0.24927255885194</MDI>
      <MDI key="STATISTICS_MEDIAN">0.251147</MDI>
      <MDI key="STATISTICS_MINIMUM">0.14800000190735</MDI>
      <MDI key="STATISTICS_SKIPFACTORX">1</MDI>
      <MDI key="STATISTICS_SKIPFACTORY">1</MDI>
      <MDI key="STATISTICS_STDDEV">0.031006045545284</MDI>
    </Metadata>
  </PAMRasterBand>
</PAMDataset>
