<PAMDataset>
  <Metadata>
    <MDI key="DataType">Generic</MDI>
  </Metadata>
  <PAMRasterBand band="1">
    <Description>Band_1</Description>
    <Histograms>
      <HistItem>
        <HistMin>0.5417500138282776</HistMin>
        <HistMax>0.9271110892295837</HistMax>
        <BucketCount>256</BucketCount>
        <IncludeOutOfRange>1</IncludeOutOfRange>
        <Approximate>0</Approximate>
        <HistCounts>1|0|0|0|0|0|0|0|0|0|0|0|0|0|0|0|0|0|0|0|0|0|0|0|0|0|0|0|0|0|0|1|0|0|0|0|0|0|0|0|0|0|0|0|0|0|0|0|0|0|0|0|0|0|0|0|0|0|0|0|0|0|0|0|0|0|0|1|0|0|1|0|0|0|0|0|0|0|0|0|0|2|1|0|0|0|0|0|0|0|0|0|0|1|0|1|0|0|0|0|0|0|0|0|0|0|0|0|0|0|0|0|0|1|1|1|0|0|0|0|1|0|0|0|0|0|0|1|2|0|1|1|0|0|0|0|1|0|0|1|1|1|1|2|1|0|2|1|2|2|0|0|1|2|2|2|4|2|3|4|2|1|6|3|8|8|9|11|7|14|4|8|8|6|19|15|9|12|15|8|12|9|9|14|10|13|17|18|11|9|10|7|6|9|12|13|19|9|11|20|18|12|14|4|13|12|16|11|19|11|10|18|12|10|11|4|12|4|11|7|2|6|1|6|6|4|8|6|3|5|3|2|3|3|1|1|4|1|2|4|1|1|2|0|1|5|0|2|1|2|12|13|2|4|0|1</HistCounts>
      </HistItem>
    </Histograms>
    <Metadata>
      <MDI key="BandName">Band_1</MDI>
      <MDI key="RepresentationType">ATHEMATIC</MDI>
      <MDI key="STATISTICS_COVARIANCES">0.001846118196924044,-0.0004392681059098625,-0.0002867678589337824</MDI>
      <MDI key="STATISTICS_EXCLUDEDVALUES"></MDI>
      <MDI key="STATISTICS_MAXIMUM">0.92711108922958</MDI>
      <MDI key="STATISTICS_MEAN">0.83594820068738</MDI>
      <MDI key="STATISTICS_MEDIAN">0.836438</MDI>
      <MDI key="STATISTICS_MINIMUM">0.54175001382828</MDI>
      <MDI key="STATISTICS_SKIPFACTORX">1</MDI>
      <MDI key="STATISTICS_SKIPFACTORY">1</MDI>
      <MDI key="STATISTICS_STDDEV">0.042966477595028</MDI>
    </Metadata>
  </PAMRasterBand>
  <PAMRasterBand band="2">
    <Description>Band_2</Description>
    <Histograms>
      <HistItem>
        <HistMin>0.09125000238418579</HistMin>
        <HistMax>0.5210000276565552</HistMax>
        <BucketCount>256</BucketCount>
        <IncludeOutOfRange>1</IncludeOutOfRange>
        <Approximate>0</Approximate>
        <HistCounts>1|0|0|0|0|0|0|0|0|2|0|1|0|0|0|0|0|0|0|0|0|0|0|0|2|0|1|2|0|0|1|0|1|1|1|3|3|0|4|0|2|1|1|5|2|5|0|2|0|1|0|0|1|0|0|1|1|0|4|0|0|0|0|2|0|1|1|0|4|0|0|2|4|2|5|3|4|8|3|5|5|6|15|12|3|9|7|12|8|5|9|3|5|13|16|13|12|11|1|13|12|28|12|12|5|13|5|6|4|6|3|8|3|4|4|4|2|2|3|4|4|4|5|0|3|3|0|0|6|0|4|0|4|2|2|0|1|0|1|2|1|4|5|1|2|1|3|3|5|5|2|3|3|4|0|3|1|2|1|3|0|1|15|10|11|8|10|12|18|17|20|11|12|7|20|19|10|9|10|4|3|3|9|6|3|2|1|0|3|3|4|4|0|1|3|5|3|3|1|4|0|2|1|0|5|1|2|1|2|0|0|1|1|0|0|0|1|0|0|0|0|0|0|0|2|0|0|0|0|0|0|0|0|0|0|0|0|0|0|0|0|0|0|0|0|0|0|0|0|0|0|0|0|2|0|1</HistCounts>
      </HistItem>
    </Histograms>
    <Metadata>
      <MDI key="BandName">Band_2</MDI>
      <MDI key="RepresentationType">ATHEMATIC</MDI>
      <MDI key="STATISTICS_COVARIANCES">-0.0004392681059098625,0.005928630566456708,0.003550982659387042</MDI>
      <MDI key="STATISTICS_EXCLUDEDVALUES"></MDI>
      <MDI key="STATISTICS_MAXIMUM">0.52100002765656</MDI>
      <MDI key="STATISTICS_MEAN">0.30675184977518</MDI>
      <MDI key="STATISTICS_MEDIAN">0.290115</MDI>
      <MDI key="STATISTICS_MINIMUM">0.091250002384186</MDI>
      <MDI key="STATISTICS_SKIPFACTORX">1</MDI>
      <MDI key="STATISTICS_SKIPFACTORY">1</MDI>
      <MDI key="STATISTICS_STDDEV">0.076997601043518</MDI>
    </Metadata>
  </PAMRasterBand>
  <PAMRasterBand band="3">
    <Description>Band_3</Description>
    <Histograms>
      <HistItem>
        <HistMin>0.1469999998807907</HistMin>
        <HistMax>0.4095000028610229</HistMax>
        <BucketCount>256</BucketCount>
        <IncludeOutOfRange>1</IncludeOutOfRange>
        <Approximate>0</Approximate>
        <HistCounts>1|0|1|0|0|2|0|0|0|0|0|0|0|0|0|0|0|1|0|0|0|0|0|0|0|0|0|0|1|2|3|0|1|0|3|1|1|0|2|1|1|1|3|2|1|3|2|3|2|3|0|0|2|0|0|0|2|1|1|0|2|0|2|0|0|1|1|1|5|2|1|4|1|5|2|2|5|8|5|9|8|8|8|7|6|10|9|4|3|5|10|9|9|21|11|4|17|7|9|15|16|11|17|14|8|7|4|5|2|7|5|9|5|1|4|3|5|3|2|5|2|5|1|2|2|1|2|4|1|1|0|1|1|4|0|4|3|0|1|2|4|0|4|4|5|1|2|0|3|3|0|4|6|0|3|3|2|2|7|11|14|13|15|20|10|19|8|13|16|11|13|16|15|8|7|5|4|7|4|5|1|5|0|5|1|5|4|2|1|4|2|5|0|3|3|1|0|4|1|1|1|2|2|0|2|0|0|0|2|1|1|0|1|1|0|0|0|0|1|1|1|0|1|0|1|0|0|0|1|0|0|0|0|0|0|0|0|0|0|0|0|0|1|0|0|0|0|0|0|0|0|0|0|0|2|1</HistCounts>
      </HistItem>
    </Histograms>
    <Metadata>
      <MDI key="BandName">Band_3</MDI>
      <MDI key="RepresentationType">ATHEMATIC</MDI>
      <MDI key="STATISTICS_COVARIANCES">-0.0002867678589337824,0.003550982659387042,0.002146918351997575</MDI>
      <MDI key="STATISTICS_EXCLUDEDVALUES"></MDI>
      <MDI key="STATISTICS_MAXIMUM">0.40950000286102</MDI>
      <MDI key="STATISTICS_MEAN">0.27729778037706</MDI>
      <MDI key="STATISTICS_MEDIAN">0.266412</MDI>
      <MDI key="STATISTICS_MINIMUM">0.14699999988079</MDI>
      <MDI key="STATISTICS_SKIPFACTORX">1</MDI>
      <MDI key="STATISTICS_SKIPFACTORY">1</MDI>
      <MDI key="STATISTICS_STDDEV">0.046334850296484</MDI>
    </Metadata>
  </PAMRasterBand>
</PAMDataset>
