<PAMDataset>
  <Metadata>
    <MDI key="DataType">Generic</MDI>
  </Metadata>
  <PAMRasterBand band="1">
    <Description>Band_1</Description>
    <Histograms>
      <HistItem>
        <HistMin>0.500249981880188</HistMin>
        <HistMax>0.9222037196159363</HistMax>
        <BucketCount>256</BucketCount>
        <IncludeOutOfRange>1</IncludeOutOfRange>
        <Approximate>0</Approximate>
        <HistCounts>3|0|0|0|0|0|0|0|0|0|0|0|0|0|0|0|0|0|0|0|0|0|0|0|0|0|2|0|0|0|2|2|0|0|2|0|1|2|2|0|2|0|0|3|0|5|0|5|4|1|5|5|6|12|8|4|7|5|10|12|8|14|6|27|19|20|17|30|25|23|29|40|25|23|28|36|19|18|16|27|20|12|22|18|21|11|14|15|14|11|12|7|4|7|9|10|8|4|10|10|10|13|5|7|10|6|7|3|2|3|6|8|3|7|8|6|7|2|12|5|4|5|11|5|11|7|8|8|3|11|13|5|5|5|5|2|4|4|9|1|8|1|3|7|2|2|2|1|1|6|5|10|7|8|4|2|9|4|11|4|5|9|7|1|11|1|5|2|5|10|0|5|1|2|1|2|1|0|2|3|2|2|2|1|2|0|3|2|1|1|3|2|3|2|0|1|1|3|4|1|2|4|1|2|0|6|1|0|1|2|2|3|0|0|2|4|0|3|0|3|1|6|3|4|4|5|1|1|0|1|1|0|1|0|2|1|0|0|0|0|0|0|1|0|0|2|0|0|0|0|0|0|2|0|6|1</HistCounts>
      </HistItem>
    </Histograms>
    <Metadata>
      <MDI key="BandName">Band_1</MDI>
      <MDI key="RepresentationType">ATHEMATIC</MDI>
      <MDI key="STATISTICS_COVARIANCES">0.005949775867359904,0.002165483882645645,0.001483587208182839</MDI>
      <MDI key="STATISTICS_EXCLUDEDVALUES"></MDI>
      <MDI key="STATISTICS_MAXIMUM">0.92220371961594</MDI>
      <MDI key="STATISTICS_MEAN">0.67333497769797</MDI>
      <MDI key="STATISTICS_MEDIAN">0.642556</MDI>
      <MDI key="STATISTICS_MINIMUM">0.50024998188019</MDI>
      <MDI key="STATISTICS_SKIPFACTORX">1</MDI>
      <MDI key="STATISTICS_SKIPFACTORY">1</MDI>
      <MDI key="STATISTICS_STDDEV">0.077134790252907</MDI>
    </Metadata>
  </PAMRasterBand>
  <PAMRasterBand band="2">
    <Description>Band_2</Description>
    <Histograms>
      <HistItem>
        <HistMin>0.08950000256299973</HistMin>
        <HistMax>0.3707500100135803</HistMax>
        <BucketCount>256</BucketCount>
        <IncludeOutOfRange>1</IncludeOutOfRange>
        <Approximate>0</Approximate>
        <HistCounts>2|2|0|0|0|3|0|0|1|2|3|0|0|0|0|0|0|0|0|0|0|0|0|0|0|0|0|1|0|0|0|0|0|1|0|0|0|0|0|0|0|0|1|0|1|0|0|0|0|1|0|0|0|0|1|0|0|0|0|0|0|0|0|0|0|0|0|1|1|1|0|0|0|0|0|3|5|7|0|2|1|1|4|5|6|1|1|7|10|12|16|3|14|11|27|13|13|22|14|17|26|17|26|20|25|17|29|14|14|12|17|16|15|8|20|9|11|3|10|10|9|7|9|12|6|9|15|4|14|13|7|14|16|12|11|4|19|12|11|15|18|19|13|15|10|13|9|7|11|7|18|9|6|12|5|9|12|13|5|13|9|5|6|9|5|8|4|8|12|8|6|8|9|6|6|6|6|4|2|5|6|2|9|4|3|8|4|5|3|4|2|4|3|1|0|0|6|2|1|0|4|6|3|5|0|1|2|5|5|2|3|1|1|2|4|2|2|6|2|2|2|2|2|3|2|4|3|3|4|1|1|3|0|5|6|8|1|8|1|2|0|1|1|4|0|1|2|2|1|1|5|2|1|0|1|1</HistCounts>
      </HistItem>
    </Histograms>
    <Metadata>
      <MDI key="BandName">Band_2</MDI>
      <MDI key="RepresentationType">ATHEMATIC</MDI>
      <MDI key="STATISTICS_COVARIANCES">0.002165483882645645,0.002280350449020548,0.001430686196315608</MDI>
      <MDI key="STATISTICS_EXCLUDEDVALUES"></MDI>
      <MDI key="STATISTICS_MAXIMUM">0.37075001001358</MDI>
      <MDI key="STATISTICS_MEAN">0.24067462684392</MDI>
      <MDI key="STATISTICS_MEDIAN">0.233985</MDI>
      <MDI key="STATISTICS_MINIMUM">0.089500002563</MDI>
      <MDI key="STATISTICS_SKIPFACTORX">1</MDI>
      <MDI key="STATISTICS_SKIPFACTORY">1</MDI>
      <MDI key="STATISTICS_STDDEV">0.0477530150778</MDI>
    </Metadata>
  </PAMRasterBand>
  <PAMRasterBand band="3">
    <Description>Band_3</Description>
    <Histograms>
      <HistItem>
        <HistMin>0.1395000070333481</HistMin>
        <HistMax>0.3109999895095825</HistMax>
        <BucketCount>256</BucketCount>
        <IncludeOutOfRange>1</IncludeOutOfRange>
        <Approximate>0</Approximate>
        <HistCounts>4|0|1|1|1|1|0|3|0|0|2|0|0|0|0|0|0|0|0|0|0|0|0|0|0|0|0|0|0|0|0|1|0|0|0|0|0|0|0|1|0|1|0|0|0|0|0|0|0|0|1|1|0|0|0|0|0|0|0|1|0|0|1|2|0|6|2|0|2|2|4|2|1|1|6|6|6|5|11|18|9|11|14|9|14|23|13|22|23|23|16|23|24|18|30|18|10|18|17|8|7|20|17|13|17|9|8|12|8|7|6|10|12|10|8|14|12|18|8|6|10|14|6|18|7|8|15|6|18|5|26|14|13|14|21|10|9|7|5|14|5|11|13|11|10|7|18|9|6|7|4|7|4|9|6|6|8|6|3|8|4|4|6|11|2|3|11|1|11|5|8|4|5|7|6|4|5|3|3|5|2|5|5|0|6|2|4|1|1|2|2|3|0|5|0|5|4|2|0|2|5|2|3|6|1|2|1|1|3|1|3|2|2|0|0|4|3|1|4|0|5|5|0|2|0|1|3|4|6|5|3|2|5|4|7|2|1|1|0|2|2|3|3|3|1|0|3|2|0|3|0|0|1|0|0|1</HistCounts>
      </HistItem>
    </Histograms>
    <Metadata>
      <MDI key="BandName">Band_3</MDI>
      <MDI key="RepresentationType">ATHEMATIC</MDI>
      <MDI key="STATISTICS_COVARIANCES">0.001483587208182839,0.001430686196315608,0.0009064722885608789</MDI>
      <MDI key="STATISTICS_EXCLUDEDVALUES"></MDI>
      <MDI key="STATISTICS_MAXIMUM">0.31099998950958</MDI>
      <MDI key="STATISTICS_MEAN">0.22573899271995</MDI>
      <MDI key="STATISTICS_MEDIAN">0.220878</MDI>
      <MDI key="STATISTICS_MINIMUM">0.13950000703335</MDI>
      <MDI key="STATISTICS_SKIPFACTORX">1</MDI>
      <MDI key="STATISTICS_SKIPFACTORY">1</MDI>
      <MDI key="STATISTICS_STDDEV">0.030107678232652</MDI>
    </Metadata>
  </PAMRasterBand>
</PAMDataset>
