<PAMDataset>
  <Metadata>
    <MDI key="DataType">Generic</MDI>
  </Metadata>
  <PAMRasterBand band="1">
    <Description>Band_1</Description>
    <Histograms>
      <HistItem>
        <HistMin>0.7264999747276306</HistMin>
        <HistMax>0.9387221932411194</HistMax>
        <BucketCount>256</BucketCount>
        <IncludeOutOfRange>1</IncludeOutOfRange>
        <Approximate>0</Approximate>
        <HistCounts>2|0|0|0|0|0|0|1|0|0|0|0|0|0|0|0|0|0|0|0|0|0|0|0|0|0|0|0|0|0|0|0|0|0|0|0|0|0|0|0|0|0|0|0|0|0|0|0|0|0|0|0|0|0|0|0|0|0|0|0|0|0|0|0|0|0|0|0|0|1|1|0|0|0|0|0|0|0|0|0|0|2|0|0|0|0|0|0|2|0|0|0|0|1|0|0|0|0|1|0|0|0|0|0|0|0|0|0|1|0|0|0|0|0|0|0|0|0|0|0|0|0|1|0|0|0|0|0|2|0|0|0|0|0|0|1|0|1|0|0|0|1|0|0|0|1|0|0|1|1|0|0|1|1|0|0|0|0|0|0|1|2|0|0|0|1|1|0|0|0|0|0|0|0|0|0|0|0|0|2|0|0|1|0|0|1|0|1|1|0|0|0|1|0|0|0|2|2|0|0|0|0|0|0|2|0|0|0|1|0|1|1|0|0|1|0|0|2|0|1|0|0|0|0|0|3|1|0|0|1|0|0|6|19|21|38|56|60|67|93|89|135|215|128|86|51|35|26|14|14|13|5|2|2|1|1</HistCounts>
      </HistItem>
    </Histograms>
    <Metadata>
      <MDI key="BandName">Band_1</MDI>
      <MDI key="RepresentationType">ATHEMATIC</MDI>
      <MDI key="STATISTICS_COVARIANCES">0.0003228778677167947,-0.000364089217757725,-0.0002018574706942923</MDI>
      <MDI key="STATISTICS_EXCLUDEDVALUES"></MDI>
      <MDI key="STATISTICS_MAXIMUM">0.93872219324112</MDI>
      <MDI key="STATISTICS_MEAN">0.92450367275292</MDI>
      <MDI key="STATISTICS_MEDIAN">0.927071</MDI>
      <MDI key="STATISTICS_MINIMUM">0.72649997472763</MDI>
      <MDI key="STATISTICS_SKIPFACTORX">1</MDI>
      <MDI key="STATISTICS_SKIPFACTORY">1</MDI>
      <MDI key="STATISTICS_STDDEV">0.017968802623347</MDI>
    </Metadata>
  </PAMRasterBand>
  <PAMRasterBand band="2">
    <Description>Band_2</Description>
    <Histograms>
      <HistItem>
        <HistMin>0.08649999648332596</HistMin>
        <HistMax>0.3002499938011169</HistMax>
        <BucketCount>256</BucketCount>
        <IncludeOutOfRange>1</IncludeOutOfRange>
        <Approximate>0</Approximate>
        <HistCounts>2|1|9|5|5|17|20|23|35|39|29|59|49|30|61|48|48|58|52|57|42|47|42|35|28|51|25|25|20|10|8|25|5|13|18|9|5|14|9|9|7|7|4|1|0|0|2|1|2|2|1|4|1|4|2|1|1|2|0|0|1|2|1|0|0|6|2|2|3|0|2|0|0|0|0|0|0|0|0|1|0|0|1|2|0|2|1|1|2|0|0|2|3|0|1|1|0|0|0|2|0|0|3|0|0|0|0|2|0|0|1|0|1|0|0|1|1|2|0|0|0|1|0|0|0|0|2|1|0|0|0|0|0|0|1|0|0|2|1|0|0|3|3|0|0|0|0|1|0|1|0|0|0|1|0|0|1|0|0|0|0|0|0|0|0|0|2|2|0|0|3|2|1|0|2|2|0|0|1|1|0|0|0|2|0|1|0|1|0|0|0|1|1|0|0|0|0|0|3|1|0|0|1|0|0|0|0|0|2|2|0|0|0|1|0|0|0|0|0|0|0|1|0|0|0|0|0|0|0|0|0|0|0|0|0|0|0|0|0|0|0|0|0|0|0|0|0|0|0|0|0|0|0|0|0|1</HistCounts>
      </HistItem>
    </Histograms>
    <Metadata>
      <MDI key="BandName">Band_2</MDI>
      <MDI key="RepresentationType">ATHEMATIC</MDI>
      <MDI key="STATISTICS_COVARIANCES">-0.000364089217757725,0.0008375390530426938,0.0005070561150527763</MDI>
      <MDI key="STATISTICS_EXCLUDEDVALUES"></MDI>
      <MDI key="STATISTICS_MAXIMUM">0.30024999380112</MDI>
      <MDI key="STATISTICS_MEAN">0.11068699193316</MDI>
      <MDI key="STATISTICS_MEDIAN">0.102426</MDI>
      <MDI key="STATISTICS_MINIMUM">0.086499996483326</MDI>
      <MDI key="STATISTICS_SKIPFACTORX">1</MDI>
      <MDI key="STATISTICS_SKIPFACTORY">1</MDI>
      <MDI key="STATISTICS_STDDEV">0.02894026698292</MDI>
    </Metadata>
  </PAMRasterBand>
  <PAMRasterBand band="3">
    <Description>Band_3</Description>
    <Histograms>
      <HistItem>
        <HistMin>0.1372500061988831</HistMin>
        <HistMax>0.2649999856948853</HistMax>
        <BucketCount>256</BucketCount>
        <IncludeOutOfRange>1</IncludeOutOfRange>
        <Approximate>0</Approximate>
        <HistCounts>1|1|1|0|1|6|15|11|20|18|17|15|30|22|30|22|35|48|35|40|48|45|42|28|41|31|45|36|19|36|33|27|23|10|14|17|12|24|9|19|22|19|5|7|10|10|7|15|4|10|5|7|5|7|3|10|7|7|3|6|2|6|3|6|7|1|2|0|0|1|3|2|1|0|1|2|4|0|3|0|1|0|1|0|0|0|1|1|2|0|0|2|2|0|1|0|0|0|0|1|0|5|0|1|0|2|1|1|2|2|0|0|0|1|0|0|0|1|0|0|1|0|1|1|0|1|1|0|0|2|0|1|1|0|0|2|2|0|0|0|1|0|1|0|0|2|1|0|0|0|0|1|0|0|1|0|2|2|0|0|1|0|0|1|0|0|1|2|2|3|0|0|0|0|0|0|0|0|1|2|2|2|3|0|2|0|3|1|1|1|0|0|0|0|0|0|0|0|1|0|0|0|0|1|1|0|0|0|1|0|0|1|0|3|0|0|0|0|0|0|0|0|0|1|0|0|0|0|0|0|0|0|0|0|0|0|0|0|0|0|0|0|0|0|0|0|0|0|0|0|0|0|0|0|0|1</HistCounts>
      </HistItem>
    </Histograms>
    <Metadata>
      <MDI key="BandName">Band_3</MDI>
      <MDI key="RepresentationType">ATHEMATIC</MDI>
      <MDI key="STATISTICS_COVARIANCES">-0.0002018574706942923,0.0005070561150527763,0.000319210649991863</MDI>
      <MDI key="STATISTICS_EXCLUDEDVALUES"></MDI>
      <MDI key="STATISTICS_MAXIMUM">0.26499998569489</MDI>
      <MDI key="STATISTICS_MEAN">0.155724593258</MDI>
      <MDI key="STATISTICS_MEDIAN">0.150275</MDI>
      <MDI key="STATISTICS_MINIMUM">0.13725000619888</MDI>
      <MDI key="STATISTICS_SKIPFACTORX">1</MDI>
      <MDI key="STATISTICS_SKIPFACTORY">1</MDI>
      <MDI key="STATISTICS_STDDEV">0.017866467193932</MDI>
    </Metadata>
  </PAMRasterBand>
</PAMDataset>
