<PAMDataset>
  <Metadata>
    <MDI key="DataType">Generic</MDI>
  </Metadata>
  <PAMRasterBand band="1">
    <Description>Band_1</Description>
    <Histograms>
      <HistItem>
        <HistMin>0.640999972820282</HistMin>
        <HistMax>0.9305740594863892</HistMax>
        <BucketCount>256</BucketCount>
        <IncludeOutOfRange>1</IncludeOutOfRange>
        <Approximate>0</Approximate>
        <HistCounts>3|0|0|0|0|0|0|0|0|0|0|0|0|0|0|0|0|1|0|0|0|0|0|1|0|0|0|0|0|0|0|0|0|3|0|2|0|1|2|0|3|0|3|2|0|0|5|3|0|0|0|4|0|4|0|1|4|1|2|0|4|4|4|1|2|1|4|4|2|0|0|0|2|6|1|9|7|3|6|1|3|2|3|1|4|3|8|1|3|7|3|2|0|11|2|6|2|4|7|10|2|5|7|7|8|13|7|7|8|3|14|11|9|6|10|11|11|4|13|19|7|12|8|7|9|5|1|12|6|4|13|10|8|7|14|9|13|2|14|2|6|8|9|9|8|9|7|3|4|11|5|4|4|6|3|9|8|5|6|8|12|2|3|1|3|3|5|4|7|5|4|4|3|6|6|11|4|5|10|9|4|2|5|2|4|3|9|4|1|3|6|3|4|3|3|6|3|7|7|6|3|9|4|3|3|1|3|2|1|1|5|2|1|8|6|4|2|0|2|3|4|5|6|3|3|1|3|4|3|5|2|0|4|2|3|2|0|0|6|3|6|1|5|0|2|11|22|14|4|6|3|3|1|4|0|2</HistCounts>
      </HistItem>
    </Histograms>
    <Metadata>
      <MDI key="BandName">Band_1</MDI>
      <MDI key="RepresentationType">ATHEMATIC</MDI>
      <MDI key="STATISTICS_COVARIANCES">0.003802326870287909,0.001001034775954724,0.0008420952333029727</MDI>
      <MDI key="STATISTICS_EXCLUDEDVALUES"></MDI>
      <MDI key="STATISTICS_MAXIMUM">0.93057405948639</MDI>
      <MDI key="STATISTICS_MEAN">0.80894301600303</MDI>
      <MDI key="STATISTICS_MEDIAN">0.799982</MDI>
      <MDI key="STATISTICS_MINIMUM">0.64099997282028</MDI>
      <MDI key="STATISTICS_SKIPFACTORX">1</MDI>
      <MDI key="STATISTICS_SKIPFACTORY">1</MDI>
      <MDI key="STATISTICS_STDDEV">0.06166301055161</MDI>
    </Metadata>
  </PAMRasterBand>
  <PAMRasterBand band="2">
    <Description>Band_2</Description>
    <Histograms>
      <HistItem>
        <HistMin>0.1260000020265579</HistMin>
        <HistMax>0.5027499794960022</HistMax>
        <BucketCount>256</BucketCount>
        <IncludeOutOfRange>1</IncludeOutOfRange>
        <Approximate>0</Approximate>
        <HistCounts>1|3|0|1|0|1|5|2|2|0|0|2|1|2|1|0|5|1|0|2|0|0|0|1|0|2|2|0|0|0|0|0|0|0|0|0|0|0|0|1|0|0|0|0|0|0|0|0|1|0|0|0|2|2|1|1|2|4|1|1|0|3|1|0|1|0|2|6|6|4|3|5|0|7|8|5|2|7|4|10|1|6|4|8|11|9|10|18|17|14|13|15|22|12|21|7|17|22|14|19|19|11|14|24|13|18|12|16|14|14|9|14|10|21|10|14|8|6|9|22|7|3|5|0|8|5|7|4|4|10|3|2|3|8|8|4|1|10|4|3|8|4|4|7|4|13|4|6|12|6|0|6|13|6|8|9|4|5|3|10|5|4|8|7|6|9|3|10|7|5|2|5|3|4|2|2|2|2|5|11|9|1|3|2|3|6|5|3|1|3|1|4|0|0|1|3|0|1|2|0|0|0|2|2|0|0|0|0|2|0|0|0|2|0|0|0|0|0|0|0|0|0|0|0|0|0|0|0|0|1|0|0|0|0|0|0|0|0|0|0|0|1|0|0|2|0|0|0|0|0|0|0|0|0|0|1</HistCounts>
      </HistItem>
    </Histograms>
    <Metadata>
      <MDI key="BandName">Band_2</MDI>
      <MDI key="RepresentationType">ATHEMATIC</MDI>
      <MDI key="STATISTICS_COVARIANCES">0.001001034775954724,0.003327781281390343,0.002031259027696363</MDI>
      <MDI key="STATISTICS_EXCLUDEDVALUES"></MDI>
      <MDI key="STATISTICS_MAXIMUM">0.502749979496</MDI>
      <MDI key="STATISTICS_MEAN">0.29776609780718</MDI>
      <MDI key="STATISTICS_MEDIAN">0.287042</MDI>
      <MDI key="STATISTICS_MINIMUM">0.12600000202656</MDI>
      <MDI key="STATISTICS_SKIPFACTORX">1</MDI>
      <MDI key="STATISTICS_SKIPFACTORY">1</MDI>
      <MDI key="STATISTICS_STDDEV">0.057686924700406</MDI>
    </Metadata>
  </PAMRasterBand>
  <PAMRasterBand band="3">
    <Description>Band_3</Description>
    <Histograms>
      <HistItem>
        <HistMin>0.1607500016689301</HistMin>
        <HistMax>0.3964999914169312</HistMax>
        <BucketCount>256</BucketCount>
        <IncludeOutOfRange>1</IncludeOutOfRange>
        <Approximate>0</Approximate>
        <HistCounts>1|0|1|0|1|3|1|2|0|1|2|1|6|0|4|2|0|0|2|0|0|2|0|1|0|2|0|0|0|0|0|0|0|0|0|0|0|0|0|0|0|0|0|0|0|1|0|1|0|0|0|0|0|2|3|0|0|0|0|0|1|1|2|1|3|4|0|6|4|2|7|3|2|4|9|0|2|8|5|4|6|6|4|9|8|12|4|14|13|11|21|16|20|25|19|14|18|13|22|15|38|14|8|15|14|9|13|19|9|10|27|13|15|8|10|8|7|8|5|9|6|7|2|9|10|5|9|10|9|7|2|5|5|4|10|6|11|7|3|6|9|5|10|5|8|1|11|4|3|8|2|5|9|9|8|3|11|8|3|1|5|6|4|7|3|7|7|2|7|1|7|1|4|4|4|2|6|10|0|5|7|14|4|2|1|2|7|2|1|4|4|0|1|0|2|0|0|4|0|0|1|0|0|0|3|2|0|1|2|0|0|0|1|0|0|0|0|0|0|0|1|0|1|0|0|0|0|0|0|0|0|0|0|0|0|0|0|0|0|3|0|0|0|0|0|0|0|0|0|1|0|0|0|0|0|1</HistCounts>
      </HistItem>
    </Histograms>
    <Metadata>
      <MDI key="BandName">Band_3</MDI>
      <MDI key="RepresentationType">ATHEMATIC</MDI>
      <MDI key="STATISTICS_COVARIANCES">0.0008420952333029727,0.002031259027696363,0.001286759391174769</MDI>
      <MDI key="STATISTICS_EXCLUDEDVALUES"></MDI>
      <MDI key="STATISTICS_MAXIMUM">0.39649999141693</MDI>
      <MDI key="STATISTICS_MEAN">0.26905326683526</MDI>
      <MDI key="STATISTICS_MEDIAN">0.262446</MDI>
      <MDI key="STATISTICS_MINIMUM">0.16075000166893</MDI>
      <MDI key="STATISTICS_SKIPFACTORX">1</MDI>
      <MDI key="STATISTICS_SKIPFACTORY">1</MDI>
      <MDI key="STATISTICS_STDDEV">0.035871428619094</MDI>
    </Metadata>
  </PAMRasterBand>
</PAMDataset>
