<PAMDataset>
  <Metadata>
    <MDI key="DataType">Generic</MDI>
  </Metadata>
  <PAMRasterBand band="1">
    <Description>Band_1</Description>
    <Histograms>
      <HistItem>
        <HistMin>0.5575000047683716</HistMin>
        <HistMax>0.9228333234786987</HistMax>
        <BucketCount>256</BucketCount>
        <IncludeOutOfRange>1</IncludeOutOfRange>
        <Approximate>0</Approximate>
        <HistCounts>1|0|0|0|0|1|0|1|0|1|0|0|0|1|2|0|0|2|2|0|0|1|2|0|3|2|1|4|4|1|0|3|5|2|0|4|1|1|2|0|3|0|4|2|3|2|0|4|3|0|7|1|5|3|6|2|1|4|1|1|2|5|6|4|0|2|1|0|4|3|3|7|9|1|3|2|0|1|1|2|3|4|3|11|8|8|9|4|6|3|4|3|6|6|7|5|7|7|5|8|5|14|6|6|5|8|4|8|0|6|11|5|4|4|8|2|9|7|6|9|6|7|5|6|7|7|8|10|20|4|11|6|6|10|8|13|12|5|9|7|7|7|17|5|10|10|10|5|8|8|14|9|5|14|5|6|10|11|8|11|8|15|7|10|10|15|13|3|11|6|4|6|12|11|9|14|13|10|4|7|7|8|19|5|7|3|8|3|8|4|9|4|9|6|9|6|6|6|4|6|7|4|5|3|5|11|6|6|3|5|7|4|3|5|8|2|2|5|5|4|3|1|3|2|3|0|1|4|4|2|2|1|3|4|0|4|3|1|5|0|2|2|2|3|1|0|0|2|1|4|5|2|0|4|7|1</HistCounts>
      </HistItem>
    </Histograms>
    <Metadata>
      <MDI key="BandName">Band_1</MDI>
      <MDI key="RepresentationType">ATHEMATIC</MDI>
      <MDI key="STATISTICS_COVARIANCES">0.005842194659088596,-0.0002783798297627962,0.00014486468422673</MDI>
      <MDI key="STATISTICS_EXCLUDEDVALUES"></MDI>
      <MDI key="STATISTICS_MAXIMUM">0.9228333234787</MDI>
      <MDI key="STATISTICS_MEAN">0.76257266326609</MDI>
      <MDI key="STATISTICS_MEDIAN">0.766671</MDI>
      <MDI key="STATISTICS_MINIMUM">0.55750000476837</MDI>
      <MDI key="STATISTICS_SKIPFACTORX">1</MDI>
      <MDI key="STATISTICS_SKIPFACTORY">1</MDI>
      <MDI key="STATISTICS_STDDEV">0.076434250562746</MDI>
    </Metadata>
  </PAMRasterBand>
  <PAMRasterBand band="2">
    <Description>Band_2</Description>
    <Histograms>
      <HistItem>
        <HistMin>0.2582499980926514</HistMin>
        <HistMax>0.4327499866485596</HistMax>
        <BucketCount>256</BucketCount>
        <IncludeOutOfRange>1</IncludeOutOfRange>
        <Approximate>0</Approximate>
        <HistCounts>2|2|0|0|1|0|0|0|0|0|0|3|0|1|0|2|6|1|1|2|6|1|2|3|3|1|2|3|4|4|5|8|5|2|0|4|2|4|1|10|6|2|21|8|10|0|22|9|5|5|10|7|5|2|19|10|13|7|16|8|4|4|15|12|11|12|13|17|7|6|11|11|2|17|7|9|8|12|15|5|21|13|6|6|7|13|9|6|15|14|12|9|14|12|20|10|6|11|3|9|18|16|8|3|5|12|7|12|7|9|8|10|10|10|3|12|13|3|15|10|6|6|7|6|4|1|3|10|2|1|5|11|11|2|10|5|14|2|6|9|5|6|5|5|5|0|4|3|5|4|4|4|5|4|1|4|1|3|6|4|5|2|3|1|4|11|1|0|7|0|5|2|1|4|4|2|5|0|2|0|3|2|3|3|3|2|1|6|3|6|0|3|0|0|1|0|4|4|1|0|3|2|1|4|1|0|0|1|2|1|1|5|0|2|2|3|2|1|1|0|1|1|0|0|0|1|2|1|0|4|1|4|0|0|2|0|1|0|4|0|2|3|0|3|2|0|0|0|1|0|1|0|1|0|0|2</HistCounts>
      </HistItem>
    </Histograms>
    <Metadata>
      <MDI key="BandName">Band_2</MDI>
      <MDI key="RepresentationType">ATHEMATIC</MDI>
      <MDI key="STATISTICS_COVARIANCES">-0.0002783798297627962,0.00120585693857346,0.0007259713021402033</MDI>
      <MDI key="STATISTICS_EXCLUDEDVALUES"></MDI>
      <MDI key="STATISTICS_MAXIMUM">0.43274998664856</MDI>
      <MDI key="STATISTICS_MEAN">0.32776097383674</MDI>
      <MDI key="STATISTICS_MEDIAN">0.321891</MDI>
      <MDI key="STATISTICS_MINIMUM">0.25824999809265</MDI>
      <MDI key="STATISTICS_SKIPFACTORX">1</MDI>
      <MDI key="STATISTICS_SKIPFACTORY">1</MDI>
      <MDI key="STATISTICS_STDDEV">0.03472545087646</MDI>
    </Metadata>
  </PAMRasterBand>
  <PAMRasterBand band="3">
    <Description>Band_3</Description>
    <Histograms>
      <HistItem>
        <HistMin>0.2339999973773956</HistMin>
        <HistMax>0.3375000059604645</HistMax>
        <BucketCount>256</BucketCount>
        <IncludeOutOfRange>1</IncludeOutOfRange>
        <Approximate>0</Approximate>
        <HistCounts>3|0|0|2|1|0|0|3|0|1|0|2|4|0|3|0|3|3|0|3|3|0|3|2|2|9|0|4|16|4|6|2|8|10|3|15|6|5|5|10|9|14|3|14|13|4|6|8|5|4|2|7|17|2|18|9|13|5|5|10|10|5|15|3|6|8|2|14|14|4|6|0|3|10|2|12|11|8|14|2|19|11|8|14|14|17|17|9|22|6|6|14|0|10|18|4|6|4|9|16|1|5|12|8|12|8|4|5|5|8|23|2|7|14|4|8|8|7|10|6|14|11|0|6|5|7|4|2|8|5|2|5|4|7|14|1|8|13|5|6|2|11|4|2|12|4|2|14|2|4|8|4|8|4|2|8|0|5|10|4|5|2|0|5|1|8|3|0|0|1|4|5|3|5|3|4|2|2|8|0|0|1|0|1|2|1|5|0|1|3|4|1|8|3|2|6|0|2|3|0|3|0|3|6|2|4|4|2|1|2|0|0|1|0|2|0|5|0|2|0|0|6|0|0|2|2|0|2|0|1|4|0|0|3|0|1|2|2|0|0|0|0|2|0|0|0|0|0|1|0|3|1|2|0|0|2</HistCounts>
      </HistItem>
    </Histograms>
    <Metadata>
      <MDI key="BandName">Band_3</MDI>
      <MDI key="RepresentationType">ATHEMATIC</MDI>
      <MDI key="STATISTICS_COVARIANCES">0.00014486468422673,0.0007259713021402033,0.0004629279800803822</MDI>
      <MDI key="STATISTICS_EXCLUDEDVALUES"></MDI>
      <MDI key="STATISTICS_MAXIMUM">0.33750000596046</MDI>
      <MDI key="STATISTICS_MEAN">0.27538427767617</MDI>
      <MDI key="STATISTICS_MEDIAN">0.272153</MDI>
      <MDI key="STATISTICS_MINIMUM">0.2339999973774</MDI>
      <MDI key="STATISTICS_SKIPFACTORX">1</MDI>
      <MDI key="STATISTICS_SKIPFACTORY">1</MDI>
      <MDI key="STATISTICS_STDDEV">0.02151576120151</MDI>
    </Metadata>
  </PAMRasterBand>
</PAMDataset>
