<PAMDataset>
  <Metadata>
    <MDI key="DataType">Generic</MDI>
  </Metadata>
  <PAMRasterBand band="1">
    <Description>Band_1</Description>
    <Histograms>
      <HistItem>
        <HistMin>0.5142499804496765</HistMin>
        <HistMax>0.7879999876022339</HistMax>
        <BucketCount>256</BucketCount>
        <IncludeOutOfRange>1</IncludeOutOfRange>
        <Approximate>0</Approximate>
        <HistCounts>2|0|0|0|0|0|0|0|0|0|0|0|0|0|0|0|0|0|0|0|0|0|0|0|0|0|0|0|0|0|0|0|0|0|0|0|0|0|0|0|0|0|0|0|0|1|0|0|0|0|0|0|0|0|0|0|0|0|0|0|0|0|0|0|0|0|0|0|0|0|0|0|0|2|1|0|0|0|0|0|0|0|0|0|0|2|0|0|0|0|0|0|0|0|0|0|0|0|0|0|2|0|1|0|1|1|1|0|2|0|2|2|2|1|4|1|0|2|3|3|1|2|2|6|0|6|3|6|2|6|7|5|5|7|4|8|13|3|10|11|8|8|12|9|4|16|15|18|11|13|5|14|14|11|14|9|9|15|10|13|7|9|8|16|15|8|12|10|19|11|14|12|4|8|5|6|7|4|5|11|6|5|4|10|8|3|8|7|16|9|10|8|5|13|8|2|8|15|8|6|8|6|10|7|5|4|10|17|1|8|5|7|3|4|5|5|3|7|1|11|3|7|4|2|2|6|4|6|2|3|2|4|1|1|3|1|2|0|1|1|0|0|0|0|0|0|1|0|0|0|0|0|0|0|0|1</HistCounts>
      </HistItem>
    </Histograms>
    <Metadata>
      <MDI key="BandName">Band_1</MDI>
      <MDI key="RepresentationType">ATHEMATIC</MDI>
      <MDI key="STATISTICS_COVARIANCES">0.001187284710514502,0.0003127243310999868,0.0002639801331151865</MDI>
      <MDI key="STATISTICS_EXCLUDEDVALUES"></MDI>
      <MDI key="STATISTICS_MAXIMUM">0.78799998760223</MDI>
      <MDI key="STATISTICS_MEAN">0.69717237778131</MDI>
      <MDI key="STATISTICS_MEDIAN">0.693529</MDI>
      <MDI key="STATISTICS_MINIMUM">0.51424998044968</MDI>
      <MDI key="STATISTICS_SKIPFACTORX">1</MDI>
      <MDI key="STATISTICS_SKIPFACTORY">1</MDI>
      <MDI key="STATISTICS_STDDEV">0.034456997990459</MDI>
    </Metadata>
  </PAMRasterBand>
  <PAMRasterBand band="2">
    <Description>Band_2</Description>
    <Histograms>
      <HistItem>
        <HistMin>0.1720000058412552</HistMin>
        <HistMax>0.3177500069141388</HistMax>
        <BucketCount>256</BucketCount>
        <IncludeOutOfRange>1</IncludeOutOfRange>
        <Approximate>0</Approximate>
        <HistCounts>1|0|0|2|0|0|3|1|4|0|0|0|1|0|1|6|2|9|4|5|12|3|9|5|8|5|10|14|6|3|1|13|6|13|5|5|12|8|9|3|4|9|7|7|3|15|3|3|5|6|7|4|12|5|9|13|6|13|10|8|2|12|19|9|15|9|13|13|9|11|11|13|18|11|3|5|11|4|8|11|10|5|9|17|5|5|8|8|6|8|6|4|9|7|12|5|5|6|12|3|6|3|7|10|3|16|8|9|10|7|6|12|4|4|3|5|1|5|5|1|0|5|7|4|0|5|4|6|5|3|1|2|6|2|1|1|1|2|0|0|1|0|0|2|0|0|1|0|1|0|0|0|0|0|0|0|0|0|0|0|1|0|0|0|0|0|0|0|0|0|0|1|0|0|0|0|1|1|0|0|1|1|2|0|1|1|0|0|1|0|0|0|0|1|1|2|0|0|1|1|0|0|1|0|0|0|0|0|0|0|0|0|0|4|0|0|0|0|0|0|0|0|0|1|0|0|0|0|0|0|0|0|0|0|0|0|0|1|0|0|0|0|0|0|0|0|0|0|0|0|0|0|0|0|0|1</HistCounts>
      </HistItem>
    </Histograms>
    <Metadata>
      <MDI key="BandName">Band_2</MDI>
      <MDI key="RepresentationType">ATHEMATIC</MDI>
      <MDI key="STATISTICS_COVARIANCES">0.0003127243310999868,0.0004688989949551739,0.0003433978053077497</MDI>
      <MDI key="STATISTICS_EXCLUDEDVALUES"></MDI>
      <MDI key="STATISTICS_MAXIMUM">0.31775000691414</MDI>
      <MDI key="STATISTICS_MEAN">0.2141171268172</MDI>
      <MDI key="STATISTICS_MEDIAN">0.212010</MDI>
      <MDI key="STATISTICS_MINIMUM">0.17200000584126</MDI>
      <MDI key="STATISTICS_SKIPFACTORX">1</MDI>
      <MDI key="STATISTICS_SKIPFACTORY">1</MDI>
      <MDI key="STATISTICS_STDDEV">0.021654075712327</MDI>
    </Metadata>
  </PAMRasterBand>
  <PAMRasterBand band="3">
    <Description>Band_3</Description>
    <Histograms>
      <HistItem>
        <HistMin>0.1825000047683716</HistMin>
        <HistMax>0.2939999997615814</HistMax>
        <BucketCount>256</BucketCount>
        <IncludeOutOfRange>1</IncludeOutOfRange>
        <Approximate>0</Approximate>
        <HistCounts>1|0|0|0|0|0|2|0|4|0|0|0|0|3|1|1|1|1|4|1|9|4|4|2|14|12|9|9|12|12|9|2|15|12|14|7|2|10|10|6|3|8|5|0|8|13|9|3|5|6|5|11|7|7|11|8|9|9|9|5|8|9|12|3|8|21|7|4|11|14|9|4|19|23|18|2|10|12|10|6|10|16|11|10|7|16|16|3|8|11|7|2|11|11|4|3|1|15|14|3|3|4|15|6|15|6|9|9|8|6|2|5|7|5|2|0|4|9|5|1|5|2|4|2|4|2|2|1|0|4|2|2|0|0|0|0|1|0|1|0|1|1|0|0|1|1|0|0|0|0|0|0|0|0|0|0|0|0|0|0|0|0|0|0|0|1|0|0|0|0|0|0|0|0|0|0|1|0|1|0|1|0|0|0|0|0|2|0|1|1|1|0|0|4|0|0|1|1|0|0|0|0|0|1|0|0|0|0|0|0|0|1|1|0|0|0|2|0|0|0|0|0|0|0|0|1|0|0|0|0|2|0|0|0|0|0|0|0|1|0|0|0|0|0|0|0|0|0|0|0|0|0|0|0|0|1</HistCounts>
      </HistItem>
    </Histograms>
    <Metadata>
      <MDI key="BandName">Band_3</MDI>
      <MDI key="RepresentationType">ATHEMATIC</MDI>
      <MDI key="STATISTICS_COVARIANCES">0.0002639801331151865,0.0003433978053077497,0.00025778832549692</MDI>
      <MDI key="STATISTICS_EXCLUDEDVALUES"></MDI>
      <MDI key="STATISTICS_MAXIMUM">0.29399999976158</MDI>
      <MDI key="STATISTICS_MEAN">0.214439226547</MDI>
      <MDI key="STATISTICS_MEDIAN">0.213982</MDI>
      <MDI key="STATISTICS_MINIMUM">0.18250000476837</MDI>
      <MDI key="STATISTICS_SKIPFACTORX">1</MDI>
      <MDI key="STATISTICS_SKIPFACTORY">1</MDI>
      <MDI key="STATISTICS_STDDEV">0.016055787912679</MDI>
    </Metadata>
  </PAMRasterBand>
</PAMDataset>
