<PAMDataset>
  <Metadata>
    <MDI key="DataType">Generic</MDI>
  </Metadata>
  <PAMRasterBand band="1">
    <Description>Band_1</Description>
    <Histograms>
      <HistItem>
        <HistMin>0.6685000061988831</HistMin>
        <HistMax>0.9322222471237183</HistMax>
        <BucketCount>256</BucketCount>
        <IncludeOutOfRange>1</IncludeOutOfRange>
        <Approximate>0</Approximate>
        <HistCounts>2|0|0|0|0|0|0|0|0|0|0|0|0|0|0|0|0|0|0|0|0|0|0|0|0|0|0|0|0|1|0|0|0|0|0|0|0|0|0|0|0|0|0|1|0|0|2|0|0|0|0|0|0|0|0|0|0|0|0|0|1|0|0|0|2|0|0|1|3|0|0|1|0|2|1|0|1|0|1|0|2|1|3|0|0|2|1|1|2|1|2|0|3|2|1|5|1|1|0|1|4|0|1|0|1|0|1|2|0|1|4|1|2|1|1|4|1|5|5|2|0|1|3|0|1|2|1|1|4|2|2|1|1|2|1|2|5|5|5|7|3|0|2|1|5|2|1|2|7|5|7|6|7|9|6|2|6|2|3|7|6|7|4|7|4|4|4|4|6|5|0|2|5|5|6|13|5|9|8|3|6|6|7|12|4|4|12|2|10|6|12|8|5|4|2|8|7|11|2|4|9|12|9|9|11|14|2|7|12|10|6|5|11|7|8|5|4|7|6|6|6|2|12|5|3|11|10|7|2|3|7|5|1|6|1|3|5|11|3|2|2|2|11|28|35|24|24|16|15|8|16|9|2|6|0|1</HistCounts>
      </HistItem>
    </Histograms>
    <Metadata>
      <MDI key="BandName">Band_1</MDI>
      <MDI key="RepresentationType">ATHEMATIC</MDI>
      <MDI key="STATISTICS_COVARIANCES">0.00238117568709868,0.0003752067902886754,0.0003542554795469355</MDI>
      <MDI key="STATISTICS_EXCLUDEDVALUES"></MDI>
      <MDI key="STATISTICS_MAXIMUM">0.93222224712372</MDI>
      <MDI key="STATISTICS_MEAN">0.86747096882377</MDI>
      <MDI key="STATISTICS_MEDIAN">0.875341</MDI>
      <MDI key="STATISTICS_MINIMUM">0.66850000619888</MDI>
      <MDI key="STATISTICS_SKIPFACTORX">1</MDI>
      <MDI key="STATISTICS_SKIPFACTORY">1</MDI>
      <MDI key="STATISTICS_STDDEV">0.048797291800864</MDI>
    </Metadata>
  </PAMRasterBand>
  <PAMRasterBand band="2">
    <Description>Band_2</Description>
    <Histograms>
      <HistItem>
        <HistMin>0.04524999856948853</HistMin>
        <HistMax>0.5292500257492065</HistMax>
        <BucketCount>256</BucketCount>
        <IncludeOutOfRange>1</IncludeOutOfRange>
        <Approximate>0</Approximate>
        <HistCounts>3|0|1|1|0|0|1|2|0|0|0|0|1|0|1|0|2|0|1|0|0|0|1|1|1|1|0|0|3|0|2|0|0|0|0|0|1|0|0|1|1|0|0|1|1|0|0|0|0|0|0|0|0|0|0|0|1|0|0|0|0|0|0|0|1|0|0|0|2|0|1|0|0|1|1|0|0|0|2|0|0|0|0|0|0|0|3|0|2|2|0|0|1|0|0|0|0|0|0|0|0|0|0|0|3|0|0|0|0|0|0|3|1|0|1|0|0|2|3|5|2|1|3|1|7|1|2|1|0|1|5|1|3|6|0|10|8|7|4|14|11|11|5|12|11|10|22|9|21|18|17|32|12|23|19|21|20|12|39|22|31|11|10|31|20|16|20|12|12|6|15|8|17|9|20|5|7|13|6|8|6|7|7|4|8|3|5|3|1|3|6|5|5|0|2|5|6|2|1|0|3|5|0|3|0|2|1|6|4|2|2|1|2|1|1|2|3|0|4|2|0|0|0|4|0|2|2|3|0|2|2|2|0|0|1|1|1|0|1|1|0|0|2|1|0|0|0|0|0|0|0|0|0|3|0|2</HistCounts>
      </HistItem>
    </Histograms>
    <Metadata>
      <MDI key="BandName">Band_2</MDI>
      <MDI key="RepresentationType">ATHEMATIC</MDI>
      <MDI key="STATISTICS_COVARIANCES">0.0003752067902886754,0.004493275876274503,0.002848987480652695</MDI>
      <MDI key="STATISTICS_EXCLUDEDVALUES"></MDI>
      <MDI key="STATISTICS_MAXIMUM">0.52925002574921</MDI>
      <MDI key="STATISTICS_MEAN">0.3447742903662</MDI>
      <MDI key="STATISTICS_MEDIAN">0.345140</MDI>
      <MDI key="STATISTICS_MINIMUM">0.045249998569489</MDI>
      <MDI key="STATISTICS_SKIPFACTORX">1</MDI>
      <MDI key="STATISTICS_SKIPFACTORY">1</MDI>
      <MDI key="STATISTICS_STDDEV">0.067031901929413</MDI>
    </Metadata>
  </PAMRasterBand>
  <PAMRasterBand band="3">
    <Description>Band_3</Description>
    <Histograms>
      <HistItem>
        <HistMin>0.1102500036358833</HistMin>
        <HistMax>0.4189999997615814</HistMax>
        <BucketCount>256</BucketCount>
        <IncludeOutOfRange>1</IncludeOutOfRange>
        <Approximate>0</Approximate>
        <HistCounts>3|0|0|1|2|0|0|0|1|3|0|1|0|0|1|1|1|1|0|0|0|0|3|1|0|0|0|1|0|0|0|2|1|0|0|0|2|0|0|1|0|0|0|0|0|0|0|0|1|0|0|1|0|0|0|0|1|0|0|1|0|1|0|0|0|0|0|1|1|1|1|0|0|0|2|2|0|0|0|0|1|0|0|0|0|0|3|0|0|0|0|0|1|0|2|0|0|2|0|0|1|0|0|1|0|1|1|1|3|1|1|0|5|2|4|1|1|2|3|3|1|2|2|1|2|3|8|5|8|11|5|7|4|10|11|10|7|9|21|17|17|18|19|20|22|21|20|16|16|24|24|9|24|18|21|15|11|20|16|9|17|10|14|13|10|12|9|13|10|13|10|11|6|12|11|4|6|13|1|3|6|9|5|3|7|4|0|2|9|4|4|2|3|2|2|4|3|2|4|6|2|2|2|0|5|2|3|0|2|2|0|0|0|2|2|2|2|2|3|4|0|1|1|0|0|1|1|1|0|0|0|0|0|1|1|1|0|1|1|0|0|0|0|0|2|0|0|0|0|0|0|2|0|1|0|2</HistCounts>
      </HistItem>
    </Histograms>
    <Metadata>
      <MDI key="BandName">Band_3</MDI>
      <MDI key="RepresentationType">ATHEMATIC</MDI>
      <MDI key="STATISTICS_COVARIANCES">0.0003542554795469355,0.002848987480652695,0.001845896572424736</MDI>
      <MDI key="STATISTICS_EXCLUDEDVALUES"></MDI>
      <MDI key="STATISTICS_MAXIMUM">0.41899999976158</MDI>
      <MDI key="STATISTICS_MEAN">0.29413236866351</MDI>
      <MDI key="STATISTICS_MEDIAN">0.294289</MDI>
      <MDI key="STATISTICS_MINIMUM">0.11025000363588</MDI>
      <MDI key="STATISTICS_SKIPFACTORX">1</MDI>
      <MDI key="STATISTICS_SKIPFACTORY">1</MDI>
      <MDI key="STATISTICS_STDDEV">0.042963898477963</MDI>
    </Metadata>
  </PAMRasterBand>
</PAMDataset>
