<PAMDataset>
  <Metadata>
    <MDI key="DataType">Generic</MDI>
  </Metadata>
  <PAMRasterBand band="1">
    <Description>Band_1</Description>
    <Histograms>
      <HistItem>
        <HistMin>0.6175000071525574</HistMin>
        <HistMax>0.9339073896408081</HistMax>
        <BucketCount>256</BucketCount>
        <IncludeOutOfRange>1</IncludeOutOfRange>
        <Approximate>0</Approximate>
        <HistCounts>1|0|0|1|0|0|0|0|0|0|0|0|1|1|0|0|0|2|0|0|1|0|0|2|1|3|1|1|0|0|1|2|4|0|0|0|0|0|2|0|1|0|3|2|0|2|5|0|1|2|0|7|1|0|0|0|1|5|4|1|3|0|2|3|2|4|0|2|1|0|2|2|6|2|0|8|2|1|7|10|1|8|7|5|10|5|9|9|7|13|10|8|12|16|5|8|7|12|9|18|16|11|15|6|25|11|13|11|12|15|9|24|15|30|22|20|19|11|20|16|19|9|20|13|13|20|6|21|18|15|32|19|28|26|17|8|15|21|37|22|20|19|20|14|21|28|27|10|27|23|20|18|27|20|31|27|33|17|26|23|27|13|34|19|28|41|35|32|23|37|40|42|34|34|44|25|29|30|44|35|38|28|35|22|29|25|27|19|35|25|22|27|23|18|38|31|40|30|22|22|15|23|18|18|17|8|16|24|22|14|10|14|14|10|29|20|6|8|20|4|7|8|6|6|5|9|10|4|10|7|5|1|2|11|4|5|3|3|4|5|2|1|7|4|13|13|14|5|1|5|7|4|0|1|0|1</HistCounts>
      </HistItem>
    </Histograms>
    <Metadata>
      <MDI key="BandName">Band_1</MDI>
      <MDI key="RepresentationType">ATHEMATIC</MDI>
      <MDI key="STATISTICS_COVARIANCES">0.00284716883408547,9.006519765597735e-05,0.0002593377014771939</MDI>
      <MDI key="STATISTICS_EXCLUDEDVALUES"></MDI>
      <MDI key="STATISTICS_MAXIMUM">0.93390738964081</MDI>
      <MDI key="STATISTICS_MEAN">0.81520365087315</MDI>
      <MDI key="STATISTICS_MEDIAN">0.822234</MDI>
      <MDI key="STATISTICS_MINIMUM">0.61750000715256</MDI>
      <MDI key="STATISTICS_SKIPFACTORX">1</MDI>
      <MDI key="STATISTICS_SKIPFACTORY">1</MDI>
      <MDI key="STATISTICS_STDDEV">0.053358868373359</MDI>
    </Metadata>
  </PAMRasterBand>
  <PAMRasterBand band="2">
    <Description>Band_2</Description>
    <Histograms>
      <HistItem>
        <HistMin>0.06449999660253525</HistMin>
        <HistMax>0.5184999704360962</HistMax>
        <BucketCount>256</BucketCount>
        <IncludeOutOfRange>1</IncludeOutOfRange>
        <Approximate>0</Approximate>
        <HistCounts>1|0|0|0|0|0|0|0|0|0|1|0|1|0|2|0|0|0|2|0|0|0|3|0|0|0|3|1|1|0|0|0|0|0|0|0|0|0|0|1|1|0|0|0|0|0|2|2|1|0|1|2|1|1|1|0|1|0|1|1|2|0|0|2|0|3|2|0|2|3|1|1|0|3|0|0|0|1|2|0|3|1|3|2|1|0|5|0|2|1|1|1|5|0|5|1|0|0|3|1|1|4|3|6|1|4|4|5|2|0|0|3|7|3|0|2|0|1|3|4|3|3|1|2|1|1|3|1|2|3|3|6|8|1|2|2|1|8|3|4|1|3|6|4|6|8|1|3|5|6|6|4|3|2|6|7|5|5|1|2|6|2|8|6|4|5|8|6|9|6|11|13|5|6|14|14|13|15|9|20|14|15|25|19|11|19|36|29|27|37|31|27|61|30|48|42|54|68|47|62|55|57|66|64|55|87|75|70|59|63|63|68|64|92|78|61|74|70|68|46|62|46|66|36|44|40|51|37|37|33|24|19|29|22|13|9|10|10|5|7|12|8|4|4|3|5|4|1|1|0|2|0|0|4|1|2</HistCounts>
      </HistItem>
    </Histograms>
    <Metadata>
      <MDI key="BandName">Band_2</MDI>
      <MDI key="RepresentationType">ATHEMATIC</MDI>
      <MDI key="STATISTICS_COVARIANCES">9.006519765597735e-05,0.003533242256143342,0.002110339905490179</MDI>
      <MDI key="STATISTICS_EXCLUDEDVALUES"></MDI>
      <MDI key="STATISTICS_MAXIMUM">0.5184999704361</MDI>
      <MDI key="STATISTICS_MEAN">0.4186656612138</MDI>
      <MDI key="STATISTICS_MEDIAN">0.431261</MDI>
      <MDI key="STATISTICS_MINIMUM">0.064499996602535</MDI>
      <MDI key="STATISTICS_SKIPFACTORX">1</MDI>
      <MDI key="STATISTICS_SKIPFACTORY">1</MDI>
      <MDI key="STATISTICS_STDDEV">0.059441082225539</MDI>
    </Metadata>
  </PAMRasterBand>
  <PAMRasterBand band="3">
    <Description>Band_3</Description>
    <Histograms>
      <HistItem>
        <HistMin>0.1247500032186508</HistMin>
        <HistMax>0.4084999859333038</HistMax>
        <BucketCount>256</BucketCount>
        <IncludeOutOfRange>1</IncludeOutOfRange>
        <Approximate>0</Approximate>
        <HistCounts>1|0|0|0|0|0|0|0|0|0|2|0|0|0|0|0|1|0|1|0|0|1|1|0|4|0|0|1|0|0|0|2|0|0|0|0|1|0|0|0|0|0|0|0|0|0|3|1|0|1|0|2|0|3|0|2|1|7|1|0|0|1|1|2|2|4|0|0|1|0|0|3|0|2|1|1|1|2|1|2|0|3|4|1|6|3|2|3|1|0|2|2|2|1|5|1|6|4|3|3|0|1|2|4|2|1|2|0|9|3|3|2|8|5|1|6|0|3|0|2|1|1|7|2|2|1|4|2|4|3|11|6|7|4|6|4|4|3|5|6|3|4|2|1|9|4|3|6|3|0|5|4|5|8|10|10|8|11|18|10|3|18|6|19|15|10|19|13|22|19|36|19|34|30|23|48|37|41|30|45|30|55|45|42|60|44|53|65|62|42|66|46|60|64|59|59|74|68|50|61|67|52|66|62|75|66|69|43|68|40|58|42|64|43|32|36|22|37|18|38|18|24|14|10|13|9|12|16|10|3|8|5|15|7|4|1|1|3|2|3|5|0|0|2|0|1|0|1|0|0|0|0|0|0|0|1</HistCounts>
      </HistItem>
    </Histograms>
    <Metadata>
      <MDI key="BandName">Band_3</MDI>
      <MDI key="RepresentationType">ATHEMATIC</MDI>
      <MDI key="STATISTICS_COVARIANCES">0.0002593377014771939,0.002110339905490179,0.00129423697195237</MDI>
      <MDI key="STATISTICS_EXCLUDEDVALUES"></MDI>
      <MDI key="STATISTICS_MAXIMUM">0.4084999859333</MDI>
      <MDI key="STATISTICS_MEAN">0.33284687383975</MDI>
      <MDI key="STATISTICS_MEDIAN">0.339510</MDI>
      <MDI key="STATISTICS_MINIMUM">0.12475000321865</MDI>
      <MDI key="STATISTICS_SKIPFACTORX">1</MDI>
      <MDI key="STATISTICS_SKIPFACTORY">1</MDI>
      <MDI key="STATISTICS_STDDEV">0.035975505166048</MDI>
    </Metadata>
  </PAMRasterBand>
</PAMDataset>
