<PAMDataset>
  <Metadata>
    <MDI key="DataType">Generic</MDI>
  </Metadata>
  <PAMRasterBand band="1">
    <Description>Band_1</Description>
    <Histograms>
      <HistItem>
        <HistMin>0.5007500052452087</HistMin>
        <HistMax>0.931759238243103</HistMax>
        <BucketCount>256</BucketCount>
        <IncludeOutOfRange>1</IncludeOutOfRange>
        <Approximate>0</Approximate>
        <HistCounts>2|0|0|0|0|0|0|0|0|2|0|0|2|0|0|0|2|1|0|1|0|0|2|0|0|0|2|0|1|0|0|0|0|0|0|0|1|1|0|0|1|0|1|3|1|3|1|1|1|4|0|1|0|2|0|5|2|1|1|0|1|0|4|2|3|1|8|3|3|2|1|3|1|3|2|2|5|5|5|3|2|5|4|2|0|12|3|5|9|9|8|8|5|12|8|8|8|5|7|3|6|9|11|5|16|10|15|14|18|16|10|15|12|13|13|6|13|13|14|11|13|6|20|15|20|8|12|6|26|14|8|12|12|14|14|16|18|14|10|15|19|21|7|8|10|11|10|16|17|9|15|16|3|22|8|17|21|17|15|21|16|10|10|12|19|17|16|10|14|18|13|18|8|8|17|10|15|13|8|10|14|17|21|11|16|13|7|13|9|16|22|17|22|16|14|17|10|23|24|15|13|12|18|10|10|14|8|15|14|9|16|11|12|16|17|15|11|7|16|11|18|11|11|13|12|17|9|13|8|13|5|5|11|7|7|10|7|8|4|6|9|9|16|11|5|13|7|4|86|86|32|24|3|0|0|1</HistCounts>
      </HistItem>
    </Histograms>
    <Metadata>
      <MDI key="BandName">Band_1</MDI>
      <MDI key="RepresentationType">ATHEMATIC</MDI>
      <MDI key="STATISTICS_COVARIANCES">0.008072835438893197,-0.0004161572177015451,0.0001329850963276805</MDI>
      <MDI key="STATISTICS_EXCLUDEDVALUES"></MDI>
      <MDI key="STATISTICS_MAXIMUM">0.9317592382431</MDI>
      <MDI key="STATISTICS_MEAN">0.78801817691083</MDI>
      <MDI key="STATISTICS_MEDIAN">0.789780</MDI>
      <MDI key="STATISTICS_MINIMUM">0.50075000524521</MDI>
      <MDI key="STATISTICS_SKIPFACTORX">1</MDI>
      <MDI key="STATISTICS_SKIPFACTORY">1</MDI>
      <MDI key="STATISTICS_STDDEV">0.08984895903066</MDI>
    </Metadata>
  </PAMRasterBand>
  <PAMRasterBand band="2">
    <Description>Band_2</Description>
    <Histograms>
      <HistItem>
        <HistMin>0.07599999755620956</HistMin>
        <HistMax>0.7170000076293945</HistMax>
        <BucketCount>256</BucketCount>
        <IncludeOutOfRange>1</IncludeOutOfRange>
        <Approximate>0</Approximate>
        <HistCounts>2|0|0|1|1|1|2|3|0|2|0|0|0|1|1|4|2|4|0|3|3|1|4|7|1|1|1|1|6|2|3|7|14|6|7|14|15|15|16|26|37|31|29|38|56|55|64|56|47|48|47|48|72|46|60|45|47|38|51|49|51|36|50|43|53|56|60|58|43|45|58|57|60|51|59|39|47|40|42|39|37|25|18|21|17|17|17|16|13|7|7|8|6|0|0|6|4|0|0|0|0|1|1|0|0|0|0|2|0|2|0|0|0|0|0|0|0|0|0|0|0|0|0|1|0|0|0|0|0|0|0|0|0|0|0|0|0|0|0|0|0|0|0|0|0|0|0|0|0|0|0|0|0|0|0|0|0|0|0|0|0|0|0|0|0|0|0|0|0|0|0|0|0|0|0|0|0|0|0|0|0|0|0|0|0|0|0|0|0|0|0|0|0|0|0|0|0|0|0|0|0|0|0|0|1|0|0|0|0|0|0|0|0|0|0|0|0|0|0|0|0|0|0|0|0|0|0|0|0|0|0|0|0|0|0|0|0|0|0|0|0|0|0|0|0|0|0|0|0|0|0|0|0|0|0|1</HistCounts>
      </HistItem>
    </Histograms>
    <Metadata>
      <MDI key="BandName">Band_2</MDI>
      <MDI key="RepresentationType">ATHEMATIC</MDI>
      <MDI key="STATISTICS_COVARIANCES">-0.0004161572177015451,0.001689062989099531,0.001113505084765783</MDI>
      <MDI key="STATISTICS_EXCLUDEDVALUES"></MDI>
      <MDI key="STATISTICS_MAXIMUM">0.71700000762939</MDI>
      <MDI key="STATISTICS_MEAN">0.22834242358867</MDI>
      <MDI key="STATISTICS_MEDIAN">0.226824</MDI>
      <MDI key="STATISTICS_MINIMUM">0.07599999755621</MDI>
      <MDI key="STATISTICS_SKIPFACTORX">1</MDI>
      <MDI key="STATISTICS_SKIPFACTORY">1</MDI>
      <MDI key="STATISTICS_STDDEV">0.041098211507309</MDI>
    </Metadata>
  </PAMRasterBand>
  <PAMRasterBand band="3">
    <Description>Band_3</Description>
    <Histograms>
      <HistItem>
        <HistMin>0.1169999986886978</HistMin>
        <HistMax>0.6825000047683716</HistMax>
        <BucketCount>256</BucketCount>
        <IncludeOutOfRange>1</IncludeOutOfRange>
        <Approximate>0</Approximate>
        <HistCounts>1|1|1|3|3|0|0|0|0|0|0|4|3|6|1|0|7|5|4|2|2|5|4|0|8|15|11|9|27|51|65|70|74|71|67|77|85|59|69|74|70|72|52|72|77|61|77|76|65|70|65|77|80|66|53|63|47|43|54|33|25|34|16|28|16|16|15|8|10|8|5|6|1|1|1|1|0|2|0|0|0|1|0|0|0|0|0|0|0|0|0|0|0|0|0|0|0|0|0|1|2|0|0|0|0|0|0|0|0|0|0|0|0|0|0|0|0|0|0|0|0|0|0|0|0|0|0|0|0|0|0|0|0|0|0|0|0|0|0|0|0|0|0|0|0|0|0|0|0|0|0|0|0|0|0|0|0|0|0|0|0|0|0|0|0|0|0|0|0|0|0|0|0|0|0|0|0|0|0|0|0|0|0|0|0|0|0|0|0|0|0|0|0|0|0|0|0|0|0|0|1|0|0|0|0|0|0|0|0|0|0|0|0|0|0|0|0|0|0|0|0|0|0|0|0|0|0|0|0|0|0|0|0|0|0|0|0|0|0|0|0|0|0|0|0|0|0|0|0|0|0|0|0|0|0|1</HistCounts>
      </HistItem>
    </Histograms>
    <Metadata>
      <MDI key="BandName">Band_3</MDI>
      <MDI key="RepresentationType">ATHEMATIC</MDI>
      <MDI key="STATISTICS_COVARIANCES">0.0001329850963276805,0.001113505084765783,0.0007890842507846054</MDI>
      <MDI key="STATISTICS_EXCLUDEDVALUES"></MDI>
      <MDI key="STATISTICS_MAXIMUM">0.68250000476837</MDI>
      <MDI key="STATISTICS_MEAN">0.21599671061203</MDI>
      <MDI key="STATISTICS_MEDIAN">0.214576</MDI>
      <MDI key="STATISTICS_MINIMUM">0.1169999986887</MDI>
      <MDI key="STATISTICS_SKIPFACTORX">1</MDI>
      <MDI key="STATISTICS_SKIPFACTORY">1</MDI>
      <MDI key="STATISTICS_STDDEV">0.028090643474022</MDI>
    </Metadata>
  </PAMRasterBand>
</PAMDataset>
