<PAMDataset>
  <Metadata>
    <MDI key="DataType">Generic</MDI>
  </Metadata>
  <PAMRasterBand band="1">
    <Description>Band_1</Description>
    <Histograms>
      <HistItem>
        <HistMin>0.4582499861717224</HistMin>
        <HistMax>0.9375740885734558</HistMax>
        <BucketCount>256</BucketCount>
        <IncludeOutOfRange>1</IncludeOutOfRange>
        <Approximate>0</Approximate>
        <HistCounts>1|0|0|0|0|0|0|0|0|0|1|0|0|0|0|0|0|0|0|0|0|0|0|0|0|0|1|0|0|0|0|0|0|0|0|0|0|0|0|0|0|0|0|0|0|0|1|1|0|0|0|0|0|1|0|0|0|0|0|0|0|0|0|0|0|0|0|0|0|0|0|0|0|0|0|0|0|0|0|0|0|0|0|0|0|0|0|0|0|0|0|1|1|0|1|0|0|1|0|0|1|0|0|0|0|0|0|0|0|0|0|0|0|0|0|0|0|0|0|1|0|0|0|1|1|0|0|3|2|1|0|0|0|0|0|1|1|2|0|3|0|0|0|0|2|2|0|0|2|7|3|3|0|1|11|3|6|3|14|10|5|8|14|9|6|13|6|12|16|8|13|19|12|12|14|11|8|20|17|11|11|7|17|17|13|20|11|25|23|15|18|14|26|19|32|16|25|22|30|18|19|18|20|13|15|17|24|27|27|29|12|26|20|22|15|13|14|16|11|10|11|5|4|9|4|7|2|9|3|4|1|6|2|5|4|2|2|2|1|4|5|0|2|1|0|9|10|1|4|3|8|16|12|6|8|1</HistCounts>
      </HistItem>
    </Histograms>
    <Metadata>
      <MDI key="BandName">Band_1</MDI>
      <MDI key="RepresentationType">ATHEMATIC</MDI>
      <MDI key="STATISTICS_COVARIANCES">0.002799105365122057,-0.0007848866784115576,-0.0002281921128359239</MDI>
      <MDI key="STATISTICS_EXCLUDEDVALUES"></MDI>
      <MDI key="STATISTICS_MAXIMUM">0.93757408857346</MDI>
      <MDI key="STATISTICS_MEAN">0.82568496964776</MDI>
      <MDI key="STATISTICS_MEDIAN">0.826672</MDI>
      <MDI key="STATISTICS_MINIMUM">0.45824998617172</MDI>
      <MDI key="STATISTICS_SKIPFACTORX">1</MDI>
      <MDI key="STATISTICS_SKIPFACTORY">1</MDI>
      <MDI key="STATISTICS_STDDEV">0.052906572040929</MDI>
    </Metadata>
  </PAMRasterBand>
  <PAMRasterBand band="2">
    <Description>Band_2</Description>
    <Histograms>
      <HistItem>
        <HistMin>0.1067499965429306</HistMin>
        <HistMax>0.3957499861717224</HistMax>
        <BucketCount>256</BucketCount>
        <IncludeOutOfRange>1</IncludeOutOfRange>
        <Approximate>0</Approximate>
        <HistCounts>4|0|0|0|2|0|0|3|0|0|1|0|0|0|0|0|0|3|0|2|0|0|0|0|1|1|0|0|1|2|1|2|0|1|0|1|0|1|0|0|0|0|0|3|1|0|0|0|1|0|5|2|0|2|1|0|0|0|0|0|0|0|0|0|0|2|0|2|0|0|0|1|0|2|0|0|0|2|2|0|3|1|6|1|5|1|7|0|4|2|2|4|5|4|3|5|5|11|11|14|12|12|16|15|10|26|24|16|14|11|12|17|19|18|17|16|14|11|10|2|7|10|3|12|4|7|10|6|7|8|3|10|4|9|2|10|15|10|8|12|7|8|9|9|7|8|4|8|5|4|8|3|5|18|10|6|4|7|7|10|2|2|7|7|4|7|10|5|16|2|5|6|6|9|3|11|7|5|6|3|13|12|6|10|2|3|6|10|6|5|2|15|9|6|4|10|10|7|12|5|8|6|4|7|7|3|2|14|11|12|5|11|10|5|2|6|14|8|2|6|5|7|5|4|3|3|2|10|8|0|7|2|3|3|2|3|3|1|3|2|0|1|1|1|1|0|1|0|0|0|1|2|0|2|0|1</HistCounts>
      </HistItem>
    </Histograms>
    <Metadata>
      <MDI key="BandName">Band_2</MDI>
      <MDI key="RepresentationType">ATHEMATIC</MDI>
      <MDI key="STATISTICS_COVARIANCES">-0.0007848866784115576,0.003031808527771942,0.001653097726414597</MDI>
      <MDI key="STATISTICS_EXCLUDEDVALUES"></MDI>
      <MDI key="STATISTICS_MAXIMUM">0.39574998617172</MDI>
      <MDI key="STATISTICS_MEAN">0.27511818917731</MDI>
      <MDI key="STATISTICS_MEDIAN">0.268817</MDI>
      <MDI key="STATISTICS_MINIMUM">0.10674999654293</MDI>
      <MDI key="STATISTICS_SKIPFACTORX">1</MDI>
      <MDI key="STATISTICS_SKIPFACTORY">1</MDI>
      <MDI key="STATISTICS_STDDEV">0.05506186091817</MDI>
    </Metadata>
  </PAMRasterBand>
  <PAMRasterBand band="3">
    <Description>Band_3</Description>
    <Histograms>
      <HistItem>
        <HistMin>0.1655000001192093</HistMin>
        <HistMax>0.3682500123977661</HistMax>
        <BucketCount>256</BucketCount>
        <IncludeOutOfRange>1</IncludeOutOfRange>
        <Approximate>0</Approximate>
        <HistCounts>2|0|0|0|1|1|0|2|0|0|0|0|1|0|1|0|0|4|1|0|1|1|2|2|0|0|0|0|0|1|0|2|2|3|0|0|0|0|1|1|0|1|3|1|0|1|2|2|1|0|1|0|4|1|0|8|3|2|7|3|8|2|3|3|9|1|2|4|6|7|6|6|12|13|10|7|14|30|14|21|15|12|24|25|15|12|13|19|19|9|10|11|14|8|12|5|5|14|3|10|12|4|15|12|7|7|16|13|5|15|12|4|12|11|6|12|16|9|8|3|9|8|8|7|12|5|11|6|7|5|13|5|14|9|5|7|6|14|13|9|9|13|10|5|12|7|5|3|7|13|6|13|10|13|13|6|15|10|6|3|15|7|20|14|6|15|20|7|2|9|0|11|7|4|8|1|7|8|2|2|5|5|2|2|2|2|0|1|0|0|0|2|0|1|2|0|0|1|1|0|0|0|2|0|0|0|0|0|0|0|0|0|0|1|0|0|0|0|0|0|0|0|0|0|0|0|0|0|0|0|0|0|0|0|0|0|0|0|0|0|0|0|0|0|0|0|0|0|0|0|0|0|0|0|0|1</HistCounts>
      </HistItem>
    </Histograms>
    <Metadata>
      <MDI key="BandName">Band_3</MDI>
      <MDI key="RepresentationType">ATHEMATIC</MDI>
      <MDI key="STATISTICS_COVARIANCES">-0.0002281921128359239,0.001653097726414597,0.0009307060271839467</MDI>
      <MDI key="STATISTICS_EXCLUDEDVALUES"></MDI>
      <MDI key="STATISTICS_MAXIMUM">0.36825001239777</MDI>
      <MDI key="STATISTICS_MEAN">0.25652103381566</MDI>
      <MDI key="STATISTICS_MEDIAN">0.253756</MDI>
      <MDI key="STATISTICS_MINIMUM">0.16550000011921</MDI>
      <MDI key="STATISTICS_SKIPFACTORX">1</MDI>
      <MDI key="STATISTICS_SKIPFACTORY">1</MDI>
      <MDI key="STATISTICS_STDDEV">0.030507474939496</MDI>
    </Metadata>
  </PAMRasterBand>
</PAMDataset>
