<PAMDataset>
  <Metadata>
    <MDI key="DataType">Generic</MDI>
  </Metadata>
  <PAMRasterBand band="1">
    <Description>Band_1</Description>
    <Histograms>
      <HistItem>
        <HistMin>0.4637500047683716</HistMin>
        <HistMax>0.9361481666564941</HistMax>
        <BucketCount>256</BucketCount>
        <IncludeOutOfRange>1</IncludeOutOfRange>
        <Approximate>0</Approximate>
        <HistCounts>1|0|0|0|0|0|0|0|2|0|0|0|1|0|0|0|0|0|0|0|1|1|0|0|0|0|1|2|2|0|0|0|0|0|0|4|0|2|1|4|3|2|4|3|0|2|0|1|4|4|4|5|4|4|3|1|2|7|6|4|2|7|3|3|6|2|6|6|3|6|0|4|2|3|8|5|6|5|4|10|6|6|3|9|9|12|3|9|4|2|12|11|5|10|10|10|2|6|2|8|13|9|3|3|5|18|3|16|5|5|5|6|8|11|4|10|11|15|5|13|16|10|7|10|22|13|18|11|13|16|19|18|18|15|20|23|16|24|17|18|24|26|17|27|25|19|20|26|26|21|34|37|27|29|26|24|46|28|18|20|28|20|26|32|17|19|27|29|25|29|31|37|20|34|25|26|23|23|32|22|34|23|28|42|39|31|25|34|25|27|34|17|32|27|12|42|15|32|34|36|25|23|22|17|32|20|10|22|25|23|29|15|18|21|15|21|14|23|10|31|14|20|21|19|29|16|18|17|19|15|12|12|20|19|12|2|14|7|20|13|7|15|13|7|8|14|81|85|33|20|12|21|10|2|1|1</HistCounts>
      </HistItem>
    </Histograms>
    <Metadata>
      <MDI key="BandName">Band_1</MDI>
      <MDI key="RepresentationType">ATHEMATIC</MDI>
      <MDI key="STATISTICS_COVARIANCES">0.008277200045212681,0.002495300704859125,0.00194575318745568</MDI>
      <MDI key="STATISTICS_EXCLUDEDVALUES"></MDI>
      <MDI key="STATISTICS_MAXIMUM">0.93614816665649</MDI>
      <MDI key="STATISTICS_MEAN">0.78341013776256</MDI>
      <MDI key="STATISTICS_MEDIAN">0.789797</MDI>
      <MDI key="STATISTICS_MINIMUM">0.46375000476837</MDI>
      <MDI key="STATISTICS_SKIPFACTORX">1</MDI>
      <MDI key="STATISTICS_SKIPFACTORY">1</MDI>
      <MDI key="STATISTICS_STDDEV">0.090979118731787</MDI>
    </Metadata>
  </PAMRasterBand>
  <PAMRasterBand band="2">
    <Description>Band_2</Description>
    <Histograms>
      <HistItem>
        <HistMin>0.06800000369548798</HistMin>
        <HistMax>0.4659999907016754</HistMax>
        <BucketCount>256</BucketCount>
        <IncludeOutOfRange>1</IncludeOutOfRange>
        <Approximate>0</Approximate>
        <HistCounts>1|1|0|1|1|0|1|0|0|2|0|0|0|0|0|0|0|2|1|1|0|2|1|5|4|1|2|3|1|1|1|2|1|4|3|1|5|5|2|3|2|4|5|2|0|2|4|3|5|1|5|2|2|2|0|0|0|2|0|1|0|7|2|0|3|6|2|2|3|4|0|2|2|1|2|3|2|1|3|6|4|2|13|10|3|3|8|8|15|9|7|10|20|27|25|20|20|27|43|42|52|27|47|37|31|40|57|46|44|65|50|55|58|58|58|56|55|46|33|47|58|36|50|48|41|38|32|41|27|31|25|29|31|20|33|27|16|29|21|13|17|15|15|16|13|14|10|11|11|11|6|15|16|16|17|11|12|10|11|17|16|8|14|25|12|14|9|16|13|16|7|18|16|18|16|17|22|17|22|30|22|34|27|23|26|25|20|24|33|26|14|18|21|20|28|20|19|25|13|15|9|20|14|20|16|14|11|9|14|14|9|10|22|15|19|7|9|7|24|10|12|7|8|2|6|3|6|0|0|11|4|7|2|7|6|5|1|3|0|1|3|3|1|3|0|0|3|2|0|0|3|2|1|1|1|1</HistCounts>
      </HistItem>
    </Histograms>
    <Metadata>
      <MDI key="BandName">Band_2</MDI>
      <MDI key="RepresentationType">ATHEMATIC</MDI>
      <MDI key="STATISTICS_COVARIANCES">0.002495300704859125,0.004736624226866039,0.002986106699222622</MDI>
      <MDI key="STATISTICS_EXCLUDEDVALUES"></MDI>
      <MDI key="STATISTICS_MAXIMUM">0.46599999070168</MDI>
      <MDI key="STATISTICS_MEAN">0.28648260127619</MDI>
      <MDI key="STATISTICS_MEDIAN">0.266220</MDI>
      <MDI key="STATISTICS_MINIMUM">0.068000003695488</MDI>
      <MDI key="STATISTICS_SKIPFACTORX">1</MDI>
      <MDI key="STATISTICS_SKIPFACTORY">1</MDI>
      <MDI key="STATISTICS_STDDEV">0.068823137293108</MDI>
    </Metadata>
  </PAMRasterBand>
  <PAMRasterBand band="3">
    <Description>Band_3</Description>
    <Histograms>
      <HistItem>
        <HistMin>0.1295000016689301</HistMin>
        <HistMax>0.3832499980926514</HistMax>
        <BucketCount>256</BucketCount>
        <IncludeOutOfRange>1</IncludeOutOfRange>
        <Approximate>0</Approximate>
        <HistCounts>1|0|0|0|0|1|0|1|0|0|1|0|0|0|3|0|2|0|4|1|0|0|3|0|3|1|1|3|2|1|1|1|1|4|6|3|3|4|4|4|0|1|3|2|1|3|5|5|5|8|4|4|4|1|0|5|1|2|0|0|2|6|9|9|6|4|4|4|11|9|7|6|10|6|7|13|14|12|9|14|19|16|16|26|24|19|21|25|14|37|21|21|33|32|40|51|56|40|28|54|42|36|39|56|40|61|68|51|56|53|49|48|44|45|57|35|43|38|29|27|43|35|17|33|18|27|18|17|28|13|20|17|21|16|11|11|11|18|22|11|16|9|13|12|9|7|13|6|15|6|9|20|8|13|8|12|13|16|12|16|16|14|20|14|16|6|23|17|20|23|19|24|23|26|20|31|33|22|18|37|22|30|37|31|23|28|20|20|22|23|18|27|11|16|14|13|16|13|15|12|11|16|15|6|13|13|14|10|2|15|14|2|10|12|11|7|3|9|6|6|3|6|4|3|2|1|5|1|3|4|2|2|2|2|0|3|0|2|1|0|0|2|3|0|1|0|0|0|0|0|0|0|0|0|0|1</HistCounts>
      </HistItem>
    </Histograms>
    <Metadata>
      <MDI key="BandName">Band_3</MDI>
      <MDI key="RepresentationType">ATHEMATIC</MDI>
      <MDI key="STATISTICS_COVARIANCES">0.00194575318745568,0.002986106699222622,0.001928034130832957</MDI>
      <MDI key="STATISTICS_EXCLUDEDVALUES"></MDI>
      <MDI key="STATISTICS_MAXIMUM">0.38324999809265</MDI>
      <MDI key="STATISTICS_MEAN">0.26026739872444</MDI>
      <MDI key="STATISTICS_MEDIAN">0.246922</MDI>
      <MDI key="STATISTICS_MINIMUM">0.12950000166893</MDI>
      <MDI key="STATISTICS_SKIPFACTORX">1</MDI>
      <MDI key="STATISTICS_SKIPFACTORY">1</MDI>
      <MDI key="STATISTICS_STDDEV">0.043909385452691</MDI>
    </Metadata>
  </PAMRasterBand>
</PAMDataset>
