<PAMDataset>
  <Metadata>
    <MDI key="DataType">Generic</MDI>
  </Metadata>
  <PAMRasterBand band="1">
    <Description>Band_1</Description>
    <Histograms>
      <HistItem>
        <HistMin>0.546500027179718</HistMin>
        <HistMax>0.9342963099479675</HistMax>
        <BucketCount>256</BucketCount>
        <IncludeOutOfRange>1</IncludeOutOfRange>
        <Approximate>0</Approximate>
        <HistCounts>1|0|0|0|0|0|0|0|0|0|0|1|0|0|2|0|1|0|0|2|0|0|0|0|2|0|0|0|0|0|0|0|0|2|0|0|2|0|0|0|0|0|0|0|0|0|0|0|3|0|0|0|0|0|2|0|0|3|0|2|0|0|0|1|0|0|0|0|0|3|5|0|0|0|1|1|2|1|2|2|1|2|1|4|9|6|2|3|6|4|1|4|8|8|3|5|6|7|2|5|13|3|14|4|4|4|9|5|8|5|11|8|8|13|10|6|7|8|14|13|7|15|8|14|12|2|12|8|9|12|10|8|7|7|12|10|8|12|2|11|10|7|8|16|11|18|13|10|20|14|19|16|26|20|14|12|37|28|22|24|20|22|22|25|23|18|29|29|40|29|22|30|25|16|21|32|19|24|23|17|30|19|23|18|26|15|26|25|21|17|18|17|8|7|6|7|5|10|10|3|3|7|12|2|5|6|8|5|3|4|3|3|1|7|5|2|3|4|2|2|1|2|1|1|1|1|0|4|0|1|2|0|0|2|0|1|1|3|3|2|1|0|0|0|0|2|3|2|5|3|0|2|2|1|0|1</HistCounts>
      </HistItem>
    </Histograms>
    <Metadata>
      <MDI key="BandName">Band_1</MDI>
      <MDI key="RepresentationType">ATHEMATIC</MDI>
      <MDI key="STATISTICS_COVARIANCES">0.003070682519450637,0.001184058326408749,0.0008989952018444514</MDI>
      <MDI key="STATISTICS_EXCLUDEDVALUES"></MDI>
      <MDI key="STATISTICS_MAXIMUM">0.93429630994797</MDI>
      <MDI key="STATISTICS_MEAN">0.7848441624872</MDI>
      <MDI key="STATISTICS_MEDIAN">0.792865</MDI>
      <MDI key="STATISTICS_MINIMUM">0.54650002717972</MDI>
      <MDI key="STATISTICS_SKIPFACTORX">1</MDI>
      <MDI key="STATISTICS_SKIPFACTORY">1</MDI>
      <MDI key="STATISTICS_STDDEV">0.055413739446555</MDI>
    </Metadata>
  </PAMRasterBand>
  <PAMRasterBand band="2">
    <Description>Band_2</Description>
    <Histograms>
      <HistItem>
        <HistMin>0.08600000292062759</HistMin>
        <HistMax>0.4942499995231628</HistMax>
        <BucketCount>256</BucketCount>
        <IncludeOutOfRange>1</IncludeOutOfRange>
        <Approximate>0</Approximate>
        <HistCounts>1|0|2|0|2|0|1|2|2|0|1|0|1|0|0|1|0|0|0|0|0|2|0|0|1|2|0|0|3|0|3|0|0|1|0|2|1|0|1|0|2|0|0|0|0|0|1|0|6|0|0|0|0|2|0|2|0|0|1|0|1|3|1|0|0|0|0|0|0|0|0|0|0|0|0|0|0|2|0|1|0|2|0|0|1|0|1|1|0|3|2|1|1|0|0|1|0|7|2|0|6|5|1|3|5|7|7|16|17|18|10|20|15|18|23|10|11|16|8|12|10|16|10|10|9|5|1|7|10|1|1|5|3|4|5|8|4|2|1|1|0|3|3|8|12|1|5|7|2|8|6|2|1|6|3|6|6|7|14|10|9|15|5|8|12|6|12|14|21|15|13|22|12|21|15|26|19|33|38|24|52|50|43|44|25|30|33|18|38|28|35|30|25|37|26|44|30|24|30|12|24|14|15|8|14|14|17|15|14|11|11|9|14|9|5|15|6|8|5|0|3|0|1|3|1|1|2|0|0|0|0|0|0|0|0|0|0|0|0|0|0|0|0|0|0|0|0|0|0|0|0|0|0|0|0|1</HistCounts>
      </HistItem>
    </Histograms>
    <Metadata>
      <MDI key="BandName">Band_2</MDI>
      <MDI key="RepresentationType">ATHEMATIC</MDI>
      <MDI key="STATISTICS_COVARIANCES">0.001184058326408749,0.003994136521843305,0.002436164570582842</MDI>
      <MDI key="STATISTICS_EXCLUDEDVALUES"></MDI>
      <MDI key="STATISTICS_MAXIMUM">0.49424999952316</MDI>
      <MDI key="STATISTICS_MEAN">0.35251222969169</MDI>
      <MDI key="STATISTICS_MEDIAN">0.374176</MDI>
      <MDI key="STATISTICS_MINIMUM">0.086000002920628</MDI>
      <MDI key="STATISTICS_SKIPFACTORX">1</MDI>
      <MDI key="STATISTICS_SKIPFACTORY">1</MDI>
      <MDI key="STATISTICS_STDDEV">0.063199181338395</MDI>
    </Metadata>
  </PAMRasterBand>
  <PAMRasterBand band="3">
    <Description>Band_3</Description>
    <Histograms>
      <HistItem>
        <HistMin>0.1375000029802322</HistMin>
        <HistMax>0.4124999940395355</HistMax>
        <BucketCount>256</BucketCount>
        <IncludeOutOfRange>1</IncludeOutOfRange>
        <Approximate>0</Approximate>
        <HistCounts>2|1|0|0|1|1|1|0|1|0|1|0|0|4|1|2|0|1|0|0|2|0|3|2|1|0|0|0|0|3|1|4|0|3|0|1|0|0|0|0|2|0|0|1|0|1|0|1|0|1|0|0|0|1|0|0|0|0|0|0|2|3|1|0|0|0|0|1|1|1|0|0|0|1|0|0|0|0|0|0|3|0|0|1|1|4|1|3|3|6|0|0|2|2|2|14|3|6|7|15|12|15|33|20|23|14|14|9|16|8|18|12|12|11|5|5|8|11|7|5|7|1|3|4|6|6|9|2|7|8|6|4|3|5|5|1|2|4|6|6|10|3|11|9|6|4|5|17|4|16|8|15|13|21|8|9|22|18|20|26|27|35|43|27|19|56|35|49|44|45|32|38|44|34|24|40|28|31|37|24|23|31|27|22|25|17|15|17|23|15|10|18|10|6|18|7|12|9|4|1|4|0|4|1|1|0|1|0|0|0|0|0|0|0|0|0|0|0|0|0|0|0|0|0|0|0|0|0|0|0|0|0|0|0|0|0|0|0|0|0|0|0|0|0|0|0|0|0|0|0|0|0|0|0|0|1</HistCounts>
      </HistItem>
    </Histograms>
    <Metadata>
      <MDI key="BandName">Band_3</MDI>
      <MDI key="RepresentationType">ATHEMATIC</MDI>
      <MDI key="STATISTICS_COVARIANCES">0.0008989952018444514,0.002436164570582842,0.001512512031566152</MDI>
      <MDI key="STATISTICS_EXCLUDEDVALUES"></MDI>
      <MDI key="STATISTICS_MAXIMUM">0.41249999403954</MDI>
      <MDI key="STATISTICS_MEAN">0.30157366330578</MDI>
      <MDI key="STATISTICS_MEDIAN">0.315441</MDI>
      <MDI key="STATISTICS_MINIMUM">0.13750000298023</MDI>
      <MDI key="STATISTICS_SKIPFACTORX">1</MDI>
      <MDI key="STATISTICS_SKIPFACTORY">1</MDI>
      <MDI key="STATISTICS_STDDEV">0.038891027648625</MDI>
    </Metadata>
  </PAMRasterBand>
</PAMDataset>
