<PAMDataset>
  <Metadata>
    <MDI key="DataType">Generic</MDI>
  </Metadata>
  <PAMRasterBand band="1">
    <Description>Band_1</Description>
    <Histograms>
      <HistItem>
        <HistMin>0.7182499766349792</HistMin>
        <HistMax>0.9352962970733643</HistMax>
        <BucketCount>256</BucketCount>
        <IncludeOutOfRange>1</IncludeOutOfRange>
        <Approximate>0</Approximate>
        <HistCounts>1|0|0|0|0|0|0|0|0|0|0|0|0|0|0|0|0|0|0|0|0|0|0|0|0|0|0|0|1|0|0|0|0|0|0|0|0|0|0|0|0|0|1|0|0|0|0|0|0|0|1|0|0|0|0|0|0|0|0|0|0|0|2|3|0|4|0|0|0|2|2|0|0|0|4|0|5|3|2|2|0|2|0|3|9|1|4|6|0|3|0|4|0|10|4|8|10|1|4|4|4|1|4|1|7|1|4|5|5|2|5|5|4|9|4|7|9|10|8|7|8|3|5|17|4|9|7|9|10|6|11|7|10|13|6|24|13|12|12|17|23|10|7|13|13|12|10|12|21|17|16|13|11|28|25|21|19|13|13|17|21|10|17|16|10|16|11|14|19|21|28|24|35|17|27|27|12|23|16|12|27|28|26|21|21|30|15|30|19|23|19|17|21|20|17|19|20|18|20|18|27|17|21|10|20|16|19|20|12|22|12|15|22|10|17|16|8|15|10|25|6|8|12|10|14|6|8|10|8|7|5|8|13|10|9|8|8|103|74|63|33|19|9|4|6|4|7|2|2|2|2|0|0|0|1|1</HistCounts>
      </HistItem>
    </Histograms>
    <Metadata>
      <MDI key="BandName">Band_1</MDI>
      <MDI key="RepresentationType">ATHEMATIC</MDI>
      <MDI key="STATISTICS_COVARIANCES">0.001289187146766773,3.989577640911987e-05,8.172709934851223e-05</MDI>
      <MDI key="STATISTICS_EXCLUDEDVALUES"></MDI>
      <MDI key="STATISTICS_MAXIMUM">0.93529629707336</MDI>
      <MDI key="STATISTICS_MEAN">0.87186845585716</MDI>
      <MDI key="STATISTICS_MEDIAN">0.873161</MDI>
      <MDI key="STATISTICS_MINIMUM">0.71824997663498</MDI>
      <MDI key="STATISTICS_SKIPFACTORX">1</MDI>
      <MDI key="STATISTICS_SKIPFACTORY">1</MDI>
      <MDI key="STATISTICS_STDDEV">0.035905252356261</MDI>
    </Metadata>
  </PAMRasterBand>
  <PAMRasterBand band="2">
    <Description>Band_2</Description>
    <Histograms>
      <HistItem>
        <HistMin>0.08500000089406967</HistMin>
        <HistMax>0.4517500102519989</HistMax>
        <BucketCount>256</BucketCount>
        <IncludeOutOfRange>1</IncludeOutOfRange>
        <Approximate>0</Approximate>
        <HistCounts>3|2|0|1|0|0|1|0|1|0|0|0|0|0|0|1|1|0|1|2|0|3|0|2|1|2|3|2|1|2|2|1|0|0|4|0|1|2|1|0|0|2|1|2|0|3|1|0|0|0|0|2|2|2|1|1|1|0|0|0|1|0|1|2|1|0|0|1|1|0|5|0|0|1|2|0|1|0|2|0|0|0|0|2|2|0|1|2|0|0|0|0|0|0|0|0|2|0|2|2|1|2|0|0|3|1|1|1|3|2|3|4|2|0|6|4|4|1|1|6|6|0|2|10|9|9|3|11|17|17|40|32|33|26|30|47|42|45|51|62|47|52|59|36|46|44|63|67|61|59|54|45|55|51|72|49|47|35|40|50|28|29|30|38|38|24|33|18|33|19|33|25|27|18|17|20|14|18|17|14|10|16|9|14|11|12|4|8|9|2|6|11|5|4|2|4|11|7|1|1|6|7|0|2|5|3|1|1|1|0|0|1|1|3|3|0|2|0|3|1|0|4|0|0|0|1|0|1|1|0|0|0|0|0|0|0|0|0|0|0|0|0|0|0|0|0|0|0|0|0|0|0|0|0|0|1</HistCounts>
      </HistItem>
    </Histograms>
    <Metadata>
      <MDI key="BandName">Band_2</MDI>
      <MDI key="RepresentationType">ATHEMATIC</MDI>
      <MDI key="STATISTICS_COVARIANCES">3.989577640911987e-05,0.001603431108571216,0.0009771488971895147</MDI>
      <MDI key="STATISTICS_EXCLUDEDVALUES"></MDI>
      <MDI key="STATISTICS_MAXIMUM">0.451750010252</MDI>
      <MDI key="STATISTICS_MEAN">0.3000329287321</MDI>
      <MDI key="STATISTICS_MEDIAN">0.300735</MDI>
      <MDI key="STATISTICS_MINIMUM">0.08500000089407</MDI>
      <MDI key="STATISTICS_SKIPFACTORX">1</MDI>
      <MDI key="STATISTICS_SKIPFACTORY">1</MDI>
      <MDI key="STATISTICS_STDDEV">0.040042865888585</MDI>
    </Metadata>
  </PAMRasterBand>
  <PAMRasterBand band="3">
    <Description>Band_3</Description>
    <Histograms>
      <HistItem>
        <HistMin>0.1369999945163727</HistMin>
        <HistMax>0.3867500126361847</HistMax>
        <BucketCount>256</BucketCount>
        <IncludeOutOfRange>1</IncludeOutOfRange>
        <Approximate>0</Approximate>
        <HistCounts>1|0|1|2|1|0|1|0|1|0|1|0|1|0|1|1|1|2|0|0|5|3|2|2|1|2|2|0|0|2|1|0|0|3|0|0|0|0|0|1|1|0|2|1|1|1|1|0|0|1|0|1|3|0|0|0|0|1|1|2|0|1|0|0|0|1|0|0|4|3|0|2|0|0|1|0|0|2|1|0|0|1|0|1|1|2|0|3|0|0|3|0|0|0|2|1|1|0|2|2|2|2|3|2|7|3|1|3|10|4|4|5|9|5|10|5|12|10|18|25|13|35|36|35|27|38|56|61|50|49|56|58|62|49|51|49|82|57|72|50|51|44|51|52|62|44|56|37|44|51|28|28|43|31|38|36|41|19|25|23|31|25|9|14|8|19|25|9|17|20|13|13|6|8|8|5|7|8|11|9|3|9|3|5|6|3|4|0|0|5|0|1|0|2|0|0|2|4|0|3|1|2|1|0|2|0|0|0|1|1|0|0|0|0|0|0|1|0|0|0|2|0|0|0|0|0|0|0|0|1|0|0|0|0|0|0|0|0|0|0|0|0|0|0|0|0|0|0|0|0|0|0|0|0|0|1</HistCounts>
      </HistItem>
    </Histograms>
    <Metadata>
      <MDI key="BandName">Band_3</MDI>
      <MDI key="RepresentationType">ATHEMATIC</MDI>
      <MDI key="STATISTICS_COVARIANCES">8.172709934851223e-05,0.0009771488971895147,0.0006100945261419002</MDI>
      <MDI key="STATISTICS_EXCLUDEDVALUES"></MDI>
      <MDI key="STATISTICS_MAXIMUM">0.38675001263618</MDI>
      <MDI key="STATISTICS_MEAN">0.27308983393871</MDI>
      <MDI key="STATISTICS_MEDIAN">0.273138</MDI>
      <MDI key="STATISTICS_MINIMUM">0.13699999451637</MDI>
      <MDI key="STATISTICS_SKIPFACTORX">1</MDI>
      <MDI key="STATISTICS_SKIPFACTORY">1</MDI>
      <MDI key="STATISTICS_STDDEV">0.024700091622136</MDI>
    </Metadata>
  </PAMRasterBand>
</PAMDataset>
