<PAMDataset>
  <Metadata>
    <MDI key="DataType">Generic</MDI>
  </Metadata>
  <PAMRasterBand band="1">
    <Description>Band_1</Description>
    <Histograms>
      <HistItem>
        <HistMin>0.7912499904632568</HistMin>
        <HistMax>0.9450555443763733</HistMax>
        <BucketCount>256</BucketCount>
        <IncludeOutOfRange>1</IncludeOutOfRange>
        <Approximate>0</Approximate>
        <HistCounts>1|0|0|0|0|0|0|0|0|0|0|0|0|0|0|0|0|0|0|0|0|0|0|0|0|0|0|0|0|0|0|0|0|0|1|0|0|0|1|0|0|0|0|0|0|1|0|0|0|0|0|1|0|0|0|0|0|0|1|0|0|0|0|0|0|0|0|1|0|0|0|0|2|0|0|0|0|2|0|0|0|0|0|0|1|0|0|0|0|0|1|0|0|0|0|0|0|1|0|0|0|1|0|0|0|0|1|0|0|0|0|0|0|0|1|0|0|0|2|0|0|1|0|1|0|0|1|0|0|2|0|2|0|2|0|0|0|0|0|0|2|1|0|0|1|1|0|2|1|0|2|0|0|0|1|0|0|0|1|2|0|1|0|1|1|2|0|2|0|0|3|1|0|2|1|2|1|1|3|1|0|2|3|0|4|0|3|0|1|3|1|3|3|4|1|3|3|6|1|3|1|5|0|0|2|2|6|1|5|3|2|0|0|32|40|39|45|42|49|67|63|44|44|63|53|57|34|12|6|6|8|5|2|5|3|2|6|1|6|0|1|0|0|0|0|0|0|0|0|0|0|0|0|0|0|1</HistCounts>
      </HistItem>
    </Histograms>
    <Metadata>
      <MDI key="BandName">Band_1</MDI>
      <MDI key="RepresentationType">ATHEMATIC</MDI>
      <MDI key="STATISTICS_COVARIANCES">0.0002642405507296956,-0.0003001482671593379,-0.000163126960303339</MDI>
      <MDI key="STATISTICS_EXCLUDEDVALUES"></MDI>
      <MDI key="STATISTICS_MAXIMUM">0.94505554437637</MDI>
      <MDI key="STATISTICS_MEAN">0.91962899132519</MDI>
      <MDI key="STATISTICS_MEDIAN">0.923342</MDI>
      <MDI key="STATISTICS_MINIMUM">0.79124999046326</MDI>
      <MDI key="STATISTICS_SKIPFACTORX">1</MDI>
      <MDI key="STATISTICS_SKIPFACTORY">1</MDI>
      <MDI key="STATISTICS_STDDEV">0.016255477560801</MDI>
    </Metadata>
  </PAMRasterBand>
  <PAMRasterBand band="2">
    <Description>Band_2</Description>
    <Histograms>
      <HistItem>
        <HistMin>0.101000003516674</HistMin>
        <HistMax>0.609000027179718</HistMax>
        <BucketCount>256</BucketCount>
        <IncludeOutOfRange>1</IncludeOutOfRange>
        <Approximate>0</Approximate>
        <HistCounts>2|4|4|8|9|10|11|14|9|15|16|17|35|16|44|35|59|40|45|51|46|31|45|33|43|20|24|25|18|18|13|7|5|13|9|5|2|1|6|4|1|2|2|0|4|0|1|0|1|4|1|0|0|0|0|0|1|2|3|1|0|0|1|0|4|0|2|2|0|2|0|0|2|2|0|1|0|0|0|1|1|0|0|1|1|2|0|1|1|1|0|1|1|0|2|0|0|0|0|0|0|0|0|0|0|0|0|0|1|0|0|1|0|0|0|0|0|0|0|0|0|0|2|0|0|0|0|0|0|0|0|0|1|0|0|0|0|0|0|0|0|0|0|0|0|0|0|0|0|0|0|0|0|0|0|0|0|1|0|0|0|0|0|0|0|0|0|0|0|0|0|0|0|0|0|0|0|0|0|0|0|0|0|0|0|0|0|0|0|0|0|0|0|0|0|0|0|0|0|0|0|0|0|0|0|0|0|0|0|0|0|0|0|0|0|0|0|0|0|0|0|0|0|0|0|0|0|0|0|0|0|0|0|0|0|0|0|0|0|0|0|0|0|0|0|0|0|0|0|0|0|0|0|0|0|1</HistCounts>
      </HistItem>
    </Histograms>
    <Metadata>
      <MDI key="BandName">Band_2</MDI>
      <MDI key="RepresentationType">ATHEMATIC</MDI>
      <MDI key="STATISTICS_COVARIANCES">-0.0003001482671593379,0.001274366880166618,0.0009084023835010552</MDI>
      <MDI key="STATISTICS_EXCLUDEDVALUES"></MDI>
      <MDI key="STATISTICS_MAXIMUM">0.60900002717972</MDI>
      <MDI key="STATISTICS_MEAN">0.14707347860156</MDI>
      <MDI key="STATISTICS_MEDIAN">0.138851</MDI>
      <MDI key="STATISTICS_MINIMUM">0.10100000351667</MDI>
      <MDI key="STATISTICS_SKIPFACTORX">1</MDI>
      <MDI key="STATISTICS_SKIPFACTORY">1</MDI>
      <MDI key="STATISTICS_STDDEV">0.035698275590939</MDI>
    </Metadata>
  </PAMRasterBand>
  <PAMRasterBand band="3">
    <Description>Band_3</Description>
    <Histograms>
      <HistItem>
        <HistMin>0.1567499935626984</HistMin>
        <HistMax>0.6234999895095825</HistMax>
        <BucketCount>256</BucketCount>
        <IncludeOutOfRange>1</IncludeOutOfRange>
        <Approximate>0</Approximate>
        <HistCounts>4|5|8|12|15|10|9|18|23|32|28|48|49|45|59|66|54|45|53|45|36|37|31|18|13|16|3|5|11|3|6|5|4|1|2|4|0|5|1|1|4|1|0|2|1|1|2|2|2|2|2|0|1|1|0|0|0|0|1|4|1|1|1|1|1|2|0|0|1|0|0|0|0|0|0|0|0|0|0|0|1|0|1|0|0|0|0|0|0|0|0|2|0|0|0|0|0|0|0|0|0|1|0|0|0|0|0|0|0|0|0|0|0|0|0|0|0|0|0|0|0|0|0|0|0|0|0|0|0|0|0|0|0|0|0|1|0|0|0|0|0|0|0|0|0|0|0|0|0|0|0|0|0|0|0|0|0|0|0|0|0|0|0|0|0|0|0|0|0|0|0|0|0|0|0|0|0|0|0|0|0|0|0|0|0|0|0|0|0|0|0|0|0|0|0|0|0|0|0|0|0|0|0|0|0|0|0|0|0|0|0|0|0|0|0|0|0|0|0|0|0|0|0|0|0|0|0|0|0|0|0|0|0|0|0|0|0|0|0|0|0|0|0|0|0|0|0|0|0|0|0|0|0|0|0|1</HistCounts>
      </HistItem>
    </Histograms>
    <Metadata>
      <MDI key="BandName">Band_3</MDI>
      <MDI key="RepresentationType">ATHEMATIC</MDI>
      <MDI key="STATISTICS_COVARIANCES">-0.000163126960303339,0.0009084023835010552,0.0006833201311699237</MDI>
      <MDI key="STATISTICS_EXCLUDEDVALUES"></MDI>
      <MDI key="STATISTICS_MAXIMUM">0.62349998950958</MDI>
      <MDI key="STATISTICS_MEAN">0.19026664751405</MDI>
      <MDI key="STATISTICS_MEDIAN">0.186036</MDI>
      <MDI key="STATISTICS_MINIMUM">0.1567499935627</MDI>
      <MDI key="STATISTICS_SKIPFACTORX">1</MDI>
      <MDI key="STATISTICS_SKIPFACTORY">1</MDI>
      <MDI key="STATISTICS_STDDEV">0.026140392712619</MDI>
    </Metadata>
  </PAMRasterBand>
</PAMDataset>
