<PAMDataset>
  <Metadata>
    <MDI key="DataType">Generic</MDI>
  </Metadata>
  <PAMRasterBand band="1">
    <Description>Band_1</Description>
    <Histograms>
      <HistItem>
        <HistMin>0.6209999918937683</HistMin>
        <HistMax>0.9302036762237549</HistMax>
        <BucketCount>256</BucketCount>
        <IncludeOutOfRange>1</IncludeOutOfRange>
        <Approximate>0</Approximate>
        <HistCounts>1|0|0|0|0|0|0|0|3|0|0|1|0|0|0|0|0|0|0|0|0|1|0|0|1|0|0|0|0|0|1|1|0|2|0|0|1|0|2|0|0|1|2|0|1|2|4|2|2|3|1|1|3|1|3|1|1|3|2|2|3|2|0|5|2|2|1|2|2|2|1|0|5|3|2|5|4|5|6|11|1|2|8|5|1|10|0|4|4|0|2|1|1|4|4|6|4|4|6|4|4|6|7|3|5|9|3|9|4|6|10|14|6|10|7|9|14|8|8|2|12|11|9|10|13|6|6|23|11|9|17|9|14|11|18|24|22|22|9|10|14|14|13|17|16|17|12|17|17|14|26|21|15|15|25|13|25|16|20|11|16|21|17|13|15|23|16|22|18|17|21|21|19|14|10|15|16|12|19|27|18|34|25|32|24|21|35|24|34|40|31|30|37|16|28|38|28|23|15|17|16|19|29|21|22|26|19|21|25|18|15|16|19|17|23|24|12|26|24|25|11|10|12|15|22|21|13|6|18|6|12|10|12|5|8|8|8|4|8|4|9|3|5|8|4|10|16|46|14|12|8|5|6|5|5|1</HistCounts>
      </HistItem>
    </Histograms>
    <Metadata>
      <MDI key="BandName">Band_1</MDI>
      <MDI key="RepresentationType">ATHEMATIC</MDI>
      <MDI key="STATISTICS_COVARIANCES">0.003080658424448165,0.001256586525505444,0.0009588948388153277</MDI>
      <MDI key="STATISTICS_EXCLUDEDVALUES"></MDI>
      <MDI key="STATISTICS_MAXIMUM">0.93020367622375</MDI>
      <MDI key="STATISTICS_MEAN">0.83111806218406</MDI>
      <MDI key="STATISTICS_MEDIAN">0.840474</MDI>
      <MDI key="STATISTICS_MINIMUM">0.62099999189377</MDI>
      <MDI key="STATISTICS_SKIPFACTORX">1</MDI>
      <MDI key="STATISTICS_SKIPFACTORY">1</MDI>
      <MDI key="STATISTICS_STDDEV">0.055503679377571</MDI>
    </Metadata>
  </PAMRasterBand>
  <PAMRasterBand band="2">
    <Description>Band_2</Description>
    <Histograms>
      <HistItem>
        <HistMin>0.06949999928474426</HistMin>
        <HistMax>0.5339999794960022</HistMax>
        <BucketCount>256</BucketCount>
        <IncludeOutOfRange>1</IncludeOutOfRange>
        <Approximate>0</Approximate>
        <HistCounts>1|1|2|3|1|2|2|0|3|0|0|1|0|0|0|0|1|1|0|0|4|0|1|0|1|1|0|0|2|0|0|1|2|0|0|1|0|1|0|0|0|1|0|0|0|0|0|0|0|3|2|1|0|1|0|1|0|0|0|0|1|2|0|2|0|0|0|1|0|0|0|1|0|0|1|0|0|0|0|0|2|2|0|1|1|0|1|5|1|2|3|0|6|3|0|3|2|1|3|0|7|4|5|7|5|2|6|6|10|7|8|19|16|13|20|27|25|30|34|25|27|25|29|24|31|41|30|26|25|45|27|22|46|36|32|29|34|30|35|41|44|24|37|35|40|31|31|22|34|41|38|29|31|35|35|29|26|26|31|32|31|23|30|26|43|31|32|58|19|27|32|35|29|29|31|30|26|28|25|21|24|24|28|26|20|24|14|8|13|11|12|7|9|8|6|4|7|7|10|3|4|6|4|2|3|4|3|2|5|5|1|2|3|6|1|1|1|1|2|1|2|4|0|1|3|1|0|3|0|0|2|0|5|5|1|1|1|2|1|0|4|0|0|2|0|2|0|1|1|2|0|0|0|0|0|1</HistCounts>
      </HistItem>
    </Histograms>
    <Metadata>
      <MDI key="BandName">Band_2</MDI>
      <MDI key="RepresentationType">ATHEMATIC</MDI>
      <MDI key="STATISTICS_COVARIANCES">0.001256586525505444,0.003359782396161587,0.002196967669006194</MDI>
      <MDI key="STATISTICS_EXCLUDEDVALUES"></MDI>
      <MDI key="STATISTICS_MAXIMUM">0.533999979496</MDI>
      <MDI key="STATISTICS_MEAN">0.34142194676376</MDI>
      <MDI key="STATISTICS_MEDIAN">0.340914</MDI>
      <MDI key="STATISTICS_MINIMUM">0.069499999284744</MDI>
      <MDI key="STATISTICS_SKIPFACTORX">1</MDI>
      <MDI key="STATISTICS_SKIPFACTORY">1</MDI>
      <MDI key="STATISTICS_STDDEV">0.057963629942936</MDI>
    </Metadata>
  </PAMRasterBand>
  <PAMRasterBand band="3">
    <Description>Band_3</Description>
    <Histograms>
      <HistItem>
        <HistMin>0.1159999966621399</HistMin>
        <HistMax>0.4149999916553497</HistMax>
        <BucketCount>256</BucketCount>
        <IncludeOutOfRange>1</IncludeOutOfRange>
        <Approximate>0</Approximate>
        <HistCounts>2|0|2|4|1|2|1|2|1|1|0|0|0|0|0|2|0|1|2|1|0|0|1|2|0|1|0|1|0|0|3|0|0|0|0|0|0|1|0|0|0|0|0|0|1|0|0|1|0|2|0|0|0|0|0|3|0|0|2|0|2|0|3|1|0|0|1|0|0|1|0|0|2|0|0|1|0|0|1|1|0|3|0|1|2|9|2|5|1|2|1|2|1|4|9|9|2|8|11|11|8|8|17|16|12|15|17|22|33|18|28|28|19|37|30|39|33|34|27|30|39|29|27|36|30|20|34|30|32|25|28|35|19|33|34|31|33|31|31|45|30|33|29|32|37|24|46|30|24|30|26|27|32|28|23|36|38|28|25|35|33|19|39|35|26|42|33|30|28|35|24|21|26|28|12|23|26|9|25|20|16|13|14|9|10|6|12|7|8|4|10|2|5|7|6|2|6|5|7|4|1|4|1|1|2|3|5|5|2|1|5|4|2|3|3|0|0|2|0|2|1|4|3|0|3|0|6|0|2|2|2|0|0|1|1|1|0|3|0|0|1|0|0|1|3|0|4|2|1|0|1|0|0|0|2|1</HistCounts>
      </HistItem>
    </Histograms>
    <Metadata>
      <MDI key="BandName">Band_3</MDI>
      <MDI key="RepresentationType">ATHEMATIC</MDI>
      <MDI key="STATISTICS_COVARIANCES">0.0009588948388153277,0.002196967669006194,0.001465515859479806</MDI>
      <MDI key="STATISTICS_EXCLUDEDVALUES"></MDI>
      <MDI key="STATISTICS_MAXIMUM">0.41499999165535</MDI>
      <MDI key="STATISTICS_MEAN">0.28350877844878</MDI>
      <MDI key="STATISTICS_MEDIAN">0.282502</MDI>
      <MDI key="STATISTICS_MINIMUM">0.11599999666214</MDI>
      <MDI key="STATISTICS_SKIPFACTORX">1</MDI>
      <MDI key="STATISTICS_SKIPFACTORY">1</MDI>
      <MDI key="STATISTICS_STDDEV">0.038282056625524</MDI>
    </Metadata>
  </PAMRasterBand>
</PAMDataset>
