<PAMDataset>
  <Metadata>
    <MDI key="DataType">Generic</MDI>
  </Metadata>
  <PAMRasterBand band="1">
    <Description>Band_1</Description>
    <Histograms>
      <HistItem>
        <HistMin>0.5515000224113464</HistMin>
        <HistMax>0.9389814734458923</HistMax>
        <BucketCount>256</BucketCount>
        <IncludeOutOfRange>1</IncludeOutOfRange>
        <Approximate>0</Approximate>
        <HistCounts>1|2|0|0|0|1|0|0|1|0|0|2|0|0|1|0|0|0|0|1|0|0|2|1|0|2|0|0|0|0|0|1|0|1|0|3|0|4|0|1|2|0|0|3|1|3|0|5|2|2|1|0|3|6|3|2|1|1|3|4|5|5|0|1|1|0|2|2|2|4|3|7|4|1|2|3|2|1|3|3|2|8|3|3|4|1|3|6|2|5|2|1|4|2|5|8|4|3|5|6|2|4|2|1|1|1|2|5|2|5|2|3|5|4|1|0|0|3|3|3|6|4|2|1|3|1|4|9|4|2|3|5|4|2|2|5|5|9|1|2|6|2|0|6|5|2|3|5|7|5|5|0|6|5|4|3|4|7|9|6|6|8|11|10|1|10|6|5|5|4|4|9|3|2|6|4|2|7|1|4|8|8|0|3|8|3|4|2|6|6|1|7|4|3|4|7|11|5|3|2|10|3|6|11|3|9|4|7|16|1|10|7|7|4|4|3|5|1|9|5|3|10|10|2|3|6|4|8|7|6|3|7|9|7|4|10|4|8|5|3|6|1|33|30|25|10|3|3|3|6|3|5|1|4|1|1</HistCounts>
      </HistItem>
    </Histograms>
    <Metadata>
      <MDI key="BandName">Band_1</MDI>
      <MDI key="RepresentationType">ATHEMATIC</MDI>
      <MDI key="STATISTICS_COVARIANCES">0.009036404499931155,0.001944432655321564,0.001917224107395533</MDI>
      <MDI key="STATISTICS_EXCLUDEDVALUES"></MDI>
      <MDI key="STATISTICS_MAXIMUM">0.93898147344589</MDI>
      <MDI key="STATISTICS_MEAN">0.80457362288532</MDI>
      <MDI key="STATISTICS_MEDIAN">0.815899</MDI>
      <MDI key="STATISTICS_MINIMUM">0.55150002241135</MDI>
      <MDI key="STATISTICS_SKIPFACTORX">1</MDI>
      <MDI key="STATISTICS_SKIPFACTORY">1</MDI>
      <MDI key="STATISTICS_STDDEV">0.09506000473349</MDI>
    </Metadata>
  </PAMRasterBand>
  <PAMRasterBand band="2">
    <Description>Band_2</Description>
    <Histograms>
      <HistItem>
        <HistMin>0.04050000011920929</HistMin>
        <HistMax>0.5095000267028809</HistMax>
        <BucketCount>256</BucketCount>
        <IncludeOutOfRange>1</IncludeOutOfRange>
        <Approximate>0</Approximate>
        <HistCounts>1|0|1|0|1|1|0|1|2|2|1|3|3|1|3|3|0|2|3|0|1|0|0|1|0|0|0|0|0|2|0|0|2|3|0|0|0|0|0|0|0|0|0|2|0|0|0|0|0|0|1|0|1|0|1|0|2|0|0|1|0|0|0|0|2|1|1|0|0|1|0|0|0|0|0|0|0|0|0|0|0|0|0|1|0|1|0|0|0|0|0|1|0|2|0|0|0|0|0|0|1|1|1|2|0|1|0|1|0|5|0|0|1|3|14|6|3|7|12|9|6|2|12|13|6|9|6|8|17|13|7|8|13|6|18|17|2|15|15|16|21|11|18|12|6|9|8|9|8|11|21|10|10|12|19|10|10|16|18|11|11|7|8|12|3|12|20|5|12|15|10|14|18|5|9|11|6|7|12|6|10|7|8|7|6|5|3|9|4|3|4|7|2|4|1|3|3|6|3|1|3|5|0|5|5|7|7|4|6|5|3|1|5|1|3|1|8|0|5|5|2|4|2|0|4|0|0|0|0|2|0|2|2|0|1|2|1|0|0|0|2|1|1|1|0|0|1|0|1|0|0|0|0|0|0|1</HistCounts>
      </HistItem>
    </Histograms>
    <Metadata>
      <MDI key="BandName">Band_2</MDI>
      <MDI key="RepresentationType">ATHEMATIC</MDI>
      <MDI key="STATISTICS_COVARIANCES">0.001944432655321564,0.005753519803480284,0.003846154617453928</MDI>
      <MDI key="STATISTICS_EXCLUDEDVALUES"></MDI>
      <MDI key="STATISTICS_MAXIMUM">0.50950002670288</MDI>
      <MDI key="STATISTICS_MEAN">0.32036678477956</MDI>
      <MDI key="STATISTICS_MEDIAN">0.321900</MDI>
      <MDI key="STATISTICS_MINIMUM">0.040500000119209</MDI>
      <MDI key="STATISTICS_SKIPFACTORX">1</MDI>
      <MDI key="STATISTICS_SKIPFACTORY">1</MDI>
      <MDI key="STATISTICS_STDDEV">0.075851959786681</MDI>
    </Metadata>
  </PAMRasterBand>
  <PAMRasterBand band="3">
    <Description>Band_3</Description>
    <Histograms>
      <HistItem>
        <HistMin>0.09674999862909317</HistMin>
        <HistMax>0.4074999988079071</HistMax>
        <BucketCount>256</BucketCount>
        <IncludeOutOfRange>1</IncludeOutOfRange>
        <Approximate>0</Approximate>
        <HistCounts>1|0|0|0|0|0|0|2|1|0|0|0|4|0|1|0|1|5|2|2|2|0|0|3|2|1|2|1|0|1|3|0|2|0|0|0|0|2|0|0|1|1|0|0|0|0|1|0|0|0|0|2|0|0|2|2|0|0|0|1|0|1|1|0|0|0|0|0|0|0|1|0|2|0|0|0|1|1|0|0|0|0|2|2|2|0|0|0|1|0|3|2|1|2|5|3|3|1|5|2|4|6|14|8|5|8|10|6|13|7|13|6|11|16|10|4|16|3|12|9|9|9|13|6|11|9|10|11|8|24|7|0|12|12|10|9|4|13|11|9|11|7|7|13|16|13|10|9|10|16|7|15|8|9|14|9|3|11|16|4|17|11|7|12|6|9|13|6|8|12|11|7|2|4|6|3|9|4|3|8|5|4|1|3|3|5|2|4|4|6|6|0|3|3|4|2|5|2|4|10|1|11|1|0|9|1|0|4|4|1|1|4|5|3|1|3|1|1|2|4|1|3|0|0|1|0|1|0|0|4|1|0|2|0|1|1|0|0|1|2|1|0|0|1|1|0|0|0|0|0|1|0|0|0|0|1</HistCounts>
      </HistItem>
    </Histograms>
    <Metadata>
      <MDI key="BandName">Band_3</MDI>
      <MDI key="RepresentationType">ATHEMATIC</MDI>
      <MDI key="STATISTICS_COVARIANCES">0.001917224107395533,0.003846154617453928,0.00263149279657485</MDI>
      <MDI key="STATISTICS_EXCLUDEDVALUES"></MDI>
      <MDI key="STATISTICS_MAXIMUM">0.40749999880791</MDI>
      <MDI key="STATISTICS_MEAN">0.26935717942621</MDI>
      <MDI key="STATISTICS_MEDIAN">0.271014</MDI>
      <MDI key="STATISTICS_MINIMUM">0.096749998629093</MDI>
      <MDI key="STATISTICS_SKIPFACTORX">1</MDI>
      <MDI key="STATISTICS_SKIPFACTORY">1</MDI>
      <MDI key="STATISTICS_STDDEV">0.051298077903318</MDI>
    </Metadata>
  </PAMRasterBand>
</PAMDataset>
