<PAMDataset>
  <Metadata>
    <MDI key="DataType">Generic</MDI>
  </Metadata>
  <PAMRasterBand band="1">
    <Description>Band_1</Description>
    <Histograms>
      <HistItem>
        <HistMin>0.5970000028610229</HistMin>
        <HistMax>0.935092568397522</HistMax>
        <BucketCount>256</BucketCount>
        <IncludeOutOfRange>1</IncludeOutOfRange>
        <Approximate>0</Approximate>
        <HistCounts>1|0|0|0|1|0|0|0|0|0|0|0|1|1|2|1|3|0|1|2|1|0|0|2|0|0|0|0|0|0|0|0|0|0|0|0|0|1|0|1|1|0|0|0|0|1|1|0|1|0|0|0|1|0|0|0|3|2|3|4|0|1|8|0|2|0|2|3|2|6|1|4|8|11|2|2|3|6|2|1|6|1|8|3|0|7|5|4|3|2|5|5|5|3|0|7|3|3|2|3|9|2|5|5|3|3|5|2|1|5|1|0|4|6|7|6|0|6|5|3|7|5|7|7|7|9|3|5|7|8|6|12|5|14|7|9|11|11|16|16|17|17|18|21|23|21|17|22|33|16|22|31|17|31|27|17|20|23|23|17|18|29|14|30|22|16|26|28|19|15|11|15|17|17|23|15|14|11|18|21|17|21|14|12|17|20|12|12|15|13|10|16|8|10|11|12|5|15|9|3|6|5|3|2|3|0|3|1|5|3|1|6|3|2|2|2|2|3|0|1|2|0|1|0|3|1|2|1|1|1|2|1|1|2|1|0|1|0|2|2|1|0|2|0|6|8|7|5|6|2|3|1|2|1|0|1</HistCounts>
      </HistItem>
    </Histograms>
    <Metadata>
      <MDI key="BandName">Band_1</MDI>
      <MDI key="RepresentationType">ATHEMATIC</MDI>
      <MDI key="STATISTICS_COVARIANCES">0.002868922762740669,0.000889466698464664,0.0005877530142087519</MDI>
      <MDI key="STATISTICS_EXCLUDEDVALUES"></MDI>
      <MDI key="STATISTICS_MAXIMUM">0.93509256839752</MDI>
      <MDI key="STATISTICS_MEAN">0.80135714844887</MDI>
      <MDI key="STATISTICS_MEDIAN">0.805159</MDI>
      <MDI key="STATISTICS_MINIMUM">0.59700000286102</MDI>
      <MDI key="STATISTICS_SKIPFACTORX">1</MDI>
      <MDI key="STATISTICS_SKIPFACTORY">1</MDI>
      <MDI key="STATISTICS_STDDEV">0.053562325964624</MDI>
    </Metadata>
  </PAMRasterBand>
  <PAMRasterBand band="2">
    <Description>Band_2</Description>
    <Histograms>
      <HistItem>
        <HistMin>0.08924999833106995</HistMin>
        <HistMax>0.460750013589859</HistMax>
        <BucketCount>256</BucketCount>
        <IncludeOutOfRange>1</IncludeOutOfRange>
        <Approximate>0</Approximate>
        <HistCounts>1|0|2|2|0|0|0|2|0|0|0|0|0|0|0|0|0|2|0|0|0|0|0|0|0|0|0|0|0|0|1|0|0|0|0|1|0|2|1|0|1|0|2|3|0|2|0|2|1|3|2|1|4|1|0|4|2|3|1|1|2|1|1|0|2|1|0|2|2|0|0|1|0|1|0|1|0|1|1|2|4|4|6|0|4|5|0|4|1|2|2|2|1|0|1|0|1|1|0|2|0|0|1|0|1|1|3|1|1|0|0|0|3|1|1|0|0|0|1|0|2|0|1|2|1|2|1|3|3|1|6|9|6|8|11|9|12|5|17|8|11|6|17|15|6|15|8|14|10|12|7|8|6|7|13|9|12|2|3|7|4|2|2|8|7|4|5|8|1|6|8|14|16|14|11|14|12|14|18|9|22|18|24|12|21|34|26|30|29|25|21|20|37|30|25|22|23|24|18|28|19|37|4|13|25|21|26|24|12|12|26|25|19|26|14|24|16|30|13|12|7|18|16|7|9|13|12|8|1|7|9|3|2|2|1|4|4|1|0|2|0|2|0|0|1|0|2|0|0|0|0|0|0|0|0|1</HistCounts>
      </HistItem>
    </Histograms>
    <Metadata>
      <MDI key="BandName">Band_2</MDI>
      <MDI key="RepresentationType">ATHEMATIC</MDI>
      <MDI key="STATISTICS_COVARIANCES">0.000889466698464664,0.003597968776383966,0.002074656532969248</MDI>
      <MDI key="STATISTICS_EXCLUDEDVALUES"></MDI>
      <MDI key="STATISTICS_MAXIMUM">0.46075001358986</MDI>
      <MDI key="STATISTICS_MEAN">0.34942795028505</MDI>
      <MDI key="STATISTICS_MEDIAN">0.363140</MDI>
      <MDI key="STATISTICS_MINIMUM">0.08924999833107</MDI>
      <MDI key="STATISTICS_SKIPFACTORX">1</MDI>
      <MDI key="STATISTICS_SKIPFACTORY">1</MDI>
      <MDI key="STATISTICS_STDDEV">0.059983070748203</MDI>
    </Metadata>
  </PAMRasterBand>
  <PAMRasterBand band="3">
    <Description>Band_3</Description>
    <Histograms>
      <HistItem>
        <HistMin>0.146249994635582</HistMin>
        <HistMax>0.3815000057220459</HistMax>
        <BucketCount>256</BucketCount>
        <IncludeOutOfRange>1</IncludeOutOfRange>
        <Approximate>0</Approximate>
        <HistCounts>1|0|0|0|0|0|0|0|0|2|0|2|1|2|1|0|0|0|0|0|0|0|0|0|0|0|0|2|0|0|0|3|1|2|1|0|1|1|0|6|1|4|2|1|2|3|1|0|0|4|1|0|2|3|1|1|0|0|1|1|0|2|2|2|0|0|0|0|3|2|2|4|1|3|1|5|2|3|1|4|1|4|1|3|1|2|0|2|1|0|0|1|1|1|0|0|1|0|0|4|0|0|0|2|0|0|0|1|2|3|1|1|7|6|4|13|5|7|11|7|16|11|15|13|13|13|4|10|10|7|12|10|6|6|13|1|12|4|9|4|6|7|3|2|3|4|13|12|5|7|12|3|11|15|14|22|10|12|18|35|19|21|31|32|17|28|31|17|28|43|29|17|25|21|25|25|23|22|22|25|27|21|20|17|27|19|21|14|31|23|17|24|21|15|11|20|9|20|14|20|13|15|11|7|11|16|6|7|8|7|3|1|4|3|2|6|1|2|0|4|0|0|0|1|0|0|0|0|0|0|0|0|0|1|0|0|0|0|0|0|0|1|0|0|0|0|0|0|0|0|0|0|0|0|0|1</HistCounts>
      </HistItem>
    </Histograms>
    <Metadata>
      <MDI key="BandName">Band_3</MDI>
      <MDI key="RepresentationType">ATHEMATIC</MDI>
      <MDI key="STATISTICS_COVARIANCES">0.0005877530142087519,0.002074656532969248,0.001213583732493449</MDI>
      <MDI key="STATISTICS_EXCLUDEDVALUES"></MDI>
      <MDI key="STATISTICS_MAXIMUM">0.38150000572205</MDI>
      <MDI key="STATISTICS_MEAN">0.29414192548265</MDI>
      <MDI key="STATISTICS_MEDIAN">0.301238</MDI>
      <MDI key="STATISTICS_MINIMUM">0.14624999463558</MDI>
      <MDI key="STATISTICS_SKIPFACTORX">1</MDI>
      <MDI key="STATISTICS_SKIPFACTORY">1</MDI>
      <MDI key="STATISTICS_STDDEV">0.034836528709007</MDI>
    </Metadata>
  </PAMRasterBand>
</PAMDataset>
