<PAMDataset>
  <Metadata>
    <MDI key="DataType">Generic</MDI>
  </Metadata>
  <PAMRasterBand band="1">
    <Description>Band_1</Description>
    <Histograms>
      <HistItem>
        <HistMin>0.5734999775886536</HistMin>
        <HistMax>0.9283888936042786</HistMax>
        <BucketCount>256</BucketCount>
        <IncludeOutOfRange>1</IncludeOutOfRange>
        <Approximate>0</Approximate>
        <HistCounts>1|0|0|0|0|0|1|0|0|0|0|0|0|0|0|0|0|0|0|0|1|0|0|0|0|0|0|0|0|0|0|0|0|0|0|0|0|0|0|0|0|0|0|0|0|0|0|0|0|0|0|0|0|0|0|1|0|0|0|0|0|0|0|0|0|0|0|0|0|0|0|0|0|0|0|0|0|0|0|0|0|0|0|0|0|0|0|0|0|0|0|0|0|0|0|0|0|0|0|0|0|0|1|0|0|0|0|0|0|0|0|1|0|0|0|0|0|0|0|0|0|0|2|0|0|1|3|0|1|0|2|2|1|0|0|2|0|0|1|5|1|2|0|5|3|4|4|2|0|0|0|1|5|2|5|3|0|7|1|2|6|2|2|1|6|9|2|10|3|2|4|7|6|5|6|7|12|13|5|9|10|12|9|19|2|11|14|14|14|11|9|16|9|10|10|10|15|15|14|7|3|16|11|7|6|9|23|7|5|8|12|8|11|3|1|9|13|4|10|14|6|11|5|6|4|7|3|11|4|11|3|9|6|10|4|4|6|8|3|6|8|6|3|5|0|0|7|2|11|36|23|30|8|1|3|1</HistCounts>
      </HistItem>
    </Histograms>
    <Metadata>
      <MDI key="BandName">Band_1</MDI>
      <MDI key="RepresentationType">ATHEMATIC</MDI>
      <MDI key="STATISTICS_COVARIANCES">0.002144579956194028,-0.000237201694590697,6.063157662740373e-05</MDI>
      <MDI key="STATISTICS_EXCLUDEDVALUES"></MDI>
      <MDI key="STATISTICS_MAXIMUM">0.92838889360428</MDI>
      <MDI key="STATISTICS_MEAN">0.85569323407948</MDI>
      <MDI key="STATISTICS_MEDIAN">0.853236</MDI>
      <MDI key="STATISTICS_MINIMUM">0.57349997758865</MDI>
      <MDI key="STATISTICS_SKIPFACTORX">1</MDI>
      <MDI key="STATISTICS_SKIPFACTORY">1</MDI>
      <MDI key="STATISTICS_STDDEV">0.046309609760762</MDI>
    </Metadata>
  </PAMRasterBand>
  <PAMRasterBand band="2">
    <Description>Band_2</Description>
    <Histograms>
      <HistItem>
        <HistMin>0.08524999767541885</HistMin>
        <HistMax>0.3754999935626984</HistMax>
        <BucketCount>256</BucketCount>
        <IncludeOutOfRange>1</IncludeOutOfRange>
        <Approximate>0</Approximate>
        <HistCounts>1|0|0|0|0|0|0|0|0|0|0|0|0|0|0|0|0|0|0|0|0|0|0|0|0|0|0|0|0|0|0|0|0|1|0|0|0|0|0|0|0|0|1|0|0|0|0|0|0|0|0|0|0|0|0|0|1|0|0|0|0|0|0|0|0|0|1|1|1|1|2|0|0|2|4|2|1|2|2|3|5|4|13|7|6|5|12|3|3|4|0|3|11|5|9|7|5|13|7|12|11|17|3|13|2|11|8|4|12|6|19|12|6|13|4|16|4|10|3|5|14|9|7|6|15|16|2|8|8|8|5|4|4|7|7|7|8|6|9|8|4|8|6|2|4|3|5|6|6|3|6|0|1|6|1|7|4|2|5|3|1|3|4|2|4|1|4|7|2|3|4|3|3|3|5|10|1|6|6|3|2|4|10|0|5|3|4|8|0|2|3|2|0|8|5|6|4|4|3|1|11|4|2|2|2|10|0|1|1|3|9|3|3|7|0|9|0|6|6|1|4|4|1|3|4|2|3|5|2|1|1|4|1|1|2|6|8|1|1|1|4|0|1|2|0|0|0|0|1|0|0|0|0|0|0|1</HistCounts>
      </HistItem>
    </Histograms>
    <Metadata>
      <MDI key="BandName">Band_2</MDI>
      <MDI key="RepresentationType">ATHEMATIC</MDI>
      <MDI key="STATISTICS_COVARIANCES">-0.000237201694590697,0.002771940410861688,0.001785904631745904</MDI>
      <MDI key="STATISTICS_EXCLUDEDVALUES"></MDI>
      <MDI key="STATISTICS_MAXIMUM">0.3754999935627</MDI>
      <MDI key="STATISTICS_MEAN">0.24790653668412</MDI>
      <MDI key="STATISTICS_MEDIAN">0.233221</MDI>
      <MDI key="STATISTICS_MINIMUM">0.085249997675419</MDI>
      <MDI key="STATISTICS_SKIPFACTORX">1</MDI>
      <MDI key="STATISTICS_SKIPFACTORY">1</MDI>
      <MDI key="STATISTICS_STDDEV">0.052649220420265</MDI>
    </Metadata>
  </PAMRasterBand>
  <PAMRasterBand band="3">
    <Description>Band_3</Description>
    <Histograms>
      <HistItem>
        <HistMin>0.1315000057220459</HistMin>
        <HistMax>0.3089999854564667</HistMax>
        <BucketCount>256</BucketCount>
        <IncludeOutOfRange>1</IncludeOutOfRange>
        <Approximate>0</Approximate>
        <HistCounts>1|0|0|0|0|0|0|0|0|0|0|0|0|0|0|0|0|0|0|0|0|0|0|0|0|0|0|0|0|0|0|0|1|0|0|0|0|0|0|0|0|0|0|0|0|0|0|0|0|0|0|0|1|0|0|0|0|0|0|0|0|0|0|0|1|0|1|0|2|2|1|4|4|5|6|4|1|2|1|3|7|5|3|5|8|13|6|12|4|13|8|12|4|9|7|8|12|1|8|17|10|5|10|10|13|4|2|2|13|6|7|6|5|5|4|8|16|9|7|9|9|3|4|11|13|5|8|7|11|6|5|9|6|7|4|4|7|0|5|2|11|13|3|3|2|6|7|8|0|10|5|2|0|2|4|1|1|1|8|1|3|9|2|6|5|2|3|3|4|5|1|1|2|3|11|3|1|3|4|2|1|6|7|3|12|0|2|4|0|2|1|2|0|1|7|2|8|3|2|9|2|3|9|0|4|7|1|2|2|5|1|6|7|2|2|4|1|2|3|4|1|2|3|4|7|3|12|8|4|2|4|1|2|5|7|2|2|1|2|1|1|0|1|4|1|4|3|0|2|0|0|0|0|2|0|2</HistCounts>
      </HistItem>
    </Histograms>
    <Metadata>
      <MDI key="BandName">Band_3</MDI>
      <MDI key="RepresentationType">ATHEMATIC</MDI>
      <MDI key="STATISTICS_COVARIANCES">6.063157662740373e-05,0.001785904631745904,0.001191384149251375</MDI>
      <MDI key="STATISTICS_EXCLUDEDVALUES"></MDI>
      <MDI key="STATISTICS_MAXIMUM">0.30899998545647</MDI>
      <MDI key="STATISTICS_MEAN">0.23132855532298</MDI>
      <MDI key="STATISTICS_MEDIAN">0.222686</MDI>
      <MDI key="STATISTICS_MINIMUM">0.13150000572205</MDI>
      <MDI key="STATISTICS_SKIPFACTORX">1</MDI>
      <MDI key="STATISTICS_SKIPFACTORY">1</MDI>
      <MDI key="STATISTICS_STDDEV">0.034516433031983</MDI>
    </Metadata>
  </PAMRasterBand>
</PAMDataset>
