<PAMDataset>
  <Metadata>
    <MDI key="DataType">Generic</MDI>
  </Metadata>
  <PAMRasterBand band="1">
    <Description>Band_1</Description>
    <Histograms>
      <HistItem>
        <HistMin>0.550000011920929</HistMin>
        <HistMax>0.8730000257492065</HistMax>
        <BucketCount>256</BucketCount>
        <IncludeOutOfRange>1</IncludeOutOfRange>
        <Approximate>0</Approximate>
        <HistCounts>2|0|0|0|0|0|0|0|0|2|0|1|0|0|0|0|0|0|0|0|0|0|0|0|0|0|0|0|0|0|1|0|2|0|2|0|0|0|1|1|0|5|0|0|1|2|0|1|0|1|0|2|3|1|4|2|4|1|1|0|2|2|1|5|1|3|1|8|1|0|2|2|4|4|6|4|2|2|3|2|6|1|4|2|2|7|1|4|7|8|0|1|2|3|1|3|5|9|8|3|12|9|6|6|7|8|4|1|7|7|3|6|4|5|6|5|7|2|6|5|3|10|12|5|6|5|7|2|10|9|12|8|11|7|4|3|3|5|8|12|8|6|7|12|8|2|4|4|8|12|14|4|6|9|9|11|6|11|4|16|7|16|8|10|12|3|8|6|3|5|6|2|4|10|11|5|2|4|6|2|10|5|2|6|5|8|4|9|9|6|13|10|4|4|3|4|2|6|4|3|7|0|8|3|4|3|1|0|3|1|1|2|1|2|1|0|0|2|0|1|2|3|4|0|0|2|2|1|0|0|1|0|2|1|0|0|0|0|0|0|0|0|0|0|0|0|0|0|1|0|0|0|0|0|0|1</HistCounts>
      </HistItem>
    </Histograms>
    <Metadata>
      <MDI key="BandName">Band_1</MDI>
      <MDI key="RepresentationType">ATHEMATIC</MDI>
      <MDI key="STATISTICS_COVARIANCES">0.003100250414967214,0.001043309347374101,0.0007944465012972491</MDI>
      <MDI key="STATISTICS_EXCLUDEDVALUES"></MDI>
      <MDI key="STATISTICS_MAXIMUM">0.87300002574921</MDI>
      <MDI key="STATISTICS_MEAN">0.72593095699504</MDI>
      <MDI key="STATISTICS_MEDIAN">0.729867</MDI>
      <MDI key="STATISTICS_MINIMUM">0.55000001192093</MDI>
      <MDI key="STATISTICS_SKIPFACTORX">1</MDI>
      <MDI key="STATISTICS_SKIPFACTORY">1</MDI>
      <MDI key="STATISTICS_STDDEV">0.055679892375679</MDI>
    </Metadata>
  </PAMRasterBand>
  <PAMRasterBand band="2">
    <Description>Band_2</Description>
    <Histograms>
      <HistItem>
        <HistMin>0.2162500023841858</HistMin>
        <HistMax>0.3765000104904175</HistMax>
        <BucketCount>256</BucketCount>
        <IncludeOutOfRange>1</IncludeOutOfRange>
        <Approximate>0</Approximate>
        <HistCounts>1|0|2|0|0|0|0|0|0|0|0|0|0|0|0|0|0|0|0|0|0|0|0|0|0|1|0|0|0|1|0|1|0|0|2|3|0|0|0|0|0|0|2|0|2|2|1|0|0|1|2|2|2|0|0|1|1|0|4|0|0|0|1|1|2|1|1|0|6|5|0|2|2|4|1|2|2|2|3|3|1|3|4|0|3|2|2|2|4|9|3|7|4|5|0|5|1|2|1|2|6|6|4|9|2|4|1|5|3|10|3|2|10|10|8|3|9|5|10|1|13|6|12|8|10|2|10|3|8|4|19|10|19|7|5|5|9|7|2|4|8|8|4|5|13|9|10|7|4|4|6|6|9|5|7|14|6|10|4|3|2|6|4|3|2|15|5|6|7|6|9|14|4|9|10|10|9|9|8|5|4|6|4|5|12|7|8|7|3|4|7|5|5|6|4|5|5|5|11|0|8|6|4|3|0|2|8|1|2|3|3|0|3|0|1|1|2|0|3|7|1|4|2|6|3|6|0|2|0|0|0|2|0|1|2|0|1|0|0|1|1|1|0|0|1|0|0|1|1|0|0|0|0|2|0|2</HistCounts>
      </HistItem>
    </Histograms>
    <Metadata>
      <MDI key="BandName">Band_2</MDI>
      <MDI key="RepresentationType">ATHEMATIC</MDI>
      <MDI key="STATISTICS_COVARIANCES">0.001043309347374101,0.0007827994981923429,0.0005230613919304387</MDI>
      <MDI key="STATISTICS_EXCLUDEDVALUES"></MDI>
      <MDI key="STATISTICS_MAXIMUM">0.37650001049042</MDI>
      <MDI key="STATISTICS_MEAN">0.30797021165656</MDI>
      <MDI key="STATISTICS_MEDIAN">0.307373</MDI>
      <MDI key="STATISTICS_MINIMUM">0.21625000238419</MDI>
      <MDI key="STATISTICS_SKIPFACTORX">1</MDI>
      <MDI key="STATISTICS_SKIPFACTORY">1</MDI>
      <MDI key="STATISTICS_STDDEV">0.027978554254864</MDI>
    </Metadata>
  </PAMRasterBand>
  <PAMRasterBand band="3">
    <Description>Band_3</Description>
    <Histograms>
      <HistItem>
        <HistMin>0.1879999935626984</HistMin>
        <HistMax>0.301499992609024</HistMax>
        <BucketCount>256</BucketCount>
        <IncludeOutOfRange>1</IncludeOutOfRange>
        <Approximate>0</Approximate>
        <HistCounts>2|0|0|0|0|0|0|0|0|1|0|0|0|0|0|0|0|0|0|0|0|0|0|1|0|0|0|0|1|0|0|0|0|0|0|2|0|0|0|2|1|0|0|2|0|0|0|0|1|2|0|0|0|0|0|3|2|1|0|0|2|1|3|1|0|0|0|0|0|2|2|2|1|2|1|2|5|0|3|1|2|0|5|0|6|3|3|1|6|3|2|2|1|3|4|0|3|5|5|3|3|3|6|6|1|7|4|4|8|2|2|9|8|5|6|16|5|6|4|8|7|10|4|3|4|10|7|6|9|4|3|4|3|18|14|6|5|13|16|9|8|2|9|2|13|8|10|9|4|10|6|4|11|10|6|11|9|4|9|7|8|8|3|7|2|8|9|9|0|4|4|6|8|7|9|6|9|0|14|9|7|14|6|9|6|8|2|5|5|5|7|2|1|10|12|1|6|8|10|13|3|1|2|4|3|8|5|3|8|1|7|4|4|3|1|4|3|4|0|7|7|3|0|1|1|2|0|1|1|0|1|1|0|2|0|0|1|0|0|0|0|1|0|0|1|0|1|0|2|0|0|1|0|2|0|1</HistCounts>
      </HistItem>
    </Histograms>
    <Metadata>
      <MDI key="BandName">Band_3</MDI>
      <MDI key="RepresentationType">ATHEMATIC</MDI>
      <MDI key="STATISTICS_COVARIANCES">0.0007944465012972491,0.0005230613919304387,0.000363457570146856</MDI>
      <MDI key="STATISTICS_EXCLUDEDVALUES"></MDI>
      <MDI key="STATISTICS_MAXIMUM">0.30149999260902</MDI>
      <MDI key="STATISTICS_MEAN">0.25477783999225</MDI>
      <MDI key="STATISTICS_MEDIAN">0.254320</MDI>
      <MDI key="STATISTICS_MINIMUM">0.1879999935627</MDI>
      <MDI key="STATISTICS_SKIPFACTORX">1</MDI>
      <MDI key="STATISTICS_SKIPFACTORY">1</MDI>
      <MDI key="STATISTICS_STDDEV">0.019064563203673</MDI>
    </Metadata>
  </PAMRasterBand>
</PAMDataset>
