<PAMDataset>
  <Metadata>
    <MDI key="DataType">Generic</MDI>
  </Metadata>
  <PAMRasterBand band="1">
    <Description>Band_1</Description>
    <Histograms>
      <HistItem>
        <HistMin>0.7269999980926514</HistMin>
        <HistMax>0.9365000128746033</HistMax>
        <BucketCount>256</BucketCount>
        <IncludeOutOfRange>1</IncludeOutOfRange>
        <Approximate>0</Approximate>
        <HistCounts>2|1|0|0|0|0|0|2|0|1|1|1|3|1|1|0|1|3|1|3|3|1|4|6|0|3|0|7|4|4|6|3|4|5|5|10|2|5|14|7|12|13|9|5|4|6|9|3|3|4|10|5|6|8|5|5|6|8|4|6|13|5|10|5|4|4|2|1|6|7|5|3|4|4|4|2|9|4|2|5|2|1|3|3|6|7|10|5|5|7|9|3|17|2|3|3|7|6|6|7|7|7|5|7|13|5|6|10|9|10|8|13|5|5|1|11|9|7|14|7|6|5|10|9|4|6|6|0|0|6|7|5|8|2|5|4|4|2|8|2|4|1|4|3|1|2|1|3|2|0|6|0|1|6|1|1|0|3|0|3|1|2|0|1|0|0|2|1|0|1|1|2|2|2|3|3|0|0|0|4|1|0|2|0|1|0|0|0|0|3|0|0|5|0|0|0|0|0|0|0|0|1|0|1|0|2|0|1|0|0|2|1|0|1|0|0|0|4|0|1|0|0|0|0|1|1|0|0|0|4|0|0|1|0|0|3|5|10|3|7|5|0|1|0|0|0|0|0|0|2|0|0|0|0|0|1</HistCounts>
      </HistItem>
    </Histograms>
    <Metadata>
      <MDI key="BandName">Band_1</MDI>
      <MDI key="RepresentationType">ATHEMATIC</MDI>
      <MDI key="STATISTICS_COVARIANCES">0.001975861307879626,-0.001179770484628425,-0.0005505708551237399</MDI>
      <MDI key="STATISTICS_EXCLUDEDVALUES"></MDI>
      <MDI key="STATISTICS_MAXIMUM">0.9365000128746</MDI>
      <MDI key="STATISTICS_MEAN">0.807325073821</MDI>
      <MDI key="STATISTICS_MEDIAN">0.804227</MDI>
      <MDI key="STATISTICS_MINIMUM">0.72699999809265</MDI>
      <MDI key="STATISTICS_SKIPFACTORX">1</MDI>
      <MDI key="STATISTICS_SKIPFACTORY">1</MDI>
      <MDI key="STATISTICS_STDDEV">0.044450661501035</MDI>
    </Metadata>
  </PAMRasterBand>
  <PAMRasterBand band="2">
    <Description>Band_2</Description>
    <Histograms>
      <HistItem>
        <HistMin>0.122749999165535</HistMin>
        <HistMax>0.4275000095367432</HistMax>
        <BucketCount>256</BucketCount>
        <IncludeOutOfRange>1</IncludeOutOfRange>
        <Approximate>0</Approximate>
        <HistCounts>2|1|0|0|0|0|0|0|0|0|0|0|0|0|0|0|0|0|0|0|0|0|0|0|0|0|0|0|0|2|0|1|1|1|0|0|3|0|0|0|0|0|2|1|2|0|0|1|0|0|2|0|0|0|0|1|2|0|0|0|1|0|4|0|1|6|0|0|2|2|1|2|1|1|2|2|0|6|0|0|1|0|0|3|1|1|0|0|2|2|0|5|4|0|1|2|2|6|0|1|0|2|2|1|2|4|4|0|1|2|6|1|2|0|2|3|6|4|0|2|3|4|5|3|4|2|1|3|2|3|1|5|1|1|4|0|3|1|4|13|11|3|2|6|0|5|7|6|8|14|7|2|9|3|5|1|5|5|8|8|11|8|9|9|7|14|15|14|8|17|15|15|27|20|24|18|32|14|22|18|17|11|9|17|18|12|8|5|11|12|16|10|12|8|6|4|5|1|3|5|4|6|0|0|0|4|2|3|0|0|5|0|0|0|1|0|4|0|0|0|0|1|1|0|0|0|2|0|1|0|0|0|0|0|0|0|0|0|1|0|0|0|0|0|0|0|0|0|1|0|0|0|0|0|0|2</HistCounts>
      </HistItem>
    </Histograms>
    <Metadata>
      <MDI key="BandName">Band_2</MDI>
      <MDI key="RepresentationType">ATHEMATIC</MDI>
      <MDI key="STATISTICS_COVARIANCES">-0.001179770484628425,0.002079899406366438,0.001075651584307893</MDI>
      <MDI key="STATISTICS_EXCLUDEDVALUES"></MDI>
      <MDI key="STATISTICS_MAXIMUM">0.42750000953674</MDI>
      <MDI key="STATISTICS_MEAN">0.31156521759813</MDI>
      <MDI key="STATISTICS_MEDIAN">0.325917</MDI>
      <MDI key="STATISTICS_MINIMUM">0.12274999916553</MDI>
      <MDI key="STATISTICS_SKIPFACTORX">1</MDI>
      <MDI key="STATISTICS_SKIPFACTORY">1</MDI>
      <MDI key="STATISTICS_STDDEV">0.045605914159969</MDI>
    </Metadata>
  </PAMRasterBand>
  <PAMRasterBand band="3">
    <Description>Band_3</Description>
    <Histograms>
      <HistItem>
        <HistMin>0.164000004529953</HistMin>
        <HistMax>0.3445000052452087</HistMax>
        <BucketCount>256</BucketCount>
        <IncludeOutOfRange>1</IncludeOutOfRange>
        <Approximate>0</Approximate>
        <HistCounts>1|0|0|0|0|0|0|1|0|0|0|0|0|0|0|0|0|0|0|0|0|0|0|0|0|1|0|0|0|0|0|0|0|2|0|0|1|0|2|0|0|0|2|0|0|0|0|0|0|1|1|0|1|0|2|1|0|0|1|2|4|1|0|0|0|0|0|0|2|2|4|0|0|2|1|0|2|0|4|3|0|2|3|2|2|1|0|2|2|1|2|0|2|0|1|2|0|0|0|5|0|5|5|2|4|6|0|4|6|3|3|0|2|0|2|2|4|9|6|3|3|3|8|1|2|0|0|0|1|4|4|9|9|0|4|5|3|10|3|8|6|6|7|12|7|5|8|6|10|10|8|14|8|8|3|17|12|15|23|18|11|18|17|34|14|15|24|22|12|13|16|12|23|13|18|10|19|7|12|6|6|9|14|6|12|4|7|7|3|3|3|4|7|6|6|2|0|1|1|2|0|0|0|0|0|1|1|0|0|1|0|5|0|0|0|3|0|0|1|0|0|0|0|0|0|0|0|0|0|0|0|0|0|0|0|0|0|0|0|0|0|0|0|0|0|0|0|0|2|0|0|0|0|0|0|1</HistCounts>
      </HistItem>
    </Histograms>
    <Metadata>
      <MDI key="BandName">Band_3</MDI>
      <MDI key="RepresentationType">ATHEMATIC</MDI>
      <MDI key="STATISTICS_COVARIANCES">-0.0005505708551237399,0.001075651584307893,0.0005693179701571151</MDI>
      <MDI key="STATISTICS_EXCLUDEDVALUES"></MDI>
      <MDI key="STATISTICS_MAXIMUM">0.34450000524521</MDI>
      <MDI key="STATISTICS_MEAN">0.27152555790477</MDI>
      <MDI key="STATISTICS_MEDIAN">0.277255</MDI>
      <MDI key="STATISTICS_MINIMUM">0.16400000452995</MDI>
      <MDI key="STATISTICS_SKIPFACTORX">1</MDI>
      <MDI key="STATISTICS_SKIPFACTORY">1</MDI>
      <MDI key="STATISTICS_STDDEV">0.023860384954085</MDI>
    </Metadata>
  </PAMRasterBand>
</PAMDataset>
