<PAMDataset>
  <Metadata>
    <MDI key="DataType">Generic</MDI>
  </Metadata>
  <PAMRasterBand band="1">
    <Description>Band_1</Description>
    <Histograms>
      <HistItem>
        <HistMin>0.6669999957084656</HistMin>
        <HistMax>0.9605740904808044</HistMax>
        <BucketCount>256</BucketCount>
        <IncludeOutOfRange>1</IncludeOutOfRange>
        <Approximate>0</Approximate>
        <HistCounts>1|0|0|0|0|0|0|0|1|0|0|0|0|0|0|0|0|2|0|0|1|0|0|0|0|0|0|0|1|0|0|0|0|0|0|0|0|1|2|1|0|0|1|0|0|2|0|2|4|2|2|2|0|3|2|1|0|0|0|0|0|2|4|1|1|4|1|1|0|1|2|4|2|0|2|0|0|0|2|0|0|2|1|0|1|0|0|2|2|3|0|0|0|3|2|0|2|1|1|1|3|0|1|3|3|1|0|0|3|1|0|0|0|1|2|1|1|0|0|1|0|3|1|0|0|1|0|1|1|3|0|2|4|0|0|0|1|0|0|0|0|0|3|1|0|1|3|2|6|1|0|0|2|1|0|1|2|0|0|1|0|0|7|2|1|1|1|1|0|2|3|0|1|2|0|2|4|0|1|2|2|5|3|1|0|4|5|5|4|4|2|0|2|5|1|1|3|0|3|3|1|5|6|5|6|2|5|5|6|1|2|6|2|3|3|2|10|3|8|13|61|65|70|44|86|67|80|47|22|2|4|1|2|0|1|0|0|0|0|0|0|0|0|0|1|1|0|1|0|0|0|0|0|2|1|1</HistCounts>
      </HistItem>
    </Histograms>
    <Metadata>
      <MDI key="BandName">Band_1</MDI>
      <MDI key="RepresentationType">ATHEMATIC</MDI>
      <MDI key="STATISTICS_COVARIANCES">0.003368403583692281,0.00346347413218784,0.002642992567873165</MDI>
      <MDI key="STATISTICS_EXCLUDEDVALUES"></MDI>
      <MDI key="STATISTICS_MAXIMUM">0.9605740904808</MDI>
      <MDI key="STATISTICS_MEAN">0.89496015455731</MDI>
      <MDI key="STATISTICS_MEDIAN">0.921431</MDI>
      <MDI key="STATISTICS_MINIMUM">0.66699999570847</MDI>
      <MDI key="STATISTICS_SKIPFACTORX">1</MDI>
      <MDI key="STATISTICS_SKIPFACTORY">1</MDI>
      <MDI key="STATISTICS_STDDEV">0.058037949513161</MDI>
    </Metadata>
  </PAMRasterBand>
  <PAMRasterBand band="2">
    <Description>Band_2</Description>
    <Histograms>
      <HistItem>
        <HistMin>0.09200000017881393</HistMin>
        <HistMax>0.5502499938011169</HistMax>
        <BucketCount>256</BucketCount>
        <IncludeOutOfRange>1</IncludeOutOfRange>
        <Approximate>0</Approximate>
        <HistCounts>3|3|0|0|0|0|0|0|0|0|1|1|0|0|1|0|0|1|0|1|0|0|0|0|0|1|0|1|3|2|1|1|2|0|2|1|0|1|1|0|0|0|1|2|0|1|0|0|0|2|0|0|1|0|1|0|0|0|2|0|0|0|0|0|1|0|1|0|2|0|0|1|0|3|0|5|0|2|3|0|1|4|0|0|1|5|6|0|1|6|3|0|1|2|4|1|4|1|3|6|4|6|2|0|4|3|0|3|1|2|4|5|1|2|3|5|5|0|0|2|4|10|6|1|0|8|2|0|6|3|0|3|3|0|7|6|2|1|6|2|3|4|3|5|3|3|5|9|4|1|4|1|4|6|3|6|4|4|6|11|10|9|5|3|4|5|4|6|4|3|7|8|8|2|9|12|11|4|12|9|5|7|6|4|5|7|3|5|9|5|12|11|0|4|10|18|8|14|6|7|3|10|14|5|10|7|6|12|6|14|6|9|12|10|18|13|5|12|17|8|7|8|12|10|6|7|7|1|6|5|5|0|0|3|0|1|3|2|0|0|0|0|0|0|0|0|0|0|0|0|0|0|0|0|0|1</HistCounts>
      </HistItem>
    </Histograms>
    <Metadata>
      <MDI key="BandName">Band_2</MDI>
      <MDI key="RepresentationType">ATHEMATIC</MDI>
      <MDI key="STATISTICS_COVARIANCES">0.00346347413218784,0.008246180303149265,0.005929999880725457</MDI>
      <MDI key="STATISTICS_EXCLUDEDVALUES"></MDI>
      <MDI key="STATISTICS_MAXIMUM">0.55024999380112</MDI>
      <MDI key="STATISTICS_MEAN">0.3923588938323</MDI>
      <MDI key="STATISTICS_MEDIAN">0.411876</MDI>
      <MDI key="STATISTICS_MINIMUM">0.092000000178814</MDI>
      <MDI key="STATISTICS_SKIPFACTORX">1</MDI>
      <MDI key="STATISTICS_SKIPFACTORY">1</MDI>
      <MDI key="STATISTICS_STDDEV">0.090808481449418</MDI>
    </Metadata>
  </PAMRasterBand>
  <PAMRasterBand band="3">
    <Description>Band_3</Description>
    <Histograms>
      <HistItem>
        <HistMin>0.1445000022649765</HistMin>
        <HistMax>0.456250011920929</HistMax>
        <BucketCount>256</BucketCount>
        <IncludeOutOfRange>1</IncludeOutOfRange>
        <Approximate>0</Approximate>
        <HistCounts>1|0|0|0|0|1|0|0|1|0|0|0|0|0|0|0|0|0|1|1|2|1|1|2|0|0|0|1|1|2|2|0|0|0|0|2|2|0|3|2|0|2|0|0|0|0|2|0|0|1|0|2|1|0|0|0|1|1|1|0|2|2|1|0|0|2|0|1|2|3|3|0|4|3|8|2|2|2|7|1|0|0|0|5|3|3|3|2|2|2|6|1|0|0|2|1|2|1|0|7|0|3|7|3|1|3|7|4|1|2|5|1|2|1|2|6|1|0|5|3|0|1|11|4|3|2|0|1|3|4|2|8|6|5|3|2|6|0|2|4|8|0|14|8|4|1|8|5|3|6|4|4|3|8|2|9|4|4|6|9|6|10|4|4|6|7|4|5|8|14|6|4|5|6|5|1|2|7|5|9|4|6|2|8|6|4|9|3|6|5|11|2|7|3|14|7|4|8|6|3|4|7|4|13|4|7|2|4|9|8|7|8|16|2|3|6|9|5|2|10|14|7|9|14|13|5|7|10|8|8|5|11|5|1|5|4|3|7|2|3|4|0|4|1|0|1|2|0|1|0|0|0|0|0|0|1</HistCounts>
      </HistItem>
    </Histograms>
    <Metadata>
      <MDI key="BandName">Band_3</MDI>
      <MDI key="RepresentationType">ATHEMATIC</MDI>
      <MDI key="STATISTICS_COVARIANCES">0.002642992567873165,0.005929999880725457,0.004345532719179751</MDI>
      <MDI key="STATISTICS_EXCLUDEDVALUES"></MDI>
      <MDI key="STATISTICS_MAXIMUM">0.45625001192093</MDI>
      <MDI key="STATISTICS_MEAN">0.34649686440571</MDI>
      <MDI key="STATISTICS_MEDIAN">0.354778</MDI>
      <MDI key="STATISTICS_MINIMUM">0.14450000226498</MDI>
      <MDI key="STATISTICS_SKIPFACTORX">1</MDI>
      <MDI key="STATISTICS_SKIPFACTORY">1</MDI>
      <MDI key="STATISTICS_STDDEV">0.065920654723537</MDI>
    </Metadata>
  </PAMRasterBand>
</PAMDataset>
