<PAMDataset>
  <Metadata>
    <MDI key="DataType">Generic</MDI>
  </Metadata>
  <PAMRasterBand band="1">
    <Description>Band_1</Description>
    <Histograms>
      <HistItem>
        <HistMin>0.4612500071525574</HistMin>
        <HistMax>0.9229999780654907</HistMax>
        <BucketCount>256</BucketCount>
        <IncludeOutOfRange>1</IncludeOutOfRange>
        <Approximate>0</Approximate>
        <HistCounts>1|0|0|0|0|0|0|0|0|0|0|0|2|0|0|0|0|0|0|0|0|0|0|0|0|0|0|0|0|0|0|1|0|0|0|1|0|0|0|1|0|1|0|1|1|1|1|1|2|0|0|0|1|2|0|2|2|3|2|2|0|2|0|1|3|1|2|0|4|1|3|0|6|3|3|2|1|5|2|0|8|5|5|8|6|2|11|5|6|11|6|2|3|12|9|12|8|5|16|11|8|7|8|8|7|14|13|9|12|5|10|12|17|5|8|11|7|8|6|15|6|9|13|14|14|13|16|12|10|15|7|17|8|12|17|12|8|6|10|8|2|10|8|7|9|11|13|6|8|11|5|4|12|8|8|5|6|4|4|10|3|3|5|2|5|2|6|5|3|7|1|5|3|0|2|3|5|2|3|2|1|2|0|0|0|5|1|2|3|0|2|1|0|0|0|0|0|0|0|2|2|0|0|0|0|0|0|0|0|0|0|0|0|0|0|0|0|1|0|0|0|0|0|0|0|1|0|0|0|0|0|0|0|2|0|1|0|0|0|0|0|0|1|0|0|0|0|0|0|0|0|0|0|2|2|1</HistCounts>
      </HistItem>
    </Histograms>
    <Metadata>
      <MDI key="BandName">Band_1</MDI>
      <MDI key="RepresentationType">ATHEMATIC</MDI>
      <MDI key="STATISTICS_COVARIANCES">0.003694757815514597,-0.0008114395135883279,-0.0003459759707784419</MDI>
      <MDI key="STATISTICS_EXCLUDEDVALUES"></MDI>
      <MDI key="STATISTICS_MAXIMUM">0.92299997806549</MDI>
      <MDI key="STATISTICS_MEAN">0.6838300179627</MDI>
      <MDI key="STATISTICS_MEDIAN">0.683976</MDI>
      <MDI key="STATISTICS_MINIMUM">0.46125000715256</MDI>
      <MDI key="STATISTICS_SKIPFACTORX">1</MDI>
      <MDI key="STATISTICS_SKIPFACTORY">1</MDI>
      <MDI key="STATISTICS_STDDEV">0.060784519538404</MDI>
    </Metadata>
  </PAMRasterBand>
  <PAMRasterBand band="2">
    <Description>Band_2</Description>
    <Histograms>
      <HistItem>
        <HistMin>0.1140000000596046</HistMin>
        <HistMax>0.3337500095367432</HistMax>
        <BucketCount>256</BucketCount>
        <IncludeOutOfRange>1</IncludeOutOfRange>
        <Approximate>0</Approximate>
        <HistCounts>1|1|0|0|0|0|2|0|0|0|1|1|2|0|0|1|0|0|0|1|0|1|0|3|0|0|2|0|2|2|0|1|1|1|1|2|2|0|0|0|2|0|1|0|0|1|0|0|0|0|0|0|0|0|0|0|0|1|0|0|0|0|0|0|0|0|0|0|0|0|0|0|0|0|0|0|0|0|0|0|0|0|0|0|0|0|0|0|0|0|0|0|0|0|0|0|0|0|0|0|0|0|0|0|1|0|1|2|1|1|0|1|0|0|0|0|0|0|0|1|1|1|1|3|1|3|0|3|1|6|2|5|7|2|3|4|3|4|4|4|4|3|3|12|6|9|8|5|9|6|11|6|6|9|7|9|12|13|12|10|11|16|8|7|6|14|11|16|9|11|12|12|16|16|7|8|12|13|24|7|12|15|4|14|7|6|12|8|6|13|17|9|14|10|13|9|15|8|15|16|4|7|13|13|5|7|3|3|4|2|0|4|6|1|6|1|8|1|7|7|6|8|1|1|4|14|5|3|6|5|2|2|1|1|3|0|0|0|0|0|0|0|0|0|0|2|0|0|0|0|0|0|0|0|0|1</HistCounts>
      </HistItem>
    </Histograms>
    <Metadata>
      <MDI key="BandName">Band_2</MDI>
      <MDI key="RepresentationType">ATHEMATIC</MDI>
      <MDI key="STATISTICS_COVARIANCES">-0.0008114395135883279,0.00112861104050436,0.0007314646621303668</MDI>
      <MDI key="STATISTICS_EXCLUDEDVALUES"></MDI>
      <MDI key="STATISTICS_MAXIMUM">0.33375000953674</MDI>
      <MDI key="STATISTICS_MEAN">0.26239971706254</MDI>
      <MDI key="STATISTICS_MEDIAN">0.265671</MDI>
      <MDI key="STATISTICS_MINIMUM">0.1140000000596</MDI>
      <MDI key="STATISTICS_SKIPFACTORX">1</MDI>
      <MDI key="STATISTICS_SKIPFACTORY">1</MDI>
      <MDI key="STATISTICS_STDDEV">0.033594806749025</MDI>
    </Metadata>
  </PAMRasterBand>
  <PAMRasterBand band="3">
    <Description>Band_3</Description>
    <Histograms>
      <HistItem>
        <HistMin>0.1332499980926514</HistMin>
        <HistMax>0.2894999980926514</HistMax>
        <BucketCount>256</BucketCount>
        <IncludeOutOfRange>1</IncludeOutOfRange>
        <Approximate>0</Approximate>
        <HistCounts>1|0|0|0|0|0|0|0|1|0|0|1|0|0|1|3|2|0|1|2|0|0|1|0|2|1|3|1|5|1|0|0|1|1|0|0|1|0|0|1|2|0|0|0|0|0|0|0|0|0|1|0|0|0|0|0|0|0|0|0|0|0|0|0|0|0|0|0|0|0|0|0|0|0|0|0|0|0|0|0|0|0|0|0|0|0|0|0|0|0|0|1|0|1|0|0|0|2|3|0|0|0|1|0|2|1|0|0|0|2|4|0|0|3|1|3|2|0|2|4|3|5|2|6|3|0|7|4|10|6|6|8|6|4|10|16|10|9|8|7|12|6|5|9|11|12|14|7|18|25|20|7|13|19|12|18|10|22|13|11|4|12|9|9|15|5|21|10|8|12|16|16|13|10|3|16|5|12|15|23|4|7|12|6|11|3|7|3|5|8|3|6|7|1|3|5|7|6|2|6|2|7|4|1|11|6|2|3|5|8|6|4|6|0|0|1|3|1|0|0|1|2|0|2|0|0|0|0|0|1|1|0|0|2|0|0|0|0|0|0|0|0|0|0|0|0|0|0|0|0|0|0|0|0|0|1</HistCounts>
      </HistItem>
    </Histograms>
    <Metadata>
      <MDI key="BandName">Band_3</MDI>
      <MDI key="RepresentationType">ATHEMATIC</MDI>
      <MDI key="STATISTICS_COVARIANCES">-0.0003459759707784419,0.0007314646621303668,0.0004933590337724556</MDI>
      <MDI key="STATISTICS_EXCLUDEDVALUES"></MDI>
      <MDI key="STATISTICS_MAXIMUM">0.28949999809265</MDI>
      <MDI key="STATISTICS_MEAN">0.22965988707071</MDI>
      <MDI key="STATISTICS_MEDIAN">0.230064</MDI>
      <MDI key="STATISTICS_MINIMUM">0.13324999809265</MDI>
      <MDI key="STATISTICS_SKIPFACTORX">1</MDI>
      <MDI key="STATISTICS_SKIPFACTORY">1</MDI>
      <MDI key="STATISTICS_STDDEV">0.022211686873636</MDI>
    </Metadata>
  </PAMRasterBand>
</PAMDataset>
