<PAMDataset>
  <Metadata>
    <MDI key="DataType">Generic</MDI>
  </Metadata>
  <PAMRasterBand band="1">
    <Description>Band_1</Description>
    <Histograms>
      <HistItem>
        <HistMin>0.5807499885559082</HistMin>
        <HistMax>0.9177500009536743</HistMax>
        <BucketCount>256</BucketCount>
        <IncludeOutOfRange>1</IncludeOutOfRange>
        <Approximate>0</Approximate>
        <HistCounts>3|0|0|0|0|0|0|0|0|0|0|0|0|1|2|0|0|1|0|0|0|1|0|1|1|0|0|1|0|1|1|2|0|0|0|0|0|1|1|2|0|0|0|3|0|0|2|0|2|0|2|0|0|0|0|3|2|0|6|1|0|2|1|0|0|2|7|2|0|1|4|0|4|1|1|2|6|2|3|6|2|2|3|8|2|0|0|6|3|6|7|6|5|5|2|5|12|7|7|11|10|14|12|6|17|9|7|5|20|10|12|23|8|10|19|22|18|12|29|16|8|16|20|13|9|16|17|18|8|12|12|11|23|9|22|14|9|9|14|16|9|12|9|12|16|8|14|7|3|8|4|1|7|10|3|6|1|1|2|3|0|3|2|3|0|0|1|3|0|3|0|1|3|0|1|0|0|2|0|0|0|0|0|0|1|1|1|0|0|0|0|0|3|2|0|0|1|0|0|2|0|1|0|1|0|0|0|0|0|2|0|0|0|1|0|0|0|0|0|0|0|0|0|0|0|0|0|0|0|0|1|0|0|0|0|0|0|2|0|1|0|0|0|0|0|0|0|0|0|0|0|0|0|0|0|1</HistCounts>
      </HistItem>
    </Histograms>
    <Metadata>
      <MDI key="BandName">Band_1</MDI>
      <MDI key="RepresentationType">ATHEMATIC</MDI>
      <MDI key="STATISTICS_COVARIANCES">0.001616966626519001,0.0002322645368420423,0.0002116953745814912</MDI>
      <MDI key="STATISTICS_EXCLUDEDVALUES"></MDI>
      <MDI key="STATISTICS_MAXIMUM">0.91775000095367</MDI>
      <MDI key="STATISTICS_MEAN">0.73764640300848</MDI>
      <MDI key="STATISTICS_MEDIAN">0.738017</MDI>
      <MDI key="STATISTICS_MINIMUM">0.58074998855591</MDI>
      <MDI key="STATISTICS_SKIPFACTORX">1</MDI>
      <MDI key="STATISTICS_SKIPFACTORY">1</MDI>
      <MDI key="STATISTICS_STDDEV">0.040211523553815</MDI>
    </Metadata>
  </PAMRasterBand>
  <PAMRasterBand band="2">
    <Description>Band_2</Description>
    <Histograms>
      <HistItem>
        <HistMin>0.1947499960660934</HistMin>
        <HistMax>0.4860000014305115</HistMax>
        <BucketCount>256</BucketCount>
        <IncludeOutOfRange>1</IncludeOutOfRange>
        <Approximate>0</Approximate>
        <HistCounts>2|0|0|0|0|0|0|0|0|0|1|0|1|0|0|0|0|0|0|2|4|0|0|0|0|0|2|3|0|0|0|1|0|3|0|2|0|0|1|0|0|0|0|1|1|0|0|0|0|0|0|0|0|0|2|0|0|1|0|0|0|0|1|0|0|1|0|1|0|0|0|0|1|2|0|0|0|0|0|0|0|0|0|0|1|0|0|0|0|4|0|0|0|0|0|0|0|0|0|0|3|0|0|0|0|0|0|1|0|0|4|1|0|0|0|0|0|4|0|1|0|2|2|1|1|0|0|0|1|0|2|1|2|1|0|7|2|1|1|2|5|5|5|1|4|2|3|4|1|3|1|3|0|5|1|5|4|2|7|1|6|2|4|3|3|2|5|2|2|2|4|2|6|5|2|2|4|3|2|0|6|5|1|4|7|2|3|5|2|7|3|2|4|16|10|11|4|7|6|11|13|14|11|9|9|9|18|14|10|15|20|17|32|21|19|15|24|15|25|10|14|19|22|18|14|16|8|4|10|12|8|13|6|14|6|14|7|13|7|4|7|10|4|4|2|9|3|0|4|0|1|1|3|2|0|1</HistCounts>
      </HistItem>
    </Histograms>
    <Metadata>
      <MDI key="BandName">Band_2</MDI>
      <MDI key="RepresentationType">ATHEMATIC</MDI>
      <MDI key="STATISTICS_COVARIANCES">0.0002322645368420423,0.002515811980566676,0.001373446930534863</MDI>
      <MDI key="STATISTICS_EXCLUDEDVALUES"></MDI>
      <MDI key="STATISTICS_MAXIMUM">0.48600000143051</MDI>
      <MDI key="STATISTICS_MEAN">0.41992284646796</MDI>
      <MDI key="STATISTICS_MEDIAN">0.434603</MDI>
      <MDI key="STATISTICS_MINIMUM">0.19474999606609</MDI>
      <MDI key="STATISTICS_SKIPFACTORX">1</MDI>
      <MDI key="STATISTICS_SKIPFACTORY">1</MDI>
      <MDI key="STATISTICS_STDDEV">0.050157870574484</MDI>
    </Metadata>
  </PAMRasterBand>
  <PAMRasterBand band="3">
    <Description>Band_3</Description>
    <Histograms>
      <HistItem>
        <HistMin>0.208749994635582</HistMin>
        <HistMax>0.3734999895095825</HistMax>
        <BucketCount>256</BucketCount>
        <IncludeOutOfRange>1</IncludeOutOfRange>
        <Approximate>0</Approximate>
        <HistCounts>1|0|0|0|0|1|1|0|0|0|2|3|0|0|1|0|0|0|0|0|0|0|0|0|0|0|0|0|0|2|0|2|1|1|2|0|0|0|1|0|0|0|0|2|1|0|0|0|0|1|2|0|0|0|0|2|0|0|1|0|0|0|0|0|0|0|0|0|0|0|0|1|0|1|0|0|2|1|0|0|1|0|0|2|0|1|0|0|0|0|0|0|0|3|3|0|0|1|0|0|1|0|2|0|0|0|0|2|0|1|1|2|0|0|0|0|0|2|1|0|0|2|2|0|0|2|0|2|1|2|3|9|1|3|2|6|3|1|4|2|2|3|6|3|2|5|4|6|5|2|3|1|1|3|6|0|3|6|2|6|0|7|3|6|3|6|2|3|2|4|2|7|4|2|7|5|4|4|5|1|1|9|3|9|12|5|12|4|11|12|14|9|8|14|9|12|13|17|12|4|18|12|17|14|22|9|11|21|20|11|30|18|24|19|7|24|11|7|6|14|12|7|14|1|4|12|7|14|4|4|7|13|5|6|3|7|6|7|4|5|0|4|1|2|4|2|3|0|2|3|0|2|0|0|0|1</HistCounts>
      </HistItem>
    </Histograms>
    <Metadata>
      <MDI key="BandName">Band_3</MDI>
      <MDI key="RepresentationType">ATHEMATIC</MDI>
      <MDI key="STATISTICS_COVARIANCES">0.0002116953745814912,0.001373446930534863,0.000762872566463869</MDI>
      <MDI key="STATISTICS_EXCLUDEDVALUES"></MDI>
      <MDI key="STATISTICS_MAXIMUM">0.37349998950958</MDI>
      <MDI key="STATISTICS_MEAN">0.33111150488014</MDI>
      <MDI key="STATISTICS_MEDIAN">0.338612</MDI>
      <MDI key="STATISTICS_MINIMUM">0.20874999463558</MDI>
      <MDI key="STATISTICS_SKIPFACTORX">1</MDI>
      <MDI key="STATISTICS_SKIPFACTORY">1</MDI>
      <MDI key="STATISTICS_STDDEV">0.027620147835663</MDI>
    </Metadata>
  </PAMRasterBand>
</PAMDataset>
