<PAMDataset>
  <Metadata>
    <MDI key="DataType">Generic</MDI>
  </Metadata>
  <PAMRasterBand band="1">
    <Description>Band_1</Description>
    <Histograms>
      <HistItem>
        <HistMin>0.6312500238418579</HistMin>
        <HistMax>0.9370555281639099</HistMax>
        <BucketCount>256</BucketCount>
        <IncludeOutOfRange>1</IncludeOutOfRange>
        <Approximate>0</Approximate>
        <HistCounts>2|0|0|0|0|1|0|0|0|0|0|0|0|0|0|1|0|0|0|0|0|0|0|0|0|0|0|3|1|0|0|0|0|0|0|0|0|0|2|4|0|2|0|0|1|2|2|0|1|1|0|3|1|3|1|1|2|1|2|6|1|4|4|1|6|6|4|7|4|3|4|11|3|4|6|7|6|11|4|3|4|9|7|3|7|8|18|10|21|10|16|20|7|16|21|18|25|14|6|27|9|15|24|8|13|14|14|21|9|12|12|11|15|6|11|7|16|6|13|4|17|11|17|13|21|17|9|10|7|15|11|6|6|4|9|8|6|3|6|4|4|2|4|6|3|3|5|4|5|6|2|4|0|5|7|3|2|1|4|1|1|3|0|6|2|3|3|0|5|1|0|0|2|1|0|0|1|2|2|1|4|0|1|0|0|0|0|2|3|2|0|0|0|0|0|1|0|1|0|1|0|0|1|0|2|0|1|0|0|0|0|0|0|0|0|0|0|2|0|0|1|0|1|0|0|0|1|0|0|2|0|0|1|0|0|0|0|0|0|2|0|6|6|3|5|5|3|2|4|1|2|2|1|2|0|1</HistCounts>
      </HistItem>
    </Histograms>
    <Metadata>
      <MDI key="BandName">Band_1</MDI>
      <MDI key="RepresentationType">ATHEMATIC</MDI>
      <MDI key="STATISTICS_COVARIANCES">0.002503464123155965,-0.001920898622626718,-0.000926075619380003</MDI>
      <MDI key="STATISTICS_EXCLUDEDVALUES"></MDI>
      <MDI key="STATISTICS_MAXIMUM">0.93705552816391</MDI>
      <MDI key="STATISTICS_MEAN">0.76909299065427</MDI>
      <MDI key="STATISTICS_MEDIAN">0.759568</MDI>
      <MDI key="STATISTICS_MINIMUM">0.63125002384186</MDI>
      <MDI key="STATISTICS_SKIPFACTORX">1</MDI>
      <MDI key="STATISTICS_SKIPFACTORY">1</MDI>
      <MDI key="STATISTICS_STDDEV">0.050034629239717</MDI>
    </Metadata>
  </PAMRasterBand>
  <PAMRasterBand band="2">
    <Description>Band_2</Description>
    <Histograms>
      <HistItem>
        <HistMin>0.07774999737739563</HistMin>
        <HistMax>0.5632500052452087</HistMax>
        <BucketCount>256</BucketCount>
        <IncludeOutOfRange>1</IncludeOutOfRange>
        <Approximate>0</Approximate>
        <HistCounts>2|1|2|1|2|0|0|0|2|1|1|1|2|1|0|0|0|0|0|1|0|0|0|0|0|0|0|2|1|0|1|1|0|0|2|0|0|5|0|0|0|0|1|3|0|0|3|1|1|1|2|0|2|3|0|1|1|1|4|0|0|1|2|0|11|6|6|6|0|4|6|6|3|5|9|7|5|5|6|6|5|7|16|2|10|5|7|2|8|6|4|8|13|13|11|3|6|11|9|5|10|17|8|10|16|20|14|10|20|21|21|24|17|35|13|42|33|34|30|27|28|21|24|20|23|28|21|15|7|11|2|13|10|5|4|5|1|3|5|4|2|5|7|0|5|6|0|3|2|5|3|3|0|2|2|2|0|0|0|2|1|0|0|2|0|0|0|0|0|0|0|0|0|0|0|0|0|0|0|0|0|0|0|0|0|0|0|0|0|0|0|0|0|0|0|0|0|0|0|0|0|0|0|0|1|0|0|0|0|0|0|0|0|0|0|0|0|0|0|0|0|0|0|0|0|0|0|0|0|0|0|0|0|0|0|0|0|0|0|0|0|0|0|0|0|0|0|0|0|0|0|0|0|0|0|2</HistCounts>
      </HistItem>
    </Histograms>
    <Metadata>
      <MDI key="BandName">Band_2</MDI>
      <MDI key="RepresentationType">ATHEMATIC</MDI>
      <MDI key="STATISTICS_COVARIANCES">-0.001920898622626718,0.002635384918477322,0.001421393030111903</MDI>
      <MDI key="STATISTICS_EXCLUDEDVALUES"></MDI>
      <MDI key="STATISTICS_MAXIMUM">0.56325000524521</MDI>
      <MDI key="STATISTICS_MEAN">0.28090951231195</MDI>
      <MDI key="STATISTICS_MEDIAN">0.292893</MDI>
      <MDI key="STATISTICS_MINIMUM">0.077749997377396</MDI>
      <MDI key="STATISTICS_SKIPFACTORX">1</MDI>
      <MDI key="STATISTICS_SKIPFACTORY">1</MDI>
      <MDI key="STATISTICS_STDDEV">0.051336000218924</MDI>
    </Metadata>
  </PAMRasterBand>
  <PAMRasterBand band="3">
    <Description>Band_3</Description>
    <Histograms>
      <HistItem>
        <HistMin>0.1365000009536743</HistMin>
        <HistMax>0.4947499930858612</HistMax>
        <BucketCount>256</BucketCount>
        <IncludeOutOfRange>1</IncludeOutOfRange>
        <Approximate>0</Approximate>
        <HistCounts>1|2|1|1|0|1|0|0|0|1|1|1|0|1|1|1|0|0|0|1|1|1|0|0|0|0|1|0|2|0|1|0|1|2|0|3|0|0|2|5|0|2|2|4|1|1|2|3|2|3|3|9|3|7|6|4|2|10|6|3|6|7|15|7|9|5|10|8|10|16|2|14|6|13|10|24|11|13|17|13|9|15|24|27|16|31|32|42|38|39|53|42|34|31|29|36|27|25|20|16|12|9|14|11|11|6|12|2|5|6|4|4|2|2|5|0|1|1|1|2|0|2|0|0|0|2|0|0|0|0|0|0|0|0|0|0|0|0|0|0|0|0|0|0|0|0|0|0|0|0|0|0|0|0|0|1|0|0|0|0|0|0|0|0|0|0|0|0|0|0|0|0|0|0|0|0|0|0|0|0|0|0|0|0|0|0|0|0|0|0|1|0|0|0|0|0|0|0|0|0|0|0|0|0|0|0|0|0|0|0|0|0|0|0|0|0|0|0|0|0|0|0|0|0|0|0|0|0|0|0|0|0|0|0|0|0|0|0|0|0|0|0|0|0|0|0|0|0|0|0|0|0|0|0|0|2</HistCounts>
      </HistItem>
    </Histograms>
    <Metadata>
      <MDI key="BandName">Band_3</MDI>
      <MDI key="RepresentationType">ATHEMATIC</MDI>
      <MDI key="STATISTICS_COVARIANCES">-0.000926075619380003,0.001421393030111903,0.0008013018156989719</MDI>
      <MDI key="STATISTICS_EXCLUDEDVALUES"></MDI>
      <MDI key="STATISTICS_MAXIMUM">0.49474999308586</MDI>
      <MDI key="STATISTICS_MEAN">0.25425829282621</MDI>
      <MDI key="STATISTICS_MEDIAN">0.258726</MDI>
      <MDI key="STATISTICS_MINIMUM">0.13650000095367</MDI>
      <MDI key="STATISTICS_SKIPFACTORX">1</MDI>
      <MDI key="STATISTICS_SKIPFACTORY">1</MDI>
      <MDI key="STATISTICS_STDDEV">0.02830727496067</MDI>
    </Metadata>
  </PAMRasterBand>
</PAMDataset>
