<PAMDataset>
  <Metadata>
    <MDI key="DataType">Generic</MDI>
  </Metadata>
  <PAMRasterBand band="1">
    <Description>Band_1</Description>
    <Histograms>
      <HistItem>
        <HistMin>0.5747500061988831</HistMin>
        <HistMax>0.9292592406272888</HistMax>
        <BucketCount>256</BucketCount>
        <IncludeOutOfRange>1</IncludeOutOfRange>
        <Approximate>0</Approximate>
        <HistCounts>3|0|0|0|0|0|0|0|0|0|0|0|0|0|0|0|1|0|1|0|0|0|0|3|1|1|2|0|2|1|1|1|0|1|2|3|6|2|7|4|5|1|3|7|2|2|0|6|3|4|6|4|7|3|7|6|1|5|6|0|4|3|2|3|3|2|2|5|5|2|1|2|0|2|3|0|8|4|3|5|3|1|6|6|3|4|2|2|4|5|5|6|10|6|0|3|7|2|9|14|5|4|8|2|7|9|4|3|2|5|10|3|3|8|7|5|7|5|3|11|11|13|7|18|5|10|9|11|13|4|7|17|10|15|10|19|10|29|6|16|25|24|21|21|21|17|31|13|24|32|18|22|18|21|13|21|24|13|13|22|8|10|16|10|13|17|2|6|2|9|4|5|7|2|3|4|4|1|3|2|2|1|0|1|0|5|0|1|0|0|0|1|2|0|2|1|0|0|2|0|2|0|1|0|1|0|0|0|0|0|0|0|0|1|0|0|0|0|0|0|0|0|0|0|0|1|0|0|0|0|0|0|0|0|0|0|0|0|0|0|0|0|0|0|0|0|0|0|0|5|5|3|3|5|0|1</HistCounts>
      </HistItem>
    </Histograms>
    <Metadata>
      <MDI key="BandName">Band_1</MDI>
      <MDI key="RepresentationType">ATHEMATIC</MDI>
      <MDI key="STATISTICS_COVARIANCES">0.003337321070866163,0.0004428504342195005,0.0004214102473379757</MDI>
      <MDI key="STATISTICS_EXCLUDEDVALUES"></MDI>
      <MDI key="STATISTICS_MAXIMUM">0.92925924062729</MDI>
      <MDI key="STATISTICS_MEAN">0.75252981028078</MDI>
      <MDI key="STATISTICS_MEDIAN">0.766602</MDI>
      <MDI key="STATISTICS_MINIMUM">0.57475000619888</MDI>
      <MDI key="STATISTICS_SKIPFACTORX">1</MDI>
      <MDI key="STATISTICS_SKIPFACTORY">1</MDI>
      <MDI key="STATISTICS_STDDEV">0.057769551416522</MDI>
    </Metadata>
  </PAMRasterBand>
  <PAMRasterBand band="2">
    <Description>Band_2</Description>
    <Histograms>
      <HistItem>
        <HistMin>0.1037499979138374</HistMin>
        <HistMax>0.3680000007152557</HistMax>
        <BucketCount>256</BucketCount>
        <IncludeOutOfRange>1</IncludeOutOfRange>
        <Approximate>0</Approximate>
        <HistCounts>1|1|2|2|0|1|1|1|3|3|2|2|3|2|4|1|0|0|2|1|0|0|0|0|0|0|0|0|0|0|0|0|0|1|0|0|0|0|0|0|0|0|0|0|0|0|0|0|0|0|0|0|0|0|0|0|0|0|0|0|0|0|0|0|0|0|0|0|0|0|0|0|0|0|0|0|0|0|0|0|0|0|0|0|0|0|0|0|0|0|0|0|2|1|3|0|0|0|0|1|0|0|0|0|0|1|2|0|3|4|3|0|2|3|1|4|4|6|2|7|2|5|6|6|4|6|3|11|13|4|8|12|10|6|9|3|5|10|13|9|6|5|5|1|7|8|3|5|8|5|7|8|5|6|7|11|6|15|9|1|15|7|10|7|8|13|11|13|10|14|6|8|20|23|25|13|13|17|18|16|22|11|15|16|17|18|17|26|16|14|19|11|16|20|11|10|10|13|22|14|15|15|17|12|13|8|16|9|7|5|10|13|2|10|8|7|3|2|11|6|10|7|4|2|2|4|3|12|5|7|2|4|2|5|0|0|3|3|2|3|0|4|0|0|0|0|0|0|2|0|0|0|0|0|0|1</HistCounts>
      </HistItem>
    </Histograms>
    <Metadata>
      <MDI key="BandName">Band_2</MDI>
      <MDI key="RepresentationType">ATHEMATIC</MDI>
      <MDI key="STATISTICS_COVARIANCES">0.0004428504342195005,0.001776302178911192,0.001183505059193859</MDI>
      <MDI key="STATISTICS_EXCLUDEDVALUES"></MDI>
      <MDI key="STATISTICS_MAXIMUM">0.36800000071526</MDI>
      <MDI key="STATISTICS_MEAN">0.28227076453377</MDI>
      <MDI key="STATISTICS_MEDIAN">0.289243</MDI>
      <MDI key="STATISTICS_MINIMUM">0.10374999791384</MDI>
      <MDI key="STATISTICS_SKIPFACTORX">1</MDI>
      <MDI key="STATISTICS_SKIPFACTORY">1</MDI>
      <MDI key="STATISTICS_STDDEV">0.042146200053044</MDI>
    </Metadata>
  </PAMRasterBand>
  <PAMRasterBand band="3">
    <Description>Band_3</Description>
    <Histograms>
      <HistItem>
        <HistMin>0.1417499929666519</HistMin>
        <HistMax>0.3145000040531158</HistMax>
        <BucketCount>256</BucketCount>
        <IncludeOutOfRange>1</IncludeOutOfRange>
        <Approximate>0</Approximate>
        <HistCounts>4|1|0|0|1|1|0|0|0|0|0|0|0|0|1|0|1|1|3|1|0|2|2|1|1|1|1|2|1|4|0|1|1|0|0|1|0|0|0|0|0|0|0|0|0|0|0|0|0|0|0|1|0|0|0|0|0|0|0|0|0|0|0|0|0|0|0|0|0|0|0|0|0|0|0|0|0|0|0|0|0|0|0|0|0|0|0|0|0|0|0|2|0|1|1|0|0|4|1|3|0|3|2|0|5|5|3|4|6|1|7|2|2|6|2|6|2|0|12|12|7|4|6|2|5|7|12|5|3|12|4|3|3|9|4|10|8|5|6|5|3|4|8|6|3|2|7|4|2|6|3|4|9|12|5|5|7|6|6|9|10|8|3|18|11|6|14|12|9|13|10|7|10|16|13|12|20|27|13|20|17|19|6|11|17|15|21|24|9|9|19|10|19|18|13|26|6|31|16|2|17|11|19|10|10|15|21|16|8|9|5|16|6|1|7|7|8|2|8|1|9|5|5|5|5|13|1|5|3|2|3|5|10|6|3|4|1|0|2|0|2|0|2|3|1|0|0|6|0|0|1|0|0|0|0|1</HistCounts>
      </HistItem>
    </Histograms>
    <Metadata>
      <MDI key="BandName">Band_3</MDI>
      <MDI key="RepresentationType">ATHEMATIC</MDI>
      <MDI key="STATISTICS_COVARIANCES">0.0004214102473379757,0.001183505059193859,0.000800692132177415</MDI>
      <MDI key="STATISTICS_EXCLUDEDVALUES"></MDI>
      <MDI key="STATISTICS_MAXIMUM">0.31450000405312</MDI>
      <MDI key="STATISTICS_MEAN">0.25853124988805</MDI>
      <MDI key="STATISTICS_MEDIAN">0.263014</MDI>
      <MDI key="STATISTICS_MINIMUM">0.14174999296665</MDI>
      <MDI key="STATISTICS_SKIPFACTORX">1</MDI>
      <MDI key="STATISTICS_SKIPFACTORY">1</MDI>
      <MDI key="STATISTICS_STDDEV">0.028296503886124</MDI>
    </Metadata>
  </PAMRasterBand>
</PAMDataset>
