<PAMDataset>
  <Metadata>
    <MDI key="DataType">Generic</MDI>
  </Metadata>
  <PAMRasterBand band="1">
    <Description>Band_1</Description>
    <Histograms>
      <HistItem>
        <HistMin>0.5665000081062317</HistMin>
        <HistMax>0.8322499990463257</HistMax>
        <BucketCount>256</BucketCount>
        <IncludeOutOfRange>1</IncludeOutOfRange>
        <Approximate>0</Approximate>
        <HistCounts>2|0|0|0|2|0|0|0|0|0|1|0|1|0|1|0|1|1|0|0|0|0|0|1|1|0|0|0|0|0|1|0|0|0|0|0|0|0|1|0|0|1|0|0|2|0|0|0|1|4|2|9|2|7|2|3|2|1|1|2|4|3|2|2|1|1|3|9|2|6|6|9|6|0|2|5|4|6|4|2|6|13|0|10|5|11|5|2|9|1|5|7|5|10|6|4|10|5|2|8|7|4|8|4|3|7|8|3|9|10|6|5|19|11|2|10|7|9|7|12|16|5|6|10|11|9|11|5|9|5|10|3|5|5|9|5|7|8|6|5|5|3|15|5|9|9|5|6|4|5|2|7|4|4|1|1|4|4|1|4|5|7|0|3|3|2|3|2|2|2|5|0|4|1|3|4|0|2|3|1|2|1|3|5|1|0|3|9|6|3|3|2|5|0|0|0|1|2|4|0|1|0|0|0|1|0|0|0|0|1|0|0|0|0|0|0|0|0|0|0|0|0|0|0|0|0|0|0|0|0|0|0|0|0|0|0|0|0|0|0|0|0|0|0|0|0|0|0|0|0|0|0|0|0|0|1</HistCounts>
      </HistItem>
    </Histograms>
    <Metadata>
      <MDI key="BandName">Band_1</MDI>
      <MDI key="RepresentationType">ATHEMATIC</MDI>
      <MDI key="STATISTICS_COVARIANCES">0.001635088898870379,-0.0003028980450188055,-0.0001698352952755537</MDI>
      <MDI key="STATISTICS_EXCLUDEDVALUES"></MDI>
      <MDI key="STATISTICS_MAXIMUM">0.83224999904633</MDI>
      <MDI key="STATISTICS_MEAN">0.68817183391085</MDI>
      <MDI key="STATISTICS_MEDIAN">0.688432</MDI>
      <MDI key="STATISTICS_MINIMUM">0.56650000810623</MDI>
      <MDI key="STATISTICS_SKIPFACTORX">1</MDI>
      <MDI key="STATISTICS_SKIPFACTORY">1</MDI>
      <MDI key="STATISTICS_STDDEV">0.040436232500944</MDI>
    </Metadata>
  </PAMRasterBand>
  <PAMRasterBand band="2">
    <Description>Band_2</Description>
    <Histograms>
      <HistItem>
        <HistMin>0.1404999941587448</HistMin>
        <HistMax>0.4104999899864197</HistMax>
        <BucketCount>256</BucketCount>
        <IncludeOutOfRange>1</IncludeOutOfRange>
        <Approximate>0</Approximate>
        <HistCounts>1|0|0|0|0|0|0|0|0|0|0|0|0|0|0|0|1|1|0|0|0|0|2|3|0|0|0|0|0|1|0|0|2|0|0|2|0|0|6|0|2|0|0|0|0|0|0|0|0|0|0|1|0|0|0|1|0|0|0|3|0|0|0|2|0|1|1|0|0|0|0|0|1|0|2|0|1|0|1|0|1|0|0|0|0|0|1|0|0|2|2|0|0|2|3|0|2|1|1|6|1|5|8|2|2|12|6|1|7|3|9|2|19|11|10|11|8|14|19|20|11|15|14|20|27|22|20|17|26|25|26|17|16|21|22|16|15|11|10|7|11|11|11|14|14|3|9|10|7|9|4|5|14|10|3|4|4|3|5|1|0|0|0|1|4|0|4|0|3|0|1|2|0|0|1|0|0|2|0|0|0|0|0|0|0|0|0|0|0|0|0|0|0|0|0|2|0|0|0|0|0|0|0|1|0|0|0|0|0|0|0|0|0|0|0|0|0|0|0|0|0|0|0|0|0|0|0|0|0|0|0|0|0|0|0|0|0|0|0|0|0|0|0|0|0|0|0|0|0|0|0|0|0|0|0|1</HistCounts>
      </HistItem>
    </Histograms>
    <Metadata>
      <MDI key="BandName">Band_2</MDI>
      <MDI key="RepresentationType">ATHEMATIC</MDI>
      <MDI key="STATISTICS_COVARIANCES">-0.0003028980450188055,0.0006817299339810516,0.000433735226637597</MDI>
      <MDI key="STATISTICS_EXCLUDEDVALUES"></MDI>
      <MDI key="STATISTICS_MAXIMUM">0.41049998998642</MDI>
      <MDI key="STATISTICS_MEAN">0.2737529681391</MDI>
      <MDI key="STATISTICS_MEDIAN">0.276029</MDI>
      <MDI key="STATISTICS_MINIMUM">0.14049999415874</MDI>
      <MDI key="STATISTICS_SKIPFACTORX">1</MDI>
      <MDI key="STATISTICS_SKIPFACTORY">1</MDI>
      <MDI key="STATISTICS_STDDEV">0.026109958521243</MDI>
    </Metadata>
  </PAMRasterBand>
  <PAMRasterBand band="3">
    <Description>Band_3</Description>
    <Histograms>
      <HistItem>
        <HistMin>0.1580000072717667</HistMin>
        <HistMax>0.3667500019073486</HistMax>
        <BucketCount>256</BucketCount>
        <IncludeOutOfRange>1</IncludeOutOfRange>
        <Approximate>0</Approximate>
        <HistCounts>1|0|0|0|0|0|0|0|0|0|0|0|2|1|1|0|2|0|0|0|0|0|0|0|1|0|0|0|1|0|2|0|0|1|0|0|2|0|0|1|0|0|1|4|2|0|0|0|0|0|1|0|1|1|0|0|3|6|4|2|1|3|1|3|3|8|2|2|13|11|5|14|6|12|8|12|15|8|8|4|12|17|12|13|17|18|18|27|25|15|18|20|24|18|11|8|7|16|10|8|9|10|4|7|5|14|7|8|3|19|9|7|18|12|9|5|10|14|9|10|7|11|6|5|8|6|7|3|1|2|2|0|1|0|2|0|0|3|2|2|2|0|0|0|0|1|0|0|0|0|0|0|1|0|0|0|0|0|0|0|0|0|0|0|0|0|0|0|0|0|0|2|0|0|0|0|0|0|0|0|0|0|0|0|0|0|0|0|0|1|0|0|0|0|0|0|0|0|0|0|0|0|0|0|0|0|0|0|0|0|0|0|0|0|0|0|0|0|0|0|0|0|0|0|0|0|0|0|0|0|0|0|0|0|0|0|0|0|0|0|0|0|0|0|0|0|0|0|0|0|0|0|0|0|0|1</HistCounts>
      </HistItem>
    </Histograms>
    <Metadata>
      <MDI key="BandName">Band_3</MDI>
      <MDI key="RepresentationType">ATHEMATIC</MDI>
      <MDI key="STATISTICS_COVARIANCES">-0.0001698352952755537,0.000433735226637597,0.0003458262985005695</MDI>
      <MDI key="STATISTICS_EXCLUDEDVALUES"></MDI>
      <MDI key="STATISTICS_MAXIMUM">0.36675000190735</MDI>
      <MDI key="STATISTICS_MEAN">0.23425000023323</MDI>
      <MDI key="STATISTICS_MEDIAN">0.232495</MDI>
      <MDI key="STATISTICS_MINIMUM">0.15800000727177</MDI>
      <MDI key="STATISTICS_SKIPFACTORX">1</MDI>
      <MDI key="STATISTICS_SKIPFACTORY">1</MDI>
      <MDI key="STATISTICS_STDDEV">0.018596405526353</MDI>
    </Metadata>
  </PAMRasterBand>
</PAMDataset>
