<PAMDataset>
  <Metadata>
    <MDI key="DataType">Generic</MDI>
  </Metadata>
  <PAMRasterBand band="1">
    <Description>Band_1</Description>
    <Histograms>
      <HistItem>
        <HistMin>0.6240000128746033</HistMin>
        <HistMax>0.9246296286582947</HistMax>
        <BucketCount>256</BucketCount>
        <IncludeOutOfRange>1</IncludeOutOfRange>
        <Approximate>0</Approximate>
        <HistCounts>1|0|0|0|1|0|1|0|2|4|4|4|1|1|2|6|2|5|7|3|3|0|0|5|4|0|4|3|11|6|6|2|8|8|7|4|7|4|1|7|16|10|7|11|13|8|17|9|16|17|13|18|9|13|13|14|13|15|14|8|15|16|22|8|13|18|9|18|13|6|10|19|13|11|9|13|8|5|11|15|2|12|11|10|11|5|2|6|11|5|13|8|12|10|7|7|6|2|10|1|7|4|5|3|7|3|3|3|1|3|6|2|3|2|0|5|1|1|4|2|1|0|0|0|0|4|3|2|2|0|0|1|2|0|0|0|0|0|1|0|0|0|1|0|0|0|1|0|0|0|0|0|2|0|0|1|0|0|0|0|0|3|2|2|2|0|1|1|0|0|1|2|0|0|0|0|0|0|1|0|0|0|0|0|1|0|0|0|0|1|0|0|0|0|2|0|0|0|0|0|0|0|1|0|0|0|0|0|0|0|0|0|2|0|0|2|0|0|0|2|0|1|0|0|0|0|2|0|0|1|0|1|0|0|3|0|0|0|0|0|0|0|0|0|0|0|0|0|0|0|0|0|3|1|0|2</HistCounts>
      </HistItem>
    </Histograms>
    <Metadata>
      <MDI key="BandName">Band_1</MDI>
      <MDI key="RepresentationType">ATHEMATIC</MDI>
      <MDI key="STATISTICS_COVARIANCES">0.002099166371514655,-0.00052095448914132,-0.0002453038367926587</MDI>
      <MDI key="STATISTICS_EXCLUDEDVALUES"></MDI>
      <MDI key="STATISTICS_MAXIMUM">0.92462962865829</MDI>
      <MDI key="STATISTICS_MEAN">0.70765934593675</MDI>
      <MDI key="STATISTICS_MEDIAN">0.699452</MDI>
      <MDI key="STATISTICS_MINIMUM">0.6240000128746</MDI>
      <MDI key="STATISTICS_SKIPFACTORX">1</MDI>
      <MDI key="STATISTICS_SKIPFACTORY">1</MDI>
      <MDI key="STATISTICS_STDDEV">0.045816660414249</MDI>
    </Metadata>
  </PAMRasterBand>
  <PAMRasterBand band="2">
    <Description>Band_2</Description>
    <Histograms>
      <HistItem>
        <HistMin>0.1075000017881393</HistMin>
        <HistMax>0.3389999866485596</HistMax>
        <BucketCount>256</BucketCount>
        <IncludeOutOfRange>1</IncludeOutOfRange>
        <Approximate>0</Approximate>
        <HistCounts>2|0|0|0|0|0|0|0|0|0|0|0|1|0|0|0|0|3|0|0|0|0|0|0|0|0|0|0|0|0|0|0|0|0|0|0|0|0|0|0|0|0|0|0|0|0|0|0|0|0|0|0|0|0|0|0|0|0|0|0|0|0|0|0|0|0|0|0|0|0|0|0|0|0|1|2|0|1|2|1|1|0|1|3|0|3|0|1|2|0|0|0|0|0|0|0|0|1|0|2|0|0|0|1|0|0|0|0|0|0|0|0|2|0|0|0|0|0|0|0|2|0|0|1|0|0|1|0|2|2|0|1|0|3|0|0|2|0|3|2|8|0|2|5|1|6|1|2|2|7|3|7|12|4|11|10|15|15|13|15|10|19|16|18|21|19|28|18|9|14|17|17|19|7|29|10|25|16|9|10|15|13|8|13|16|17|12|5|13|10|8|10|9|18|14|10|13|8|5|8|17|9|6|7|4|8|9|7|4|4|10|8|0|6|8|7|6|3|2|4|4|3|3|4|1|6|7|1|3|1|3|0|0|0|1|0|1|2|0|0|0|0|0|0|0|3|0|0|0|0|0|0|0|0|0|1</HistCounts>
      </HistItem>
    </Histograms>
    <Metadata>
      <MDI key="BandName">Band_2</MDI>
      <MDI key="RepresentationType">ATHEMATIC</MDI>
      <MDI key="STATISTICS_COVARIANCES">-0.00052095448914132,0.0007208534342582573,0.000414791110991062</MDI>
      <MDI key="STATISTICS_EXCLUDEDVALUES"></MDI>
      <MDI key="STATISTICS_MAXIMUM">0.33899998664856</MDI>
      <MDI key="STATISTICS_MEAN">0.26753489666638</MDI>
      <MDI key="STATISTICS_MEDIAN">0.266373</MDI>
      <MDI key="STATISTICS_MINIMUM">0.10750000178814</MDI>
      <MDI key="STATISTICS_SKIPFACTORX">1</MDI>
      <MDI key="STATISTICS_SKIPFACTORY">1</MDI>
      <MDI key="STATISTICS_STDDEV">0.026848713828753</MDI>
    </Metadata>
  </PAMRasterBand>
  <PAMRasterBand band="3">
    <Description>Band_3</Description>
    <Histograms>
      <HistItem>
        <HistMin>0.1529999971389771</HistMin>
        <HistMax>0.2847500145435333</HistMax>
        <BucketCount>256</BucketCount>
        <IncludeOutOfRange>1</IncludeOutOfRange>
        <Approximate>0</Approximate>
        <HistCounts>2|0|0|0|0|0|0|0|0|0|0|0|0|0|0|0|1|1|2|0|0|0|0|0|0|0|0|0|0|0|0|0|0|0|0|0|0|0|0|0|0|0|0|0|0|0|0|0|0|0|0|0|0|0|0|0|0|0|0|0|0|0|0|0|0|1|0|0|0|0|1|0|1|0|6|1|1|1|1|0|3|2|0|0|0|0|0|0|0|0|0|1|2|0|1|0|0|0|0|0|0|0|0|0|0|0|0|0|0|2|0|0|0|0|1|1|0|0|1|1|0|0|2|3|2|3|1|0|3|1|1|2|4|0|5|6|3|5|1|3|4|3|8|12|9|10|11|3|8|25|18|14|14|19|15|16|10|6|18|17|9|20|18|17|21|15|9|14|10|7|11|9|21|12|6|19|13|7|17|10|13|7|14|12|8|11|11|15|12|14|4|11|9|8|13|14|13|10|6|5|2|9|5|14|4|8|0|7|8|1|5|3|5|5|4|3|6|6|2|2|1|2|4|2|0|3|0|1|2|1|1|0|0|4|0|0|1|0|0|0|0|0|0|0|0|0|1|0|0|0|0|0|0|0|0|1</HistCounts>
      </HistItem>
    </Histograms>
    <Metadata>
      <MDI key="BandName">Band_3</MDI>
      <MDI key="RepresentationType">ATHEMATIC</MDI>
      <MDI key="STATISTICS_COVARIANCES">-0.0002453038367926587,0.000414791110991062,0.000244458392923393</MDI>
      <MDI key="STATISTICS_EXCLUDEDVALUES"></MDI>
      <MDI key="STATISTICS_MAXIMUM">0.28475001454353</MDI>
      <MDI key="STATISTICS_MEAN">0.24068620487349</MDI>
      <MDI key="STATISTICS_MEDIAN">0.240317</MDI>
      <MDI key="STATISTICS_MINIMUM">0.15299999713898</MDI>
      <MDI key="STATISTICS_SKIPFACTORX">1</MDI>
      <MDI key="STATISTICS_SKIPFACTORY">1</MDI>
      <MDI key="STATISTICS_STDDEV">0.015635165266904</MDI>
    </Metadata>
  </PAMRasterBand>
</PAMDataset>
