<PAMDataset>
  <Metadata>
    <MDI key="DataType">Generic</MDI>
  </Metadata>
  <PAMRasterBand band="1">
    <Description>Band_1</Description>
    <Histograms>
      <HistItem>
        <HistMin>0.4902499914169312</HistMin>
        <HistMax>0.9355740547180176</HistMax>
        <BucketCount>256</BucketCount>
        <IncludeOutOfRange>1</IncludeOutOfRange>
        <Approximate>0</Approximate>
        <HistCounts>3|0|0|0|0|0|0|0|0|0|0|0|0|1|1|0|0|0|0|2|0|0|0|0|0|0|0|0|0|0|0|0|0|0|0|0|1|0|0|0|0|1|0|0|0|0|0|0|2|5|0|3|2|1|1|1|0|2|4|0|1|1|1|4|1|2|2|0|3|2|4|8|2|1|0|1|8|3|2|0|1|3|0|1|0|3|2|5|2|5|2|8|2|0|4|3|0|3|4|3|3|2|4|5|2|7|1|2|8|8|2|3|5|4|4|3|10|8|5|4|10|9|7|8|1|5|6|0|4|6|4|3|6|7|8|7|6|7|12|6|3|10|4|4|2|1|8|5|7|6|5|8|7|9|1|4|10|7|14|5|6|5|3|12|4|5|14|12|14|6|5|6|5|15|5|7|17|10|2|7|13|14|13|6|6|8|5|5|13|4|8|4|8|5|2|3|4|3|0|0|4|0|3|4|1|6|2|3|6|1|5|2|2|2|2|2|1|2|1|2|5|2|3|0|0|1|2|1|0|1|0|2|0|3|0|0|0|1|2|0|0|5|1|0|0|1|13|8|1|13|1|4|0|3|0|1</HistCounts>
      </HistItem>
    </Histograms>
    <Metadata>
      <MDI key="BandName">Band_1</MDI>
      <MDI key="RepresentationType">ATHEMATIC</MDI>
      <MDI key="STATISTICS_COVARIANCES">0.007273194372510487,-0.0008537166848029197,-0.0001816204679357249</MDI>
      <MDI key="STATISTICS_EXCLUDEDVALUES"></MDI>
      <MDI key="STATISTICS_MAXIMUM">0.93557405471802</MDI>
      <MDI key="STATISTICS_MEAN">0.7561898473221</MDI>
      <MDI key="STATISTICS_MEDIAN">0.764430</MDI>
      <MDI key="STATISTICS_MINIMUM">0.49024999141693</MDI>
      <MDI key="STATISTICS_SKIPFACTORX">1</MDI>
      <MDI key="STATISTICS_SKIPFACTORY">1</MDI>
      <MDI key="STATISTICS_STDDEV">0.085283025113504</MDI>
    </Metadata>
  </PAMRasterBand>
  <PAMRasterBand band="2">
    <Description>Band_2</Description>
    <Histograms>
      <HistItem>
        <HistMin>0.07900000363588333</HistMin>
        <HistMax>0.4420000016689301</HistMax>
        <BucketCount>256</BucketCount>
        <IncludeOutOfRange>1</IncludeOutOfRange>
        <Approximate>0</Approximate>
        <HistCounts>1|0|0|0|0|0|1|0|1|0|0|0|1|2|6|1|0|6|0|0|0|3|1|1|0|0|1|0|0|2|2|5|0|2|0|2|0|1|0|0|2|2|1|0|0|1|0|1|2|0|0|0|1|0|0|1|0|0|1|1|0|2|0|0|2|0|1|1|0|0|1|2|2|0|0|1|0|1|0|0|1|0|0|0|0|2|0|0|3|0|0|0|0|2|0|0|0|1|0|0|2|0|1|0|0|1|0|2|1|2|5|2|3|3|4|0|2|1|3|4|2|7|7|3|7|6|5|12|6|5|6|4|9|4|10|16|9|11|22|10|11|8|10|18|9|12|12|7|15|14|4|11|12|9|8|17|10|13|15|12|10|16|13|10|7|8|12|9|9|12|8|6|14|12|7|10|13|12|7|10|6|7|12|3|4|5|2|2|4|4|3|9|1|3|1|1|1|7|4|5|0|4|2|2|4|1|0|0|2|2|3|4|0|4|0|4|4|1|2|3|3|3|0|1|1|3|2|0|0|2|1|3|0|6|1|2|0|2|1|0|0|2|0|1|0|0|0|0|3|0|0|0|1|0|0|1</HistCounts>
      </HistItem>
    </Histograms>
    <Metadata>
      <MDI key="BandName">Band_2</MDI>
      <MDI key="RepresentationType">ATHEMATIC</MDI>
      <MDI key="STATISTICS_COVARIANCES">-0.0008537166848029197,0.003881065743891755,0.00234791195643231</MDI>
      <MDI key="STATISTICS_EXCLUDEDVALUES"></MDI>
      <MDI key="STATISTICS_MAXIMUM">0.44200000166893</MDI>
      <MDI key="STATISTICS_MEAN">0.29413968925515</MDI>
      <MDI key="STATISTICS_MEDIAN">0.299647</MDI>
      <MDI key="STATISTICS_MINIMUM">0.079000003635883</MDI>
      <MDI key="STATISTICS_SKIPFACTORX">1</MDI>
      <MDI key="STATISTICS_SKIPFACTORY">1</MDI>
      <MDI key="STATISTICS_STDDEV">0.062298200165749</MDI>
    </Metadata>
  </PAMRasterBand>
  <PAMRasterBand band="3">
    <Description>Band_3</Description>
    <Histograms>
      <HistItem>
        <HistMin>0.1289999932050705</HistMin>
        <HistMax>0.3412500023841858</HistMax>
        <BucketCount>256</BucketCount>
        <IncludeOutOfRange>1</IncludeOutOfRange>
        <Approximate>0</Approximate>
        <HistCounts>1|0|0|1|0|0|0|0|0|4|1|0|1|2|0|0|3|4|5|2|1|1|0|1|1|0|0|1|1|0|0|0|1|0|1|2|0|0|0|2|0|4|2|1|0|0|0|0|0|1|0|1|0|1|0|0|2|4|1|1|0|1|2|1|1|1|0|0|0|0|1|0|1|0|0|0|0|0|0|0|0|0|1|0|0|1|3|0|1|0|0|0|0|0|0|2|0|1|0|3|1|2|0|1|1|2|2|4|1|2|6|1|6|1|1|5|3|2|2|0|4|8|6|4|11|3|7|7|6|2|16|7|6|7|6|8|8|11|11|9|12|6|21|7|13|13|7|7|16|1|3|10|15|9|10|4|3|8|9|5|15|6|8|20|11|11|12|6|8|14|10|13|4|12|7|7|7|8|9|10|8|12|18|9|7|7|12|1|7|1|5|9|4|2|5|2|5|6|2|3|2|2|2|5|6|0|4|0|0|3|2|4|3|0|3|2|2|3|2|0|0|4|6|1|4|4|1|5|0|2|3|0|4|1|3|0|2|1|0|2|3|1|2|2|0|0|0|0|1|0|0|3|0|1|0|1</HistCounts>
      </HistItem>
    </Histograms>
    <Metadata>
      <MDI key="BandName">Band_3</MDI>
      <MDI key="RepresentationType">ATHEMATIC</MDI>
      <MDI key="STATISTICS_COVARIANCES">-0.0001816204679357249,0.00234791195643231,0.001458729130969341</MDI>
      <MDI key="STATISTICS_EXCLUDEDVALUES"></MDI>
      <MDI key="STATISTICS_MAXIMUM">0.34125000238419</MDI>
      <MDI key="STATISTICS_MEAN">0.25703196941708</MDI>
      <MDI key="STATISTICS_MEDIAN">0.260512</MDI>
      <MDI key="STATISTICS_MINIMUM">0.12899999320507</MDI>
      <MDI key="STATISTICS_SKIPFACTORX">1</MDI>
      <MDI key="STATISTICS_SKIPFACTORY">1</MDI>
      <MDI key="STATISTICS_STDDEV">0.038193312647234</MDI>
    </Metadata>
  </PAMRasterBand>
</PAMDataset>
