<PAMDataset>
  <Metadata>
    <MDI key="DataType">Generic</MDI>
  </Metadata>
  <PAMRasterBand band="1">
    <Description>Band_1</Description>
    <Histograms>
      <HistItem>
        <HistMin>0.6399999856948853</HistMin>
        <HistMax>0.9456852078437805</HistMax>
        <BucketCount>256</BucketCount>
        <IncludeOutOfRange>1</IncludeOutOfRange>
        <Approximate>0</Approximate>
        <HistCounts>2|0|0|0|0|0|0|0|0|0|0|0|0|0|0|0|1|0|0|0|0|0|0|0|0|0|0|0|0|0|0|0|0|0|0|0|0|0|0|0|0|0|0|0|0|1|0|0|0|0|0|0|0|0|0|0|0|0|0|0|0|0|0|0|0|0|0|0|0|0|0|0|0|1|0|0|0|0|0|0|0|1|0|0|0|0|0|0|0|1|0|2|0|1|0|1|0|0|0|1|0|0|0|0|3|0|1|2|0|2|3|2|4|4|2|0|9|1|9|7|4|3|5|2|7|3|2|8|6|6|3|3|8|4|1|4|6|6|7|4|6|15|10|5|5|11|3|5|12|7|5|13|0|11|8|8|10|7|4|12|6|10|3|1|4|2|10|6|6|2|3|3|3|3|5|2|4|1|0|6|2|5|5|6|4|1|1|4|3|2|2|2|8|3|0|1|3|3|4|1|2|4|1|3|0|3|5|0|2|2|1|3|4|7|2|2|3|5|1|2|5|0|3|1|1|2|5|9|5|10|1|5|12|42|79|36|29|27|20|20|16|5|6|3|3|0|0|2|0|1|0|0|0|1|0|1</HistCounts>
      </HistItem>
    </Histograms>
    <Metadata>
      <MDI key="BandName">Band_1</MDI>
      <MDI key="RepresentationType">ATHEMATIC</MDI>
      <MDI key="STATISTICS_COVARIANCES">0.003135133281524733,-0.0007973401162356577,-0.0003526186503468632</MDI>
      <MDI key="STATISTICS_EXCLUDEDVALUES"></MDI>
      <MDI key="STATISTICS_MAXIMUM">0.94568520784378</MDI>
      <MDI key="STATISTICS_MEAN">0.86517592662937</MDI>
      <MDI key="STATISTICS_MEDIAN">0.868964</MDI>
      <MDI key="STATISTICS_MINIMUM">0.63999998569489</MDI>
      <MDI key="STATISTICS_SKIPFACTORX">1</MDI>
      <MDI key="STATISTICS_SKIPFACTORY">1</MDI>
      <MDI key="STATISTICS_STDDEV">0.055992260907421</MDI>
    </Metadata>
  </PAMRasterBand>
  <PAMRasterBand band="2">
    <Description>Band_2</Description>
    <Histograms>
      <HistItem>
        <HistMin>0.04174999892711639</HistMin>
        <HistMax>0.3427500128746033</HistMax>
        <BucketCount>256</BucketCount>
        <IncludeOutOfRange>1</IncludeOutOfRange>
        <Approximate>0</Approximate>
        <HistCounts>1|0|0|0|0|0|0|1|1|0|0|0|0|0|0|0|0|0|0|0|0|2|0|0|0|0|0|0|2|0|1|1|0|0|1|2|0|0|0|0|0|1|2|0|0|0|0|2|1|0|0|0|0|0|1|0|1|0|0|2|1|0|0|0|2|2|1|0|0|0|2|3|0|1|0|0|3|0|0|1|0|9|1|1|0|0|2|2|2|1|3|0|0|0|2|2|1|0|0|0|0|1|1|0|0|0|2|1|0|2|0|0|0|2|1|0|1|1|0|1|1|3|4|2|2|1|6|6|13|15|9|8|9|21|18|20|20|29|20|19|14|27|19|12|9|23|14|7|13|8|14|25|19|12|10|13|7|22|16|16|11|12|19|12|14|9|10|10|6|12|15|2|4|2|6|5|14|10|4|5|3|16|0|0|4|1|4|2|0|1|1|0|0|0|1|3|0|0|4|1|1|0|0|4|2|1|2|0|0|1|0|1|0|0|6|0|0|0|0|0|0|0|0|0|2|0|0|0|0|0|0|0|2|0|0|0|2|0|0|0|0|0|0|0|1|0|0|0|0|0|0|0|0|0|0|1</HistCounts>
      </HistItem>
    </Histograms>
    <Metadata>
      <MDI key="BandName">Band_2</MDI>
      <MDI key="RepresentationType">ATHEMATIC</MDI>
      <MDI key="STATISTICS_COVARIANCES">-0.0007973401162356577,0.001357262870525977,0.0008368495358760779</MDI>
      <MDI key="STATISTICS_EXCLUDEDVALUES"></MDI>
      <MDI key="STATISTICS_MAXIMUM">0.3427500128746</MDI>
      <MDI key="STATISTICS_MEAN">0.21449178415285</MDI>
      <MDI key="STATISTICS_MEDIAN">0.215268</MDI>
      <MDI key="STATISTICS_MINIMUM">0.041749998927116</MDI>
      <MDI key="STATISTICS_SKIPFACTORX">1</MDI>
      <MDI key="STATISTICS_SKIPFACTORY">1</MDI>
      <MDI key="STATISTICS_STDDEV">0.036841048716425</MDI>
    </Metadata>
  </PAMRasterBand>
  <PAMRasterBand band="3">
    <Description>Band_3</Description>
    <Histograms>
      <HistItem>
        <HistMin>0.09624999761581421</HistMin>
        <HistMax>0.2887499928474426</HistMax>
        <BucketCount>256</BucketCount>
        <IncludeOutOfRange>1</IncludeOutOfRange>
        <Approximate>0</Approximate>
        <HistCounts>1|0|0|0|0|0|1|0|0|0|0|0|0|0|0|0|1|0|0|1|0|0|0|0|1|3|0|1|0|0|1|0|0|0|0|0|0|0|0|0|2|1|0|0|0|0|0|1|1|0|0|0|0|0|1|0|1|1|0|0|0|0|0|1|0|0|0|0|0|2|1|1|1|0|0|0|2|5|1|1|0|0|1|0|0|2|1|2|0|1|0|0|2|0|0|1|2|0|6|3|0|0|0|2|0|0|0|0|2|3|3|1|0|1|0|0|0|1|0|0|2|0|1|1|2|1|3|2|4|1|2|8|6|9|4|15|12|12|17|24|10|9|17|18|22|33|20|14|21|9|11|32|12|17|9|21|12|20|11|17|12|14|18|12|19|8|16|9|15|17|15|8|6|4|16|4|4|5|2|5|9|8|14|14|0|8|8|1|2|3|1|1|1|4|0|1|1|2|2|3|0|0|3|0|2|0|2|1|0|1|1|3|0|1|1|0|0|0|0|0|0|0|2|2|0|0|1|5|0|0|0|0|3|0|0|0|0|0|0|0|2|0|0|0|0|0|0|0|0|0|0|0|0|1|0|1</HistCounts>
      </HistItem>
    </Histograms>
    <Metadata>
      <MDI key="BandName">Band_3</MDI>
      <MDI key="RepresentationType">ATHEMATIC</MDI>
      <MDI key="STATISTICS_COVARIANCES">-0.0003526186503468632,0.0008368495358760779,0.0005447118427870364</MDI>
      <MDI key="STATISTICS_EXCLUDEDVALUES"></MDI>
      <MDI key="STATISTICS_MAXIMUM">0.28874999284744</MDI>
      <MDI key="STATISTICS_MEAN">0.21136913150374</MDI>
      <MDI key="STATISTICS_MEDIAN">0.211750</MDI>
      <MDI key="STATISTICS_MINIMUM">0.096249997615814</MDI>
      <MDI key="STATISTICS_SKIPFACTORX">1</MDI>
      <MDI key="STATISTICS_SKIPFACTORY">1</MDI>
      <MDI key="STATISTICS_STDDEV">0.023339062594437</MDI>
    </Metadata>
  </PAMRasterBand>
</PAMDataset>
