<PAMDataset>
  <Metadata>
    <MDI key="DataType">Generic</MDI>
  </Metadata>
  <PAMRasterBand band="1">
    <Description>Band_1</Description>
    <Histograms>
      <HistItem>
        <HistMin>0.6792500019073486</HistMin>
        <HistMax>0.9403518438339233</HistMax>
        <BucketCount>256</BucketCount>
        <IncludeOutOfRange>1</IncludeOutOfRange>
        <Approximate>0</Approximate>
        <HistCounts>2|0|0|0|0|0|0|0|0|0|0|1|1|0|0|0|0|0|0|1|0|0|0|0|0|0|0|0|0|0|0|0|0|0|1|0|1|0|0|0|0|1|0|0|0|0|0|0|0|0|0|0|0|1|2|0|0|0|1|0|0|0|1|0|1|0|2|0|2|0|0|0|3|1|1|0|0|2|0|1|2|3|1|2|4|0|3|3|2|2|3|2|7|2|6|0|5|4|1|3|1|5|0|2|5|3|2|6|5|6|6|7|6|8|3|5|9|2|2|5|5|5|4|6|9|13|6|5|8|11|9|7|13|14|17|7|16|16|12|15|14|6|11|18|14|13|13|16|13|8|12|9|20|9|9|8|10|5|13|5|7|7|6|6|7|7|5|8|1|4|3|4|3|1|2|3|1|7|1|2|3|3|6|3|6|6|5|2|3|5|6|2|5|7|9|7|7|6|10|6|6|5|4|1|5|7|8|3|10|4|1|7|4|5|5|7|3|4|12|6|2|6|8|7|7|7|5|9|2|7|4|0|4|6|5|28|21|26|23|13|9|2|3|0|0|0|0|4|0|0|1|0|0|0|0|2</HistCounts>
      </HistItem>
    </Histograms>
    <Metadata>
      <MDI key="BandName">Band_1</MDI>
      <MDI key="RepresentationType">ATHEMATIC</MDI>
      <MDI key="STATISTICS_COVARIANCES">0.002392223128776831,-0.0003102301130863105,-9.621116717103117e-05</MDI>
      <MDI key="STATISTICS_EXCLUDEDVALUES"></MDI>
      <MDI key="STATISTICS_MAXIMUM">0.94035184383392</MDI>
      <MDI key="STATISTICS_MEAN">0.8487615929013</MDI>
      <MDI key="STATISTICS_MEDIAN">0.836935</MDI>
      <MDI key="STATISTICS_MINIMUM">0.67925000190735</MDI>
      <MDI key="STATISTICS_SKIPFACTORX">1</MDI>
      <MDI key="STATISTICS_SKIPFACTORY">1</MDI>
      <MDI key="STATISTICS_STDDEV">0.048910358092911</MDI>
    </Metadata>
  </PAMRasterBand>
  <PAMRasterBand band="2">
    <Description>Band_2</Description>
    <Histograms>
      <HistItem>
        <HistMin>0.09849999845027924</HistMin>
        <HistMax>0.3607499897480011</HistMax>
        <BucketCount>256</BucketCount>
        <IncludeOutOfRange>1</IncludeOutOfRange>
        <Approximate>0</Approximate>
        <HistCounts>1|1|1|1|1|1|2|2|10|6|2|5|6|4|0|0|1|2|2|2|1|3|1|0|0|0|2|4|3|3|5|0|3|0|2|3|0|0|2|6|2|6|7|8|4|7|10|4|25|22|24|19|31|19|15|26|23|33|35|48|30|34|44|35|16|24|17|27|33|26|19|19|24|12|17|13|15|2|13|14|9|10|8|9|4|6|2|8|6|2|5|6|7|3|2|2|2|4|3|2|3|8|5|0|3|9|7|2|3|3|3|2|3|1|4|2|2|3|3|0|1|2|1|7|2|1|1|2|2|0|0|3|0|0|0|0|1|1|0|2|1|0|2|0|0|0|1|0|0|0|0|0|0|1|0|0|0|0|0|0|0|0|0|0|1|0|0|0|0|0|0|0|0|0|0|1|0|0|0|2|0|0|0|0|0|0|0|0|0|0|0|0|0|1|0|2|0|0|0|0|0|0|0|0|4|0|0|0|0|0|0|0|0|0|0|0|1|0|0|0|0|0|0|0|0|0|0|0|0|0|0|0|0|1|0|0|0|0|0|0|0|0|0|0|0|0|0|0|0|0|0|0|1|0|0|2</HistCounts>
      </HistItem>
    </Histograms>
    <Metadata>
      <MDI key="BandName">Band_2</MDI>
      <MDI key="RepresentationType">ATHEMATIC</MDI>
      <MDI key="STATISTICS_COVARIANCES">-0.0003102301130863105,0.00087833123962617,0.0005446631556835881</MDI>
      <MDI key="STATISTICS_EXCLUDEDVALUES"></MDI>
      <MDI key="STATISTICS_MAXIMUM">0.360749989748</MDI>
      <MDI key="STATISTICS_MEAN">0.16761242072769</MDI>
      <MDI key="STATISTICS_MEDIAN">0.162263</MDI>
      <MDI key="STATISTICS_MINIMUM">0.098499998450279</MDI>
      <MDI key="STATISTICS_SKIPFACTORX">1</MDI>
      <MDI key="STATISTICS_SKIPFACTORY">1</MDI>
      <MDI key="STATISTICS_STDDEV">0.029636653650947</MDI>
    </Metadata>
  </PAMRasterBand>
  <PAMRasterBand band="3">
    <Description>Band_3</Description>
    <Histograms>
      <HistItem>
        <HistMin>0.1445000022649765</HistMin>
        <HistMax>0.304500013589859</HistMax>
        <BucketCount>256</BucketCount>
        <IncludeOutOfRange>1</IncludeOutOfRange>
        <Approximate>0</Approximate>
        <HistCounts>1|3|0|2|1|0|2|3|0|5|2|7|4|2|1|6|2|1|1|0|1|2|2|0|1|2|4|0|0|2|1|3|3|5|1|6|3|2|6|6|0|2|4|4|7|14|1|11|13|17|8|26|20|14|22|13|25|14|29|18|25|21|30|25|39|26|23|22|35|25|26|16|19|17|32|28|18|3|21|15|15|9|17|5|10|6|11|4|5|7|11|5|4|8|5|4|7|4|10|1|5|5|0|8|1|4|4|6|2|2|3|11|3|4|1|3|2|4|4|4|0|6|2|5|0|0|2|1|3|0|1|1|1|1|0|0|2|3|2|4|0|1|0|2|0|0|0|0|0|3|1|0|0|0|1|0|0|0|0|0|0|0|0|0|0|0|0|1|0|0|1|0|0|0|0|0|2|0|0|0|0|0|0|0|0|0|2|1|0|0|0|0|0|0|0|0|0|0|0|0|0|0|1|0|1|0|0|0|2|0|0|0|0|0|0|0|0|0|0|0|0|1|0|0|0|0|0|0|0|0|0|1|0|0|0|0|0|0|0|0|0|0|0|0|0|0|0|0|0|0|0|2|0|0|0|1</HistCounts>
      </HistItem>
    </Histograms>
    <Metadata>
      <MDI key="BandName">Band_3</MDI>
      <MDI key="RepresentationType">ATHEMATIC</MDI>
      <MDI key="STATISTICS_COVARIANCES">-9.621116717103117e-05,0.0005446631556835881,0.0003472640519216676</MDI>
      <MDI key="STATISTICS_EXCLUDEDVALUES"></MDI>
      <MDI key="STATISTICS_MAXIMUM">0.30450001358986</MDI>
      <MDI key="STATISTICS_MEAN">0.18910992710242</MDI>
      <MDI key="STATISTICS_MEDIAN">0.186539</MDI>
      <MDI key="STATISTICS_MINIMUM">0.14450000226498</MDI>
      <MDI key="STATISTICS_SKIPFACTORX">1</MDI>
      <MDI key="STATISTICS_SKIPFACTORY">1</MDI>
      <MDI key="STATISTICS_STDDEV">0.018635022187314</MDI>
    </Metadata>
  </PAMRasterBand>
</PAMDataset>
