<PAMDataset>
  <Metadata>
    <MDI key="DataType">Generic</MDI>
  </Metadata>
  <PAMRasterBand band="1">
    <Description>Band_1</Description>
    <Histograms>
      <HistItem>
        <HistMin>0.4837499856948853</HistMin>
        <HistMax>0.9326111078262329</HistMax>
        <BucketCount>256</BucketCount>
        <IncludeOutOfRange>1</IncludeOutOfRange>
        <Approximate>0</Approximate>
        <HistCounts>2|0|0|0|0|0|2|0|0|1|1|1|0|0|0|1|0|0|1|0|1|1|0|1|0|1|1|3|0|0|0|0|1|2|0|0|0|0|0|2|0|2|2|0|0|0|0|3|0|1|4|0|2|2|1|0|2|0|1|0|0|1|0|2|3|1|2|4|1|1|0|7|3|5|0|5|2|0|6|6|7|1|6|2|3|8|4|0|4|3|5|5|11|1|5|5|3|4|4|7|6|4|7|8|7|8|7|6|5|6|7|13|7|16|15|9|11|5|14|10|15|8|14|8|6|18|16|14|20|10|15|12|15|14|18|26|19|20|18|22|24|5|35|19|17|18|17|22|19|13|9|12|19|3|6|2|3|1|4|2|9|2|2|3|3|1|2|1|0|1|1|1|1|1|0|0|3|2|0|1|0|1|0|0|0|0|0|3|0|2|0|0|2|0|1|1|0|0|0|0|0|0|0|0|1|0|0|0|0|1|0|0|0|0|3|0|0|0|0|0|1|0|0|0|0|0|0|0|0|0|0|0|0|1|0|1|1|0|2|0|0|0|1|0|0|1|0|3|5|4|2|2|2|0|0|1</HistCounts>
      </HistItem>
    </Histograms>
    <Metadata>
      <MDI key="BandName">Band_1</MDI>
      <MDI key="RepresentationType">ATHEMATIC</MDI>
      <MDI key="STATISTICS_COVARIANCES">0.004155048734763534,-0.001009798861842375,-0.0003468403846533836</MDI>
      <MDI key="STATISTICS_EXCLUDEDVALUES"></MDI>
      <MDI key="STATISTICS_MAXIMUM">0.93261110782623</MDI>
      <MDI key="STATISTICS_MEAN">0.70624700770145</MDI>
      <MDI key="STATISTICS_MEDIAN">0.712581</MDI>
      <MDI key="STATISTICS_MINIMUM">0.48374998569489</MDI>
      <MDI key="STATISTICS_SKIPFACTORX">1</MDI>
      <MDI key="STATISTICS_SKIPFACTORY">1</MDI>
      <MDI key="STATISTICS_STDDEV">0.064459667504289</MDI>
    </Metadata>
  </PAMRasterBand>
  <PAMRasterBand band="2">
    <Description>Band_2</Description>
    <Histograms>
      <HistItem>
        <HistMin>0.1080000028014183</HistMin>
        <HistMax>0.4212499856948853</HistMax>
        <BucketCount>256</BucketCount>
        <IncludeOutOfRange>1</IncludeOutOfRange>
        <Approximate>0</Approximate>
        <HistCounts>3|1|0|3|0|0|0|0|1|0|0|3|0|1|1|0|0|0|0|0|0|3|0|0|1|0|1|0|0|1|0|2|1|0|0|2|1|0|0|1|1|0|0|0|0|0|1|1|0|0|1|0|0|0|0|0|0|1|0|0|1|0|1|0|2|0|2|1|0|0|1|1|0|0|0|0|0|1|0|2|0|1|2|2|3|1|2|0|0|0|0|1|1|0|6|0|0|0|2|2|3|5|0|4|0|0|1|2|2|2|0|4|5|3|0|1|2|4|3|1|4|2|0|1|2|2|3|3|4|9|7|7|8|7|9|10|3|9|9|6|6|10|12|8|16|13|20|13|19|20|10|24|15|19|18|24|28|21|22|16|20|23|13|26|17|16|21|21|24|12|9|19|20|21|18|9|8|16|5|7|4|9|8|4|7|0|0|3|4|4|3|0|2|6|0|4|2|2|4|1|5|2|4|2|0|4|1|3|4|4|5|3|2|0|1|2|0|0|0|0|0|0|0|0|0|0|0|0|1|0|0|0|0|0|0|1|0|0|0|0|0|0|0|0|0|0|0|0|0|0|0|0|0|0|0|1</HistCounts>
      </HistItem>
    </Histograms>
    <Metadata>
      <MDI key="BandName">Band_2</MDI>
      <MDI key="RepresentationType">ATHEMATIC</MDI>
      <MDI key="STATISTICS_COVARIANCES">-0.001009798861842375,0.001788102597029435,0.000879527766777961</MDI>
      <MDI key="STATISTICS_EXCLUDEDVALUES"></MDI>
      <MDI key="STATISTICS_MAXIMUM">0.42124998569489</MDI>
      <MDI key="STATISTICS_MEAN">0.29472891279171</MDI>
      <MDI key="STATISTICS_MEDIAN">0.300864</MDI>
      <MDI key="STATISTICS_MINIMUM">0.10800000280142</MDI>
      <MDI key="STATISTICS_SKIPFACTORX">1</MDI>
      <MDI key="STATISTICS_SKIPFACTORY">1</MDI>
      <MDI key="STATISTICS_STDDEV">0.042285962174573</MDI>
    </Metadata>
  </PAMRasterBand>
  <PAMRasterBand band="3">
    <Description>Band_3</Description>
    <Histograms>
      <HistItem>
        <HistMin>0.1770000010728836</HistMin>
        <HistMax>0.3490000069141388</HistMax>
        <BucketCount>256</BucketCount>
        <IncludeOutOfRange>1</IncludeOutOfRange>
        <Approximate>0</Approximate>
        <HistCounts>2|0|0|1|1|0|2|2|1|0|1|1|2|4|1|0|1|1|0|0|0|1|0|0|0|0|1|1|0|0|1|0|0|1|0|1|1|1|0|0|0|0|1|0|1|0|0|0|0|0|1|0|0|0|1|0|1|1|0|0|2|2|0|1|1|1|1|3|0|1|1|2|0|0|5|1|0|0|0|0|0|4|0|0|2|2|1|1|3|3|4|0|1|3|3|0|2|4|4|0|7|6|2|11|2|3|3|7|8|1|16|11|9|6|9|7|10|12|18|7|13|8|11|25|14|5|20|13|27|9|20|18|19|28|24|20|21|28|28|13|16|14|14|16|23|11|14|23|14|15|13|20|18|19|8|1|14|13|5|9|4|4|2|2|4|2|2|4|0|3|3|1|2|4|0|4|3|2|2|1|4|4|1|5|1|1|3|1|1|6|1|1|0|6|2|0|0|0|2|2|0|0|0|0|0|0|0|0|0|0|0|0|0|0|0|0|0|0|0|0|0|0|0|0|0|0|0|1|0|0|0|0|0|0|0|0|1|0|0|0|0|0|0|0|0|0|0|0|0|0|0|0|0|0|0|1</HistCounts>
      </HistItem>
    </Histograms>
    <Metadata>
      <MDI key="BandName">Band_3</MDI>
      <MDI key="RepresentationType">ATHEMATIC</MDI>
      <MDI key="STATISTICS_COVARIANCES">-0.0003468403846533836,0.000879527766777961,0.0004505326668814205</MDI>
      <MDI key="STATISTICS_EXCLUDEDVALUES"></MDI>
      <MDI key="STATISTICS_MAXIMUM">0.34900000691414</MDI>
      <MDI key="STATISTICS_MEAN">0.26546087374956</MDI>
      <MDI key="STATISTICS_MEDIAN">0.267384</MDI>
      <MDI key="STATISTICS_MINIMUM">0.17700000107288</MDI>
      <MDI key="STATISTICS_SKIPFACTORX">1</MDI>
      <MDI key="STATISTICS_SKIPFACTORY">1</MDI>
      <MDI key="STATISTICS_STDDEV">0.021225754801218</MDI>
    </Metadata>
  </PAMRasterBand>
</PAMDataset>
