<PAMDataset>
  <Metadata>
    <MDI key="DataType">Generic</MDI>
  </Metadata>
  <PAMRasterBand band="1">
    <Description>Band_1</Description>
    <Histograms>
      <HistItem>
        <HistMin>0.6625000238418579</HistMin>
        <HistMax>0.9248518347740173</HistMax>
        <BucketCount>256</BucketCount>
        <IncludeOutOfRange>1</IncludeOutOfRange>
        <Approximate>0</Approximate>
        <HistCounts>2|0|0|0|0|0|0|4|0|0|0|0|1|0|1|0|0|1|2|0|1|1|0|3|1|1|0|1|0|1|0|0|0|1|0|2|1|2|4|3|4|1|2|0|0|2|2|7|1|2|3|5|3|4|8|5|8|4|3|5|2|1|4|4|4|10|7|1|5|6|8|1|6|12|8|4|5|2|9|7|7|12|4|7|10|5|6|5|4|12|6|9|7|11|4|9|13|9|7|7|11|19|4|10|14|7|7|8|6|2|11|8|4|9|8|8|11|8|12|3|7|9|7|6|9|9|8|12|9|5|11|15|6|13|8|8|10|6|7|1|3|3|8|3|6|5|3|5|5|6|8|6|3|4|6|4|1|4|2|3|0|1|2|4|3|3|1|0|0|0|0|0|2|4|0|1|0|1|0|0|0|2|1|0|1|0|3|0|0|1|1|2|1|0|0|5|0|0|1|1|0|0|0|1|0|0|0|0|1|1|0|2|0|0|1|0|0|0|0|0|3|0|3|2|0|0|2|0|1|1|3|0|1|0|0|0|1|0|0|0|0|0|0|0|0|0|0|0|0|0|1|3|1|0|1|1</HistCounts>
      </HistItem>
    </Histograms>
    <Metadata>
      <MDI key="BandName">Band_1</MDI>
      <MDI key="RepresentationType">ATHEMATIC</MDI>
      <MDI key="STATISTICS_COVARIANCES">0.001914165012281193,2.33411813162036e-05,0.0001629250040141516</MDI>
      <MDI key="STATISTICS_EXCLUDEDVALUES"></MDI>
      <MDI key="STATISTICS_MAXIMUM">0.92485183477402</MDI>
      <MDI key="STATISTICS_MEAN">0.77451958741162</MDI>
      <MDI key="STATISTICS_MEDIAN">0.771556</MDI>
      <MDI key="STATISTICS_MINIMUM">0.66250002384186</MDI>
      <MDI key="STATISTICS_SKIPFACTORX">1</MDI>
      <MDI key="STATISTICS_SKIPFACTORY">1</MDI>
      <MDI key="STATISTICS_STDDEV">0.043751171553242</MDI>
    </Metadata>
  </PAMRasterBand>
  <PAMRasterBand band="2">
    <Description>Band_2</Description>
    <Histograms>
      <HistItem>
        <HistMin>0.1597499996423721</HistMin>
        <HistMax>0.488999992609024</HistMax>
        <BucketCount>256</BucketCount>
        <IncludeOutOfRange>1</IncludeOutOfRange>
        <Approximate>0</Approximate>
        <HistCounts>1|0|0|0|1|0|0|0|0|2|0|0|0|0|0|0|0|0|0|0|1|1|0|0|0|0|1|0|1|0|0|0|0|0|0|0|0|0|1|0|0|1|1|0|0|1|0|0|2|1|2|2|0|2|1|2|5|0|2|0|0|5|2|5|2|1|2|7|5|5|6|3|7|7|3|2|3|3|6|5|10|8|6|8|6|4|9|14|1|10|9|6|11|16|6|18|11|21|12|7|5|24|17|18|20|13|9|16|22|17|13|17|11|9|13|12|16|11|7|1|10|10|4|7|8|7|7|7|3|6|9|9|8|20|11|1|4|1|5|4|4|2|5|2|2|2|3|2|0|1|6|3|0|5|0|5|3|5|4|5|5|4|1|3|7|12|6|3|0|6|5|2|2|0|1|1|4|1|2|0|1|3|2|1|1|0|0|1|0|1|2|0|0|1|2|0|0|0|0|0|0|1|0|0|0|0|0|0|0|0|0|0|0|0|0|0|0|0|0|0|0|0|0|0|0|0|0|0|0|0|0|0|0|0|0|0|0|0|0|0|0|0|0|0|0|0|0|0|0|0|0|1|0|0|0|1</HistCounts>
      </HistItem>
    </Histograms>
    <Metadata>
      <MDI key="BandName">Band_2</MDI>
      <MDI key="RepresentationType">ATHEMATIC</MDI>
      <MDI key="STATISTICS_COVARIANCES">2.33411813162036e-05,0.001686995443028324,0.001137462700077151</MDI>
      <MDI key="STATISTICS_EXCLUDEDVALUES"></MDI>
      <MDI key="STATISTICS_MAXIMUM">0.48899999260902</MDI>
      <MDI key="STATISTICS_MEAN">0.3037071182298</MDI>
      <MDI key="STATISTICS_MEDIAN">0.299197</MDI>
      <MDI key="STATISTICS_MINIMUM">0.15974999964237</MDI>
      <MDI key="STATISTICS_SKIPFACTORX">1</MDI>
      <MDI key="STATISTICS_SKIPFACTORY">1</MDI>
      <MDI key="STATISTICS_STDDEV">0.041073050081876</MDI>
    </Metadata>
  </PAMRasterBand>
  <PAMRasterBand band="3">
    <Description>Band_3</Description>
    <Histograms>
      <HistItem>
        <HistMin>0.161750003695488</HistMin>
        <HistMax>0.4402500092983246</HistMax>
        <BucketCount>256</BucketCount>
        <IncludeOutOfRange>1</IncludeOutOfRange>
        <Approximate>0</Approximate>
        <HistCounts>1|0|0|0|0|0|0|0|1|1|0|1|0|0|0|0|0|1|1|0|0|0|0|1|0|1|0|0|0|0|1|1|0|1|2|0|1|1|0|4|3|1|5|4|4|1|1|3|2|3|6|3|12|1|6|10|7|10|8|11|6|4|9|14|10|10|9|13|8|5|16|15|10|20|15|21|20|22|22|13|9|18|17|15|11|22|12|10|26|13|15|20|6|12|14|9|10|10|7|5|9|15|5|11|8|7|6|3|5|3|3|6|2|3|3|2|6|2|3|7|6|8|5|4|4|7|6|4|3|11|4|5|6|7|2|4|1|5|0|1|0|2|0|2|1|0|0|1|1|0|0|1|1|0|0|0|0|0|1|0|0|0|0|0|0|0|0|0|0|0|0|0|0|0|0|0|0|0|0|0|0|0|0|0|0|0|0|0|0|0|0|0|0|0|0|0|0|0|0|0|0|0|0|0|0|0|0|0|0|0|0|0|0|0|0|0|0|0|0|0|0|0|0|0|0|0|0|0|0|0|0|0|0|0|0|0|0|0|0|0|0|0|0|0|0|0|0|0|0|0|0|0|0|0|1|1</HistCounts>
      </HistItem>
    </Histograms>
    <Metadata>
      <MDI key="BandName">Band_3</MDI>
      <MDI key="RepresentationType">ATHEMATIC</MDI>
      <MDI key="STATISTICS_COVARIANCES">0.0001629250040141516,0.001137462700077151,0.000799256615022371</MDI>
      <MDI key="STATISTICS_EXCLUDEDVALUES"></MDI>
      <MDI key="STATISTICS_MAXIMUM">0.44025000929832</MDI>
      <MDI key="STATISTICS_MEAN">0.25548687299046</MDI>
      <MDI key="STATISTICS_MEDIAN">0.252399</MDI>
      <MDI key="STATISTICS_MINIMUM">0.16175000369549</MDI>
      <MDI key="STATISTICS_SKIPFACTORX">1</MDI>
      <MDI key="STATISTICS_SKIPFACTORY">1</MDI>
      <MDI key="STATISTICS_STDDEV">0.028271126879245</MDI>
    </Metadata>
  </PAMRasterBand>
</PAMDataset>
