<PAMDataset>
  <Metadata>
    <MDI key="DataType">Generic</MDI>
  </Metadata>
  <PAMRasterBand band="1">
    <Description>Band_1</Description>
    <Histograms>
      <HistItem>
        <HistMin>0.3292500078678131</HistMin>
        <HistMax>0.9266852140426636</HistMax>
        <BucketCount>256</BucketCount>
        <IncludeOutOfRange>1</IncludeOutOfRange>
        <Approximate>0</Approximate>
        <HistCounts>1|0|0|0|0|0|0|0|0|0|0|0|0|0|1|0|0|0|0|0|0|0|0|0|0|0|0|0|0|0|0|0|0|0|0|0|0|0|0|0|0|0|0|0|0|0|0|0|0|0|0|0|0|0|0|0|0|0|4|3|2|5|1|0|3|0|2|2|6|2|4|1|6|7|5|12|2|6|5|2|6|14|2|10|5|7|5|5|5|10|15|5|7|7|9|13|14|12|7|11|8|6|2|10|3|9|9|8|1|9|9|9|13|5|13|5|13|11|3|12|12|18|16|14|16|22|19|12|20|18|14|12|12|18|14|12|22|8|18|14|12|13|8|6|14|11|9|15|11|14|16|10|18|6|8|6|10|13|4|13|13|18|7|14|13|14|10|9|20|19|13|9|11|8|12|18|8|13|17|15|12|11|14|19|10|15|14|13|16|22|17|24|17|24|12|16|32|15|17|20|29|22|17|25|12|17|12|15|18|19|18|12|16|15|17|20|11|10|16|15|22|15|9|9|6|6|9|2|3|2|1|3|3|3|3|4|1|2|3|1|0|0|1|2|0|0|1|2|1|2|0|0|7|0|0|1</HistCounts>
      </HistItem>
    </Histograms>
    <Metadata>
      <MDI key="BandName">Band_1</MDI>
      <MDI key="RepresentationType">ATHEMATIC</MDI>
      <MDI key="STATISTICS_COVARIANCES">0.011008846141306,0.002532214824656388,0.002142867038594275</MDI>
      <MDI key="STATISTICS_EXCLUDEDVALUES"></MDI>
      <MDI key="STATISTICS_MAXIMUM">0.92668521404266</MDI>
      <MDI key="STATISTICS_MEAN">0.70375043954756</MDI>
      <MDI key="STATISTICS_MEDIAN">0.713483</MDI>
      <MDI key="STATISTICS_MINIMUM">0.32925000786781</MDI>
      <MDI key="STATISTICS_SKIPFACTORX">1</MDI>
      <MDI key="STATISTICS_SKIPFACTORY">1</MDI>
      <MDI key="STATISTICS_STDDEV">0.10492304866571</MDI>
    </Metadata>
  </PAMRasterBand>
  <PAMRasterBand band="2">
    <Description>Band_2</Description>
    <Histograms>
      <HistItem>
        <HistMin>0.1357499957084656</HistMin>
        <HistMax>0.4435000121593475</HistMax>
        <BucketCount>256</BucketCount>
        <IncludeOutOfRange>1</IncludeOutOfRange>
        <Approximate>0</Approximate>
        <HistCounts>1|0|0|0|3|0|0|0|1|0|1|2|0|0|0|3|0|0|2|2|2|0|0|0|0|0|0|0|1|0|2|0|0|1|0|0|1|0|0|2|1|1|0|2|0|1|1|0|1|1|3|2|0|0|1|0|1|0|1|2|2|1|2|2|5|0|0|5|4|1|0|6|1|6|5|3|5|0|7|6|11|7|8|7|11|7|7|13|10|7|11|7|9|11|9|10|9|14|6|22|23|14|18|14|11|11|6|11|23|18|16|16|22|20|17|16|8|15|13|25|15|9|17|20|5|13|28|12|18|11|14|20|17|5|11|24|20|11|14|8|14|12|2|16|11|17|10|17|20|8|9|24|15|13|12|11|21|7|11|17|10|27|9|15|14|26|15|24|17|16|16|11|18|13|20|16|20|31|16|12|22|14|10|19|25|12|20|11|22|10|17|8|22|15|13|11|10|9|11|20|11|7|6|12|6|10|13|9|8|4|9|6|9|7|1|4|5|9|2|0|4|3|2|1|1|2|4|3|1|0|0|0|1|2|5|2|0|2|1|0|1|0|0|0|0|2|0|0|0|0|0|0|0|0|0|1</HistCounts>
      </HistItem>
    </Histograms>
    <Metadata>
      <MDI key="BandName">Band_2</MDI>
      <MDI key="RepresentationType">ATHEMATIC</MDI>
      <MDI key="STATISTICS_COVARIANCES">0.002532214824656388,0.002633984988993702,0.001726822011518824</MDI>
      <MDI key="STATISTICS_EXCLUDEDVALUES"></MDI>
      <MDI key="STATISTICS_MAXIMUM">0.44350001215935</MDI>
      <MDI key="STATISTICS_MEAN">0.31087837840344</MDI>
      <MDI key="STATISTICS_MEDIAN">0.313159</MDI>
      <MDI key="STATISTICS_MINIMUM">0.13574999570847</MDI>
      <MDI key="STATISTICS_SKIPFACTORX">1</MDI>
      <MDI key="STATISTICS_SKIPFACTORY">1</MDI>
      <MDI key="STATISTICS_STDDEV">0.051322363439282</MDI>
    </Metadata>
  </PAMRasterBand>
  <PAMRasterBand band="3">
    <Description>Band_3</Description>
    <Histograms>
      <HistItem>
        <HistMin>0.1542499959468842</HistMin>
        <HistMax>0.3600000143051147</HistMax>
        <BucketCount>256</BucketCount>
        <IncludeOutOfRange>1</IncludeOutOfRange>
        <Approximate>0</Approximate>
        <HistCounts>2|0|3|1|0|0|0|0|1|4|3|1|0|0|0|0|0|2|0|0|0|1|1|1|0|1|0|0|0|0|1|0|1|1|0|0|0|2|0|2|0|0|0|1|3|0|2|2|2|4|0|1|4|2|2|3|1|5|2|4|2|9|4|6|6|8|6|8|7|4|11|11|7|7|17|6|23|13|7|15|12|11|11|20|12|18|16|20|10|11|5|18|15|11|8|21|16|12|16|11|12|13|13|11|22|25|24|25|23|15|13|17|20|18|20|16|14|23|17|9|10|11|11|11|10|9|13|18|11|11|10|5|4|13|10|10|17|8|22|6|12|8|14|12|19|13|16|14|14|13|4|14|17|20|32|16|10|16|31|15|18|17|28|15|8|20|17|24|15|12|11|30|17|12|15|22|11|7|11|10|17|15|18|5|20|17|12|12|9|20|12|6|7|4|8|6|3|8|3|3|10|10|6|1|3|4|8|0|1|1|3|2|1|2|3|2|1|0|0|4|0|2|4|1|2|0|0|0|1|0|2|0|0|0|0|0|0|1|0|0|0|0|0|0|0|0|0|0|0|0|0|0|0|0|0|1</HistCounts>
      </HistItem>
    </Histograms>
    <Metadata>
      <MDI key="BandName">Band_3</MDI>
      <MDI key="RepresentationType">ATHEMATIC</MDI>
      <MDI key="STATISTICS_COVARIANCES">0.002142867038594275,0.001726822011518824,0.001182564405571372</MDI>
      <MDI key="STATISTICS_EXCLUDEDVALUES"></MDI>
      <MDI key="STATISTICS_MAXIMUM">0.36000001430511</MDI>
      <MDI key="STATISTICS_MEAN">0.26022434951337</MDI>
      <MDI key="STATISTICS_MEDIAN">0.260756</MDI>
      <MDI key="STATISTICS_MINIMUM">0.15424999594688</MDI>
      <MDI key="STATISTICS_SKIPFACTORX">1</MDI>
      <MDI key="STATISTICS_SKIPFACTORY">1</MDI>
      <MDI key="STATISTICS_STDDEV">0.034388434183187</MDI>
    </Metadata>
  </PAMRasterBand>
</PAMDataset>
