<PAMDataset>
  <Metadata>
    <MDI key="DataType">Generic</MDI>
  </Metadata>
  <PAMRasterBand band="1">
    <Description>Band_1</Description>
    <Histograms>
      <HistItem>
        <HistMin>0.2829999923706055</HistMin>
        <HistMax>0.9386296272277832</HistMax>
        <BucketCount>256</BucketCount>
        <IncludeOutOfRange>1</IncludeOutOfRange>
        <Approximate>0</Approximate>
        <HistCounts>1|0|0|0|1|1|0|0|0|0|0|0|3|0|0|0|0|0|0|0|0|2|0|0|1|0|2|0|0|1|0|3|0|0|0|0|1|0|1|0|2|0|1|1|0|2|1|0|1|0|0|2|3|1|0|0|0|0|0|0|0|1|0|0|2|0|2|1|0|0|2|0|0|5|2|1|0|2|1|3|2|2|0|0|0|1|3|6|2|1|2|2|0|0|0|0|1|4|0|3|6|0|1|3|2|3|0|1|2|6|5|4|2|1|2|1|3|3|6|2|4|1|3|2|3|0|3|3|8|3|7|5|7|2|12|16|5|6|14|3|9|9|8|5|15|10|15|23|15|21|12|14|9|16|27|18|19|17|27|24|27|32|25|22|20|30|19|35|39|28|32|36|47|30|32|25|38|38|33|58|32|40|33|32|31|33|49|39|27|45|30|64|38|34|39|42|49|41|43|43|36|37|46|53|29|41|43|34|31|25|29|23|26|34|26|35|38|41|22|18|18|31|31|20|16|25|26|28|26|27|27|20|37|17|32|25|15|14|20|19|13|6|13|10|14|7|14|42|71|32|21|11|4|0|0|1</HistCounts>
      </HistItem>
    </Histograms>
    <Metadata>
      <MDI key="BandName">Band_1</MDI>
      <MDI key="RepresentationType">ATHEMATIC</MDI>
      <MDI key="STATISTICS_COVARIANCES">0.009165165335690733,0.003604075678832151,0.002845721970796538</MDI>
      <MDI key="STATISTICS_EXCLUDEDVALUES"></MDI>
      <MDI key="STATISTICS_MAXIMUM">0.93862962722778</MDI>
      <MDI key="STATISTICS_MEAN">0.77288910427861</MDI>
      <MDI key="STATISTICS_MEDIAN">0.776651</MDI>
      <MDI key="STATISTICS_MINIMUM">0.28299999237061</MDI>
      <MDI key="STATISTICS_SKIPFACTORX">1</MDI>
      <MDI key="STATISTICS_SKIPFACTORY">1</MDI>
      <MDI key="STATISTICS_STDDEV">0.095734870009264</MDI>
    </Metadata>
  </PAMRasterBand>
  <PAMRasterBand band="2">
    <Description>Band_2</Description>
    <Histograms>
      <HistItem>
        <HistMin>0.08425000309944153</HistMin>
        <HistMax>0.6159999966621399</HistMax>
        <BucketCount>256</BucketCount>
        <IncludeOutOfRange>1</IncludeOutOfRange>
        <Approximate>0</Approximate>
        <HistCounts>1|1|0|2|1|0|0|0|1|1|1|0|1|1|1|4|1|1|1|0|0|2|2|0|1|0|2|1|0|0|1|1|1|0|1|0|0|1|1|0|2|1|0|0|0|2|2|0|0|1|1|1|6|0|5|1|2|2|4|3|1|1|4|1|3|4|2|0|2|4|4|3|0|4|3|5|2|7|3|6|6|6|6|3|10|9|5|6|3|5|6|7|6|8|6|5|3|8|9|3|8|12|14|10|9|20|14|22|24|16|21|24|21|37|37|36|21|40|33|26|25|38|35|43|35|36|38|33|67|26|48|42|47|54|67|43|50|62|55|62|42|50|63|59|43|50|61|55|51|54|46|49|54|42|37|65|46|37|38|45|39|38|23|24|15|28|31|32|18|12|41|31|19|23|14|28|21|17|21|15|10|14|6|13|14|13|3|22|8|9|10|5|4|7|6|6|10|6|6|3|11|7|7|2|3|5|6|7|1|6|2|3|6|3|4|1|9|7|0|0|4|3|3|5|6|2|0|0|0|1|3|3|4|0|0|0|0|0|0|0|2|4|0|1|1|0|2|0|0|0|0|0|2|0|0|2</HistCounts>
      </HistItem>
    </Histograms>
    <Metadata>
      <MDI key="BandName">Band_2</MDI>
      <MDI key="RepresentationType">ATHEMATIC</MDI>
      <MDI key="STATISTICS_COVARIANCES">0.003604075678832151,0.004576028135601921,0.003061437936968423</MDI>
      <MDI key="STATISTICS_EXCLUDEDVALUES"></MDI>
      <MDI key="STATISTICS_MAXIMUM">0.61599999666214</MDI>
      <MDI key="STATISTICS_MEAN">0.37957880348407</MDI>
      <MDI key="STATISTICS_MEDIAN">0.380362</MDI>
      <MDI key="STATISTICS_MINIMUM">0.084250003099442</MDI>
      <MDI key="STATISTICS_SKIPFACTORX">1</MDI>
      <MDI key="STATISTICS_SKIPFACTORY">1</MDI>
      <MDI key="STATISTICS_STDDEV">0.067646346062459</MDI>
    </Metadata>
  </PAMRasterBand>
  <PAMRasterBand band="3">
    <Description>Band_3</Description>
    <Histograms>
      <HistItem>
        <HistMin>0.1280000060796738</HistMin>
        <HistMax>0.4850000143051147</HistMax>
        <BucketCount>256</BucketCount>
        <IncludeOutOfRange>1</IncludeOutOfRange>
        <Approximate>0</Approximate>
        <HistCounts>1|0|0|1|1|1|2|3|1|1|0|1|0|0|1|1|0|1|3|0|3|0|0|0|2|1|0|0|2|1|0|0|1|0|0|0|3|2|2|4|2|0|0|0|5|1|0|2|1|1|6|1|1|4|1|0|1|4|5|0|3|4|3|4|7|2|7|6|3|2|6|6|4|7|5|4|7|5|4|7|10|13|6|5|8|12|9|5|15|10|3|13|10|11|18|15|26|24|35|34|37|37|29|24|30|37|32|31|33|35|49|42|31|43|37|48|24|45|45|32|46|46|50|41|49|63|39|32|51|50|57|80|58|57|37|65|50|47|51|37|54|45|35|46|39|40|39|36|32|31|41|38|20|38|23|17|18|17|11|21|20|19|9|25|19|29|12|23|25|12|23|21|15|23|8|18|9|11|9|14|10|7|10|14|11|3|4|8|7|8|7|3|8|5|1|5|13|4|6|5|6|4|3|0|2|6|2|1|3|3|1|4|6|4|0|3|2|2|2|0|1|1|0|2|0|0|0|0|2|4|1|3|1|0|1|0|0|2|0|0|1|5|0|0|0|0|0|0|2|0|0|0|0|0|0|2</HistCounts>
      </HistItem>
    </Histograms>
    <Metadata>
      <MDI key="BandName">Band_3</MDI>
      <MDI key="RepresentationType">ATHEMATIC</MDI>
      <MDI key="STATISTICS_COVARIANCES">0.002845721970796538,0.003061437936968423,0.002115517089357465</MDI>
      <MDI key="STATISTICS_EXCLUDEDVALUES"></MDI>
      <MDI key="STATISTICS_MAXIMUM">0.48500001430511</MDI>
      <MDI key="STATISTICS_MEAN">0.31136794626889</MDI>
      <MDI key="STATISTICS_MEDIAN">0.310000</MDI>
      <MDI key="STATISTICS_MINIMUM">0.12800000607967</MDI>
      <MDI key="STATISTICS_SKIPFACTORX">1</MDI>
      <MDI key="STATISTICS_SKIPFACTORY">1</MDI>
      <MDI key="STATISTICS_STDDEV">0.045994750671761</MDI>
    </Metadata>
  </PAMRasterBand>
</PAMDataset>
