<PAMDataset>
  <Metadata>
    <MDI key="DataType">Generic</MDI>
  </Metadata>
  <PAMRasterBand band="1">
    <Description>Band_1</Description>
    <Histograms>
      <HistItem>
        <HistMin>0.6359999775886536</HistMin>
        <HistMax>0.9345370531082153</HistMax>
        <BucketCount>256</BucketCount>
        <IncludeOutOfRange>1</IncludeOutOfRange>
        <Approximate>0</Approximate>
        <HistCounts>2|0|0|0|1|0|0|0|0|0|0|0|0|0|0|0|0|0|0|0|0|0|0|0|0|0|0|0|1|0|0|0|0|0|0|0|0|0|0|0|0|0|0|2|1|0|0|2|1|0|0|0|1|0|0|0|1|0|0|1|3|0|0|1|0|0|0|0|1|0|2|0|2|2|2|0|4|3|2|4|0|3|1|2|3|4|7|3|2|6|8|4|6|4|0|2|6|3|10|2|7|2|5|1|8|9|6|0|8|5|3|5|4|6|10|4|9|7|9|11|2|10|6|13|10|18|11|12|5|9|10|17|15|22|17|11|7|14|14|18|15|7|16|11|10|15|8|6|14|3|6|4|13|12|10|8|5|5|13|4|2|4|5|2|8|7|6|5|6|6|10|9|5|5|3|3|4|11|5|3|0|6|1|2|2|2|0|0|5|6|1|0|2|3|3|2|3|3|1|2|0|1|1|0|3|1|0|0|0|3|3|2|3|2|1|0|4|0|0|0|2|0|5|1|1|3|1|5|3|1|1|0|1|1|5|0|1|1|0|2|1|0|9|14|6|4|5|4|0|2|1|3|0|0|0|1</HistCounts>
      </HistItem>
    </Histograms>
    <Metadata>
      <MDI key="BandName">Band_1</MDI>
      <MDI key="RepresentationType">ATHEMATIC</MDI>
      <MDI key="STATISTICS_COVARIANCES">0.002570940964277983,-0.0004260658044205373,-0.0001806138973993096</MDI>
      <MDI key="STATISTICS_EXCLUDEDVALUES"></MDI>
      <MDI key="STATISTICS_MAXIMUM">0.93453705310822</MDI>
      <MDI key="STATISTICS_MEAN">0.80601426509253</MDI>
      <MDI key="STATISTICS_MEDIAN">0.798732</MDI>
      <MDI key="STATISTICS_MINIMUM">0.63599997758865</MDI>
      <MDI key="STATISTICS_SKIPFACTORX">1</MDI>
      <MDI key="STATISTICS_SKIPFACTORY">1</MDI>
      <MDI key="STATISTICS_STDDEV">0.050704447184423</MDI>
    </Metadata>
  </PAMRasterBand>
  <PAMRasterBand band="2">
    <Description>Band_2</Description>
    <Histograms>
      <HistItem>
        <HistMin>0.0885000005364418</HistMin>
        <HistMax>0.3172500133514404</HistMax>
        <BucketCount>256</BucketCount>
        <IncludeOutOfRange>1</IncludeOutOfRange>
        <Approximate>0</Approximate>
        <HistCounts>1|1|0|0|0|0|0|0|0|0|1|0|1|0|0|0|0|0|0|0|0|0|0|0|2|0|0|0|0|0|0|0|3|0|2|1|0|1|0|0|0|0|0|3|0|0|1|1|0|0|0|2|0|0|0|2|1|0|2|0|2|0|0|1|0|0|2|0|2|0|1|2|2|3|0|3|1|1|1|1|4|3|6|2|6|7|7|0|4|5|13|4|4|7|10|7|11|6|13|9|11|11|9|17|7|13|6|10|19|18|11|17|10|7|5|8|2|13|6|7|7|7|6|7|9|13|11|10|1|11|7|6|11|7|9|6|3|7|3|5|4|8|9|3|4|9|7|6|5|6|3|10|1|3|3|0|4|0|1|1|2|0|0|3|1|2|3|2|3|3|1|4|1|1|2|2|0|2|1|2|5|4|3|3|2|4|2|13|3|2|5|8|16|8|3|3|5|6|5|8|10|6|7|2|9|13|5|8|6|3|10|7|2|2|9|5|1|5|3|4|2|0|1|3|4|2|1|0|4|1|2|2|2|2|2|0|0|2|0|1|2|2|3|0|0|0|0|0|3|0|1|0|0|1|2|1</HistCounts>
      </HistItem>
    </Histograms>
    <Metadata>
      <MDI key="BandName">Band_2</MDI>
      <MDI key="RepresentationType">ATHEMATIC</MDI>
      <MDI key="STATISTICS_COVARIANCES">-0.0004260658044205373,0.001919243058054038,0.001138157320706986</MDI>
      <MDI key="STATISTICS_EXCLUDEDVALUES"></MDI>
      <MDI key="STATISTICS_MAXIMUM">0.31725001335144</MDI>
      <MDI key="STATISTICS_MEAN">0.21542182413459</MDI>
      <MDI key="STATISTICS_MEDIAN">0.204221</MDI>
      <MDI key="STATISTICS_MINIMUM">0.088500000536442</MDI>
      <MDI key="STATISTICS_SKIPFACTORX">1</MDI>
      <MDI key="STATISTICS_SKIPFACTORY">1</MDI>
      <MDI key="STATISTICS_STDDEV">0.043809166370225</MDI>
    </Metadata>
  </PAMRasterBand>
  <PAMRasterBand band="3">
    <Description>Band_3</Description>
    <Histograms>
      <HistItem>
        <HistMin>0.1367499977350235</HistMin>
        <HistMax>0.2817499935626984</HistMax>
        <BucketCount>256</BucketCount>
        <IncludeOutOfRange>1</IncludeOutOfRange>
        <Approximate>0</Approximate>
        <HistCounts>2|0|0|0|0|0|0|0|0|1|1|0|0|0|0|0|0|0|0|0|0|0|0|0|0|0|0|2|0|0|1|0|1|1|0|0|0|0|0|0|0|0|0|0|2|0|0|0|0|0|1|0|0|0|1|0|0|0|0|1|0|0|0|1|1|3|0|1|0|5|0|3|0|3|2|1|5|2|1|3|4|1|4|3|5|0|11|7|0|5|2|3|6|8|15|11|13|8|15|8|10|4|17|5|11|19|14|13|10|23|14|10|19|9|11|3|14|3|4|6|15|6|8|12|6|7|9|8|5|9|9|9|8|15|6|4|3|7|13|6|10|2|5|3|10|6|3|0|3|2|0|4|2|7|1|3|2|0|3|4|0|4|1|3|1|1|2|2|1|0|0|2|0|2|3|1|5|0|6|1|3|2|8|4|7|8|11|8|5|7|5|6|4|14|4|8|10|6|10|8|3|6|3|3|15|4|7|5|2|2|9|3|3|6|3|0|2|1|2|1|1|4|2|3|6|1|0|1|1|0|1|0|1|5|0|2|2|3|1|0|2|0|0|0|0|0|0|1|0|0|0|0|2|0|0|1</HistCounts>
      </HistItem>
    </Histograms>
    <Metadata>
      <MDI key="BandName">Band_3</MDI>
      <MDI key="RepresentationType">ATHEMATIC</MDI>
      <MDI key="STATISTICS_COVARIANCES">-0.0001806138973993096,0.001138157320706986,0.0006875945389539697</MDI>
      <MDI key="STATISTICS_EXCLUDEDVALUES"></MDI>
      <MDI key="STATISTICS_MAXIMUM">0.2817499935627</MDI>
      <MDI key="STATISTICS_MEAN">0.21608550537552</MDI>
      <MDI key="STATISTICS_MEDIAN">0.208966</MDI>
      <MDI key="STATISTICS_MINIMUM">0.13674999773502</MDI>
      <MDI key="STATISTICS_SKIPFACTORX">1</MDI>
      <MDI key="STATISTICS_SKIPFACTORY">1</MDI>
      <MDI key="STATISTICS_STDDEV">0.026222023929399</MDI>
    </Metadata>
  </PAMRasterBand>
</PAMDataset>
