<PAMDataset>
  <Metadata>
    <MDI key="DataType">Generic</MDI>
  </Metadata>
  <PAMRasterBand band="1">
    <Description>Band_1</Description>
    <Histograms>
      <HistItem>
        <HistMin>0.6022499799728394</HistMin>
        <HistMax>0.9346481561660767</HistMax>
        <BucketCount>256</BucketCount>
        <IncludeOutOfRange>1</IncludeOutOfRange>
        <Approximate>0</Approximate>
        <HistCounts>1|0|0|0|0|0|0|0|2|0|0|0|0|0|0|0|0|0|0|0|0|0|0|0|0|0|0|0|0|0|0|0|0|0|0|0|0|0|0|0|0|0|0|0|0|0|0|0|0|1|0|0|0|0|0|0|0|0|3|0|0|0|0|0|0|1|0|0|1|1|3|0|0|0|0|0|0|0|1|1|2|0|3|1|0|3|1|0|2|0|2|1|1|0|0|0|2|2|6|0|4|4|3|3|2|0|5|3|9|6|3|5|11|5|3|7|16|10|2|7|11|5|15|5|9|5|3|9|7|7|11|7|14|7|5|7|4|12|14|5|13|3|12|12|13|6|15|6|13|9|11|8|7|15|11|2|11|10|17|10|10|12|16|7|6|7|10|10|6|3|5|6|8|6|5|3|4|3|6|4|4|9|5|5|4|1|6|5|6|5|3|6|2|2|4|2|10|4|2|3|4|1|1|3|0|2|6|0|3|2|4|0|4|1|1|0|3|0|1|0|1|0|0|1|2|1|2|3|3|0|0|4|1|0|2|0|0|0|2|1|0|1|0|4|1|3|1|0|1|0|0|1|0|0|0|1</HistCounts>
      </HistItem>
    </Histograms>
    <Metadata>
      <MDI key="BandName">Band_1</MDI>
      <MDI key="RepresentationType">ATHEMATIC</MDI>
      <MDI key="STATISTICS_COVARIANCES">0.00220680013286946,2.625562925277261e-05,0.0001595104709779831</MDI>
      <MDI key="STATISTICS_EXCLUDEDVALUES"></MDI>
      <MDI key="STATISTICS_MAXIMUM">0.93464815616608</MDI>
      <MDI key="STATISTICS_MEAN">0.7990840183103</MDI>
      <MDI key="STATISTICS_MEDIAN">0.796475</MDI>
      <MDI key="STATISTICS_MINIMUM">0.60224997997284</MDI>
      <MDI key="STATISTICS_SKIPFACTORX">1</MDI>
      <MDI key="STATISTICS_SKIPFACTORY">1</MDI>
      <MDI key="STATISTICS_STDDEV">0.046976591328761</MDI>
    </Metadata>
  </PAMRasterBand>
  <PAMRasterBand band="2">
    <Description>Band_2</Description>
    <Histograms>
      <HistItem>
        <HistMin>0.1284999996423721</HistMin>
        <HistMax>0.5214999914169312</HistMax>
        <BucketCount>256</BucketCount>
        <IncludeOutOfRange>1</IncludeOutOfRange>
        <Approximate>0</Approximate>
        <HistCounts>1|1|0|0|0|1|0|1|0|0|0|0|0|0|0|2|0|0|0|0|0|0|0|0|0|1|1|1|0|4|1|5|1|2|7|1|2|4|0|1|1|2|1|0|1|1|0|0|1|1|0|0|1|0|4|0|0|0|0|1|0|2|2|1|0|1|2|0|0|0|0|0|1|0|1|1|0|0|0|2|3|1|0|0|0|0|1|1|0|0|0|0|2|0|0|0|3|1|1|5|2|6|2|4|6|4|4|2|8|0|6|1|4|0|5|1|7|4|7|5|4|14|11|5|18|17|26|23|12|15|20|23|21|30|30|21|25|23|26|20|22|25|30|24|20|19|10|15|8|5|13|12|6|6|2|5|4|4|2|4|4|8|4|1|1|1|1|2|0|1|1|1|0|0|0|2|0|0|0|0|0|0|0|0|1|0|0|0|0|0|0|1|0|0|0|0|0|0|1|0|0|0|0|0|0|0|0|0|0|0|0|0|0|0|0|0|0|0|0|0|0|0|0|0|0|0|0|0|0|0|0|0|0|0|0|0|0|0|0|0|0|0|0|0|0|0|0|0|0|0|0|0|0|0|0|2</HistCounts>
      </HistItem>
    </Histograms>
    <Metadata>
      <MDI key="BandName">Band_2</MDI>
      <MDI key="RepresentationType">ATHEMATIC</MDI>
      <MDI key="STATISTICS_COVARIANCES">2.625562925277261e-05,0.002149874006087442,0.001326199814003787</MDI>
      <MDI key="STATISTICS_EXCLUDEDVALUES"></MDI>
      <MDI key="STATISTICS_MAXIMUM">0.52149999141693</MDI>
      <MDI key="STATISTICS_MEAN">0.32488669956039</MDI>
      <MDI key="STATISTICS_MEDIAN">0.335018</MDI>
      <MDI key="STATISTICS_MINIMUM">0.12849999964237</MDI>
      <MDI key="STATISTICS_SKIPFACTORX">1</MDI>
      <MDI key="STATISTICS_SKIPFACTORY">1</MDI>
      <MDI key="STATISTICS_STDDEV">0.046366733830274</MDI>
    </Metadata>
  </PAMRasterBand>
  <PAMRasterBand band="3">
    <Description>Band_3</Description>
    <Histograms>
      <HistItem>
        <HistMin>0.1772499978542328</HistMin>
        <HistMax>0.5105000138282776</HistMax>
        <BucketCount>256</BucketCount>
        <IncludeOutOfRange>1</IncludeOutOfRange>
        <Approximate>0</Approximate>
        <HistCounts>1|0|0|1|1|1|1|1|4|2|3|6|6|0|0|4|2|2|1|2|0|1|3|0|1|0|2|0|0|1|4|1|0|0|2|2|0|2|0|0|0|0|0|2|0|2|0|0|1|0|0|2|2|1|3|5|3|2|0|3|1|3|1|2|2|7|9|6|9|3|6|6|13|6|9|5|14|17|10|31|13|27|39|45|30|35|34|37|20|35|39|27|36|23|16|16|14|11|8|13|6|5|6|3|2|6|4|4|1|1|1|0|0|2|0|0|0|0|1|2|0|0|0|2|0|0|0|0|0|0|0|0|0|0|0|0|1|0|0|0|0|1|0|0|0|0|0|0|0|0|0|0|0|0|0|0|1|0|0|0|0|0|0|0|0|0|0|0|0|0|0|0|0|0|0|0|0|0|0|0|0|0|0|0|0|0|0|0|0|0|0|0|0|0|0|0|0|0|0|0|0|0|0|0|0|0|0|0|0|0|0|0|0|0|0|0|0|0|0|0|0|0|0|0|0|0|0|0|0|0|0|0|0|0|0|0|0|0|0|0|0|0|0|0|0|0|0|0|0|0|0|0|0|0|0|2</HistCounts>
      </HistItem>
    </Histograms>
    <Metadata>
      <MDI key="BandName">Band_3</MDI>
      <MDI key="RepresentationType">ATHEMATIC</MDI>
      <MDI key="STATISTICS_COVARIANCES">0.0001595104709779831,0.001326199814003787,0.000870785246516751</MDI>
      <MDI key="STATISTICS_EXCLUDEDVALUES"></MDI>
      <MDI key="STATISTICS_MAXIMUM">0.51050001382828</MDI>
      <MDI key="STATISTICS_MEAN">0.28325800507747</MDI>
      <MDI key="STATISTICS_MEDIAN">0.288333</MDI>
      <MDI key="STATISTICS_MINIMUM">0.17724999785423</MDI>
      <MDI key="STATISTICS_SKIPFACTORX">1</MDI>
      <MDI key="STATISTICS_SKIPFACTORY">1</MDI>
      <MDI key="STATISTICS_STDDEV">0.029509070580361</MDI>
    </Metadata>
  </PAMRasterBand>
</PAMDataset>
