<PAMDataset>
  <Metadata>
    <MDI key="DataType">Generic</MDI>
  </Metadata>
  <PAMRasterBand band="1">
    <Description>Band_1</Description>
    <Histograms>
      <HistItem>
        <HistMin>0.5767499804496765</HistMin>
        <HistMax>0.9428333044052124</HistMax>
        <BucketCount>256</BucketCount>
        <IncludeOutOfRange>1</IncludeOutOfRange>
        <Approximate>0</Approximate>
        <HistCounts>1|0|0|0|0|0|0|0|0|0|0|0|0|0|0|0|0|0|0|0|0|0|0|0|0|1|0|0|0|0|0|0|0|0|0|0|0|0|0|3|0|0|0|0|2|1|0|0|0|2|1|1|4|1|3|1|4|3|0|3|1|1|0|1|0|1|3|0|3|5|3|3|1|1|3|5|2|0|4|0|5|0|1|4|3|2|8|3|6|6|3|3|4|1|1|2|3|3|13|11|2|9|4|5|8|3|0|6|8|10|7|7|4|2|3|1|4|4|9|2|4|5|5|3|6|4|7|14|3|6|7|12|2|7|10|16|2|8|13|9|9|10|4|11|14|11|4|11|11|13|13|6|10|17|14|12|17|12|13|11|17|15|15|7|12|15|7|26|16|24|12|16|24|18|12|18|20|24|20|16|24|28|12|25|19|24|13|17|29|18|16|25|24|28|13|32|36|23|22|22|43|28|27|30|35|28|34|35|45|26|39|27|36|23|40|36|34|43|38|36|39|32|32|34|43|21|26|35|38|25|29|31|37|28|23|31|28|44|39|338|272|219|118|58|20|14|7|6|1|4|0|1|0|1|0|1</HistCounts>
      </HistItem>
    </Histograms>
    <Metadata>
      <MDI key="BandName">Band_1</MDI>
      <MDI key="RepresentationType">ATHEMATIC</MDI>
      <MDI key="STATISTICS_COVARIANCES">0.00389392324617626,0.0009200954867954631,0.0007569087473684331</MDI>
      <MDI key="STATISTICS_EXCLUDEDVALUES"></MDI>
      <MDI key="STATISTICS_MAXIMUM">0.94283330440521</MDI>
      <MDI key="STATISTICS_MEAN">0.86637999260197</MDI>
      <MDI key="STATISTICS_MEDIAN">0.883973</MDI>
      <MDI key="STATISTICS_MINIMUM">0.57674998044968</MDI>
      <MDI key="STATISTICS_SKIPFACTORX">1</MDI>
      <MDI key="STATISTICS_SKIPFACTORY">1</MDI>
      <MDI key="STATISTICS_STDDEV">0.0624013080486</MDI>
    </Metadata>
  </PAMRasterBand>
  <PAMRasterBand band="2">
    <Description>Band_2</Description>
    <Histograms>
      <HistItem>
        <HistMin>0.05775000154972076</HistMin>
        <HistMax>0.4749999940395355</HistMax>
        <BucketCount>256</BucketCount>
        <IncludeOutOfRange>1</IncludeOutOfRange>
        <Approximate>0</Approximate>
        <HistCounts>1|0|0|1|1|0|1|1|0|2|1|0|1|0|0|2|0|0|0|0|1|0|0|0|0|0|0|0|0|0|0|0|0|1|0|0|1|0|0|0|0|0|0|0|2|1|0|0|0|1|0|1|2|0|0|0|1|4|0|0|2|0|5|3|1|6|7|5|2|10|6|15|6|13|14|16|12|22|27|19|19|26|29|29|39|42|59|48|61|61|66|46|53|51|40|71|45|47|47|46|55|39|51|42|63|53|58|50|86|79|61|72|58|57|47|61|40|59|63|45|34|59|58|65|38|46|36|45|34|33|47|24|36|27|34|37|30|20|32|34|29|28|20|32|31|27|37|16|15|15|23|23|26|17|19|12|17|15|11|17|14|13|14|16|12|14|11|10|8|5|10|15|5|5|8|6|10|15|3|4|6|0|3|1|1|2|1|8|8|1|1|4|3|3|6|0|0|3|4|3|1|4|2|0|0|0|0|1|2|0|1|0|0|2|0|0|0|0|0|0|0|0|3|0|0|0|0|0|0|2|0|0|0|0|0|0|0|0|1|0|0|0|0|0|0|0|0|0|0|0|0|0|0|0|0|1</HistCounts>
      </HistItem>
    </Histograms>
    <Metadata>
      <MDI key="BandName">Band_2</MDI>
      <MDI key="RepresentationType">ATHEMATIC</MDI>
      <MDI key="STATISTICS_COVARIANCES">0.0009200954867954631,0.002083238941344891,0.0014608035043996</MDI>
      <MDI key="STATISTICS_EXCLUDEDVALUES"></MDI>
      <MDI key="STATISTICS_MAXIMUM">0.47499999403954</MDI>
      <MDI key="STATISTICS_MEAN">0.24773469125937</MDI>
      <MDI key="STATISTICS_MEDIAN">0.241013</MDI>
      <MDI key="STATISTICS_MINIMUM">0.057750001549721</MDI>
      <MDI key="STATISTICS_SKIPFACTORX">1</MDI>
      <MDI key="STATISTICS_SKIPFACTORY">1</MDI>
      <MDI key="STATISTICS_STDDEV">0.045642512434625</MDI>
    </Metadata>
  </PAMRasterBand>
  <PAMRasterBand band="3">
    <Description>Band_3</Description>
    <Histograms>
      <HistItem>
        <HistMin>0.1112499982118607</HistMin>
        <HistMax>0.4000000059604645</HistMax>
        <BucketCount>256</BucketCount>
        <IncludeOutOfRange>1</IncludeOutOfRange>
        <Approximate>0</Approximate>
        <HistCounts>1|0|0|0|1|0|1|1|1|1|0|0|0|2|0|0|1|1|0|1|0|0|1|0|0|0|0|0|0|0|0|0|1|1|0|0|0|0|1|2|0|1|0|0|0|0|3|1|2|3|5|2|1|5|8|11|10|12|23|10|16|16|19|23|38|18|30|24|26|68|44|58|46|53|51|56|48|58|30|64|39|60|39|67|41|65|51|45|43|58|81|56|64|52|83|60|74|40|46|69|62|51|79|63|54|36|44|49|32|42|41|36|36|41|41|28|27|29|50|39|26|23|28|31|27|23|19|23|28|23|40|20|21|19|13|18|17|23|21|13|19|14|14|15|14|24|16|11|11|9|14|9|11|11|17|8|8|4|7|2|8|10|6|8|10|4|6|8|4|7|2|5|1|3|1|1|8|1|3|3|2|2|6|5|2|2|2|2|3|2|4|0|2|0|0|2|0|0|2|0|1|0|0|2|0|0|0|0|0|0|1|0|0|0|2|0|0|0|0|0|0|1|2|0|0|0|0|0|0|1|0|0|0|0|0|1|0|0|0|0|0|0|0|0|0|0|0|0|0|0|0|0|0|0|0|1</HistCounts>
      </HistItem>
    </Histograms>
    <Metadata>
      <MDI key="BandName">Band_3</MDI>
      <MDI key="RepresentationType">ATHEMATIC</MDI>
      <MDI key="STATISTICS_COVARIANCES">0.0007569087473684331,0.0014608035043996,0.001046588388438225</MDI>
      <MDI key="STATISTICS_EXCLUDEDVALUES"></MDI>
      <MDI key="STATISTICS_MAXIMUM">0.40000000596046</MDI>
      <MDI key="STATISTICS_MEAN">0.22610769426813</MDI>
      <MDI key="STATISTICS_MEDIAN">0.219956</MDI>
      <MDI key="STATISTICS_MINIMUM">0.11124999821186</MDI>
      <MDI key="STATISTICS_SKIPFACTORX">1</MDI>
      <MDI key="STATISTICS_SKIPFACTORY">1</MDI>
      <MDI key="STATISTICS_STDDEV">0.032351018352414</MDI>
    </Metadata>
  </PAMRasterBand>
</PAMDataset>
