<PAMDataset>
  <Metadata>
    <MDI key="DataType">Generic</MDI>
  </Metadata>
  <PAMRasterBand band="1">
    <Description>Band_1</Description>
    <Histograms>
      <HistItem>
        <HistMin>0.5279999971389771</HistMin>
        <HistMax>0.9391852021217346</HistMax>
        <BucketCount>256</BucketCount>
        <IncludeOutOfRange>1</IncludeOutOfRange>
        <Approximate>0</Approximate>
        <HistCounts>1|0|0|1|0|0|0|1|0|0|0|0|0|0|0|0|0|0|0|0|1|0|0|0|1|1|0|0|0|0|4|0|0|1|1|2|1|0|0|2|2|1|1|2|2|2|0|0|1|7|1|1|1|0|5|2|0|2|8|2|3|0|3|2|0|0|3|3|0|2|2|3|2|5|6|4|0|3|3|3|1|5|2|4|4|5|3|5|6|2|4|5|5|2|9|1|1|7|4|6|8|5|4|2|1|1|3|1|6|6|7|2|2|4|2|2|2|4|2|5|3|3|2|2|5|1|9|2|3|0|5|3|5|1|7|4|3|1|2|6|5|1|7|2|4|9|6|8|4|10|3|6|5|13|2|4|3|2|4|5|5|2|12|1|2|8|13|6|5|5|6|6|8|12|15|10|11|5|6|6|10|9|8|10|6|12|6|6|10|8|14|12|10|15|20|8|20|3|5|18|9|10|13|6|10|13|6|9|4|13|12|13|3|12|4|5|7|4|4|5|2|3|4|4|4|2|5|3|3|1|5|5|1|1|1|4|2|5|0|1|2|4|2|14|2|4|6|9|3|3|3|5|4|8|5|2</HistCounts>
      </HistItem>
    </Histograms>
    <Metadata>
      <MDI key="BandName">Band_1</MDI>
      <MDI key="RepresentationType">ATHEMATIC</MDI>
      <MDI key="STATISTICS_COVARIANCES">0.007895249695858239,0.0003601828905956965,0.0008160041444949064</MDI>
      <MDI key="STATISTICS_EXCLUDEDVALUES"></MDI>
      <MDI key="STATISTICS_MAXIMUM">0.93918520212173</MDI>
      <MDI key="STATISTICS_MEAN">0.79137258092636</MDI>
      <MDI key="STATISTICS_MEDIAN">0.810186</MDI>
      <MDI key="STATISTICS_MINIMUM">0.52799999713898</MDI>
      <MDI key="STATISTICS_SKIPFACTORX">1</MDI>
      <MDI key="STATISTICS_SKIPFACTORY">1</MDI>
      <MDI key="STATISTICS_STDDEV">0.088855217606274</MDI>
    </Metadata>
  </PAMRasterBand>
  <PAMRasterBand band="2">
    <Description>Band_2</Description>
    <Histograms>
      <HistItem>
        <HistMin>0.04050000011920929</HistMin>
        <HistMax>0.4805000126361847</HistMax>
        <BucketCount>256</BucketCount>
        <IncludeOutOfRange>1</IncludeOutOfRange>
        <Approximate>0</Approximate>
        <HistCounts>4|0|4|1|1|2|2|0|1|0|0|0|0|1|0|3|0|0|1|0|0|1|2|0|3|2|0|1|2|2|2|2|2|1|0|0|0|0|0|0|0|0|0|0|1|0|0|0|0|0|0|2|1|0|1|0|0|0|0|1|0|0|1|0|1|1|2|0|3|2|2|1|3|1|0|0|1|2|0|0|0|0|1|2|1|0|0|0|0|0|0|0|0|0|1|0|3|2|2|0|1|3|2|1|2|2|5|0|3|5|3|4|6|4|5|6|4|2|5|3|3|7|5|4|3|3|5|12|7|6|6|9|8|4|4|8|8|6|9|8|4|7|4|6|7|4|9|6|2|6|4|10|2|1|5|6|12|4|9|15|10|5|6|9|8|5|20|8|9|15|15|23|8|12|6|16|10|14|18|21|9|18|18|24|15|19|26|20|22|17|8|23|14|14|17|4|16|12|11|10|11|7|5|11|13|6|4|6|5|8|3|6|4|0|5|3|3|5|0|2|3|0|1|1|0|1|2|1|1|0|0|0|0|1|0|1|0|0|0|3|0|0|0|0|0|0|0|0|0|0|0|0|0|1|0|2</HistCounts>
      </HistItem>
    </Histograms>
    <Metadata>
      <MDI key="BandName">Band_2</MDI>
      <MDI key="RepresentationType">ATHEMATIC</MDI>
      <MDI key="STATISTICS_COVARIANCES">0.0003601828905956965,0.005682368247556413,0.003553035705972254</MDI>
      <MDI key="STATISTICS_EXCLUDEDVALUES"></MDI>
      <MDI key="STATISTICS_MAXIMUM">0.48050001263618</MDI>
      <MDI key="STATISTICS_MEAN">0.31887220148928</MDI>
      <MDI key="STATISTICS_MEDIAN">0.339010</MDI>
      <MDI key="STATISTICS_MINIMUM">0.040500000119209</MDI>
      <MDI key="STATISTICS_SKIPFACTORX">1</MDI>
      <MDI key="STATISTICS_SKIPFACTORY">1</MDI>
      <MDI key="STATISTICS_STDDEV">0.075381484779463</MDI>
    </Metadata>
  </PAMRasterBand>
  <PAMRasterBand band="3">
    <Description>Band_3</Description>
    <Histograms>
      <HistItem>
        <HistMin>0.09300000220537186</HistMin>
        <HistMax>0.3880000114440918</HistMax>
        <BucketCount>256</BucketCount>
        <IncludeOutOfRange>1</IncludeOutOfRange>
        <Approximate>0</Approximate>
        <HistCounts>1|0|0|3|1|0|0|4|1|4|1|0|0|0|0|0|0|2|1|0|2|0|0|0|2|0|1|0|4|2|2|1|1|2|0|2|2|0|0|0|0|0|0|0|0|1|0|0|0|1|0|2|0|1|1|1|0|0|0|0|1|2|3|1|2|0|0|1|2|0|0|0|0|0|0|1|0|0|1|1|0|0|0|0|1|2|4|1|5|4|2|3|2|4|3|6|6|4|6|5|4|3|11|5|3|6|6|7|3|11|4|4|5|8|9|7|5|6|4|7|11|6|5|7|9|6|8|5|6|8|9|0|8|9|2|3|5|5|9|11|9|18|10|8|6|6|17|8|13|11|13|11|11|9|23|10|13|5|0|12|13|6|13|12|14|13|9|16|16|15|10|15|16|25|21|19|22|9|13|16|11|13|6|8|7|5|20|10|8|4|5|4|12|8|4|8|6|6|2|1|4|3|1|5|0|1|2|0|4|2|5|1|1|5|1|1|0|0|0|2|1|1|0|2|0|0|0|1|0|0|0|0|0|0|0|0|0|0|2|1|0|0|0|0|0|0|0|0|0|0|0|0|0|0|1|2</HistCounts>
      </HistItem>
    </Histograms>
    <Metadata>
      <MDI key="BandName">Band_3</MDI>
      <MDI key="RepresentationType">ATHEMATIC</MDI>
      <MDI key="STATISTICS_COVARIANCES">0.0008160041444949064,0.003553035705972254,0.00230215084935399</MDI>
      <MDI key="STATISTICS_EXCLUDEDVALUES"></MDI>
      <MDI key="STATISTICS_MAXIMUM">0.38800001144409</MDI>
      <MDI key="STATISTICS_MEAN">0.26354594238158</MDI>
      <MDI key="STATISTICS_MEDIAN">0.271157</MDI>
      <MDI key="STATISTICS_MINIMUM">0.093000002205372</MDI>
      <MDI key="STATISTICS_SKIPFACTORX">1</MDI>
      <MDI key="STATISTICS_SKIPFACTORY">1</MDI>
      <MDI key="STATISTICS_STDDEV">0.047980734147718</MDI>
    </Metadata>
  </PAMRasterBand>
</PAMDataset>
