<PAMDataset>
  <Metadata>
    <MDI key="DataType">Generic</MDI>
  </Metadata>
  <PAMRasterBand band="1">
    <Description>Band_1</Description>
    <Histograms>
      <HistItem>
        <HistMin>0.5612499713897705</HistMin>
        <HistMax>0.9296666383743286</HistMax>
        <BucketCount>256</BucketCount>
        <IncludeOutOfRange>1</IncludeOutOfRange>
        <Approximate>0</Approximate>
        <HistCounts>1|0|1|0|0|0|1|2|1|1|1|1|2|1|0|1|1|0|2|4|2|0|0|3|4|4|3|2|3|1|8|8|7|1|4|8|0|7|0|2|6|2|7|6|4|4|9|12|8|3|5|4|12|7|5|11|13|5|4|10|11|17|10|11|10|17|13|11|13|14|21|14|13|30|23|31|25|25|22|18|18|20|26|14|18|18|23|21|13|15|15|27|18|16|30|18|23|19|16|15|31|19|27|31|23|35|32|24|23|19|19|25|34|13|24|19|30|11|24|18|23|17|25|13|27|27|13|22|28|20|34|26|31|30|23|37|45|34|35|33|39|39|52|70|39|48|64|59|59|43|66|42|64|45|55|52|41|62|45|62|58|54|42|57|60|28|44|48|36|54|43|29|42|44|25|22|33|27|34|26|15|23|28|27|25|23|19|22|30|29|25|12|15|15|18|8|16|6|13|8|13|16|20|13|14|14|18|14|10|16|10|6|11|5|4|7|3|4|4|5|8|2|1|2|4|4|4|0|1|3|0|2|4|1|2|0|4|1|2|1|3|1|2|2|0|2|1|0|7|8|6|8|3|0|1|1</HistCounts>
      </HistItem>
    </Histograms>
    <Metadata>
      <MDI key="BandName">Band_1</MDI>
      <MDI key="RepresentationType">ATHEMATIC</MDI>
      <MDI key="STATISTICS_COVARIANCES">0.004131100849754113,0.001178635322541609,0.0008992852645651398</MDI>
      <MDI key="STATISTICS_EXCLUDEDVALUES"></MDI>
      <MDI key="STATISTICS_MAXIMUM">0.92966663837433</MDI>
      <MDI key="STATISTICS_MEAN">0.76041826689775</MDI>
      <MDI key="STATISTICS_MEDIAN">0.770742</MDI>
      <MDI key="STATISTICS_MINIMUM">0.56124997138977</MDI>
      <MDI key="STATISTICS_SKIPFACTORX">1</MDI>
      <MDI key="STATISTICS_SKIPFACTORY">1</MDI>
      <MDI key="STATISTICS_STDDEV">0.064273640395998</MDI>
    </Metadata>
  </PAMRasterBand>
  <PAMRasterBand band="2">
    <Description>Band_2</Description>
    <Histograms>
      <HistItem>
        <HistMin>0.09650000184774399</HistMin>
        <HistMax>0.4742499887943268</HistMax>
        <BucketCount>256</BucketCount>
        <IncludeOutOfRange>1</IncludeOutOfRange>
        <Approximate>0</Approximate>
        <HistCounts>2|0|0|0|0|0|0|0|0|0|1|0|1|1|0|0|0|1|3|1|0|1|1|0|0|1|0|0|1|1|0|1|1|0|2|0|0|0|0|2|1|3|1|0|1|3|1|4|2|1|2|2|3|2|1|3|3|2|4|1|3|3|2|3|4|2|2|5|3|9|9|4|4|7|11|5|6|9|8|10|12|5|13|17|14|13|13|16|9|7|11|19|15|6|13|7|15|21|16|8|15|10|14|19|24|25|26|20|28|24|31|33|31|34|45|50|55|49|41|72|43|61|72|60|83|66|84|93|83|91|81|97|101|113|86|118|96|93|81|90|66|79|98|84|64|69|55|48|56|70|45|54|57|58|51|31|41|41|47|53|26|25|38|22|22|29|30|23|28|22|23|16|24|21|20|19|7|19|16|12|12|16|16|6|10|14|5|4|7|8|4|1|8|3|2|3|3|2|1|0|2|1|0|1|2|1|0|2|1|1|1|0|0|0|0|1|0|0|0|0|0|0|0|0|0|0|0|0|0|0|0|0|0|0|0|0|0|0|0|0|0|0|0|0|0|0|0|0|0|0|0|0|0|0|1|1</HistCounts>
      </HistItem>
    </Histograms>
    <Metadata>
      <MDI key="BandName">Band_2</MDI>
      <MDI key="RepresentationType">ATHEMATIC</MDI>
      <MDI key="STATISTICS_COVARIANCES">0.001178635322541609,0.001518580595874455,0.0009416223985378046</MDI>
      <MDI key="STATISTICS_EXCLUDEDVALUES"></MDI>
      <MDI key="STATISTICS_MAXIMUM">0.47424998879433</MDI>
      <MDI key="STATISTICS_MEAN">0.2942912691292</MDI>
      <MDI key="STATISTICS_MEDIAN">0.295004</MDI>
      <MDI key="STATISTICS_MINIMUM">0.096500001847744</MDI>
      <MDI key="STATISTICS_SKIPFACTORX">1</MDI>
      <MDI key="STATISTICS_SKIPFACTORY">1</MDI>
      <MDI key="STATISTICS_STDDEV">0.038968969653744</MDI>
    </Metadata>
  </PAMRasterBand>
  <PAMRasterBand band="3">
    <Description>Band_3</Description>
    <Histograms>
      <HistItem>
        <HistMin>0.1412499994039536</HistMin>
        <HistMax>0.4280000030994415</HistMax>
        <BucketCount>256</BucketCount>
        <IncludeOutOfRange>1</IncludeOutOfRange>
        <Approximate>0</Approximate>
        <HistCounts>1|0|0|0|0|0|0|0|2|0|1|0|1|0|1|0|0|1|1|0|2|0|0|0|2|0|0|0|0|0|0|0|3|1|0|4|3|4|4|3|4|1|8|3|7|3|8|6|5|6|10|7|7|7|6|11|14|12|18|13|14|19|19|9|12|18|27|17|9|14|23|17|21|14|26|24|36|16|35|26|29|18|27|41|50|33|59|37|60|53|50|58|80|63|87|59|88|67|90|88|94|87|123|98|116|83|148|113|111|88|107|85|111|61|79|83|75|58|86|69|76|52|73|36|62|46|57|31|41|35|36|28|27|25|14|26|27|17|23|23|18|19|16|7|11|14|8|5|6|9|0|3|7|5|2|2|0|3|1|2|1|0|1|0|4|1|0|0|0|2|1|0|0|0|0|1|0|0|0|0|0|0|0|0|0|2|0|0|0|0|0|0|0|0|0|0|0|0|1|0|0|0|0|0|0|0|0|0|0|0|0|0|0|0|0|0|0|0|0|0|0|0|0|0|0|0|0|0|0|1|0|0|0|0|0|0|0|0|0|0|0|0|0|0|0|0|0|0|0|0|0|0|0|0|0|1</HistCounts>
      </HistItem>
    </Histograms>
    <Metadata>
      <MDI key="BandName">Band_3</MDI>
      <MDI key="RepresentationType">ATHEMATIC</MDI>
      <MDI key="STATISTICS_COVARIANCES">0.0008992852645651398,0.0009416223985378046,0.0006062139382094578</MDI>
      <MDI key="STATISTICS_EXCLUDEDVALUES"></MDI>
      <MDI key="STATISTICS_MAXIMUM">0.42800000309944</MDI>
      <MDI key="STATISTICS_MEAN">0.2575529176789</MDI>
      <MDI key="STATISTICS_MEDIAN">0.259324</MDI>
      <MDI key="STATISTICS_MINIMUM">0.14124999940395</MDI>
      <MDI key="STATISTICS_SKIPFACTORX">1</MDI>
      <MDI key="STATISTICS_SKIPFACTORY">1</MDI>
      <MDI key="STATISTICS_STDDEV">0.024621412189585</MDI>
    </Metadata>
  </PAMRasterBand>
</PAMDataset>
