<PAMDataset>
  <Metadata>
    <MDI key="DataType">Generic</MDI>
  </Metadata>
  <PAMRasterBand band="1">
    <Description>Band_1</Description>
    <Histograms>
      <HistItem>
        <HistMin>0.5337499976158142</HistMin>
        <HistMax>0.942981481552124</HistMax>
        <BucketCount>256</BucketCount>
        <IncludeOutOfRange>1</IncludeOutOfRange>
        <Approximate>0</Approximate>
        <HistCounts>1|0|0|0|0|0|1|2|0|0|0|0|0|0|0|0|4|0|0|0|3|0|0|0|0|0|0|2|0|1|0|2|1|0|0|0|1|0|0|1|2|0|0|2|1|0|2|0|2|2|2|1|5|4|1|1|1|7|4|4|2|2|1|4|3|4|4|4|2|1|4|6|4|5|1|5|12|1|8|3|5|6|12|7|7|5|9|0|5|3|7|10|4|14|11|12|7|13|9|6|22|12|8|15|21|13|18|19|15|17|14|22|14|25|26|29|15|24|23|26|26|19|18|22|17|11|9|12|12|10|21|1|17|9|14|8|16|5|10|10|10|4|9|9|7|6|10|14|6|7|3|7|12|12|9|16|15|11|10|13|10|15|8|11|10|11|9|7|16|24|20|10|8|15|16|14|10|10|17|8|3|20|14|15|10|12|14|3|12|3|11|10|5|15|6|6|6|9|11|17|6|3|3|9|7|6|4|5|4|2|1|4|4|2|7|5|3|2|5|5|7|2|3|8|5|3|5|2|4|4|4|7|6|4|3|3|2|0|0|4|8|24|15|3|0|0|3|5|2|10|0|0|0|0|0|1</HistCounts>
      </HistItem>
    </Histograms>
    <Metadata>
      <MDI key="BandName">Band_1</MDI>
      <MDI key="RepresentationType">ATHEMATIC</MDI>
      <MDI key="STATISTICS_COVARIANCES">0.00600461256997255,0.001279031503862781,0.001075544101876356</MDI>
      <MDI key="STATISTICS_EXCLUDEDVALUES"></MDI>
      <MDI key="STATISTICS_MAXIMUM">0.94298148155212</MDI>
      <MDI key="STATISTICS_MEAN">0.76486304715539</MDI>
      <MDI key="STATISTICS_MEDIAN">0.752007</MDI>
      <MDI key="STATISTICS_MINIMUM">0.53374999761581</MDI>
      <MDI key="STATISTICS_SKIPFACTORX">1</MDI>
      <MDI key="STATISTICS_SKIPFACTORY">1</MDI>
      <MDI key="STATISTICS_STDDEV">0.077489435215212</MDI>
    </Metadata>
  </PAMRasterBand>
  <PAMRasterBand band="2">
    <Description>Band_2</Description>
    <Histograms>
      <HistItem>
        <HistMin>0.09724999964237213</HistMin>
        <HistMax>0.9117500185966492</HistMax>
        <BucketCount>256</BucketCount>
        <IncludeOutOfRange>1</IncludeOutOfRange>
        <Approximate>0</Approximate>
        <HistCounts>4|4|4|0|4|2|1|0|0|0|0|1|0|0|0|1|2|0|0|3|0|4|1|0|0|4|4|12|12|26|28|20|23|32|21|24|28|30|63|59|37|41|52|32|49|58|66|54|56|33|47|38|57|39|56|55|54|45|43|36|33|38|36|36|22|27|33|11|18|25|19|17|18|7|12|7|16|9|6|8|3|3|4|6|1|1|7|2|0|1|1|2|1|0|1|2|1|2|0|0|0|0|0|2|0|0|1|0|0|0|0|0|0|0|0|0|0|0|0|0|0|1|0|0|0|0|0|0|0|0|0|0|0|0|0|0|0|0|0|0|0|0|0|0|0|0|0|2|0|0|0|0|0|0|0|0|0|0|0|0|0|0|0|0|0|0|0|0|0|0|0|0|0|0|0|0|0|0|0|0|0|0|0|0|0|0|0|0|0|0|0|0|0|0|0|0|0|0|0|0|0|0|0|0|0|0|0|0|0|0|0|0|0|0|0|0|0|0|0|0|0|0|0|0|0|0|0|0|0|0|0|0|0|0|0|0|0|0|0|0|0|0|0|0|0|0|0|0|0|0|0|0|0|0|0|1</HistCounts>
      </HistItem>
    </Histograms>
    <Metadata>
      <MDI key="BandName">Band_2</MDI>
      <MDI key="RepresentationType">ATHEMATIC</MDI>
      <MDI key="STATISTICS_COVARIANCES">0.001279031503862781,0.002455687148009031,0.001626030794951453</MDI>
      <MDI key="STATISTICS_EXCLUDEDVALUES"></MDI>
      <MDI key="STATISTICS_MAXIMUM">0.91175001859665</MDI>
      <MDI key="STATISTICS_MEAN">0.26012942490819</MDI>
      <MDI key="STATISTICS_MEDIAN">0.256956</MDI>
      <MDI key="STATISTICS_MINIMUM">0.097249999642372</MDI>
      <MDI key="STATISTICS_SKIPFACTORX">1</MDI>
      <MDI key="STATISTICS_SKIPFACTORY">1</MDI>
      <MDI key="STATISTICS_STDDEV">0.049554890253224</MDI>
    </Metadata>
  </PAMRasterBand>
  <PAMRasterBand band="3">
    <Description>Band_3</Description>
    <Histograms>
      <HistItem>
        <HistMin>0.1535000056028366</HistMin>
        <HistMax>0.8500000238418579</HistMax>
        <BucketCount>256</BucketCount>
        <IncludeOutOfRange>1</IncludeOutOfRange>
        <Approximate>0</Approximate>
        <HistCounts>4|3|6|2|1|3|0|1|0|0|0|3|2|3|7|19|31|27|45|42|31|42|36|69|52|66|48|52|89|60|74|59|56|56|56|61|72|54|77|47|55|71|38|31|40|45|17|31|10|24|21|13|9|5|5|3|5|2|1|1|3|1|2|0|4|1|1|0|1|2|1|0|0|0|4|0|0|1|0|0|0|0|0|0|0|0|0|0|0|0|0|0|0|0|0|0|0|0|0|0|0|0|1|0|0|0|0|0|0|0|0|0|0|0|0|0|0|0|0|0|0|0|0|0|0|0|0|0|0|2|0|0|0|0|0|0|0|0|0|0|0|0|0|0|0|0|0|0|0|0|0|0|0|0|0|0|0|0|0|0|0|0|0|0|0|0|0|0|0|0|0|0|0|0|0|0|0|0|0|0|0|0|0|0|0|0|0|0|0|0|0|0|0|0|0|0|0|0|0|0|0|0|0|0|0|0|0|0|0|0|0|0|0|0|0|0|0|0|0|0|0|0|0|0|0|0|0|0|0|0|0|0|0|0|0|0|0|0|0|0|0|0|0|0|0|0|0|0|0|0|0|0|0|0|0|1</HistCounts>
      </HistItem>
    </Histograms>
    <Metadata>
      <MDI key="BandName">Band_3</MDI>
      <MDI key="RepresentationType">ATHEMATIC</MDI>
      <MDI key="STATISTICS_COVARIANCES">0.001075544101876356,0.001626030794951453,0.001124466431260647</MDI>
      <MDI key="STATISTICS_EXCLUDEDVALUES"></MDI>
      <MDI key="STATISTICS_MAXIMUM">0.85000002384186</MDI>
      <MDI key="STATISTICS_MEAN">0.24390597344764</MDI>
      <MDI key="STATISTICS_MEDIAN">0.240904</MDI>
      <MDI key="STATISTICS_MINIMUM">0.15350000560284</MDI>
      <MDI key="STATISTICS_SKIPFACTORX">1</MDI>
      <MDI key="STATISTICS_SKIPFACTORY">1</MDI>
      <MDI key="STATISTICS_STDDEV">0.033533064746018</MDI>
    </Metadata>
  </PAMRasterBand>
</PAMDataset>
