<PAMDataset>
  <Metadata>
    <MDI key="DataType">Generic</MDI>
  </Metadata>
  <PAMRasterBand band="1">
    <Description>Band_1</Description>
    <Histograms>
      <HistItem>
        <HistMin>0.4417499899864197</HistMin>
        <HistMax>0.9392592310905457</HistMax>
        <BucketCount>256</BucketCount>
        <IncludeOutOfRange>1</IncludeOutOfRange>
        <Approximate>0</Approximate>
        <HistCounts>1|0|0|0|0|0|0|0|1|1|1|0|1|1|1|3|2|1|2|4|3|2|6|2|9|3|3|9|4|5|6|4|4|5|6|2|6|7|6|4|1|5|5|1|3|4|4|3|6|6|7|7|4|4|0|2|2|8|2|3|3|6|5|8|4|1|6|5|3|5|1|1|6|5|4|8|3|11|9|8|4|18|4|0|4|0|1|4|4|4|5|7|8|7|5|1|1|3|4|4|1|2|4|1|2|3|2|1|3|2|3|0|1|0|1|0|0|0|1|1|3|1|3|1|0|2|3|0|1|6|1|2|0|5|4|3|2|1|1|1|2|1|3|1|5|4|1|4|5|5|3|2|4|4|1|3|9|6|6|6|5|2|8|5|4|12|12|10|4|7|11|13|8|13|5|23|18|9|10|12|14|20|20|8|37|15|14|37|17|29|30|37|34|24|33|39|35|24|38|25|37|44|38|37|44|32|52|65|39|23|48|37|28|36|46|38|40|37|53|53|36|49|39|42|40|26|37|27|41|23|24|26|23|27|12|16|10|6|11|9|9|12|4|5|5|41|21|14|5|0|6|1|5|0|3|1</HistCounts>
      </HistItem>
    </Histograms>
    <Metadata>
      <MDI key="BandName">Band_1</MDI>
      <MDI key="RepresentationType">ATHEMATIC</MDI>
      <MDI key="STATISTICS_COVARIANCES">0.0123401833854192,0.00299956257142771,0.003056583643481007</MDI>
      <MDI key="STATISTICS_EXCLUDEDVALUES"></MDI>
      <MDI key="STATISTICS_MAXIMUM">0.93925923109055</MDI>
      <MDI key="STATISTICS_MEAN">0.80014698455822</MDI>
      <MDI key="STATISTICS_MEDIAN">0.835855</MDI>
      <MDI key="STATISTICS_MINIMUM">0.44174998998642</MDI>
      <MDI key="STATISTICS_SKIPFACTORX">1</MDI>
      <MDI key="STATISTICS_SKIPFACTORY">1</MDI>
      <MDI key="STATISTICS_STDDEV">0.11108637803718</MDI>
    </Metadata>
  </PAMRasterBand>
  <PAMRasterBand band="2">
    <Description>Band_2</Description>
    <Histograms>
      <HistItem>
        <HistMin>0.08375000208616257</HistMin>
        <HistMax>0.5702499747276306</HistMax>
        <BucketCount>256</BucketCount>
        <IncludeOutOfRange>1</IncludeOutOfRange>
        <Approximate>0</Approximate>
        <HistCounts>2|0|0|0|0|1|0|0|3|1|1|0|2|0|0|1|0|1|4|3|0|0|0|1|1|0|0|0|0|0|1|0|1|2|0|0|0|0|2|0|0|0|0|3|0|0|0|0|1|1|0|0|0|0|1|2|0|0|0|3|0|0|1|0|1|0|2|0|2|1|2|0|2|4|2|3|1|2|1|1|1|1|6|3|1|6|4|0|2|7|6|4|1|3|4|4|2|0|3|4|3|2|5|7|2|8|3|2|5|4|7|4|13|8|14|11|9|8|13|9|18|11|15|16|15|9|22|7|20|13|16|17|12|23|16|14|17|26|27|14|21|23|26|31|28|24|20|39|19|28|27|22|38|31|28|31|28|37|35|33|27|27|42|35|38|24|29|47|31|33|20|27|37|19|34|23|39|46|32|24|29|26|31|17|30|33|27|20|18|38|26|14|29|29|28|19|22|12|15|19|26|19|25|20|13|22|24|26|9|19|19|19|20|19|19|12|12|12|17|15|15|11|5|10|7|8|5|0|6|3|2|0|2|1|1|3|3|1|2|0|1|0|0|0|0|0|0|0|0|0|0|0|0|0|0|1</HistCounts>
      </HistItem>
    </Histograms>
    <Metadata>
      <MDI key="BandName">Band_2</MDI>
      <MDI key="RepresentationType">ATHEMATIC</MDI>
      <MDI key="STATISTICS_COVARIANCES">0.00299956257142771,0.004796747518762821,0.003145612418909821</MDI>
      <MDI key="STATISTICS_EXCLUDEDVALUES"></MDI>
      <MDI key="STATISTICS_MAXIMUM">0.57024997472763</MDI>
      <MDI key="STATISTICS_MEAN">0.39681119483528</MDI>
      <MDI key="STATISTICS_MEDIAN">0.400452</MDI>
      <MDI key="STATISTICS_MINIMUM">0.083750002086163</MDI>
      <MDI key="STATISTICS_SKIPFACTORX">1</MDI>
      <MDI key="STATISTICS_SKIPFACTORY">1</MDI>
      <MDI key="STATISTICS_STDDEV">0.069258555563647</MDI>
    </Metadata>
  </PAMRasterBand>
  <PAMRasterBand band="3">
    <Description>Band_3</Description>
    <Histograms>
      <HistItem>
        <HistMin>0.1382499933242798</HistMin>
        <HistMax>0.4345000088214874</HistMax>
        <BucketCount>256</BucketCount>
        <IncludeOutOfRange>1</IncludeOutOfRange>
        <Approximate>0</Approximate>
        <HistCounts>1|0|1|1|0|1|3|1|2|1|1|1|0|0|2|0|1|0|0|0|0|0|0|0|1|0|2|1|1|2|0|1|0|1|0|0|0|0|0|1|1|1|1|0|0|1|0|2|2|0|0|0|2|1|0|1|0|0|1|3|1|0|0|1|4|4|2|6|2|6|2|5|6|1|7|8|3|2|12|12|8|16|7|10|11|7|7|11|9|8|3|8|10|8|11|9|7|16|14|8|11|5|12|14|9|12|4|10|18|13|18|22|11|12|15|13|16|27|14|22|16|21|22|22|12|11|16|14|19|22|13|26|23|9|17|16|25|8|11|22|15|23|23|26|20|21|19|20|30|33|26|24|40|30|24|30|24|30|24|40|28|21|25|23|20|28|38|10|30|21|28|36|24|27|24|21|24|22|13|33|19|21|27|24|17|15|21|36|22|26|36|17|14|39|24|15|13|28|26|27|19|17|23|24|33|21|9|19|15|14|16|11|21|4|11|9|4|4|3|5|4|2|2|2|2|3|1|0|3|1|1|0|2|1|0|0|0|0|0|0|0|0|0|0|0|0|0|0|0|0|0|0|0|0|0|1</HistCounts>
      </HistItem>
    </Histograms>
    <Metadata>
      <MDI key="BandName">Band_3</MDI>
      <MDI key="RepresentationType">ATHEMATIC</MDI>
      <MDI key="STATISTICS_COVARIANCES">0.003056583643481007,0.003145612418909821,0.002198323178962561</MDI>
      <MDI key="STATISTICS_EXCLUDEDVALUES"></MDI>
      <MDI key="STATISTICS_MAXIMUM">0.43450000882149</MDI>
      <MDI key="STATISTICS_MEAN">0.3153742215176</MDI>
      <MDI key="STATISTICS_MEDIAN">0.319485</MDI>
      <MDI key="STATISTICS_MINIMUM">0.13824999332428</MDI>
      <MDI key="STATISTICS_SKIPFACTORX">1</MDI>
      <MDI key="STATISTICS_SKIPFACTORY">1</MDI>
      <MDI key="STATISTICS_STDDEV">0.046886279218579</MDI>
    </Metadata>
  </PAMRasterBand>
</PAMDataset>
