<PAMDataset>
  <Metadata>
    <MDI key="DataType">Generic</MDI>
  </Metadata>
  <PAMRasterBand band="1">
    <Description>Band_1</Description>
    <Histograms>
      <HistItem>
        <HistMin>0.4947499930858612</HistMin>
        <HistMax>0.8690000176429749</HistMax>
        <BucketCount>256</BucketCount>
        <IncludeOutOfRange>1</IncludeOutOfRange>
        <Approximate>0</Approximate>
        <HistCounts>1|0|1|0|0|0|0|0|0|0|1|0|0|1|0|0|0|0|1|0|4|0|1|0|1|2|0|1|4|0|4|1|0|3|2|0|5|3|3|3|5|2|4|7|5|4|0|1|3|0|4|3|3|6|1|1|0|5|6|2|8|3|5|7|9|4|6|7|5|1|10|10|6|8|6|4|3|1|6|7|11|15|11|6|13|9|10|5|14|7|6|4|5|9|21|11|20|11|18|9|16|14|18|16|23|11|21|13|26|20|23|17|21|25|20|34|24|34|28|25|28|32|21|23|25|41|21|34|41|33|25|27|31|24|40|36|16|36|34|34|36|37|35|27|37|29|31|32|31|38|31|32|41|46|23|23|26|34|21|28|28|32|28|31|31|33|27|24|33|20|27|40|34|27|18|24|25|29|29|31|22|30|23|34|21|28|21|38|24|33|20|28|21|13|18|22|21|17|21|26|19|14|16|16|14|20|14|13|17|10|5|16|23|7|9|12|5|4|6|11|6|0|4|7|1|7|2|1|3|3|2|2|6|2|1|2|1|3|2|0|0|4|0|0|2|0|1|0|0|1|0|0|0|0|0|1</HistCounts>
      </HistItem>
    </Histograms>
    <Metadata>
      <MDI key="BandName">Band_1</MDI>
      <MDI key="RepresentationType">ATHEMATIC</MDI>
      <MDI key="STATISTICS_COVARIANCES">0.003698449177139147,0.0009861366828222756,0.0007559194244902013</MDI>
      <MDI key="STATISTICS_EXCLUDEDVALUES"></MDI>
      <MDI key="STATISTICS_MAXIMUM">0.86900001764297</MDI>
      <MDI key="STATISTICS_MEAN">0.70978248317693</MDI>
      <MDI key="STATISTICS_MEDIAN">0.711962</MDI>
      <MDI key="STATISTICS_MINIMUM">0.49474999308586</MDI>
      <MDI key="STATISTICS_SKIPFACTORX">1</MDI>
      <MDI key="STATISTICS_SKIPFACTORY">1</MDI>
      <MDI key="STATISTICS_STDDEV">0.060814876281541</MDI>
    </Metadata>
  </PAMRasterBand>
  <PAMRasterBand band="2">
    <Description>Band_2</Description>
    <Histograms>
      <HistItem>
        <HistMin>0.1895000040531158</HistMin>
        <HistMax>0.4692499935626984</HistMax>
        <BucketCount>256</BucketCount>
        <IncludeOutOfRange>1</IncludeOutOfRange>
        <Approximate>0</Approximate>
        <HistCounts>1|0|2|0|0|1|0|0|1|0|0|0|0|0|1|0|0|0|0|0|1|0|0|0|0|0|0|0|1|0|1|0|0|0|0|0|2|0|1|0|0|0|0|3|0|0|2|3|3|1|1|4|0|0|2|3|2|5|1|4|2|1|2|3|5|5|11|2|4|5|5|6|6|3|9|5|5|7|3|4|4|6|5|8|7|7|10|7|7|7|9|11|7|9|7|7|5|5|14|14|12|11|12|17|9|19|28|15|38|30|28|22|16|35|24|21|33|24|30|13|35|42|25|45|37|29|40|34|33|36|30|32|18|36|27|27|37|37|30|41|32|37|25|23|54|31|45|37|46|42|44|48|39|46|54|26|28|42|41|62|32|38|33|36|49|30|24|43|37|38|47|34|38|43|28|33|29|35|28|26|33|31|30|31|19|25|17|16|16|16|16|12|17|17|18|14|14|11|21|11|11|11|13|15|11|7|19|3|4|9|0|10|13|4|2|8|4|3|2|3|2|4|2|1|2|0|4|1|0|2|0|1|0|0|2|0|0|0|1|0|1|0|0|0|0|0|0|0|4|0|0|0|0|0|0|1</HistCounts>
      </HistItem>
    </Histograms>
    <Metadata>
      <MDI key="BandName">Band_2</MDI>
      <MDI key="RepresentationType">ATHEMATIC</MDI>
      <MDI key="STATISTICS_COVARIANCES">0.0009861366828222756,0.001454073182504194,0.0009529424574315628</MDI>
      <MDI key="STATISTICS_EXCLUDEDVALUES"></MDI>
      <MDI key="STATISTICS_MAXIMUM">0.4692499935627</MDI>
      <MDI key="STATISTICS_MEAN">0.35028197904187</MDI>
      <MDI key="STATISTICS_MEDIAN">0.352962</MDI>
      <MDI key="STATISTICS_MINIMUM">0.18950000405312</MDI>
      <MDI key="STATISTICS_SKIPFACTORX">1</MDI>
      <MDI key="STATISTICS_SKIPFACTORY">1</MDI>
      <MDI key="STATISTICS_STDDEV">0.038132311528469</MDI>
    </Metadata>
  </PAMRasterBand>
  <PAMRasterBand band="3">
    <Description>Band_3</Description>
    <Histograms>
      <HistItem>
        <HistMin>0.1817499995231628</HistMin>
        <HistMax>0.3504999876022339</HistMax>
        <BucketCount>256</BucketCount>
        <IncludeOutOfRange>1</IncludeOutOfRange>
        <Approximate>0</Approximate>
        <HistCounts>1|0|0|0|0|0|0|1|0|2|0|0|0|0|0|0|0|0|1|0|0|2|0|0|0|0|0|0|0|3|0|1|3|1|0|1|3|0|5|0|1|1|2|3|5|3|1|5|3|2|0|6|0|4|3|10|0|4|7|3|3|3|1|4|2|6|12|4|10|2|3|11|9|4|9|4|3|17|8|3|7|13|4|8|9|10|5|4|17|7|5|16|7|11|15|16|11|19|10|18|24|11|21|31|10|32|20|18|32|31|17|39|37|25|27|37|19|21|20|23|40|22|34|26|20|26|36|12|26|45|23|48|39|30|23|19|32|44|24|22|44|30|40|43|47|42|37|32|46|44|21|48|27|38|34|37|29|26|26|51|29|38|43|42|14|34|48|34|35|35|23|38|19|46|31|24|30|32|17|40|24|12|32|25|14|32|13|15|27|11|23|18|7|18|10|17|12|11|10|19|3|7|13|11|15|6|10|12|10|8|11|6|9|6|14|6|13|12|1|7|3|5|2|3|2|2|4|1|0|2|2|0|0|3|2|1|5|0|0|1|0|0|2|0|1|0|0|0|0|0|0|2|0|0|0|1</HistCounts>
      </HistItem>
    </Histograms>
    <Metadata>
      <MDI key="BandName">Band_3</MDI>
      <MDI key="RepresentationType">ATHEMATIC</MDI>
      <MDI key="STATISTICS_COVARIANCES">0.0007559194244902013,0.0009529424574315628,0.0006464087530426541</MDI>
      <MDI key="STATISTICS_EXCLUDEDVALUES"></MDI>
      <MDI key="STATISTICS_MAXIMUM">0.35049998760223</MDI>
      <MDI key="STATISTICS_MEAN">0.27685839822985</MDI>
      <MDI key="STATISTICS_MEDIAN">0.277706</MDI>
      <MDI key="STATISTICS_MINIMUM">0.18174999952316</MDI>
      <MDI key="STATISTICS_SKIPFACTORX">1</MDI>
      <MDI key="STATISTICS_SKIPFACTORY">1</MDI>
      <MDI key="STATISTICS_STDDEV">0.025424569869373</MDI>
    </Metadata>
  </PAMRasterBand>
</PAMDataset>
