<PAMDataset>
  <Metadata>
    <MDI key="DataType">Generic</MDI>
  </Metadata>
  <PAMRasterBand band="1">
    <Description>Band_1</Description>
    <Histograms>
      <HistItem>
        <HistMin>0.5264999866485596</HistMin>
        <HistMax>0.9295370578765869</HistMax>
        <BucketCount>256</BucketCount>
        <IncludeOutOfRange>1</IncludeOutOfRange>
        <Approximate>0</Approximate>
        <HistCounts>1|0|0|0|0|0|0|0|0|0|0|2|1|1|0|0|0|0|0|0|0|1|0|0|0|2|0|0|1|0|1|0|2|1|1|0|2|0|0|2|2|2|0|2|1|0|0|1|0|2|0|0|1|1|3|2|0|1|5|5|2|3|2|2|0|2|3|2|3|2|2|3|6|0|1|2|3|5|2|0|1|2|1|0|1|2|2|3|2|2|2|5|1|3|2|3|3|4|1|10|2|5|1|2|5|2|4|6|7|6|1|5|2|7|6|3|5|8|4|8|5|5|7|9|9|8|6|6|13|8|7|9|10|12|11|8|9|6|10|14|8|10|8|16|10|14|8|16|5|15|13|7|4|11|18|19|24|17|15|17|19|13|25|13|20|15|22|18|18|17|18|24|22|23|14|14|16|12|12|9|26|9|9|11|7|13|8|9|12|8|16|6|6|7|1|5|5|6|4|8|7|6|1|0|10|6|3|5|1|3|8|2|3|6|1|1|0|2|6|3|0|2|4|2|3|1|0|0|4|2|1|0|0|0|0|0|0|1|4|1|0|1|1|0|0|0|0|0|0|2|1|0|0|0|0|1</HistCounts>
      </HistItem>
    </Histograms>
    <Metadata>
      <MDI key="BandName">Band_1</MDI>
      <MDI key="RepresentationType">ATHEMATIC</MDI>
      <MDI key="STATISTICS_COVARIANCES">0.004059102004848767,0.0003243092595998221,0.000380556938619915</MDI>
      <MDI key="STATISTICS_EXCLUDEDVALUES"></MDI>
      <MDI key="STATISTICS_MAXIMUM">0.92953705787659</MDI>
      <MDI key="STATISTICS_MEAN">0.7665654068897</MDI>
      <MDI key="STATISTICS_MEDIAN">0.777805</MDI>
      <MDI key="STATISTICS_MINIMUM">0.52649998664856</MDI>
      <MDI key="STATISTICS_SKIPFACTORX">1</MDI>
      <MDI key="STATISTICS_SKIPFACTORY">1</MDI>
      <MDI key="STATISTICS_STDDEV">0.063711082276546</MDI>
    </Metadata>
  </PAMRasterBand>
  <PAMRasterBand band="2">
    <Description>Band_2</Description>
    <Histograms>
      <HistItem>
        <HistMin>0.1142499968409538</HistMin>
        <HistMax>0.6305000185966492</HistMax>
        <BucketCount>256</BucketCount>
        <IncludeOutOfRange>1</IncludeOutOfRange>
        <Approximate>0</Approximate>
        <HistCounts>1|1|0|0|1|4|0|1|0|2|0|0|1|0|0|1|1|2|2|4|2|2|2|2|3|1|1|3|3|1|12|9|17|11|15|18|33|30|25|38|43|24|34|53|37|48|32|39|47|38|49|40|37|45|28|48|25|32|29|18|17|25|13|16|19|9|7|6|4|20|12|12|11|12|5|8|8|5|8|3|8|2|9|7|4|5|1|4|1|0|1|0|0|1|2|0|0|1|3|2|1|0|0|0|3|0|0|0|0|0|0|0|0|0|0|0|0|1|0|0|0|0|0|0|0|0|4|0|2|0|0|0|0|0|0|0|0|0|0|2|0|0|0|0|0|0|0|0|0|0|0|0|0|0|0|0|0|0|0|0|2|0|0|0|0|0|0|0|0|0|0|0|0|0|0|0|0|0|0|0|0|0|0|0|0|0|0|0|0|0|0|0|0|0|0|0|0|0|0|0|0|0|0|0|0|0|0|0|0|0|0|0|0|0|0|0|0|0|0|0|0|0|0|0|0|0|0|0|0|0|0|0|0|0|0|0|0|0|0|0|0|0|0|0|0|0|0|0|0|0|0|0|0|0|0|1</HistCounts>
      </HistItem>
    </Histograms>
    <Metadata>
      <MDI key="BandName">Band_2</MDI>
      <MDI key="RepresentationType">ATHEMATIC</MDI>
      <MDI key="STATISTICS_COVARIANCES">0.0003243092595998221,0.00122449247506939,0.0007878796642104358</MDI>
      <MDI key="STATISTICS_EXCLUDEDVALUES"></MDI>
      <MDI key="STATISTICS_MAXIMUM">0.63050001859665</MDI>
      <MDI key="STATISTICS_MEAN">0.21954114634003</MDI>
      <MDI key="STATISTICS_MEDIAN">0.213451</MDI>
      <MDI key="STATISTICS_MINIMUM">0.11424999684095</MDI>
      <MDI key="STATISTICS_SKIPFACTORX">1</MDI>
      <MDI key="STATISTICS_SKIPFACTORY">1</MDI>
      <MDI key="STATISTICS_STDDEV">0.034992748892726</MDI>
    </Metadata>
  </PAMRasterBand>
  <PAMRasterBand band="3">
    <Description>Band_3</Description>
    <Histograms>
      <HistItem>
        <HistMin>0.1624999940395355</HistMin>
        <HistMax>0.6039999723434448</HistMax>
        <BucketCount>256</BucketCount>
        <IncludeOutOfRange>1</IncludeOutOfRange>
        <Approximate>0</Approximate>
        <HistCounts>1|2|1|1|3|0|2|0|1|1|1|1|3|4|6|8|3|6|9|8|14|13|26|32|41|36|31|49|58|68|77|64|56|80|62|59|50|46|34|30|27|23|16|25|16|8|14|14|14|16|13|6|13|12|5|14|10|5|9|3|1|1|1|1|1|0|4|0|5|0|2|0|1|0|0|0|0|2|0|0|0|0|1|0|0|0|2|2|0|0|0|1|0|0|0|2|0|0|0|0|0|0|0|0|0|0|0|2|0|0|0|0|0|0|0|0|0|0|0|0|0|0|0|2|0|0|0|0|0|0|0|0|0|0|0|0|0|0|0|0|0|0|0|0|0|0|0|0|0|0|0|0|0|0|0|0|0|0|0|0|0|0|0|0|0|0|0|0|0|0|0|0|0|0|0|0|0|0|0|0|0|0|0|0|0|0|0|0|0|0|0|0|0|0|0|0|0|0|0|0|0|0|0|0|0|0|0|0|0|0|0|0|0|0|0|0|0|0|0|0|0|0|0|0|0|0|0|0|0|0|0|0|0|0|0|0|0|0|0|0|0|0|0|0|0|0|0|0|0|0|0|0|0|0|0|1</HistCounts>
      </HistItem>
    </Histograms>
    <Metadata>
      <MDI key="BandName">Band_3</MDI>
      <MDI key="RepresentationType">ATHEMATIC</MDI>
      <MDI key="STATISTICS_COVARIANCES">0.000380556938619915,0.0007878796642104358,0.0005485942045791918</MDI>
      <MDI key="STATISTICS_EXCLUDEDVALUES"></MDI>
      <MDI key="STATISTICS_MAXIMUM">0.60399997234344</MDI>
      <MDI key="STATISTICS_MEAN">0.22321275381049</MDI>
      <MDI key="STATISTICS_MEDIAN">0.219635</MDI>
      <MDI key="STATISTICS_MINIMUM">0.16249999403954</MDI>
      <MDI key="STATISTICS_SKIPFACTORX">1</MDI>
      <MDI key="STATISTICS_SKIPFACTORY">1</MDI>
      <MDI key="STATISTICS_STDDEV">0.023422087963698</MDI>
    </Metadata>
  </PAMRasterBand>
</PAMDataset>
