<PAMDataset>
  <Metadata>
    <MDI key="DataType">Generic</MDI>
  </Metadata>
  <PAMRasterBand band="1">
    <Description>Band_1</Description>
    <Histograms>
      <HistItem>
        <HistMin>0.4839999973773956</HistMin>
        <HistMax>0.9410926103591919</HistMax>
        <BucketCount>256</BucketCount>
        <IncludeOutOfRange>1</IncludeOutOfRange>
        <Approximate>0</Approximate>
        <HistCounts>2|0|0|0|0|0|0|0|0|0|0|0|1|0|0|0|1|0|0|0|0|0|0|0|0|0|0|0|0|0|0|1|0|2|0|0|0|1|2|0|1|0|0|0|0|0|0|0|0|1|0|0|0|0|0|0|0|2|0|0|2|0|1|1|0|4|4|0|1|0|4|6|10|3|8|6|7|9|3|1|6|1|1|5|1|4|3|1|6|3|7|4|7|3|10|13|7|7|2|16|9|9|6|4|7|9|7|12|15|16|11|9|3|17|21|23|9|16|21|13|15|17|15|28|16|22|31|17|15|23|26|19|13|21|29|30|33|24|35|27|27|45|20|24|37|24|30|17|34|23|26|18|35|40|28|32|22|19|27|28|32|29|28|34|51|17|26|29|27|17|31|34|15|14|16|19|20|18|27|11|16|10|19|18|11|11|12|13|13|15|15|12|19|9|17|16|12|11|8|2|12|6|4|8|9|9|6|5|8|4|2|4|3|8|2|3|1|1|6|1|2|1|4|1|9|3|5|5|3|0|1|1|0|1|2|0|0|1|0|2|1|4|0|2|9|0|5|1|1|1|2|2|0|1|0|1</HistCounts>
      </HistItem>
    </Histograms>
    <Metadata>
      <MDI key="BandName">Band_1</MDI>
      <MDI key="RepresentationType">ATHEMATIC</MDI>
      <MDI key="STATISTICS_COVARIANCES">0.004061348255742117,-0.000423213596189979,-4.624373947098787e-05</MDI>
      <MDI key="STATISTICS_EXCLUDEDVALUES"></MDI>
      <MDI key="STATISTICS_MAXIMUM">0.94109261035919</MDI>
      <MDI key="STATISTICS_MEAN">0.75308781973058</MDI>
      <MDI key="STATISTICS_MEDIAN">0.752878</MDI>
      <MDI key="STATISTICS_MINIMUM">0.4839999973774</MDI>
      <MDI key="STATISTICS_SKIPFACTORX">1</MDI>
      <MDI key="STATISTICS_SKIPFACTORY">1</MDI>
      <MDI key="STATISTICS_STDDEV">0.063728708254146</MDI>
    </Metadata>
  </PAMRasterBand>
  <PAMRasterBand band="2">
    <Description>Band_2</Description>
    <Histograms>
      <HistItem>
        <HistMin>0.09000000357627869</HistMin>
        <HistMax>0.3510000109672546</HistMax>
        <BucketCount>256</BucketCount>
        <IncludeOutOfRange>1</IncludeOutOfRange>
        <Approximate>0</Approximate>
        <HistCounts>1|0|0|0|0|1|0|0|0|0|0|0|1|1|0|0|0|1|0|0|0|1|1|1|0|0|0|0|0|1|1|2|1|2|0|1|1|1|2|0|3|0|2|4|1|11|5|8|9|9|10|10|14|21|10|19|16|16|25|31|14|27|35|29|37|30|40|36|38|41|41|43|26|31|61|37|42|36|38|47|30|22|27|23|25|44|29|24|35|34|12|22|18|32|9|13|27|9|26|13|13|22|12|9|19|7|12|5|5|11|8|16|6|9|5|13|12|6|25|20|15|17|12|11|16|14|7|10|9|13|11|9|14|14|9|11|13|18|15|17|14|13|15|16|8|12|19|10|13|10|11|16|11|5|8|12|10|13|7|14|13|6|3|13|4|8|11|5|10|8|2|6|1|10|13|5|3|3|2|3|7|7|2|3|1|9|3|2|1|2|2|2|0|1|1|1|0|2|1|2|0|0|1|1|0|0|0|1|0|0|1|0|0|1|1|0|0|0|0|0|0|0|0|1|1|3|1|0|0|0|0|0|0|1|0|0|0|0|0|0|1|0|0|0|0|0|0|0|0|0|0|0|0|0|0|1</HistCounts>
      </HistItem>
    </Histograms>
    <Metadata>
      <MDI key="BandName">Band_2</MDI>
      <MDI key="RepresentationType">ATHEMATIC</MDI>
      <MDI key="STATISTICS_COVARIANCES">-0.000423213596189979,0.001495534843682487,0.0009100848854902407</MDI>
      <MDI key="STATISTICS_EXCLUDEDVALUES"></MDI>
      <MDI key="STATISTICS_MAXIMUM">0.35100001096725</MDI>
      <MDI key="STATISTICS_MEAN">0.19163392485762</MDI>
      <MDI key="STATISTICS_MEDIAN">0.179047</MDI>
      <MDI key="STATISTICS_MINIMUM">0.090000003576279</MDI>
      <MDI key="STATISTICS_SKIPFACTORX">1</MDI>
      <MDI key="STATISTICS_SKIPFACTORY">1</MDI>
      <MDI key="STATISTICS_STDDEV">0.038672145578989</MDI>
    </Metadata>
  </PAMRasterBand>
  <PAMRasterBand band="3">
    <Description>Band_3</Description>
    <Histograms>
      <HistItem>
        <HistMin>0.1432500034570694</HistMin>
        <HistMax>0.3107500076293945</HistMax>
        <BucketCount>256</BucketCount>
        <IncludeOutOfRange>1</IncludeOutOfRange>
        <Approximate>0</Approximate>
        <HistCounts>1|0|0|0|1|0|0|0|0|0|0|0|0|0|0|0|1|0|0|0|1|0|1|0|2|2|0|0|1|0|0|1|0|0|1|0|1|0|2|0|4|0|1|5|4|5|7|8|7|10|8|15|22|17|28|21|25|27|54|25|48|31|57|42|43|41|35|31|33|37|43|49|33|50|42|31|49|27|35|27|31|41|24|20|28|6|27|23|22|21|24|16|32|12|20|18|8|11|12|9|21|9|21|8|5|6|9|11|24|14|9|13|6|9|21|6|19|17|7|10|15|17|10|11|6|15|10|21|13|16|13|13|11|18|8|20|14|19|15|12|16|22|14|16|11|9|11|4|7|8|14|15|5|10|10|3|8|9|4|7|8|6|8|5|6|4|6|4|6|4|7|3|10|10|6|3|7|0|0|2|4|2|1|4|1|0|0|0|1|0|0|4|2|0|3|0|0|0|0|2|1|0|0|0|0|0|0|1|0|0|0|2|0|1|1|1|1|1|0|1|0|0|1|0|1|0|0|0|0|1|0|1|0|0|0|0|0|0|1|0|0|0|0|0|0|0|0|0|0|0|0|0|0|0|0|1</HistCounts>
      </HistItem>
    </Histograms>
    <Metadata>
      <MDI key="BandName">Band_3</MDI>
      <MDI key="RepresentationType">ATHEMATIC</MDI>
      <MDI key="STATISTICS_COVARIANCES">-4.624373947098787e-05,0.0009100848854902407,0.0005771894043434222</MDI>
      <MDI key="STATISTICS_EXCLUDEDVALUES"></MDI>
      <MDI key="STATISTICS_MAXIMUM">0.31075000762939</MDI>
      <MDI key="STATISTICS_MEAN">0.2058285804718</MDI>
      <MDI key="STATISTICS_MEDIAN">0.197113</MDI>
      <MDI key="STATISTICS_MINIMUM">0.14325000345707</MDI>
      <MDI key="STATISTICS_SKIPFACTORX">1</MDI>
      <MDI key="STATISTICS_SKIPFACTORY">1</MDI>
      <MDI key="STATISTICS_STDDEV">0.024024766478437</MDI>
    </Metadata>
  </PAMRasterBand>
</PAMDataset>
