<PAMDataset>
  <Metadata>
    <MDI key="DataType">Generic</MDI>
  </Metadata>
  <PAMRasterBand band="1">
    <Description>Band_1</Description>
    <Histograms>
      <HistItem>
        <HistMin>0.5012500286102295</HistMin>
        <HistMax>0.9268888831138611</HistMax>
        <BucketCount>256</BucketCount>
        <IncludeOutOfRange>1</IncludeOutOfRange>
        <Approximate>0</Approximate>
        <HistCounts>2|0|0|0|0|0|0|0|0|0|0|0|0|1|2|1|0|0|2|0|0|0|1|5|0|0|0|0|1|2|1|0|1|0|0|0|1|1|0|0|0|0|2|0|0|2|3|3|1|0|1|0|9|1|2|2|4|7|1|4|6|4|6|3|1|13|6|4|4|10|26|13|16|24|18|23|20|25|33|27|31|41|47|39|46|50|37|43|58|36|44|55|43|65|35|31|30|30|21|32|25|28|11|19|18|25|20|11|7|12|16|2|9|6|9|7|1|4|4|1|2|5|0|3|5|0|2|1|6|2|3|0|1|3|4|1|3|1|0|0|2|2|0|0|1|0|2|1|2|1|0|0|5|1|0|0|0|0|0|2|0|0|0|0|0|3|1|1|0|0|0|0|0|1|3|1|0|0|1|1|0|0|0|0|0|0|0|2|0|2|1|0|0|0|1|0|0|0|0|0|0|2|0|0|0|0|0|0|0|0|2|0|0|0|0|0|0|0|0|0|0|0|0|0|0|0|0|0|0|0|0|0|2|0|0|0|0|0|0|0|0|0|0|0|0|0|0|0|2|0|0|0|0|0|1|1</HistCounts>
      </HistItem>
    </Histograms>
    <Metadata>
      <MDI key="BandName">Band_1</MDI>
      <MDI key="RepresentationType">ATHEMATIC</MDI>
      <MDI key="STATISTICS_COVARIANCES">0.001512301784264839,-0.0003204127515562741,-9.8945899878769e-05</MDI>
      <MDI key="STATISTICS_EXCLUDEDVALUES"></MDI>
      <MDI key="STATISTICS_MAXIMUM">0.92688888311386</MDI>
      <MDI key="STATISTICS_MEAN">0.65324271569281</MDI>
      <MDI key="STATISTICS_MEDIAN">0.649806</MDI>
      <MDI key="STATISTICS_MINIMUM">0.50125002861023</MDI>
      <MDI key="STATISTICS_SKIPFACTORX">1</MDI>
      <MDI key="STATISTICS_SKIPFACTORY">1</MDI>
      <MDI key="STATISTICS_STDDEV">0.038888324523754</MDI>
    </Metadata>
  </PAMRasterBand>
  <PAMRasterBand band="2">
    <Description>Band_2</Description>
    <Histograms>
      <HistItem>
        <HistMin>0.08399999886751175</HistMin>
        <HistMax>0.3177500069141388</HistMax>
        <BucketCount>256</BucketCount>
        <IncludeOutOfRange>1</IncludeOutOfRange>
        <Approximate>0</Approximate>
        <HistCounts>2|0|0|0|0|0|0|0|0|1|0|0|1|0|0|2|0|0|0|0|0|0|0|0|0|0|0|0|1|4|1|0|0|0|0|0|0|0|0|0|2|0|0|0|0|0|0|0|0|0|1|0|0|0|1|0|0|0|0|0|0|0|4|0|4|0|0|0|2|0|0|0|0|0|0|0|1|0|0|0|0|1|0|0|0|0|0|0|0|0|0|0|0|0|0|0|0|0|0|0|0|0|0|0|0|0|0|0|0|0|0|0|0|0|0|0|0|0|2|0|0|0|1|0|1|0|0|1|0|0|0|0|1|0|0|0|0|0|1|0|1|1|1|0|3|3|3|1|4|2|9|3|3|4|2|11|7|7|9|13|7|6|11|14|9|5|12|11|14|11|1|15|14|5|15|19|14|19|15|5|14|9|8|20|12|16|25|26|25|32|27|25|45|33|22|23|21|23|28|25|12|24|60|35|24|29|29|34|26|11|37|13|25|16|35|18|14|22|19|18|14|8|19|14|9|11|8|12|7|3|4|11|9|6|8|8|5|7|2|2|5|1|0|0|0|0|1|0|0|2|0|0|0|1|0|2</HistCounts>
      </HistItem>
    </Histograms>
    <Metadata>
      <MDI key="BandName">Band_2</MDI>
      <MDI key="RepresentationType">ATHEMATIC</MDI>
      <MDI key="STATISTICS_COVARIANCES">-0.0003204127515562741,0.0007519930277674761,0.0004491805265675319</MDI>
      <MDI key="STATISTICS_EXCLUDEDVALUES"></MDI>
      <MDI key="STATISTICS_MAXIMUM">0.31775000691414</MDI>
      <MDI key="STATISTICS_MEAN">0.26131136190907</MDI>
      <MDI key="STATISTICS_MEDIAN">0.264583</MDI>
      <MDI key="STATISTICS_MINIMUM">0.083999998867512</MDI>
      <MDI key="STATISTICS_SKIPFACTORX">1</MDI>
      <MDI key="STATISTICS_SKIPFACTORY">1</MDI>
      <MDI key="STATISTICS_STDDEV">0.02742249127573</MDI>
    </Metadata>
  </PAMRasterBand>
  <PAMRasterBand band="3">
    <Description>Band_3</Description>
    <Histograms>
      <HistItem>
        <HistMin>0.1397500038146973</HistMin>
        <HistMax>0.2722499966621399</HistMax>
        <BucketCount>256</BucketCount>
        <IncludeOutOfRange>1</IncludeOutOfRange>
        <Approximate>0</Approximate>
        <HistCounts>2|0|1|2|2|0|0|0|0|2|0|0|0|0|0|0|0|1|1|0|0|0|0|0|0|0|0|0|0|0|0|0|0|0|0|1|0|1|0|0|1|0|0|0|1|0|0|1|0|0|0|0|0|2|0|1|0|0|0|0|0|0|0|2|0|1|0|0|0|0|0|0|0|0|0|0|0|0|0|0|0|0|0|2|0|1|0|0|1|2|0|0|0|0|0|0|0|0|3|0|0|0|0|1|0|0|1|0|0|0|0|0|0|0|0|0|0|0|0|0|0|0|1|0|0|0|1|1|0|0|2|0|1|1|2|3|2|5|3|4|9|2|7|2|6|0|1|6|15|5|8|14|7|12|6|3|2|18|5|14|9|21|21|13|2|16|10|11|3|4|6|13|11|7|3|10|15|8|22|18|11|20|14|18|33|20|24|33|24|24|22|26|29|20|19|25|29|18|30|40|24|28|25|18|24|18|23|16|32|27|9|14|15|27|27|21|23|20|18|8|15|8|11|11|10|13|9|5|10|3|2|7|4|4|0|13|11|7|3|0|0|6|0|0|2|0|2|0|1|0|0|2|2|0|0|2</HistCounts>
      </HistItem>
    </Histograms>
    <Metadata>
      <MDI key="BandName">Band_3</MDI>
      <MDI key="RepresentationType">ATHEMATIC</MDI>
      <MDI key="STATISTICS_COVARIANCES">-9.8945899878769e-05,0.0004491805265675319,0.0002800233432338241</MDI>
      <MDI key="STATISTICS_EXCLUDEDVALUES"></MDI>
      <MDI key="STATISTICS_MAXIMUM">0.27224999666214</MDI>
      <MDI key="STATISTICS_MEAN">0.23813958166623</MDI>
      <MDI key="STATISTICS_MEDIAN">0.240034</MDI>
      <MDI key="STATISTICS_MINIMUM">0.1397500038147</MDI>
      <MDI key="STATISTICS_SKIPFACTORX">1</MDI>
      <MDI key="STATISTICS_SKIPFACTORY">1</MDI>
      <MDI key="STATISTICS_STDDEV">0.016733898028667</MDI>
    </Metadata>
  </PAMRasterBand>
</PAMDataset>
