<PAMDataset>
  <Metadata>
    <MDI key="DataType">Generic</MDI>
  </Metadata>
  <PAMRasterBand band="1">
    <Description>Band_1</Description>
    <Histograms>
      <HistItem>
        <HistMin>0.6769999861717224</HistMin>
        <HistMax>0.9328888654708862</HistMax>
        <BucketCount>256</BucketCount>
        <IncludeOutOfRange>1</IncludeOutOfRange>
        <Approximate>0</Approximate>
        <HistCounts>1|0|0|1|0|0|0|1|0|0|0|0|0|0|0|1|1|3|0|0|2|1|4|8|1|1|2|0|4|2|1|2|6|0|6|4|5|4|3|5|3|7|6|2|3|2|4|6|2|3|7|3|9|5|5|3|1|9|1|5|5|3|9|1|7|11|4|5|3|4|5|8|6|6|3|8|9|4|8|1|8|7|4|6|4|2|11|7|7|6|13|17|9|10|9|8|11|9|7|6|9|11|14|7|12|8|9|7|5|0|8|8|7|6|9|9|15|9|10|7|15|6|9|6|5|5|5|9|6|2|4|16|5|6|9|7|3|6|10|3|6|12|3|5|4|6|14|5|8|4|7|15|9|8|5|13|6|4|14|6|4|2|4|12|3|6|11|10|7|2|5|14|8|7|12|8|9|6|7|2|7|4|5|5|8|4|2|7|4|3|4|7|5|6|2|6|1|2|2|2|0|5|3|1|1|0|3|2|1|1|0|0|0|1|0|2|2|4|6|2|0|1|0|0|1|0|0|0|0|0|4|0|0|0|0|2|1|2|1|1|0|0|5|1|2|2|0|0|0|0|0|0|0|0|0|1</HistCounts>
      </HistItem>
    </Histograms>
    <Metadata>
      <MDI key="BandName">Band_1</MDI>
      <MDI key="RepresentationType">ATHEMATIC</MDI>
      <MDI key="STATISTICS_COVARIANCES">0.002580435400611578,0.001160843647163079,0.0008652519799980469</MDI>
      <MDI key="STATISTICS_EXCLUDEDVALUES"></MDI>
      <MDI key="STATISTICS_MAXIMUM">0.93288886547089</MDI>
      <MDI key="STATISTICS_MEAN">0.79796944474563</MDI>
      <MDI key="STATISTICS_MEDIAN">0.795411</MDI>
      <MDI key="STATISTICS_MINIMUM">0.67699998617172</MDI>
      <MDI key="STATISTICS_SKIPFACTORX">1</MDI>
      <MDI key="STATISTICS_SKIPFACTORY">1</MDI>
      <MDI key="STATISTICS_STDDEV">0.050797986186576</MDI>
    </Metadata>
  </PAMRasterBand>
  <PAMRasterBand band="2">
    <Description>Band_2</Description>
    <Histograms>
      <HistItem>
        <HistMin>0.1132500022649765</HistMin>
        <HistMax>0.4832499921321869</HistMax>
        <BucketCount>256</BucketCount>
        <IncludeOutOfRange>1</IncludeOutOfRange>
        <Approximate>0</Approximate>
        <HistCounts>3|2|1|1|1|1|1|1|2|1|1|0|1|2|2|1|0|0|1|0|1|1|0|2|0|0|0|2|1|2|3|0|2|1|1|2|0|0|0|0|0|0|0|0|0|4|0|0|0|0|0|0|0|0|0|1|0|0|0|0|0|0|2|0|0|0|3|1|1|0|2|0|1|0|2|2|1|1|1|2|1|1|1|1|0|0|1|0|0|4|0|1|1|2|2|3|4|0|8|8|9|5|6|19|11|15|16|15|20|29|17|27|19|24|24|33|20|22|29|40|25|28|10|27|21|19|20|11|15|14|13|12|8|17|16|10|13|17|10|18|15|10|5|25|10|6|10|8|14|5|2|5|6|7|5|5|4|3|7|3|1|6|6|4|9|4|3|6|3|3|10|3|6|2|7|7|4|4|3|3|1|4|4|3|5|1|2|2|2|1|4|4|3|0|1|6|5|1|0|3|0|2|0|1|1|0|2|4|1|1|4|1|0|1|0|1|0|0|2|0|3|0|2|0|0|1|1|1|0|0|1|2|1|0|1|1|3|0|0|0|1|0|0|0|0|0|0|0|0|0|1|2|0|0|0|1</HistCounts>
      </HistItem>
    </Histograms>
    <Metadata>
      <MDI key="BandName">Band_2</MDI>
      <MDI key="RepresentationType">ATHEMATIC</MDI>
      <MDI key="STATISTICS_COVARIANCES">0.001160843647163079,0.002830994044094462,0.001853855830276878</MDI>
      <MDI key="STATISTICS_EXCLUDEDVALUES"></MDI>
      <MDI key="STATISTICS_MAXIMUM">0.48324999213219</MDI>
      <MDI key="STATISTICS_MEAN">0.30015256444995</MDI>
      <MDI key="STATISTICS_MEDIAN">0.291721</MDI>
      <MDI key="STATISTICS_MINIMUM">0.11325000226498</MDI>
      <MDI key="STATISTICS_SKIPFACTORX">1</MDI>
      <MDI key="STATISTICS_SKIPFACTORY">1</MDI>
      <MDI key="STATISTICS_STDDEV">0.053207086408621</MDI>
    </Metadata>
  </PAMRasterBand>
  <PAMRasterBand band="3">
    <Description>Band_3</Description>
    <Histograms>
      <HistItem>
        <HistMin>0.146249994635582</HistMin>
        <HistMax>0.3972499966621399</HistMax>
        <BucketCount>256</BucketCount>
        <IncludeOutOfRange>1</IncludeOutOfRange>
        <Approximate>0</Approximate>
        <HistCounts>2|1|1|0|1|0|2|1|0|1|1|2|0|2|1|0|0|2|1|0|1|0|2|0|0|0|0|0|2|0|0|0|0|0|0|2|0|0|0|1|0|0|0|0|0|2|1|2|2|2|2|0|3|1|1|0|1|0|2|0|0|0|1|3|0|0|1|3|0|1|0|0|0|1|1|3|1|1|0|0|2|1|0|0|1|1|2|3|1|1|4|1|7|3|3|7|3|6|9|9|13|12|20|18|17|13|18|19|25|23|24|19|41|32|32|24|20|21|16|14|23|31|24|15|19|21|28|10|16|19|14|6|19|14|20|15|13|12|14|8|5|12|11|1|3|9|5|7|7|4|7|1|3|4|1|6|4|4|5|5|3|6|6|2|9|4|4|4|2|1|7|7|5|8|6|5|5|3|3|3|2|1|4|2|3|2|2|3|0|3|3|0|3|2|4|2|4|0|2|2|0|0|1|6|1|0|0|1|0|4|1|0|3|1|1|0|0|0|0|2|2|0|0|0|2|1|1|1|1|0|1|0|0|1|1|2|2|1|0|0|0|1|0|0|0|0|0|0|0|0|0|0|1|0|2|1</HistCounts>
      </HistItem>
    </Histograms>
    <Metadata>
      <MDI key="BandName">Band_3</MDI>
      <MDI key="RepresentationType">ATHEMATIC</MDI>
      <MDI key="STATISTICS_COVARIANCES">0.0008652519799980469,0.001853855830276878,0.001233075556720113</MDI>
      <MDI key="STATISTICS_EXCLUDEDVALUES"></MDI>
      <MDI key="STATISTICS_MAXIMUM">0.39724999666214</MDI>
      <MDI key="STATISTICS_MEAN">0.27068119619647</MDI>
      <MDI key="STATISTICS_MEDIAN">0.265352</MDI>
      <MDI key="STATISTICS_MINIMUM">0.14624999463558</MDI>
      <MDI key="STATISTICS_SKIPFACTORX">1</MDI>
      <MDI key="STATISTICS_SKIPFACTORY">1</MDI>
      <MDI key="STATISTICS_STDDEV">0.035115175590051</MDI>
    </Metadata>
  </PAMRasterBand>
</PAMDataset>
