<PAMDataset>
  <Metadata>
    <MDI key="DataType">Generic</MDI>
  </Metadata>
  <PAMRasterBand band="1">
    <Description>Band_1</Description>
    <Histograms>
      <HistItem>
        <HistMin>0.7879999876022339</HistMin>
        <HistMax>0.9389444589614868</HistMax>
        <BucketCount>256</BucketCount>
        <IncludeOutOfRange>1</IncludeOutOfRange>
        <Approximate>0</Approximate>
        <HistCounts>1|0|0|0|0|1|0|0|0|1|0|0|1|0|0|1|0|0|0|0|0|0|3|3|2|0|0|2|0|2|0|2|2|3|1|2|1|3|8|3|0|1|1|1|0|4|2|2|0|7|3|1|2|3|2|3|0|1|3|0|0|0|5|1|1|6|2|1|1|2|6|2|0|6|3|0|0|2|1|4|3|3|4|2|0|4|1|2|4|3|1|2|1|1|0|1|8|3|3|3|6|2|1|5|4|0|1|1|1|2|0|5|3|2|1|3|3|0|0|3|0|0|0|2|1|3|1|0|0|0|3|0|0|0|0|0|0|1|4|0|0|2|0|1|0|0|0|0|0|3|2|0|0|0|0|0|0|2|0|1|4|2|0|0|0|4|2|0|0|0|0|1|1|0|0|0|0|0|1|1|0|2|0|0|1|0|0|0|0|0|0|0|0|0|0|3|3|0|0|0|0|2|0|3|1|1|0|2|1|1|0|0|0|1|1|0|1|0|0|1|1|0|5|8|8|14|14|15|20|5|16|7|8|18|13|13|28|11|23|28|22|41|26|33|26|30|45|37|45|39|34|20|13|4|1|2</HistCounts>
      </HistItem>
    </Histograms>
    <Metadata>
      <MDI key="BandName">Band_1</MDI>
      <MDI key="RepresentationType">ATHEMATIC</MDI>
      <MDI key="STATISTICS_COVARIANCES">0.001842841692188962,-0.0001964961774612654,0.0006840150680962324</MDI>
      <MDI key="STATISTICS_EXCLUDEDVALUES"></MDI>
      <MDI key="STATISTICS_MAXIMUM">0.93894445896149</MDI>
      <MDI key="STATISTICS_MEAN">0.90528948943154</MDI>
      <MDI key="STATISTICS_MEDIAN">0.928290</MDI>
      <MDI key="STATISTICS_MINIMUM">0.78799998760223</MDI>
      <MDI key="STATISTICS_SKIPFACTORX">1</MDI>
      <MDI key="STATISTICS_SKIPFACTORY">1</MDI>
      <MDI key="STATISTICS_STDDEV">0.04292833204527</MDI>
    </Metadata>
  </PAMRasterBand>
  <PAMRasterBand band="2">
    <Description>Band_2</Description>
    <Histograms>
      <HistItem>
        <HistMin>0.1577499955892563</HistMin>
        <HistMax>0.6520000100135803</HistMax>
        <BucketCount>256</BucketCount>
        <IncludeOutOfRange>1</IncludeOutOfRange>
        <Approximate>0</Approximate>
        <HistCounts>2|0|0|0|1|1|5|0|0|0|0|0|0|0|0|1|0|0|0|1|1|0|3|1|0|0|1|0|0|0|0|0|0|0|0|0|0|1|0|0|0|0|0|0|0|0|0|0|0|1|0|0|0|0|2|0|0|0|0|2|0|1|0|1|0|0|0|0|0|0|0|0|0|0|1|1|2|1|0|1|0|3|4|2|1|0|3|1|3|0|1|2|1|1|1|0|2|1|6|2|1|0|2|4|1|0|4|1|3|2|6|2|5|0|1|2|2|2|3|3|1|0|2|3|5|2|2|5|1|5|2|2|7|4|9|4|1|3|0|4|6|1|2|7|11|3|4|6|3|4|3|3|13|2|9|12|2|7|6|5|10|12|4|8|6|10|7|11|6|8|13|8|5|10|3|8|13|8|12|11|15|21|17|20|12|20|22|16|15|5|19|13|15|13|4|6|13|13|8|11|11|8|7|6|9|9|6|7|3|12|5|3|9|17|10|3|4|0|1|8|6|1|2|5|3|4|3|4|2|2|5|2|5|1|2|4|0|2|0|3|2|6|0|2|8|4|0|0|0|0|0|2|2|0|0|1</HistCounts>
      </HistItem>
    </Histograms>
    <Metadata>
      <MDI key="BandName">Band_2</MDI>
      <MDI key="RepresentationType">ATHEMATIC</MDI>
      <MDI key="STATISTICS_COVARIANCES">-0.0001964961774612654,0.006963063210663322,0.005256917956589975</MDI>
      <MDI key="STATISTICS_EXCLUDEDVALUES"></MDI>
      <MDI key="STATISTICS_MAXIMUM">0.65200001001358</MDI>
      <MDI key="STATISTICS_MEAN">0.49127311034112</MDI>
      <MDI key="STATISTICS_MEDIAN">0.508571</MDI>
      <MDI key="STATISTICS_MINIMUM">0.15774999558926</MDI>
      <MDI key="STATISTICS_SKIPFACTORX">1</MDI>
      <MDI key="STATISTICS_SKIPFACTORY">1</MDI>
      <MDI key="STATISTICS_STDDEV">0.08344497115263</MDI>
    </Metadata>
  </PAMRasterBand>
  <PAMRasterBand band="3">
    <Description>Band_3</Description>
    <Histograms>
      <HistItem>
        <HistMin>0.1805000007152557</HistMin>
        <HistMax>0.5652499794960022</HistMax>
        <BucketCount>256</BucketCount>
        <IncludeOutOfRange>1</IncludeOutOfRange>
        <Approximate>0</Approximate>
        <HistCounts>1|0|0|1|3|0|0|0|1|2|0|0|0|1|0|0|1|0|1|0|1|0|3|1|0|0|1|0|1|0|0|0|0|0|0|1|0|0|0|0|0|0|0|0|1|0|2|0|0|0|0|0|1|0|0|0|0|2|0|0|2|0|1|0|1|0|1|1|0|2|4|3|3|3|1|0|1|0|0|0|1|4|3|0|3|2|5|0|0|3|2|3|0|3|4|2|3|6|1|2|6|0|1|2|3|3|8|3|3|1|4|1|2|9|3|6|7|1|9|4|8|1|0|5|7|6|8|22|5|9|5|7|9|7|7|8|10|10|8|7|13|16|16|10|16|12|13|16|14|16|7|14|17|10|9|19|12|5|9|6|7|14|6|8|5|8|8|5|6|10|7|4|4|6|1|5|3|3|6|8|5|8|2|8|1|3|4|5|5|5|6|7|5|2|13|2|4|5|5|11|3|7|4|4|2|12|9|3|6|6|2|3|4|5|6|6|2|2|1|5|3|5|1|2|2|0|2|3|3|0|5|1|2|3|3|1|4|0|6|0|3|1|1|2|3|0|0|0|0|0|1|0|1|0|0|2</HistCounts>
      </HistItem>
    </Histograms>
    <Metadata>
      <MDI key="BandName">Band_3</MDI>
      <MDI key="RepresentationType">ATHEMATIC</MDI>
      <MDI key="STATISTICS_COVARIANCES">0.0006840150680962324,0.005256917956589975,0.004470204046877036</MDI>
      <MDI key="STATISTICS_EXCLUDEDVALUES"></MDI>
      <MDI key="STATISTICS_MAXIMUM">0.565249979496</MDI>
      <MDI key="STATISTICS_MEAN">0.41208797262809</MDI>
      <MDI key="STATISTICS_MEDIAN">0.408332</MDI>
      <MDI key="STATISTICS_MINIMUM">0.18050000071526</MDI>
      <MDI key="STATISTICS_SKIPFACTORX">1</MDI>
      <MDI key="STATISTICS_SKIPFACTORY">1</MDI>
      <MDI key="STATISTICS_STDDEV">0.066859584555074</MDI>
    </Metadata>
  </PAMRasterBand>
</PAMDataset>
