<PAMDataset>
  <Metadata>
    <MDI key="DataType">Generic</MDI>
  </Metadata>
  <PAMRasterBand band="1">
    <Description>Band_1</Description>
    <Histograms>
      <HistItem>
        <HistMin>0.4460000097751617</HistMin>
        <HistMax>0.9337777495384216</HistMax>
        <BucketCount>256</BucketCount>
        <IncludeOutOfRange>1</IncludeOutOfRange>
        <Approximate>0</Approximate>
        <HistCounts>1|0|0|0|0|0|0|0|0|0|1|0|0|0|0|0|1|0|0|0|0|0|0|1|0|2|0|0|1|0|0|1|1|2|0|1|2|0|1|1|0|1|1|1|0|1|1|1|1|3|1|3|1|2|1|0|4|1|1|3|3|0|0|2|7|2|3|3|6|8|4|3|2|3|2|2|2|6|2|3|2|4|4|5|7|3|3|3|7|3|8|10|7|6|6|7|7|5|9|7|2|2|8|12|12|7|11|18|13|15|11|13|13|9|19|13|14|6|10|24|11|15|20|12|10|12|6|12|13|17|11|5|16|15|4|10|17|11|16|12|16|16|20|17|17|14|13|16|8|10|10|25|9|21|14|17|15|11|8|14|17|21|26|19|29|17|27|32|32|22|43|42|28|26|24|23|26|21|15|24|8|14|21|14|8|9|8|9|7|10|9|5|4|7|2|5|8|2|2|8|4|4|2|3|5|4|2|8|5|4|3|6|0|0|1|4|2|1|0|2|0|1|0|0|0|0|1|3|0|0|0|2|2|0|0|0|2|0|2|0|0|0|1|0|0|0|0|1|13|7|5|1|0|0|0|1</HistCounts>
      </HistItem>
    </Histograms>
    <Metadata>
      <MDI key="BandName">Band_1</MDI>
      <MDI key="RepresentationType">ATHEMATIC</MDI>
      <MDI key="STATISTICS_COVARIANCES">0.005752229352663073,0.00191853575162689,0.001480713896723316</MDI>
      <MDI key="STATISTICS_EXCLUDEDVALUES"></MDI>
      <MDI key="STATISTICS_MAXIMUM">0.93377774953842</MDI>
      <MDI key="STATISTICS_MEAN">0.72590088462262</MDI>
      <MDI key="STATISTICS_MEDIAN">0.736754</MDI>
      <MDI key="STATISTICS_MINIMUM">0.44600000977516</MDI>
      <MDI key="STATISTICS_SKIPFACTORX">1</MDI>
      <MDI key="STATISTICS_SKIPFACTORY">1</MDI>
      <MDI key="STATISTICS_STDDEV">0.075843452932096</MDI>
    </Metadata>
  </PAMRasterBand>
  <PAMRasterBand band="2">
    <Description>Band_2</Description>
    <Histograms>
      <HistItem>
        <HistMin>0.08500000089406967</HistMin>
        <HistMax>0.4514999985694885</HistMax>
        <BucketCount>256</BucketCount>
        <IncludeOutOfRange>1</IncludeOutOfRange>
        <Approximate>0</Approximate>
        <HistCounts>1|0|0|0|0|0|0|0|0|0|0|0|1|0|0|0|1|0|0|0|0|0|0|0|0|0|0|1|0|1|2|0|0|0|1|2|0|1|1|1|2|0|3|1|1|0|0|0|5|2|0|0|0|0|0|1|0|0|0|0|0|2|0|0|0|3|1|0|1|0|1|3|0|0|0|0|0|0|1|0|1|2|0|0|0|0|0|1|0|0|1|2|0|1|1|0|1|0|3|0|1|0|0|0|2|0|5|1|3|1|1|0|1|0|0|1|1|4|3|3|3|0|1|2|2|1|0|3|2|1|10|0|5|8|5|8|11|7|3|7|11|10|9|14|9|16|18|20|17|21|15|22|32|27|33|16|36|30|35|32|37|32|16|24|35|23|12|5|9|17|16|7|8|13|15|12|13|11|9|13|9|15|13|3|14|21|21|16|14|22|16|12|27|20|18|16|19|19|24|19|26|23|25|17|32|16|11|18|23|9|13|12|11|9|15|8|8|18|16|8|14|15|20|15|19|7|14|7|3|11|9|6|4|6|8|1|1|6|5|1|5|2|2|2|5|0|2|1|2|0|0|3|0|0|0|2</HistCounts>
      </HistItem>
    </Histograms>
    <Metadata>
      <MDI key="BandName">Band_2</MDI>
      <MDI key="RepresentationType">ATHEMATIC</MDI>
      <MDI key="STATISTICS_COVARIANCES">0.00191853575162689,0.00272414177549478,0.001698368558877948</MDI>
      <MDI key="STATISTICS_EXCLUDEDVALUES"></MDI>
      <MDI key="STATISTICS_MAXIMUM">0.45149999856949</MDI>
      <MDI key="STATISTICS_MEAN">0.33943661362339</MDI>
      <MDI key="STATISTICS_MEDIAN">0.339394</MDI>
      <MDI key="STATISTICS_MINIMUM">0.08500000089407</MDI>
      <MDI key="STATISTICS_SKIPFACTORX">1</MDI>
      <MDI key="STATISTICS_SKIPFACTORY">1</MDI>
      <MDI key="STATISTICS_STDDEV">0.052193311597318</MDI>
    </Metadata>
  </PAMRasterBand>
  <PAMRasterBand band="3">
    <Description>Band_3</Description>
    <Histograms>
      <HistItem>
        <HistMin>0.1517499983310699</HistMin>
        <HistMax>0.3540000021457672</HistMax>
        <BucketCount>256</BucketCount>
        <IncludeOutOfRange>1</IncludeOutOfRange>
        <Approximate>0</Approximate>
        <HistCounts>1|1|0|0|3|0|0|1|1|0|1|0|1|1|1|2|1|0|0|0|1|7|2|0|0|0|0|0|0|0|1|0|0|0|0|0|0|0|0|0|0|0|0|0|0|0|3|0|1|1|0|0|0|0|0|1|1|1|0|0|1|1|2|0|0|0|0|4|0|2|3|0|0|0|0|1|1|1|1|0|2|1|0|0|2|0|2|1|2|0|1|3|5|3|2|1|1|3|1|2|2|4|1|4|3|2|2|4|3|7|6|6|5|3|6|5|4|4|8|6|4|16|11|7|8|14|10|11|6|9|8|16|16|10|9|26|15|15|12|21|24|25|21|24|30|30|25|16|23|21|18|12|23|8|21|11|13|12|16|11|6|14|14|12|15|9|5|12|10|6|9|8|10|16|8|11|14|9|5|17|15|11|23|16|11|17|18|16|16|14|25|35|28|9|14|19|16|29|20|16|17|14|13|19|8|11|10|11|18|5|7|17|8|6|19|19|9|21|10|6|15|7|8|11|6|5|11|4|2|9|7|5|4|3|1|4|3|7|1|0|4|4|5|3|0|3|0|0|3|1|0|1|3|0|0|2</HistCounts>
      </HistItem>
    </Histograms>
    <Metadata>
      <MDI key="BandName">Band_3</MDI>
      <MDI key="RepresentationType">ATHEMATIC</MDI>
      <MDI key="STATISTICS_COVARIANCES">0.001480713896723316,0.001698368558877948,0.001084475268333724</MDI>
      <MDI key="STATISTICS_EXCLUDEDVALUES"></MDI>
      <MDI key="STATISTICS_MAXIMUM">0.35400000214577</MDI>
      <MDI key="STATISTICS_MEAN">0.28406055020596</MDI>
      <MDI key="STATISTICS_MEDIAN">0.284204</MDI>
      <MDI key="STATISTICS_MINIMUM">0.15174999833107</MDI>
      <MDI key="STATISTICS_SKIPFACTORX">1</MDI>
      <MDI key="STATISTICS_SKIPFACTORY">1</MDI>
      <MDI key="STATISTICS_STDDEV">0.032931372099166</MDI>
    </Metadata>
  </PAMRasterBand>
</PAMDataset>
