<PAMDataset>
  <Metadata>
    <MDI key="DataType">Generic</MDI>
  </Metadata>
  <PAMRasterBand band="1">
    <Description>Band_1</Description>
    <Histograms>
      <HistItem>
        <HistMin>0.5522500276565552</HistMin>
        <HistMax>0.921833336353302</HistMax>
        <BucketCount>256</BucketCount>
        <IncludeOutOfRange>1</IncludeOutOfRange>
        <Approximate>0</Approximate>
        <HistCounts>1|0|0|0|0|0|0|0|0|0|0|0|0|0|0|0|0|0|0|0|0|0|1|0|1|1|0|0|0|0|2|0|0|0|0|2|0|2|0|0|0|0|0|0|2|0|0|0|1|1|1|1|0|1|2|0|0|0|1|0|0|0|2|1|0|0|1|0|1|3|3|3|4|7|6|6|3|2|2|2|14|7|7|8|11|8|8|10|15|7|18|12|16|6|17|12|9|14|9|14|19|16|18|15|26|26|24|20|18|26|24|24|23|20|22|27|16|12|13|11|20|17|14|10|10|13|13|14|13|10|10|10|13|4|10|9|12|4|7|4|7|11|6|4|5|7|3|1|4|6|6|2|9|2|4|2|1|5|7|5|2|0|1|7|3|2|2|3|3|2|1|1|5|4|1|6|2|4|2|0|2|3|1|1|3|1|2|0|4|4|1|4|4|2|1|1|3|2|0|2|3|1|1|1|1|2|0|3|1|0|2|0|0|1|2|0|1|0|0|2|0|0|3|0|2|1|0|2|0|0|0|1|3|0|0|0|1|0|0|0|0|1|0|0|0|0|1|0|0|1|1|1|0|2|1|2</HistCounts>
      </HistItem>
    </Histograms>
    <Metadata>
      <MDI key="BandName">Band_1</MDI>
      <MDI key="RepresentationType">ATHEMATIC</MDI>
      <MDI key="STATISTICS_COVARIANCES">0.002613142436517142,4.602934164808382e-05,0.0001711819216926889</MDI>
      <MDI key="STATISTICS_EXCLUDEDVALUES"></MDI>
      <MDI key="STATISTICS_MAXIMUM">0.9218333363533</MDI>
      <MDI key="STATISTICS_MEAN">0.72640346129456</MDI>
      <MDI key="STATISTICS_MEDIAN">0.716026</MDI>
      <MDI key="STATISTICS_MINIMUM">0.55225002765656</MDI>
      <MDI key="STATISTICS_SKIPFACTORX">1</MDI>
      <MDI key="STATISTICS_SKIPFACTORY">1</MDI>
      <MDI key="STATISTICS_STDDEV">0.051118904883782</MDI>
    </Metadata>
  </PAMRasterBand>
  <PAMRasterBand band="2">
    <Description>Band_2</Description>
    <Histograms>
      <HistItem>
        <HistMin>0.09674999862909317</HistMin>
        <HistMax>0.3387500047683716</HistMax>
        <BucketCount>256</BucketCount>
        <IncludeOutOfRange>1</IncludeOutOfRange>
        <Approximate>0</Approximate>
        <HistCounts>1|0|0|0|0|0|0|0|0|0|0|0|0|0|0|0|0|0|0|0|0|0|0|0|0|0|0|0|0|0|0|0|1|0|0|0|0|1|0|1|0|2|1|0|1|1|0|1|1|0|3|7|7|6|7|5|8|9|9|25|17|32|21|18|23|34|34|36|37|61|30|43|41|39|43|35|35|30|30|29|22|21|20|7|23|11|22|11|11|11|15|13|9|10|7|7|4|13|6|5|8|6|3|1|10|3|2|3|0|2|5|3|2|1|0|5|2|1|1|0|3|1|0|2|0|1|1|3|1|4|3|0|1|5|0|3|1|1|2|0|0|0|0|0|0|1|2|1|4|0|0|0|1|0|0|1|2|0|1|2|0|0|0|1|2|1|1|0|0|0|1|1|2|0|0|0|2|0|0|1|1|0|1|0|0|2|0|0|0|0|0|0|0|0|1|0|0|0|0|0|0|0|0|0|1|0|0|1|0|0|0|0|0|0|0|0|0|0|0|0|0|0|0|0|0|0|0|0|0|0|0|0|0|0|0|0|0|0|0|0|0|0|0|0|0|0|0|0|0|0|0|0|0|0|0|1</HistCounts>
      </HistItem>
    </Histograms>
    <Metadata>
      <MDI key="BandName">Band_2</MDI>
      <MDI key="RepresentationType">ATHEMATIC</MDI>
      <MDI key="STATISTICS_COVARIANCES">4.602934164808382e-05,0.0004671632607927348,0.0003073447726532363</MDI>
      <MDI key="STATISTICS_EXCLUDEDVALUES"></MDI>
      <MDI key="STATISTICS_MAXIMUM">0.33875000476837</MDI>
      <MDI key="STATISTICS_MEAN">0.17224912124773</MDI>
      <MDI key="STATISTICS_MEDIAN">0.166977</MDI>
      <MDI key="STATISTICS_MINIMUM">0.096749998629093</MDI>
      <MDI key="STATISTICS_SKIPFACTORX">1</MDI>
      <MDI key="STATISTICS_SKIPFACTORY">1</MDI>
      <MDI key="STATISTICS_STDDEV">0.021613959859145</MDI>
    </Metadata>
  </PAMRasterBand>
  <PAMRasterBand band="3">
    <Description>Band_3</Description>
    <Histograms>
      <HistItem>
        <HistMin>0.1412499994039536</HistMin>
        <HistMax>0.3019999861717224</HistMax>
        <BucketCount>256</BucketCount>
        <IncludeOutOfRange>1</IncludeOutOfRange>
        <Approximate>0</Approximate>
        <HistCounts>1|0|0|0|0|0|0|0|0|0|0|0|0|0|0|0|0|0|0|0|0|0|0|0|0|0|0|0|0|1|0|0|0|0|0|0|0|1|1|0|0|1|1|0|1|2|2|0|0|2|3|9|2|10|9|12|6|16|14|29|14|31|19|39|22|35|19|45|42|52|44|19|31|32|28|28|42|28|43|25|27|14|21|17|18|5|17|14|10|10|9|15|8|14|9|11|3|11|2|10|4|6|3|6|8|2|5|1|4|4|3|0|2|3|3|4|4|2|2|4|2|0|3|2|1|0|0|0|0|4|2|1|1|2|1|3|2|0|1|0|0|0|2|1|1|0|1|1|1|2|2|0|0|2|1|1|0|0|0|0|2|1|1|1|0|0|1|0|3|1|1|0|0|0|0|0|0|1|0|0|2|0|0|1|1|0|1|0|0|1|0|0|1|0|0|0|0|0|0|0|0|0|0|0|0|0|0|1|0|0|0|0|1|0|0|0|0|0|0|0|0|0|0|0|0|0|0|0|0|0|0|0|0|0|0|0|0|0|0|0|0|0|0|0|0|0|0|0|0|0|0|0|0|0|0|1</HistCounts>
      </HistItem>
    </Histograms>
    <Metadata>
      <MDI key="BandName">Band_3</MDI>
      <MDI key="RepresentationType">ATHEMATIC</MDI>
      <MDI key="STATISTICS_COVARIANCES">0.0001711819216926889,0.0003073447726532363,0.000214186321624497</MDI>
      <MDI key="STATISTICS_EXCLUDEDVALUES"></MDI>
      <MDI key="STATISTICS_MAXIMUM">0.30199998617172</MDI>
      <MDI key="STATISTICS_MEAN">0.19126340054198</MDI>
      <MDI key="STATISTICS_MEDIAN">0.187899</MDI>
      <MDI key="STATISTICS_MINIMUM">0.14124999940395</MDI>
      <MDI key="STATISTICS_SKIPFACTORX">1</MDI>
      <MDI key="STATISTICS_SKIPFACTORY">1</MDI>
      <MDI key="STATISTICS_STDDEV">0.014635105794783</MDI>
    </Metadata>
  </PAMRasterBand>
</PAMDataset>
