<PAMDataset>
  <Metadata>
    <MDI key="DataType">Generic</MDI>
  </Metadata>
  <PAMRasterBand band="1">
    <Description>Band_1</Description>
    <Histograms>
      <HistItem>
        <HistMin>0.476500004529953</HistMin>
        <HistMax>0.9110000133514404</HistMax>
        <BucketCount>256</BucketCount>
        <IncludeOutOfRange>1</IncludeOutOfRange>
        <Approximate>0</Approximate>
        <HistCounts>1|0|0|0|0|0|0|0|0|0|0|0|0|0|1|0|0|0|0|1|0|0|0|0|0|0|1|0|0|0|2|0|0|1|1|2|0|2|0|1|2|2|0|0|1|1|0|2|0|0|0|3|0|0|0|4|1|1|0|3|10|7|4|5|5|9|8|11|1|8|4|4|6|9|1|1|3|4|6|8|5|7|9|5|9|7|6|8|16|13|15|11|14|12|10|15|9|13|8|19|13|16|9|16|10|5|10|15|3|11|13|7|2|1|10|4|9|8|8|4|8|4|6|3|2|10|2|3|7|4|6|2|4|3|2|2|5|3|3|10|5|3|2|7|1|1|3|8|3|4|3|4|3|1|1|4|1|4|1|4|3|2|1|2|5|5|4|4|2|1|4|2|2|2|1|1|1|5|2|2|2|1|0|1|2|3|0|0|1|0|5|2|3|0|3|0|2|0|0|1|0|2|0|2|5|2|0|0|0|0|0|2|0|2|0|0|0|0|2|0|0|0|0|0|0|0|0|0|2|0|0|0|0|0|0|0|0|0|0|0|0|0|0|0|0|0|0|0|0|0|0|0|0|0|0|1</HistCounts>
      </HistItem>
    </Histograms>
    <Metadata>
      <MDI key="BandName">Band_1</MDI>
      <MDI key="RepresentationType">ATHEMATIC</MDI>
      <MDI key="STATISTICS_COVARIANCES">0.00421623225840602,0.0007586998564425301,0.0007042381564399625</MDI>
      <MDI key="STATISTICS_EXCLUDEDVALUES"></MDI>
      <MDI key="STATISTICS_MAXIMUM">0.91100001335144</MDI>
      <MDI key="STATISTICS_MEAN">0.66441005082961</MDI>
      <MDI key="STATISTICS_MEDIAN">0.650300</MDI>
      <MDI key="STATISTICS_MINIMUM">0.47650000452995</MDI>
      <MDI key="STATISTICS_SKIPFACTORX">1</MDI>
      <MDI key="STATISTICS_SKIPFACTORY">1</MDI>
      <MDI key="STATISTICS_STDDEV">0.06493252080742</MDI>
    </Metadata>
  </PAMRasterBand>
  <PAMRasterBand band="2">
    <Description>Band_2</Description>
    <Histograms>
      <HistItem>
        <HistMin>0.1492500007152557</HistMin>
        <HistMax>0.4289999902248383</HistMax>
        <BucketCount>256</BucketCount>
        <IncludeOutOfRange>1</IncludeOutOfRange>
        <Approximate>0</Approximate>
        <HistCounts>1|0|0|0|0|1|0|0|0|0|0|0|1|0|0|1|4|1|0|0|3|2|0|2|0|0|2|0|3|1|1|2|0|1|4|3|2|1|0|0|1|1|5|2|2|0|0|0|4|0|3|5|4|1|5|2|2|7|6|4|6|17|5|0|14|3|16|4|9|12|7|4|19|6|9|9|15|10|9|14|20|12|20|4|12|24|15|20|21|21|25|13|37|9|17|21|12|12|19|6|11|10|10|8|6|10|7|6|8|4|2|5|3|7|3|1|4|1|3|3|2|1|3|4|1|0|3|0|4|1|0|0|0|1|1|1|0|2|3|2|0|1|3|1|1|1|1|2|0|1|0|1|0|0|1|0|0|2|0|0|0|0|0|0|0|0|0|0|2|1|0|0|0|0|0|0|0|0|0|0|1|0|0|0|0|1|0|0|0|0|0|0|0|0|0|0|0|0|0|0|0|0|0|0|0|0|0|0|0|0|1|0|0|0|0|0|0|0|0|0|0|0|0|0|0|0|0|0|0|0|0|0|0|0|0|0|0|0|0|0|0|0|0|0|0|0|0|0|0|0|0|0|0|0|0|1</HistCounts>
      </HistItem>
    </Histograms>
    <Metadata>
      <MDI key="BandName">Band_2</MDI>
      <MDI key="RepresentationType">ATHEMATIC</MDI>
      <MDI key="STATISTICS_COVARIANCES">0.0007586998564425301,0.0007916450563499841,0.0005303814716029046</MDI>
      <MDI key="STATISTICS_EXCLUDEDVALUES"></MDI>
      <MDI key="STATISTICS_MAXIMUM">0.42899999022484</MDI>
      <MDI key="STATISTICS_MEAN">0.24320550623532</MDI>
      <MDI key="STATISTICS_MEDIAN">0.244694</MDI>
      <MDI key="STATISTICS_MINIMUM">0.14925000071526</MDI>
      <MDI key="STATISTICS_SKIPFACTORX">1</MDI>
      <MDI key="STATISTICS_SKIPFACTORY">1</MDI>
      <MDI key="STATISTICS_STDDEV">0.028136187665531</MDI>
    </Metadata>
  </PAMRasterBand>
  <PAMRasterBand band="3">
    <Description>Band_3</Description>
    <Histograms>
      <HistItem>
        <HistMin>0.1692499965429306</HistMin>
        <HistMax>0.4129999876022339</HistMax>
        <BucketCount>256</BucketCount>
        <IncludeOutOfRange>1</IncludeOutOfRange>
        <Approximate>0</Approximate>
        <HistCounts>1|0|0|0|0|0|0|0|0|1|1|1|1|0|0|1|2|0|3|4|4|1|2|1|2|5|6|3|0|0|3|3|2|7|5|5|0|12|0|5|8|3|5|16|15|3|14|9|22|18|13|9|18|15|22|23|20|24|24|26|22|31|23|27|31|20|12|19|6|13|15|17|9|10|7|11|14|1|11|5|8|6|7|0|0|8|2|4|2|4|0|2|3|2|4|3|1|6|0|0|1|1|0|3|1|1|2|2|0|1|2|1|0|0|3|0|1|1|2|0|0|0|1|0|0|0|0|0|0|0|0|0|0|0|0|0|0|0|0|0|0|0|0|0|0|0|0|0|0|0|0|1|0|0|0|0|0|0|0|0|0|0|0|0|0|0|0|0|0|0|1|0|0|0|0|0|0|0|0|0|0|0|0|0|0|0|0|0|0|0|0|0|0|0|0|0|0|0|0|0|0|0|0|0|0|1|0|0|0|0|0|0|0|0|0|0|0|0|0|0|0|0|0|0|0|0|0|0|0|0|0|0|0|0|0|0|0|0|0|0|0|0|0|0|0|0|0|0|0|0|0|0|0|0|0|1</HistCounts>
      </HistItem>
    </Histograms>
    <Metadata>
      <MDI key="BandName">Band_3</MDI>
      <MDI key="RepresentationType">ATHEMATIC</MDI>
      <MDI key="STATISTICS_COVARIANCES">0.0007042381564399625,0.0005303814716029046,0.0003850854598634225</MDI>
      <MDI key="STATISTICS_EXCLUDEDVALUES"></MDI>
      <MDI key="STATISTICS_MAXIMUM">0.41299998760223</MDI>
      <MDI key="STATISTICS_MEAN">0.22746734948836</MDI>
      <MDI key="STATISTICS_MEDIAN">0.226603</MDI>
      <MDI key="STATISTICS_MINIMUM">0.16924999654293</MDI>
      <MDI key="STATISTICS_SKIPFACTORX">1</MDI>
      <MDI key="STATISTICS_SKIPFACTORY">1</MDI>
      <MDI key="STATISTICS_STDDEV">0.019623594468482</MDI>
    </Metadata>
  </PAMRasterBand>
</PAMDataset>
