<PAMDataset>
  <Metadata>
    <MDI key="DataType">Generic</MDI>
  </Metadata>
  <PAMRasterBand band="1">
    <Description>Band_1</Description>
    <Histograms>
      <HistItem>
        <HistMin>0.7167500257492065</HistMin>
        <HistMax>0.9325370192527771</HistMax>
        <BucketCount>256</BucketCount>
        <IncludeOutOfRange>1</IncludeOutOfRange>
        <Approximate>0</Approximate>
        <HistCounts>1|0|0|0|0|0|0|0|0|0|0|0|0|0|0|0|0|0|0|0|0|0|0|0|0|0|0|0|0|0|0|0|0|0|0|0|0|0|0|0|0|0|0|0|0|0|0|0|0|0|0|0|0|0|0|0|0|0|0|0|0|0|0|0|0|0|0|1|0|0|0|0|0|1|0|0|0|0|0|0|0|0|0|0|0|0|0|0|0|0|0|0|0|0|0|0|0|0|0|0|0|0|0|0|0|0|0|1|0|2|0|0|0|0|0|0|0|2|0|0|0|0|0|0|0|0|2|1|1|0|0|0|2|2|0|1|0|1|2|2|4|2|3|0|0|0|4|1|5|0|0|0|0|2|2|5|0|6|3|0|2|2|2|4|2|1|4|0|1|2|1|4|2|2|2|1|0|2|2|1|3|5|2|4|4|2|1|5|2|1|2|0|3|2|4|5|1|4|0|4|2|4|5|0|1|1|2|4|5|1|2|2|8|2|1|4|1|7|8|8|12|2|4|3|6|4|2|3|5|7|9|5|3|2|10|3|7|7|1|13|83|106|82|51|47|39|33|29|16|22|13|7|9|6|0|2</HistCounts>
      </HistItem>
    </Histograms>
    <Metadata>
      <MDI key="BandName">Band_1</MDI>
      <MDI key="RepresentationType">ATHEMATIC</MDI>
      <MDI key="STATISTICS_COVARIANCES">0.0007400594103741927,-0.000355126526838114,-0.0001436784789917428</MDI>
      <MDI key="STATISTICS_EXCLUDEDVALUES"></MDI>
      <MDI key="STATISTICS_MAXIMUM">0.93253701925278</MDI>
      <MDI key="STATISTICS_MEAN">0.90812367625133</MDI>
      <MDI key="STATISTICS_MEDIAN">0.920690</MDI>
      <MDI key="STATISTICS_MINIMUM">0.71675002574921</MDI>
      <MDI key="STATISTICS_SKIPFACTORX">1</MDI>
      <MDI key="STATISTICS_SKIPFACTORY">1</MDI>
      <MDI key="STATISTICS_STDDEV">0.02720403297995</MDI>
    </Metadata>
  </PAMRasterBand>
  <PAMRasterBand band="2">
    <Description>Band_2</Description>
    <Histograms>
      <HistItem>
        <HistMin>0.1152499988675117</HistMin>
        <HistMax>0.5105000138282776</HistMax>
        <BucketCount>256</BucketCount>
        <IncludeOutOfRange>1</IncludeOutOfRange>
        <Approximate>0</Approximate>
        <HistCounts>1|0|0|1|1|0|0|0|0|0|1|3|0|0|0|2|0|1|4|2|1|3|2|1|1|3|3|2|2|5|5|0|4|6|0|4|4|1|2|1|5|5|0|1|2|4|4|5|3|4|3|6|3|4|6|10|4|3|6|6|2|2|3|2|5|16|4|1|3|14|7|8|3|11|4|10|3|10|9|2|11|1|6|3|1|9|8|6|5|4|7|8|9|7|6|6|8|9|10|3|2|7|3|9|6|6|5|16|14|9|12|11|7|10|10|16|5|8|13|10|29|9|12|15|4|24|12|10|9|8|14|8|5|2|9|15|6|9|10|7|15|9|7|8|3|7|2|3|3|0|2|2|2|0|1|0|3|0|0|1|0|0|1|1|2|0|0|0|0|1|0|0|0|0|1|0|0|0|0|0|0|0|0|0|0|0|0|0|0|0|1|0|0|0|0|0|0|0|0|0|0|0|0|0|0|0|0|0|0|0|0|0|0|0|0|0|0|0|0|0|0|0|0|0|0|0|0|0|0|0|0|0|0|0|0|0|0|0|0|0|0|1|1|0|0|0|0|0|0|0|0|0|0|0|0|2</HistCounts>
      </HistItem>
    </Histograms>
    <Metadata>
      <MDI key="BandName">Band_2</MDI>
      <MDI key="RepresentationType">ATHEMATIC</MDI>
      <MDI key="STATISTICS_COVARIANCES">-0.000355126526838114,0.003184154669733702,0.001791395834753347</MDI>
      <MDI key="STATISTICS_EXCLUDEDVALUES"></MDI>
      <MDI key="STATISTICS_MAXIMUM">0.51050001382828</MDI>
      <MDI key="STATISTICS_MEAN">0.26792106850139</MDI>
      <MDI key="STATISTICS_MEDIAN">0.281100</MDI>
      <MDI key="STATISTICS_MINIMUM">0.11524999886751</MDI>
      <MDI key="STATISTICS_SKIPFACTORX">1</MDI>
      <MDI key="STATISTICS_SKIPFACTORY">1</MDI>
      <MDI key="STATISTICS_STDDEV">0.05642831443286</MDI>
    </Metadata>
  </PAMRasterBand>
  <PAMRasterBand band="3">
    <Description>Band_3</Description>
    <Histograms>
      <HistItem>
        <HistMin>0.1615000069141388</HistMin>
        <HistMax>0.5102499723434448</HistMax>
        <BucketCount>256</BucketCount>
        <IncludeOutOfRange>1</IncludeOutOfRange>
        <Approximate>0</Approximate>
        <HistCounts>1|1|0|1|0|0|0|0|0|0|0|0|0|1|2|2|0|2|0|0|2|1|0|1|1|5|1|1|2|3|3|3|1|11|2|4|5|3|1|1|4|4|7|5|7|2|2|3|7|5|4|11|11|14|4|5|11|18|11|7|7|15|10|22|9|8|6|6|16|12|20|14|19|15|9|7|15|9|8|10|26|10|15|26|20|22|14|28|19|21|17|16|16|19|15|8|9|13|17|10|20|11|10|1|13|10|3|5|2|1|2|0|0|0|0|1|0|0|2|1|0|1|0|0|1|0|0|0|0|0|0|0|0|0|0|0|1|0|0|0|0|0|0|1|0|0|0|0|0|0|0|0|0|0|0|0|0|0|0|0|0|0|0|0|0|0|0|0|0|0|0|0|0|0|0|0|0|0|0|0|0|0|0|0|0|0|0|0|0|0|0|0|0|0|0|0|0|0|0|0|0|0|0|0|0|0|0|0|0|0|0|0|0|0|0|0|0|0|0|1|0|0|0|0|0|0|0|0|0|0|0|0|0|0|0|0|0|0|0|0|0|0|0|0|0|0|2|0|0|0|0|0|0|0|0|1</HistCounts>
      </HistItem>
    </Histograms>
    <Metadata>
      <MDI key="BandName">Band_3</MDI>
      <MDI key="RepresentationType">ATHEMATIC</MDI>
      <MDI key="STATISTICS_COVARIANCES">-0.0001436784789917428,0.001791395834753347,0.001084276131298569</MDI>
      <MDI key="STATISTICS_EXCLUDEDVALUES"></MDI>
      <MDI key="STATISTICS_MAXIMUM">0.51024997234344</MDI>
      <MDI key="STATISTICS_MEAN">0.26522445434065</MDI>
      <MDI key="STATISTICS_MEDIAN">0.269544</MDI>
      <MDI key="STATISTICS_MINIMUM">0.16150000691414</MDI>
      <MDI key="STATISTICS_SKIPFACTORX">1</MDI>
      <MDI key="STATISTICS_SKIPFACTORY">1</MDI>
      <MDI key="STATISTICS_STDDEV">0.032928348444745</MDI>
    </Metadata>
  </PAMRasterBand>
</PAMDataset>
