<PAMDataset>
  <Metadata>
    <MDI key="DataType">Generic</MDI>
  </Metadata>
  <PAMRasterBand band="1">
    <Description>Band_1</Description>
    <Histograms>
      <HistItem>
        <HistMin>0.5515000224113464</HistMin>
        <HistMax>0.8872500061988831</HistMax>
        <BucketCount>256</BucketCount>
        <IncludeOutOfRange>1</IncludeOutOfRange>
        <Approximate>0</Approximate>
        <HistCounts>1|0|0|0|0|2|0|0|0|0|0|0|0|0|0|0|0|0|0|1|0|0|0|0|0|0|0|0|0|0|0|0|0|2|0|0|0|1|0|0|0|4|1|0|0|0|1|1|0|0|1|0|2|0|0|2|0|4|0|0|0|2|2|3|0|2|2|6|3|2|0|3|1|3|1|2|0|1|2|3|2|3|3|5|6|1|8|6|5|8|8|8|4|4|19|6|14|15|12|19|17|23|15|16|11|18|23|13|20|16|18|13|21|6|15|14|12|11|17|8|25|11|2|11|16|12|10|14|10|9|13|5|7|6|12|11|9|8|4|5|4|4|7|2|5|2|7|3|5|2|3|5|5|2|3|1|4|6|2|0|4|1|6|3|6|1|2|2|2|1|3|2|1|1|0|6|0|0|0|0|1|0|0|1|0|0|0|0|0|0|0|0|0|0|0|1|0|0|0|0|0|0|0|0|0|0|0|0|0|0|0|0|0|0|0|0|0|0|0|0|0|0|0|0|0|0|0|0|0|0|0|0|0|0|0|0|0|0|0|0|0|0|0|0|0|0|0|0|0|0|0|0|0|0|0|1</HistCounts>
      </HistItem>
    </Histograms>
    <Metadata>
      <MDI key="BandName">Band_1</MDI>
      <MDI key="RepresentationType">ATHEMATIC</MDI>
      <MDI key="STATISTICS_COVARIANCES">0.001210886453187173,-0.0002625696225288574,-0.0001549388558532876</MDI>
      <MDI key="STATISTICS_EXCLUDEDVALUES"></MDI>
      <MDI key="STATISTICS_MAXIMUM">0.88725000619888</MDI>
      <MDI key="STATISTICS_MEAN">0.70131004884325</MDI>
      <MDI key="STATISTICS_MEDIAN">0.697650</MDI>
      <MDI key="STATISTICS_MINIMUM">0.55150002241135</MDI>
      <MDI key="STATISTICS_SKIPFACTORX">1</MDI>
      <MDI key="STATISTICS_SKIPFACTORY">1</MDI>
      <MDI key="STATISTICS_STDDEV">0.034797793797699</MDI>
    </Metadata>
  </PAMRasterBand>
  <PAMRasterBand band="2">
    <Description>Band_2</Description>
    <Histograms>
      <HistItem>
        <HistMin>0.1609999984502792</HistMin>
        <HistMax>0.3587499856948853</HistMax>
        <BucketCount>256</BucketCount>
        <IncludeOutOfRange>1</IncludeOutOfRange>
        <Approximate>0</Approximate>
        <HistCounts>1|0|0|0|0|0|0|0|0|0|0|0|0|0|0|0|0|0|0|0|0|0|0|0|0|0|0|0|0|0|0|0|0|0|0|0|0|0|0|0|0|0|0|0|0|0|0|0|0|0|0|0|0|0|0|0|0|0|0|0|0|0|1|0|0|0|0|0|0|0|0|1|0|0|0|0|0|0|0|2|0|0|0|1|0|1|0|0|0|0|0|0|2|0|0|0|0|0|0|0|0|4|0|1|0|0|0|5|1|0|0|2|1|2|3|2|1|6|0|3|1|2|0|3|6|2|2|5|2|3|0|5|4|1|2|0|14|2|8|6|8|6|6|6|9|10|7|12|9|12|5|9|9|9|7|17|13|7|13|6|11|16|15|14|8|3|8|1|4|7|8|4|10|5|10|10|12|11|3|7|5|12|9|3|7|7|14|6|14|5|13|11|5|17|9|5|12|3|11|13|3|8|10|6|10|12|3|3|6|10|13|13|7|8|3|8|8|12|7|4|4|4|3|3|2|3|4|1|3|5|1|0|0|1|3|3|3|0|0|1|3|0|0|0|0|1|0|0|2|0|0|0|0|0|0|1</HistCounts>
      </HistItem>
    </Histograms>
    <Metadata>
      <MDI key="BandName">Band_2</MDI>
      <MDI key="RepresentationType">ATHEMATIC</MDI>
      <MDI key="STATISTICS_COVARIANCES">-0.0002625696225288574,0.0006300010558145528,0.0004286394467700293</MDI>
      <MDI key="STATISTICS_EXCLUDEDVALUES"></MDI>
      <MDI key="STATISTICS_MAXIMUM">0.35874998569489</MDI>
      <MDI key="STATISTICS_MEAN">0.29660374585287</MDI>
      <MDI key="STATISTICS_MEDIAN">0.296711</MDI>
      <MDI key="STATISTICS_MINIMUM">0.16099999845028</MDI>
      <MDI key="STATISTICS_SKIPFACTORX">1</MDI>
      <MDI key="STATISTICS_SKIPFACTORY">1</MDI>
      <MDI key="STATISTICS_STDDEV">0.025099821828343</MDI>
    </Metadata>
  </PAMRasterBand>
  <PAMRasterBand band="3">
    <Description>Band_3</Description>
    <Histograms>
      <HistItem>
        <HistMin>0.1860000044107437</HistMin>
        <HistMax>0.3237499892711639</HistMax>
        <BucketCount>256</BucketCount>
        <IncludeOutOfRange>1</IncludeOutOfRange>
        <Approximate>0</Approximate>
        <HistCounts>1|0|0|0|0|0|0|0|0|0|0|0|0|0|0|0|0|0|0|0|0|0|0|0|0|0|0|0|0|0|0|0|0|0|0|0|0|0|0|0|0|0|0|0|0|1|0|0|0|0|1|0|0|0|0|0|0|0|0|0|0|2|0|1|1|0|0|0|0|2|0|0|3|0|0|0|0|1|1|1|3|2|2|0|0|2|3|1|0|4|2|3|1|6|4|1|1|3|2|5|6|10|7|4|6|6|4|7|7|7|7|10|10|5|14|13|5|8|21|9|10|9|7|17|20|12|16|8|13|8|16|5|10|8|4|6|13|4|6|11|2|4|2|10|7|6|5|3|7|9|1|7|6|15|7|15|5|2|8|5|5|12|7|6|10|9|3|14|14|7|10|10|8|11|11|6|3|8|7|6|9|10|5|5|4|9|9|8|4|7|6|4|2|6|0|2|0|6|2|3|2|2|0|0|0|2|0|1|3|0|0|1|0|1|0|0|1|0|0|0|0|1|0|0|0|2|0|0|0|0|0|0|0|0|0|0|0|0|0|0|0|0|1|0|0|0|0|0|0|0|0|0|0|0|0|1</HistCounts>
      </HistItem>
    </Histograms>
    <Metadata>
      <MDI key="BandName">Band_3</MDI>
      <MDI key="RepresentationType">ATHEMATIC</MDI>
      <MDI key="STATISTICS_COVARIANCES">-0.0001549388558532876,0.0004286394467700293,0.0003047706700847588</MDI>
      <MDI key="STATISTICS_EXCLUDEDVALUES"></MDI>
      <MDI key="STATISTICS_MAXIMUM">0.32374998927116</MDI>
      <MDI key="STATISTICS_MEAN">0.26301783581976</MDI>
      <MDI key="STATISTICS_MEDIAN">0.261087</MDI>
      <MDI key="STATISTICS_MINIMUM">0.18600000441074</MDI>
      <MDI key="STATISTICS_SKIPFACTORX">1</MDI>
      <MDI key="STATISTICS_SKIPFACTORY">1</MDI>
      <MDI key="STATISTICS_STDDEV">0.017457682265546</MDI>
    </Metadata>
  </PAMRasterBand>
</PAMDataset>
