<PAMDataset>
  <Metadata>
    <MDI key="DataType">Generic</MDI>
  </Metadata>
  <PAMRasterBand band="1">
    <Description>Band_1</Description>
    <Histograms>
      <HistItem>
        <HistMin>0.5360000133514404</HistMin>
        <HistMax>0.931685209274292</HistMax>
        <BucketCount>256</BucketCount>
        <IncludeOutOfRange>1</IncludeOutOfRange>
        <Approximate>0</Approximate>
        <HistCounts>2|0|0|0|0|0|1|0|0|0|0|0|0|0|2|0|1|0|1|2|0|0|1|0|0|0|0|1|0|0|0|0|0|0|2|0|0|1|0|0|1|0|0|4|0|0|1|1|1|1|2|0|4|1|2|0|5|4|0|0|1|4|1|2|3|2|2|2|2|1|3|2|1|1|0|1|4|3|3|1|4|2|3|0|1|1|1|4|0|2|1|3|4|4|3|0|3|1|8|0|0|4|3|2|1|1|1|3|7|1|3|4|4|8|4|3|6|0|2|4|1|5|5|3|5|4|6|2|3|3|2|2|5|5|5|1|3|9|4|9|4|8|13|4|7|10|6|9|4|8|16|6|7|8|5|5|5|3|11|14|6|6|10|10|10|12|8|8|4|7|7|9|7|8|4|4|4|3|13|10|6|1|6|3|2|5|0|1|4|6|4|4|2|6|6|4|0|1|2|6|2|6|4|5|1|8|5|9|0|5|3|5|6|5|4|3|9|0|0|1|3|6|3|6|4|3|3|3|2|2|1|8|3|0|3|2|7|2|2|2|0|1|1|1|2|1|0|20|25|10|6|2|2|0|0|1</HistCounts>
      </HistItem>
    </Histograms>
    <Metadata>
      <MDI key="BandName">Band_1</MDI>
      <MDI key="RepresentationType">ATHEMATIC</MDI>
      <MDI key="STATISTICS_COVARIANCES">0.007103105910300328,0.001862166866439165,0.001434453681294603</MDI>
      <MDI key="STATISTICS_EXCLUDEDVALUES"></MDI>
      <MDI key="STATISTICS_MAXIMUM">0.93168520927429</MDI>
      <MDI key="STATISTICS_MEAN">0.78419927887983</MDI>
      <MDI key="STATISTICS_MEDIAN">0.785825</MDI>
      <MDI key="STATISTICS_MINIMUM">0.53600001335144</MDI>
      <MDI key="STATISTICS_SKIPFACTORX">1</MDI>
      <MDI key="STATISTICS_SKIPFACTORY">1</MDI>
      <MDI key="STATISTICS_STDDEV">0.084279925903505</MDI>
    </Metadata>
  </PAMRasterBand>
  <PAMRasterBand band="2">
    <Description>Band_2</Description>
    <Histograms>
      <HistItem>
        <HistMin>0.1655000001192093</HistMin>
        <HistMax>0.4639999866485596</HistMax>
        <BucketCount>256</BucketCount>
        <IncludeOutOfRange>1</IncludeOutOfRange>
        <Approximate>0</Approximate>
        <HistCounts>5|2|0|1|0|1|0|0|0|0|2|0|2|0|1|1|1|2|2|0|0|0|0|1|0|0|0|0|0|0|0|0|0|0|0|0|1|0|0|1|0|0|0|1|0|0|2|1|0|1|2|1|0|1|0|1|1|0|1|1|1|0|0|2|2|2|1|1|2|1|1|1|2|0|3|5|4|6|5|6|4|4|3|7|5|3|7|8|3|5|6|4|7|2|5|1|3|4|9|8|6|1|10|3|3|2|6|5|9|5|5|2|0|6|7|10|5|6|5|6|10|6|15|7|9|6|11|13|13|9|15|12|8|12|10|16|9|5|14|10|19|18|11|8|19|10|4|8|3|13|3|4|11|12|6|16|5|8|3|6|6|7|4|4|8|11|8|8|1|8|9|6|7|5|5|2|2|1|1|3|2|5|1|5|2|2|1|2|1|2|5|1|2|5|1|0|3|1|0|1|0|0|1|0|1|3|0|3|0|3|2|0|2|1|1|1|0|1|1|0|0|2|0|1|0|0|1|0|0|2|0|3|0|0|0|0|0|0|0|0|0|0|0|0|0|0|0|1|0|0|0|0|0|0|0|2</HistCounts>
      </HistItem>
    </Histograms>
    <Metadata>
      <MDI key="BandName">Band_2</MDI>
      <MDI key="RepresentationType">ATHEMATIC</MDI>
      <MDI key="STATISTICS_COVARIANCES">0.001862166866439165,0.002213644547442674,0.001377849884865809</MDI>
      <MDI key="STATISTICS_EXCLUDEDVALUES"></MDI>
      <MDI key="STATISTICS_MAXIMUM">0.46399998664856</MDI>
      <MDI key="STATISTICS_MEAN">0.3186430658077</MDI>
      <MDI key="STATISTICS_MEDIAN">0.322359</MDI>
      <MDI key="STATISTICS_MINIMUM">0.16550000011921</MDI>
      <MDI key="STATISTICS_SKIPFACTORX">1</MDI>
      <MDI key="STATISTICS_SKIPFACTORY">1</MDI>
      <MDI key="STATISTICS_STDDEV">0.047049384134574</MDI>
    </Metadata>
  </PAMRasterBand>
  <PAMRasterBand band="3">
    <Description>Band_3</Description>
    <Histograms>
      <HistItem>
        <HistMin>0.1857499927282333</HistMin>
        <HistMax>0.3824999928474426</HistMax>
        <BucketCount>256</BucketCount>
        <IncludeOutOfRange>1</IncludeOutOfRange>
        <Approximate>0</Approximate>
        <HistCounts>1|2|3|1|0|1|0|1|3|1|0|0|0|1|1|0|0|2|0|0|0|0|0|0|0|0|1|0|0|0|1|0|1|1|0|0|0|0|0|0|0|0|0|0|0|0|0|0|0|0|0|0|0|2|3|1|0|1|0|3|1|5|4|1|2|1|4|4|4|4|4|2|1|3|7|1|10|6|12|5|6|10|6|1|5|4|7|4|3|4|4|6|7|10|1|11|12|3|6|3|3|2|9|5|8|2|2|6|3|6|8|13|12|7|5|7|7|18|8|11|6|9|11|15|11|10|3|8|20|9|15|10|17|7|10|6|14|11|8|17|11|10|5|5|6|8|13|11|6|7|10|6|9|8|4|8|10|6|2|9|7|10|3|2|3|3|3|2|9|0|2|1|1|4|1|2|4|4|1|3|2|3|0|1|3|3|1|1|2|2|1|3|1|2|2|2|2|0|2|2|1|0|3|0|0|2|0|0|2|1|2|1|0|0|1|0|1|1|0|0|0|0|0|0|2|0|0|0|0|0|0|0|0|0|0|0|0|0|0|0|0|0|0|0|0|0|0|2|0|0|0|0|0|0|0|1</HistCounts>
      </HistItem>
    </Histograms>
    <Metadata>
      <MDI key="BandName">Band_3</MDI>
      <MDI key="RepresentationType">ATHEMATIC</MDI>
      <MDI key="STATISTICS_COVARIANCES">0.001434453681294603,0.001377849884865809,0.000880545649461657</MDI>
      <MDI key="STATISTICS_EXCLUDEDVALUES"></MDI>
      <MDI key="STATISTICS_MAXIMUM">0.38249999284744</MDI>
      <MDI key="STATISTICS_MEAN">0.2810445809281</MDI>
      <MDI key="STATISTICS_MEDIAN">0.282196</MDI>
      <MDI key="STATISTICS_MINIMUM">0.18574999272823</MDI>
      <MDI key="STATISTICS_SKIPFACTORX">1</MDI>
      <MDI key="STATISTICS_SKIPFACTORY">1</MDI>
      <MDI key="STATISTICS_STDDEV">0.029673989442973</MDI>
    </Metadata>
  </PAMRasterBand>
</PAMDataset>
