<PAMDataset>
  <Metadata>
    <MDI key="DataType">Generic</MDI>
  </Metadata>
  <PAMRasterBand band="1">
    <Description>Band_1</Description>
    <Histograms>
      <HistItem>
        <HistMin>0.6382499933242798</HistMin>
        <HistMax>0.9266666769981384</HistMax>
        <BucketCount>256</BucketCount>
        <IncludeOutOfRange>1</IncludeOutOfRange>
        <Approximate>0</Approximate>
        <HistCounts>1|0|0|0|0|0|1|0|0|2|0|2|0|0|3|1|1|4|2|4|2|1|2|3|6|6|4|4|2|6|3|4|3|8|7|3|0|4|2|4|8|4|8|7|1|8|9|12|3|8|9|8|4|12|14|6|5|11|11|16|8|7|19|11|10|6|9|4|13|8|9|7|9|8|12|0|13|10|19|4|10|9|15|9|8|6|5|8|7|13|9|3|8|7|10|12|13|8|8|6|14|9|7|17|7|7|2|5|7|17|7|14|13|15|6|7|13|11|13|5|9|13|11|5|12|10|7|8|7|15|14|12|5|13|10|18|7|14|12|21|13|8|6|18|9|11|10|6|6|4|9|6|10|2|11|8|4|8|6|8|12|3|8|4|11|10|4|12|0|8|12|9|5|1|1|2|2|6|3|2|0|6|1|1|3|5|2|4|0|2|0|0|2|2|2|0|2|1|0|1|3|1|0|4|0|2|1|0|0|2|0|3|0|2|0|3|2|1|4|0|2|2|0|0|0|0|1|2|1|0|1|0|2|0|1|1|1|0|0|0|1|0|0|0|0|0|0|0|2|2|7|1|1|0|0|1</HistCounts>
      </HistItem>
    </Histograms>
    <Metadata>
      <MDI key="BandName">Band_1</MDI>
      <MDI key="RepresentationType">ATHEMATIC</MDI>
      <MDI key="STATISTICS_COVARIANCES">0.003050886964013285,0.001113638279447578,0.0007957847114438656</MDI>
      <MDI key="STATISTICS_EXCLUDEDVALUES"></MDI>
      <MDI key="STATISTICS_MAXIMUM">0.92666667699814</MDI>
      <MDI key="STATISTICS_MEAN">0.76139011256815</MDI>
      <MDI key="STATISTICS_MEDIAN">0.761534</MDI>
      <MDI key="STATISTICS_MINIMUM">0.63824999332428</MDI>
      <MDI key="STATISTICS_SKIPFACTORX">1</MDI>
      <MDI key="STATISTICS_SKIPFACTORY">1</MDI>
      <MDI key="STATISTICS_STDDEV">0.055234834697076</MDI>
    </Metadata>
  </PAMRasterBand>
  <PAMRasterBand band="2">
    <Description>Band_2</Description>
    <Histograms>
      <HistItem>
        <HistMin>0.1087500005960464</HistMin>
        <HistMax>0.4342499971389771</HistMax>
        <BucketCount>256</BucketCount>
        <IncludeOutOfRange>1</IncludeOutOfRange>
        <Approximate>0</Approximate>
        <HistCounts>1|0|0|0|0|0|0|0|0|0|0|0|0|0|0|2|0|0|0|0|1|2|0|1|0|0|0|0|1|2|2|0|1|0|0|0|1|0|0|1|4|1|0|2|0|2|1|0|0|0|2|0|3|0|1|0|1|4|1|0|0|1|1|3|0|0|1|0|1|0|2|1|0|0|3|0|0|6|2|6|3|8|7|6|4|3|3|3|7|3|6|6|9|8|13|7|13|10|12|6|12|18|13|14|6|9|18|15|15|14|16|22|17|20|16|6|9|22|9|11|18|14|36|15|17|14|15|14|9|31|10|19|21|21|8|13|18|16|12|12|14|12|14|11|13|20|22|18|10|10|12|16|16|13|27|6|9|8|11|13|9|24|2|12|12|6|5|10|9|9|7|5|6|12|11|8|3|12|3|4|2|5|5|2|8|2|1|2|6|7|5|3|0|0|1|10|1|6|7|6|4|5|1|4|4|5|3|1|2|1|1|4|1|9|2|1|2|1|1|2|1|0|0|0|0|1|0|0|0|0|0|0|2|0|2|0|0|1|0|0|0|0|2|0|0|1|0|0|1|1|0|0|0|1|0|1</HistCounts>
      </HistItem>
    </Histograms>
    <Metadata>
      <MDI key="BandName">Band_2</MDI>
      <MDI key="RepresentationType">ATHEMATIC</MDI>
      <MDI key="STATISTICS_COVARIANCES">0.001113638279447578,0.002176475436397664,0.001210637392969946</MDI>
      <MDI key="STATISTICS_EXCLUDEDVALUES"></MDI>
      <MDI key="STATISTICS_MAXIMUM">0.43424999713898</MDI>
      <MDI key="STATISTICS_MEAN">0.2806394810086</MDI>
      <MDI key="STATISTICS_MEDIAN">0.277244</MDI>
      <MDI key="STATISTICS_MINIMUM">0.10875000059605</MDI>
      <MDI key="STATISTICS_SKIPFACTORX">1</MDI>
      <MDI key="STATISTICS_SKIPFACTORY">1</MDI>
      <MDI key="STATISTICS_STDDEV">0.046652710922278</MDI>
    </Metadata>
  </PAMRasterBand>
  <PAMRasterBand band="3">
    <Description>Band_3</Description>
    <Histograms>
      <HistItem>
        <HistMin>0.1710000038146973</HistMin>
        <HistMax>0.351500004529953</HistMax>
        <BucketCount>256</BucketCount>
        <IncludeOutOfRange>1</IncludeOutOfRange>
        <Approximate>0</Approximate>
        <HistCounts>3|0|0|0|0|0|0|0|0|1|0|1|0|0|2|1|0|0|0|4|0|1|2|0|0|0|0|0|0|0|0|1|2|2|1|2|0|0|2|3|2|0|2|2|0|0|1|1|3|2|4|2|10|1|4|3|5|4|6|0|1|8|3|9|11|2|5|6|4|9|14|8|12|9|15|12|9|4|6|12|10|19|22|14|11|9|15|15|6|7|19|9|20|7|13|14|9|15|19|25|7|15|11|22|21|17|6|18|18|16|11|7|8|11|20|15|24|16|12|13|16|15|28|12|11|18|22|12|11|18|12|12|10|25|24|11|14|6|5|14|4|16|5|10|8|12|3|10|3|7|12|2|11|8|11|5|7|10|7|2|2|4|4|7|10|2|2|6|4|4|4|2|3|5|1|6|1|1|6|8|3|1|6|3|5|0|2|9|2|3|3|2|2|3|0|2|2|2|1|0|0|0|1|4|0|0|0|2|0|0|0|0|0|1|0|2|0|0|0|0|0|1|0|0|0|0|0|2|0|0|0|0|1|1|0|1|0|0|2|0|0|0|0|0|0|0|0|1|0|0|0|0|0|0|0|1</HistCounts>
      </HistItem>
    </Histograms>
    <Metadata>
      <MDI key="BandName">Band_3</MDI>
      <MDI key="RepresentationType">ATHEMATIC</MDI>
      <MDI key="STATISTICS_COVARIANCES">0.0007957847114438656,0.001210637392969946,0.0006970442545051866</MDI>
      <MDI key="STATISTICS_EXCLUDEDVALUES"></MDI>
      <MDI key="STATISTICS_MAXIMUM">0.35150000452995</MDI>
      <MDI key="STATISTICS_MEAN">0.25181449927501</MDI>
      <MDI key="STATISTICS_MEDIAN">0.250986</MDI>
      <MDI key="STATISTICS_MINIMUM">0.1710000038147</MDI>
      <MDI key="STATISTICS_SKIPFACTORX">1</MDI>
      <MDI key="STATISTICS_SKIPFACTORY">1</MDI>
      <MDI key="STATISTICS_STDDEV">0.026401595681041</MDI>
    </Metadata>
  </PAMRasterBand>
</PAMDataset>
