<PAMDataset>
  <Metadata>
    <MDI key="DataType">Generic</MDI>
  </Metadata>
  <PAMRasterBand band="1">
    <Description>Band_1</Description>
    <Histograms>
      <HistItem>
        <HistMin>0.5394999980926514</HistMin>
        <HistMax>0.9226852059364319</HistMax>
        <BucketCount>256</BucketCount>
        <IncludeOutOfRange>1</IncludeOutOfRange>
        <Approximate>0</Approximate>
        <HistCounts>2|0|0|0|0|2|0|0|2|1|0|0|0|0|3|1|0|0|1|0|0|2|2|1|0|1|5|0|2|0|1|2|1|2|1|4|0|1|1|3|2|6|0|5|4|4|8|4|7|6|11|6|5|5|8|4|5|5|5|8|12|6|15|6|9|12|11|26|21|10|15|20|10|9|12|11|11|10|8|12|4|11|13|12|16|13|18|20|11|8|14|7|19|14|15|23|12|4|10|17|15|13|16|17|16|18|18|15|22|25|24|17|23|26|18|17|24|17|23|30|22|24|16|19|26|22|38|23|22|27|26|38|23|22|17|29|25|24|26|19|21|28|20|25|33|18|23|29|18|26|17|22|16|22|22|33|33|42|31|26|36|29|35|22|28|21|38|24|31|18|14|25|22|19|26|16|26|25|25|18|7|18|13|17|14|19|8|6|14|11|4|6|8|13|6|13|10|5|5|5|9|2|7|3|4|7|4|5|1|6|6|5|1|5|6|3|1|3|2|1|2|1|0|1|0|2|0|2|0|2|1|0|2|0|2|0|0|1|1|1|0|0|0|4|0|1|0|0|2|0|0|0|1|1|3|2</HistCounts>
      </HistItem>
    </Histograms>
    <Metadata>
      <MDI key="BandName">Band_1</MDI>
      <MDI key="RepresentationType">ATHEMATIC</MDI>
      <MDI key="STATISTICS_COVARIANCES">0.004118396222255867,0.001051305558944957,0.0008125883853913015</MDI>
      <MDI key="STATISTICS_EXCLUDEDVALUES"></MDI>
      <MDI key="STATISTICS_MAXIMUM">0.92268520593643</MDI>
      <MDI key="STATISTICS_MEAN">0.73801938433941</MDI>
      <MDI key="STATISTICS_MEDIAN">0.742363</MDI>
      <MDI key="STATISTICS_MINIMUM">0.53949999809265</MDI>
      <MDI key="STATISTICS_SKIPFACTORX">1</MDI>
      <MDI key="STATISTICS_SKIPFACTORY">1</MDI>
      <MDI key="STATISTICS_STDDEV">0.06417473196092</MDI>
    </Metadata>
  </PAMRasterBand>
  <PAMRasterBand band="2">
    <Description>Band_2</Description>
    <Histograms>
      <HistItem>
        <HistMin>0.0949999988079071</HistMin>
        <HistMax>0.5970000028610229</HistMax>
        <BucketCount>256</BucketCount>
        <IncludeOutOfRange>1</IncludeOutOfRange>
        <Approximate>0</Approximate>
        <HistCounts>1|1|0|1|2|0|2|0|0|0|1|0|0|0|0|0|1|0|1|1|0|1|3|1|3|4|3|12|20|32|30|29|64|59|69|66|59|78|56|47|35|57|69|55|69|45|48|47|68|70|75|56|80|90|63|48|80|57|45|53|46|47|67|50|54|42|52|33|34|27|17|26|30|24|24|20|28|16|27|28|17|29|13|11|15|17|15|12|15|11|15|14|8|13|5|9|3|3|7|9|2|0|5|7|6|3|6|3|4|1|0|0|2|2|1|2|1|2|0|0|0|2|0|0|0|3|0|1|1|0|1|0|0|0|0|0|1|0|1|0|0|1|0|1|0|0|0|0|1|0|0|1|0|0|0|0|0|0|1|0|0|0|0|0|0|0|0|0|0|0|0|0|0|0|0|0|0|0|0|0|0|0|0|2|0|0|0|0|0|0|0|0|0|0|0|0|0|0|0|0|0|0|0|0|0|0|0|0|0|0|0|0|0|0|0|0|0|0|0|0|0|0|0|0|0|0|0|0|0|0|0|0|0|0|0|0|0|0|0|0|0|0|0|0|0|0|0|0|0|0|0|0|0|0|0|2</HistCounts>
      </HistItem>
    </Histograms>
    <Metadata>
      <MDI key="BandName">Band_2</MDI>
      <MDI key="RepresentationType">ATHEMATIC</MDI>
      <MDI key="STATISTICS_COVARIANCES">0.001051305558944957,0.001511675323979258,0.0009556891386200212</MDI>
      <MDI key="STATISTICS_EXCLUDEDVALUES"></MDI>
      <MDI key="STATISTICS_MAXIMUM">0.59700000286102</MDI>
      <MDI key="STATISTICS_MEAN">0.20467191875628</MDI>
      <MDI key="STATISTICS_MEDIAN">0.199337</MDI>
      <MDI key="STATISTICS_MINIMUM">0.094999998807907</MDI>
      <MDI key="STATISTICS_SKIPFACTORX">1</MDI>
      <MDI key="STATISTICS_SKIPFACTORY">1</MDI>
      <MDI key="STATISTICS_STDDEV">0.038880269083164</MDI>
    </Metadata>
  </PAMRasterBand>
  <PAMRasterBand band="3">
    <Description>Band_3</Description>
    <Histograms>
      <HistItem>
        <HistMin>0.1382499933242798</HistMin>
        <HistMax>0.5224999785423279</HistMax>
        <BucketCount>256</BucketCount>
        <IncludeOutOfRange>1</IncludeOutOfRange>
        <Approximate>0</Approximate>
        <HistCounts>1|0|1|1|3|0|1|0|0|1|0|0|0|0|0|0|0|1|1|5|4|13|14|25|32|45|61|81|55|76|72|69|56|66|58|77|87|70|78|74|86|90|79|77|74|76|77|59|73|65|66|72|63|57|42|42|32|32|44|36|36|37|42|29|22|32|28|30|17|13|22|17|23|13|13|10|10|10|14|5|2|6|5|3|5|2|4|0|1|2|2|0|2|0|6|0|1|2|0|2|0|0|0|0|2|1|0|0|1|0|1|1|1|0|0|1|0|0|1|0|0|0|0|1|0|0|0|1|1|1|1|0|0|0|0|0|0|0|0|0|0|0|0|0|0|0|0|0|0|0|0|0|0|0|0|0|0|0|0|0|0|0|0|0|0|0|0|0|0|0|0|0|0|0|0|2|0|0|0|0|0|0|0|0|0|0|0|0|0|0|0|0|0|0|0|0|0|0|0|0|0|0|0|0|0|0|0|0|0|0|0|0|0|0|0|0|0|0|0|0|0|0|0|0|0|0|0|0|0|0|0|0|0|0|0|0|0|0|0|0|0|0|0|0|0|0|0|0|0|0|0|0|0|0|0|2</HistCounts>
      </HistItem>
    </Histograms>
    <Metadata>
      <MDI key="BandName">Band_3</MDI>
      <MDI key="RepresentationType">ATHEMATIC</MDI>
      <MDI key="STATISTICS_COVARIANCES">0.0008125883853913015,0.0009556891386200212,0.0006234128105132828</MDI>
      <MDI key="STATISTICS_EXCLUDEDVALUES"></MDI>
      <MDI key="STATISTICS_MAXIMUM">0.52249997854233</MDI>
      <MDI key="STATISTICS_MEAN">0.20740633746948</MDI>
      <MDI key="STATISTICS_MEDIAN">0.203045</MDI>
      <MDI key="STATISTICS_MINIMUM">0.13824999332428</MDI>
      <MDI key="STATISTICS_SKIPFACTORX">1</MDI>
      <MDI key="STATISTICS_SKIPFACTORY">1</MDI>
      <MDI key="STATISTICS_STDDEV">0.024968236031271</MDI>
    </Metadata>
  </PAMRasterBand>
</PAMDataset>
