<PAMDataset>
  <Metadata>
    <MDI key="DataType">Generic</MDI>
  </Metadata>
  <PAMRasterBand band="1">
    <Description>Band_1</Description>
    <Histograms>
      <HistItem>
        <HistMin>0.5410000085830688</HistMin>
        <HistMax>0.926537036895752</HistMax>
        <BucketCount>256</BucketCount>
        <IncludeOutOfRange>1</IncludeOutOfRange>
        <Approximate>0</Approximate>
        <HistCounts>2|0|0|0|0|0|2|1|0|0|4|0|1|0|0|0|1|2|0|0|3|1|1|3|2|3|7|1|2|0|1|0|0|1|6|4|2|2|2|4|4|2|2|1|1|5|1|2|2|2|12|2|0|0|1|6|0|2|3|2|1|2|2|8|3|10|4|2|3|2|6|2|6|12|6|6|2|7|9|3|4|5|0|6|7|4|11|8|7|3|8|3|6|7|12|6|9|14|4|4|9|5|4|6|7|12|15|8|10|8|8|4|11|6|3|7|10|9|4|13|14|4|9|6|14|4|6|10|7|6|9|12|6|7|9|6|3|7|9|12|12|0|11|1|4|13|4|8|5|6|2|6|7|8|1|6|6|7|5|4|10|5|5|9|5|11|2|13|9|5|8|11|2|2|1|5|1|0|7|2|4|5|6|1|3|4|5|4|3|2|0|0|1|0|3|1|0|0|1|1|0|0|0|2|0|3|0|0|0|0|0|1|0|2|0|0|0|1|0|0|0|0|0|0|1|0|0|0|1|0|0|0|0|0|0|0|0|0|0|0|0|0|1|0|0|0|2|2|0|0|1|3|3|5|1|1</HistCounts>
      </HistItem>
    </Histograms>
    <Metadata>
      <MDI key="BandName">Band_1</MDI>
      <MDI key="RepresentationType">ATHEMATIC</MDI>
      <MDI key="STATISTICS_COVARIANCES">0.005118976020531954,0.000344099188220125,0.0004888340830998089</MDI>
      <MDI key="STATISTICS_EXCLUDEDVALUES"></MDI>
      <MDI key="STATISTICS_MAXIMUM">0.92653703689575</MDI>
      <MDI key="STATISTICS_MEAN">0.71908333416505</MDI>
      <MDI key="STATISTICS_MEDIAN">0.719405</MDI>
      <MDI key="STATISTICS_MINIMUM">0.54100000858307</MDI>
      <MDI key="STATISTICS_SKIPFACTORX">1</MDI>
      <MDI key="STATISTICS_SKIPFACTORY">1</MDI>
      <MDI key="STATISTICS_STDDEV">0.071547019648144</MDI>
    </Metadata>
  </PAMRasterBand>
  <PAMRasterBand band="2">
    <Description>Band_2</Description>
    <Histograms>
      <HistItem>
        <HistMin>0.0689999982714653</HistMin>
        <HistMax>0.4052500128746033</HistMax>
        <BucketCount>256</BucketCount>
        <IncludeOutOfRange>1</IncludeOutOfRange>
        <Approximate>0</Approximate>
        <HistCounts>1|0|1|2|0|0|1|0|0|0|0|0|2|0|1|0|0|0|0|0|0|0|0|0|0|0|0|0|0|0|0|0|1|0|0|0|0|0|0|0|0|1|0|0|0|0|0|0|0|0|0|0|0|0|0|0|0|0|0|0|0|0|1|0|0|0|0|3|0|1|0|0|0|0|1|0|0|1|1|2|0|1|0|2|0|0|2|0|0|0|0|0|0|0|0|0|0|1|0|0|1|0|2|0|1|2|0|2|0|0|0|2|1|3|1|2|2|0|1|4|2|5|0|4|4|3|4|1|0|3|4|3|3|5|0|7|3|2|7|3|3|6|7|12|3|4|7|9|7|13|4|4|3|20|8|10|15|14|7|18|15|21|17|24|23|23|14|19|18|25|29|15|16|16|11|16|27|14|12|14|13|18|13|14|13|16|9|12|9|18|4|8|5|16|5|10|13|10|5|7|3|2|2|4|2|5|3|4|4|1|4|7|3|0|3|6|4|1|7|0|0|2|2|0|0|2|0|1|0|1|0|0|0|1|0|0|0|0|0|0|0|2|0|0|2|0|0|0|0|0|0|0|0|1|0|1</HistCounts>
      </HistItem>
    </Histograms>
    <Metadata>
      <MDI key="BandName">Band_2</MDI>
      <MDI key="RepresentationType">ATHEMATIC</MDI>
      <MDI key="STATISTICS_COVARIANCES">0.000344099188220125,0.001621301425906565,0.001035326865522227</MDI>
      <MDI key="STATISTICS_EXCLUDEDVALUES"></MDI>
      <MDI key="STATISTICS_MAXIMUM">0.4052500128746</MDI>
      <MDI key="STATISTICS_MEAN">0.28956944466543</MDI>
      <MDI key="STATISTICS_MEDIAN">0.291848</MDI>
      <MDI key="STATISTICS_MINIMUM">0.068999998271465</MDI>
      <MDI key="STATISTICS_SKIPFACTORX">1</MDI>
      <MDI key="STATISTICS_SKIPFACTORY">1</MDI>
      <MDI key="STATISTICS_STDDEV">0.040265387442648</MDI>
    </Metadata>
  </PAMRasterBand>
  <PAMRasterBand band="3">
    <Description>Band_3</Description>
    <Histograms>
      <HistItem>
        <HistMin>0.1092500016093254</HistMin>
        <HistMax>0.3027499914169312</HistMax>
        <BucketCount>256</BucketCount>
        <IncludeOutOfRange>1</IncludeOutOfRange>
        <Approximate>0</Approximate>
        <HistCounts>3|0|2|0|0|1|0|0|0|0|0|0|1|1|0|0|0|0|0|0|0|0|0|0|0|0|0|0|0|0|0|0|0|0|0|0|0|0|0|0|0|0|0|0|1|0|0|0|0|1|0|0|0|0|0|0|0|0|0|0|0|0|0|0|0|0|0|0|0|0|0|2|0|0|0|0|0|0|2|0|0|0|1|0|0|4|0|0|1|0|0|3|0|2|0|1|3|1|0|1|0|0|0|0|3|1|1|3|2|2|3|0|1|2|5|0|0|2|2|7|1|3|0|5|0|4|1|5|1|2|2|3|5|2|6|4|0|2|2|0|9|4|2|7|2|7|3|6|5|5|4|8|6|7|10|10|6|10|10|14|5|6|10|10|8|12|14|17|17|17|27|20|16|9|14|21|6|9|11|18|10|26|9|17|17|12|25|14|10|15|13|12|14|12|11|18|9|3|10|6|10|13|4|11|5|4|1|4|2|8|5|5|11|8|7|4|7|5|3|1|3|1|1|3|5|5|0|4|1|2|0|7|2|2|1|0|5|0|2|3|1|3|0|0|0|2|0|2|0|0|0|0|1|0|0|2</HistCounts>
      </HistItem>
    </Histograms>
    <Metadata>
      <MDI key="BandName">Band_3</MDI>
      <MDI key="RepresentationType">ATHEMATIC</MDI>
      <MDI key="STATISTICS_COVARIANCES">0.0004888340830998089,0.001035326865522227,0.0006881534538900677</MDI>
      <MDI key="STATISTICS_EXCLUDEDVALUES"></MDI>
      <MDI key="STATISTICS_MAXIMUM">0.30274999141693</MDI>
      <MDI key="STATISTICS_MEAN">0.24125209675645</MDI>
      <MDI key="STATISTICS_MEDIAN">0.242803</MDI>
      <MDI key="STATISTICS_MINIMUM">0.10925000160933</MDI>
      <MDI key="STATISTICS_SKIPFACTORX">1</MDI>
      <MDI key="STATISTICS_SKIPFACTORY">1</MDI>
      <MDI key="STATISTICS_STDDEV">0.026232679121471</MDI>
    </Metadata>
  </PAMRasterBand>
</PAMDataset>
