<PAMDataset>
  <Metadata>
    <MDI key="DataType">Generic</MDI>
  </Metadata>
  <PAMRasterBand band="1">
    <Description>Band_1</Description>
    <Histograms>
      <HistItem>
        <HistMin>0.4107500016689301</HistMin>
        <HistMax>0.9229259490966797</HistMax>
        <BucketCount>256</BucketCount>
        <IncludeOutOfRange>1</IncludeOutOfRange>
        <Approximate>0</Approximate>
        <HistCounts>1|1|6|1|0|3|0|2|3|4|5|0|1|0|5|1|2|3|3|3|5|5|4|2|0|3|3|2|10|3|6|4|6|3|4|5|2|10|2|2|3|2|4|0|3|3|6|8|1|5|9|4|4|9|0|0|0|8|13|1|3|4|0|4|1|2|3|2|4|4|1|4|1|1|2|0|2|0|0|5|4|0|3|0|0|3|2|2|3|2|3|0|3|1|0|0|6|0|2|1|6|3|2|1|1|2|4|2|2|0|0|2|0|9|1|3|5|1|1|4|1|2|0|3|1|1|0|0|2|2|6|2|5|4|3|4|2|1|2|6|6|8|5|3|4|3|5|10|3|1|3|4|8|10|3|4|3|18|2|10|6|5|6|6|3|7|7|7|6|6|15|12|7|10|12|20|10|20|12|18|20|14|25|19|20|21|20|25|16|20|30|25|29|22|23|12|23|17|17|19|24|25|18|20|17|25|23|20|17|16|17|19|12|10|28|7|17|22|18|9|9|16|11|9|8|18|13|12|9|4|5|12|8|10|12|4|5|9|3|3|2|6|6|3|1|2|0|4|2|3|4|0|0|5|2|2</HistCounts>
      </HistItem>
    </Histograms>
    <Metadata>
      <MDI key="BandName">Band_1</MDI>
      <MDI key="RepresentationType">ATHEMATIC</MDI>
      <MDI key="STATISTICS_COVARIANCES">0.0153802955360895,0.002899483021367544,0.002982701881518639</MDI>
      <MDI key="STATISTICS_EXCLUDEDVALUES"></MDI>
      <MDI key="STATISTICS_MAXIMUM">0.92292594909668</MDI>
      <MDI key="STATISTICS_MEAN">0.74570554642725</MDI>
      <MDI key="STATISTICS_MEDIAN">0.786346</MDI>
      <MDI key="STATISTICS_MINIMUM">0.41075000166893</MDI>
      <MDI key="STATISTICS_SKIPFACTORX">1</MDI>
      <MDI key="STATISTICS_SKIPFACTORY">1</MDI>
      <MDI key="STATISTICS_STDDEV">0.1240173195005</MDI>
    </Metadata>
  </PAMRasterBand>
  <PAMRasterBand band="2">
    <Description>Band_2</Description>
    <Histograms>
      <HistItem>
        <HistMin>0.1809999942779541</HistMin>
        <HistMax>0.4652499854564667</HistMax>
        <BucketCount>256</BucketCount>
        <IncludeOutOfRange>1</IncludeOutOfRange>
        <Approximate>0</Approximate>
        <HistCounts>1|0|0|2|0|3|2|0|0|0|0|2|0|1|0|2|1|3|8|11|3|5|7|7|3|2|9|4|4|12|2|4|4|7|9|5|14|9|4|7|9|9|7|6|1|12|1|13|2|11|8|6|8|6|13|4|9|13|7|10|11|11|5|9|2|13|9|18|5|4|12|22|11|11|6|6|11|6|4|4|6|15|14|9|8|4|5|10|0|4|6|7|7|4|6|10|3|11|10|9|8|7|11|1|8|5|2|3|6|3|6|3|2|7|7|7|3|8|1|4|2|5|2|2|7|1|2|4|1|2|3|3|3|2|0|3|5|11|5|6|2|2|1|1|0|0|2|1|3|4|3|9|7|2|1|2|2|2|4|2|8|5|4|4|7|5|4|13|14|8|3|3|9|4|12|5|17|7|10|15|16|10|14|15|11|32|15|24|14|27|18|30|16|22|11|11|17|9|8|13|7|8|15|11|19|14|4|7|6|14|5|12|7|6|4|16|4|7|10|7|5|4|5|8|7|11|12|2|7|5|2|7|6|4|6|7|4|2|4|7|1|2|3|4|2|6|7|2|1|3|1|1|4|4|1|2</HistCounts>
      </HistItem>
    </Histograms>
    <Metadata>
      <MDI key="BandName">Band_2</MDI>
      <MDI key="RepresentationType">ATHEMATIC</MDI>
      <MDI key="STATISTICS_COVARIANCES">0.002899483021367544,0.005826582107295571,0.003363045292293418</MDI>
      <MDI key="STATISTICS_EXCLUDEDVALUES"></MDI>
      <MDI key="STATISTICS_MAXIMUM">0.46524998545647</MDI>
      <MDI key="STATISTICS_MEAN">0.33328071453131</MDI>
      <MDI key="STATISTICS_MEDIAN">0.350435</MDI>
      <MDI key="STATISTICS_MINIMUM">0.18099999427795</MDI>
      <MDI key="STATISTICS_SKIPFACTORX">1</MDI>
      <MDI key="STATISTICS_SKIPFACTORY">1</MDI>
      <MDI key="STATISTICS_STDDEV">0.076332051638192</MDI>
    </Metadata>
  </PAMRasterBand>
  <PAMRasterBand band="3">
    <Description>Band_3</Description>
    <Histograms>
      <HistItem>
        <HistMin>0.1914999932050705</HistMin>
        <HistMax>0.4210000038146973</HistMax>
        <BucketCount>256</BucketCount>
        <IncludeOutOfRange>1</IncludeOutOfRange>
        <Approximate>0</Approximate>
        <HistCounts>3|2|0|0|1|2|0|0|2|4|7|6|5|5|1|13|11|6|5|11|14|8|4|11|9|16|17|9|22|3|22|17|19|13|9|17|15|19|9|12|9|20|18|19|12|11|20|13|23|11|18|8|12|8|7|15|15|11|12|14|8|16|8|9|10|9|6|7|7|6|10|10|7|5|3|6|10|4|6|0|4|1|4|3|2|4|5|4|4|2|1|6|2|7|6|0|2|3|8|2|2|3|11|1|2|3|5|4|6|9|8|4|7|10|9|7|5|7|15|4|9|19|9|11|5|12|15|21|32|27|32|14|13|34|20|29|19|20|27|20|7|20|16|21|8|8|7|8|9|7|7|14|6|11|5|12|14|7|10|0|8|16|6|8|11|6|5|3|8|0|3|7|4|7|2|4|7|8|2|1|4|2|5|0|2|5|3|1|1|0|0|0|0|0|0|0|0|0|0|0|0|0|1|0|0|0|0|0|0|0|0|1|0|0|0|0|0|0|0|0|0|0|0|0|0|0|0|0|0|0|0|0|0|0|0|0|0|0|0|0|0|0|0|0|0|2|0|0|0|0|0|0|0|0|0|1</HistCounts>
      </HistItem>
    </Histograms>
    <Metadata>
      <MDI key="BandName">Band_3</MDI>
      <MDI key="RepresentationType">ATHEMATIC</MDI>
      <MDI key="STATISTICS_COVARIANCES">0.002982701881518639,0.003363045292293418,0.002101051134298048</MDI>
      <MDI key="STATISTICS_EXCLUDEDVALUES"></MDI>
      <MDI key="STATISTICS_MAXIMUM">0.4210000038147</MDI>
      <MDI key="STATISTICS_MEAN">0.27548981094001</MDI>
      <MDI key="STATISTICS_MEDIAN">0.282400</MDI>
      <MDI key="STATISTICS_MINIMUM">0.19149999320507</MDI>
      <MDI key="STATISTICS_SKIPFACTORX">1</MDI>
      <MDI key="STATISTICS_SKIPFACTORY">1</MDI>
      <MDI key="STATISTICS_STDDEV">0.045837224330211</MDI>
    </Metadata>
  </PAMRasterBand>
</PAMDataset>
