<PAMDataset>
  <Metadata>
    <MDI key="DataType">Generic</MDI>
  </Metadata>
  <PAMRasterBand band="1">
    <Description>Band_1</Description>
    <Histograms>
      <HistItem>
        <HistMin>0.7777500152587891</HistMin>
        <HistMax>0.9364073872566223</HistMax>
        <BucketCount>256</BucketCount>
        <IncludeOutOfRange>1</IncludeOutOfRange>
        <Approximate>0</Approximate>
        <HistCounts>1|0|0|0|1|0|0|0|0|0|0|0|0|0|0|0|0|0|0|0|0|0|0|0|0|0|0|0|0|0|0|0|0|0|0|0|0|0|0|0|0|0|0|0|0|0|0|0|0|0|0|0|0|0|0|0|0|0|0|0|0|0|0|0|0|0|0|0|0|0|0|0|0|0|0|0|0|0|0|0|0|0|0|0|0|0|2|0|0|0|0|0|0|0|0|0|0|0|0|0|0|0|0|0|0|0|1|0|0|1|2|0|0|0|2|0|0|0|0|2|0|0|0|0|2|1|0|1|0|0|1|0|0|0|1|0|0|0|0|0|0|0|2|0|0|1|0|0|0|1|0|0|0|0|0|1|0|1|0|3|0|1|0|1|0|1|0|3|0|3|2|0|1|1|0|2|0|0|2|2|0|0|0|2|2|0|2|0|0|0|0|0|1|1|1|3|0|0|3|0|1|1|2|3|1|2|1|0|1|1|1|0|5|1|4|3|5|2|5|0|6|1|5|6|1|4|7|2|20|36|40|66|65|91|79|91|110|95|97|110|99|76|75|90|45|53|39|26|25|24|20|10|16|7|5|1</HistCounts>
      </HistItem>
    </Histograms>
    <Metadata>
      <MDI key="BandName">Band_1</MDI>
      <MDI key="RepresentationType">ATHEMATIC</MDI>
      <MDI key="STATISTICS_COVARIANCES">0.0001427172450209085,0.0002460663279592012,0.0001895231131612341</MDI>
      <MDI key="STATISTICS_EXCLUDEDVALUES"></MDI>
      <MDI key="STATISTICS_MAXIMUM">0.93640738725662</MDI>
      <MDI key="STATISTICS_MEAN">0.92388951506327</MDI>
      <MDI key="STATISTICS_MEDIAN">0.925208</MDI>
      <MDI key="STATISTICS_MINIMUM">0.77775001525879</MDI>
      <MDI key="STATISTICS_SKIPFACTORX">1</MDI>
      <MDI key="STATISTICS_SKIPFACTORY">1</MDI>
      <MDI key="STATISTICS_STDDEV">0.011946432313495</MDI>
    </Metadata>
  </PAMRasterBand>
  <PAMRasterBand band="2">
    <Description>Band_2</Description>
    <Histograms>
      <HistItem>
        <HistMin>0.2569999992847443</HistMin>
        <HistMax>0.6769999861717224</HistMax>
        <BucketCount>256</BucketCount>
        <IncludeOutOfRange>1</IncludeOutOfRange>
        <Approximate>0</Approximate>
        <HistCounts>1|0|0|0|0|0|0|0|0|0|0|0|0|0|0|0|4|0|0|0|0|1|0|0|0|0|1|0|1|0|0|0|1|0|0|0|0|2|1|0|2|1|2|0|3|1|1|1|1|1|0|0|0|0|0|0|1|1|5|0|0|0|1|1|3|1|1|1|0|0|1|3|1|3|2|0|2|3|2|2|2|1|1|1|0|0|2|4|2|0|3|1|1|0|0|3|2|0|2|6|0|1|2|6|1|5|3|1|1|1|2|2|2|4|3|0|5|5|7|8|5|12|14|13|18|18|10|15|20|29|28|30|30|44|32|34|43|56|29|49|42|46|36|41|38|40|32|29|24|23|21|28|29|18|21|27|18|20|21|7|18|15|17|19|10|8|13|15|7|9|9|9|11|7|13|11|9|7|8|5|6|15|5|13|9|6|14|9|4|5|4|5|19|10|5|2|6|3|4|0|5|2|0|3|2|1|0|1|1|0|2|1|0|0|4|1|1|1|0|1|1|2|1|0|0|1|0|0|2|0|0|0|1|0|0|1|2|0|0|0|0|0|0|0|0|0|0|0|2|0|0|0|0|0|0|1</HistCounts>
      </HistItem>
    </Histograms>
    <Metadata>
      <MDI key="BandName">Band_2</MDI>
      <MDI key="RepresentationType">ATHEMATIC</MDI>
      <MDI key="STATISTICS_COVARIANCES">0.0002460663279592012,0.002305565631556635,0.001420067965651756</MDI>
      <MDI key="STATISTICS_EXCLUDEDVALUES"></MDI>
      <MDI key="STATISTICS_MAXIMUM">0.67699998617172</MDI>
      <MDI key="STATISTICS_MEAN">0.49645328704932</MDI>
      <MDI key="STATISTICS_MEDIAN">0.492529</MDI>
      <MDI key="STATISTICS_MINIMUM">0.25699999928474</MDI>
      <MDI key="STATISTICS_SKIPFACTORX">1</MDI>
      <MDI key="STATISTICS_SKIPFACTORY">1</MDI>
      <MDI key="STATISTICS_STDDEV">0.048016305892443</MDI>
    </Metadata>
  </PAMRasterBand>
  <PAMRasterBand band="3">
    <Description>Band_3</Description>
    <Histograms>
      <HistItem>
        <HistMin>0.2472500056028366</HistMin>
        <HistMax>0.5289999842643738</HistMax>
        <BucketCount>256</BucketCount>
        <IncludeOutOfRange>1</IncludeOutOfRange>
        <Approximate>0</Approximate>
        <HistCounts>1|0|0|0|0|0|0|0|0|0|0|0|0|0|0|0|0|0|2|0|0|0|0|2|0|0|0|0|1|0|2|0|0|0|0|0|0|0|0|0|0|0|0|1|0|0|0|1|0|0|0|0|0|0|1|0|3|0|0|1|0|1|0|3|1|0|1|0|1|4|0|2|1|0|1|1|0|4|1|2|0|1|0|1|1|0|3|0|1|0|1|0|1|5|0|3|0|3|0|2|1|0|0|1|4|1|1|4|0|4|2|3|4|1|3|2|2|4|0|0|0|2|0|2|0|1|5|2|3|1|2|0|0|2|2|7|5|5|8|5|10|8|10|9|16|12|13|17|29|13|30|25|20|24|33|37|35|63|45|49|48|30|49|37|50|52|49|30|27|33|22|31|28|19|26|30|20|17|24|22|14|15|18|23|24|11|8|2|13|10|9|20|3|12|9|8|7|10|1|10|5|4|7|10|7|12|2|15|6|9|2|4|3|5|3|2|1|1|0|6|0|5|0|3|1|0|2|1|2|0|0|0|0|3|0|1|0|0|0|0|0|0|0|0|0|0|0|0|0|0|2|0|0|0|0|1</HistCounts>
      </HistItem>
    </Histograms>
    <Metadata>
      <MDI key="BandName">Band_3</MDI>
      <MDI key="RepresentationType">ATHEMATIC</MDI>
      <MDI key="STATISTICS_COVARIANCES">0.0001895231131612341,0.001420067965651756,0.0009370225684816123</MDI>
      <MDI key="STATISTICS_EXCLUDEDVALUES"></MDI>
      <MDI key="STATISTICS_MAXIMUM">0.52899998426437</MDI>
      <MDI key="STATISTICS_MEAN">0.4282382831966</MDI>
      <MDI key="STATISTICS_MEDIAN">0.428454</MDI>
      <MDI key="STATISTICS_MINIMUM">0.24725000560284</MDI>
      <MDI key="STATISTICS_SKIPFACTORX">1</MDI>
      <MDI key="STATISTICS_SKIPFACTORY">1</MDI>
      <MDI key="STATISTICS_STDDEV">0.030610824367887</MDI>
    </Metadata>
  </PAMRasterBand>
</PAMDataset>
