<PAMDataset>
  <Metadata>
    <MDI key="DataType">Generic</MDI>
  </Metadata>
  <PAMRasterBand band="1">
    <Description>Band_1</Description>
    <Histograms>
      <HistItem>
        <HistMin>0.6995000243186951</HistMin>
        <HistMax>0.9330000281333923</HistMax>
        <BucketCount>256</BucketCount>
        <IncludeOutOfRange>1</IncludeOutOfRange>
        <Approximate>0</Approximate>
        <HistCounts>1|0|0|0|0|0|1|0|0|1|2|1|0|1|0|1|0|0|1|1|0|0|0|0|0|0|0|0|0|0|0|0|0|0|0|0|0|0|0|0|0|0|1|0|0|0|0|0|0|0|0|0|0|0|0|1|0|0|0|0|0|0|0|0|1|0|0|1|0|0|1|1|1|1|0|1|0|1|0|0|0|1|0|0|0|0|0|0|0|1|0|0|0|1|1|0|2|0|0|0|0|0|0|1|0|0|0|0|0|0|0|0|1|1|1|2|0|0|0|2|3|0|0|1|0|0|2|0|0|0|0|0|0|0|0|1|0|2|1|0|1|2|0|0|1|2|1|1|0|2|0|1|2|0|0|5|1|1|3|0|2|0|1|1|0|1|0|1|1|0|0|0|1|2|0|2|1|1|0|3|2|2|3|1|4|0|2|4|2|2|2|1|0|2|1|0|1|5|1|1|0|2|2|0|0|1|5|2|4|1|2|3|2|1|3|3|2|2|0|4|1|0|1|1|4|2|2|6|2|4|1|3|2|6|6|3|0|2|1|6|15|65|90|94|89|99|104|95|59|38|16|4|3|2|1|1</HistCounts>
      </HistItem>
    </Histograms>
    <Metadata>
      <MDI key="BandName">Band_1</MDI>
      <MDI key="RepresentationType">ATHEMATIC</MDI>
      <MDI key="STATISTICS_COVARIANCES">0.001309051917824913,-0.0004953461027082307,-0.0002205345613475388</MDI>
      <MDI key="STATISTICS_EXCLUDEDVALUES"></MDI>
      <MDI key="STATISTICS_MAXIMUM">0.93300002813339</MDI>
      <MDI key="STATISTICS_MEAN">0.9104819417966</MDI>
      <MDI key="STATISTICS_MEDIAN">0.922927</MDI>
      <MDI key="STATISTICS_MINIMUM">0.6995000243187</MDI>
      <MDI key="STATISTICS_SKIPFACTORX">1</MDI>
      <MDI key="STATISTICS_SKIPFACTORY">1</MDI>
      <MDI key="STATISTICS_STDDEV">0.036180822514488</MDI>
    </Metadata>
  </PAMRasterBand>
  <PAMRasterBand band="2">
    <Description>Band_2</Description>
    <Histograms>
      <HistItem>
        <HistMin>0.07900000363588333</HistMin>
        <HistMax>0.387499988079071</HistMax>
        <BucketCount>256</BucketCount>
        <IncludeOutOfRange>1</IncludeOutOfRange>
        <Approximate>0</Approximate>
        <HistCounts>2|0|0|0|0|1|0|0|0|0|0|0|0|0|0|1|1|0|0|2|1|0|0|0|0|8|12|4|11|8|19|5|10|23|16|24|31|21|30|18|21|18|17|6|23|12|10|18|14|5|20|14|12|12|3|9|7|12|10|11|12|19|5|7|12|10|11|5|9|12|11|5|1|14|4|22|12|7|7|12|4|11|9|2|8|11|11|11|2|9|5|7|5|2|10|1|11|5|3|4|5|5|5|2|2|3|2|2|6|2|4|1|3|4|3|3|1|1|1|2|1|4|4|2|1|2|0|0|1|4|2|1|5|0|1|0|3|3|1|1|0|0|2|0|1|5|2|1|0|0|2|2|0|1|4|0|0|2|3|0|0|0|0|2|0|1|0|0|1|1|1|2|0|3|0|0|0|2|0|0|0|0|2|2|1|1|0|0|1|1|0|2|0|0|0|0|1|0|0|0|0|1|4|0|0|0|0|1|0|0|0|1|0|0|0|0|0|0|0|0|0|0|1|2|0|0|1|0|0|1|0|0|0|0|0|0|0|0|0|1|0|0|0|1|0|0|0|0|0|0|0|0|0|0|0|1</HistCounts>
      </HistItem>
    </Histograms>
    <Metadata>
      <MDI key="BandName">Band_2</MDI>
      <MDI key="RepresentationType">ATHEMATIC</MDI>
      <MDI key="STATISTICS_COVARIANCES">-0.0004953461027082307,0.002256628550721775,0.001395560040374863</MDI>
      <MDI key="STATISTICS_EXCLUDEDVALUES"></MDI>
      <MDI key="STATISTICS_MAXIMUM">0.38749998807907</MDI>
      <MDI key="STATISTICS_MEAN">0.16268363722582</MDI>
      <MDI key="STATISTICS_MEDIAN">0.150378</MDI>
      <MDI key="STATISTICS_MINIMUM">0.079000003635883</MDI>
      <MDI key="STATISTICS_SKIPFACTORX">1</MDI>
      <MDI key="STATISTICS_SKIPFACTORY">1</MDI>
      <MDI key="STATISTICS_STDDEV">0.047503984577315</MDI>
    </Metadata>
  </PAMRasterBand>
  <PAMRasterBand band="3">
    <Description>Band_3</Description>
    <Histograms>
      <HistItem>
        <HistMin>0.1367499977350235</HistMin>
        <HistMax>0.3260000050067902</HistMax>
        <BucketCount>256</BucketCount>
        <IncludeOutOfRange>1</IncludeOutOfRange>
        <Approximate>0</Approximate>
        <HistCounts>1|0|0|1|0|1|0|0|1|0|0|0|1|0|0|1|0|0|1|0|0|3|12|3|6|14|11|10|7|9|12|12|17|28|19|14|18|26|17|24|16|12|16|8|12|10|9|13|8|13|7|20|7|14|16|5|10|6|8|10|15|2|16|8|15|14|10|6|11|12|6|17|12|7|11|8|8|11|15|7|7|2|6|7|12|10|4|4|8|10|7|4|7|8|4|5|1|8|4|4|6|6|5|7|3|2|5|4|2|1|1|5|0|0|2|3|5|3|0|2|5|3|3|2|3|0|1|1|0|3|5|1|0|0|2|0|1|4|4|4|2|2|1|0|0|1|2|0|0|1|1|0|1|2|0|1|2|1|1|1|0|1|1|2|2|2|1|0|1|0|2|0|0|0|0|0|0|0|0|5|0|0|0|0|1|0|0|0|2|4|2|0|0|1|0|0|0|0|0|2|0|0|0|0|1|0|0|0|1|0|2|0|1|0|0|0|2|0|0|0|0|1|0|0|0|1|0|0|0|0|0|0|1|0|0|0|0|0|0|0|0|1|0|0|0|0|0|0|0|0|0|0|0|0|1|1</HistCounts>
      </HistItem>
    </Histograms>
    <Metadata>
      <MDI key="BandName">Band_3</MDI>
      <MDI key="RepresentationType">ATHEMATIC</MDI>
      <MDI key="STATISTICS_COVARIANCES">-0.0002205345613475388,0.001395560040374863,0.0008804880600720746</MDI>
      <MDI key="STATISTICS_EXCLUDEDVALUES"></MDI>
      <MDI key="STATISTICS_MAXIMUM">0.32600000500679</MDI>
      <MDI key="STATISTICS_MEAN">0.18800506543787</MDI>
      <MDI key="STATISTICS_MEDIAN">0.181279</MDI>
      <MDI key="STATISTICS_MINIMUM">0.13674999773502</MDI>
      <MDI key="STATISTICS_SKIPFACTORX">1</MDI>
      <MDI key="STATISTICS_SKIPFACTORY">1</MDI>
      <MDI key="STATISTICS_STDDEV">0.029673019058938</MDI>
    </Metadata>
  </PAMRasterBand>
</PAMDataset>
