<PAMDataset>
  <Metadata>
    <MDI key="DataType">Generic</MDI>
  </Metadata>
  <PAMRasterBand band="1">
    <Description>Band_1</Description>
    <Histograms>
      <HistItem>
        <HistMin>0.6790000200271606</HistMin>
        <HistMax>0.933555543422699</HistMax>
        <BucketCount>256</BucketCount>
        <IncludeOutOfRange>1</IncludeOutOfRange>
        <Approximate>0</Approximate>
        <HistCounts>1|0|0|0|0|0|0|0|0|0|0|0|0|0|0|0|0|0|0|0|0|0|0|0|0|0|0|0|0|0|0|0|0|0|0|0|1|0|0|0|0|0|0|0|0|0|0|0|0|0|0|0|0|0|0|0|0|0|0|0|0|0|0|0|0|0|0|0|0|0|0|0|0|0|0|0|0|0|0|0|0|0|0|0|0|0|0|0|0|0|0|0|0|0|0|0|0|0|0|0|0|0|0|0|0|0|0|0|0|0|0|0|0|0|0|0|0|0|0|1|0|0|0|0|0|0|0|0|0|0|0|1|0|0|0|0|0|0|0|0|2|0|0|0|0|0|1|0|0|0|0|0|0|0|0|0|0|0|0|0|0|0|0|0|0|0|0|0|1|0|0|2|0|0|0|0|0|0|0|0|0|2|1|1|0|0|1|0|1|1|1|0|1|0|2|1|0|1|0|0|2|1|1|0|0|2|2|1|5|3|1|2|6|2|4|3|7|5|11|5|8|5|10|10|1|4|7|9|8|1|5|2|12|6|7|6|11|2|8|8|4|55|109|89|115|115|108|88|75|38|15|7|13|2|4|1</HistCounts>
      </HistItem>
    </Histograms>
    <Metadata>
      <MDI key="BandName">Band_1</MDI>
      <MDI key="RepresentationType">ATHEMATIC</MDI>
      <MDI key="STATISTICS_COVARIANCES">0.0002814515372819087,-0.0002955920216422801,-0.0001802649191619817</MDI>
      <MDI key="STATISTICS_EXCLUDEDVALUES"></MDI>
      <MDI key="STATISTICS_MAXIMUM">0.9335555434227</MDI>
      <MDI key="STATISTICS_MEAN">0.91848121003815</MDI>
      <MDI key="STATISTICS_MEDIAN">0.922575</MDI>
      <MDI key="STATISTICS_MINIMUM">0.67900002002716</MDI>
      <MDI key="STATISTICS_SKIPFACTORX">1</MDI>
      <MDI key="STATISTICS_SKIPFACTORY">1</MDI>
      <MDI key="STATISTICS_STDDEV">0.016776517436045</MDI>
    </Metadata>
  </PAMRasterBand>
  <PAMRasterBand band="2">
    <Description>Band_2</Description>
    <Histograms>
      <HistItem>
        <HistMin>0.06849999725818634</HistMin>
        <HistMax>0.3709999918937683</HistMax>
        <BucketCount>256</BucketCount>
        <IncludeOutOfRange>1</IncludeOutOfRange>
        <Approximate>0</Approximate>
        <HistCounts>3|0|7|3|7|10|16|18|24|16|20|28|14|22|20|17|17|15|12|9|12|9|13|12|13|9|7|7|11|7|5|4|13|11|12|6|10|9|6|18|12|8|8|5|12|15|15|11|14|13|11|15|9|22|15|22|10|12|11|16|20|19|15|13|15|12|14|19|6|22|7|0|12|4|7|4|5|11|1|2|4|7|7|1|8|1|2|3|3|1|1|6|6|0|2|0|1|3|2|0|1|2|1|1|0|0|3|1|3|0|1|0|0|0|0|2|1|0|1|5|2|0|0|0|3|2|0|0|0|1|1|0|1|1|0|4|1|0|0|0|0|0|0|1|1|0|0|0|0|0|0|0|1|1|0|1|0|0|0|0|0|2|0|0|0|0|1|0|0|0|1|0|0|0|1|0|0|0|0|0|2|0|0|1|0|0|0|0|1|0|0|0|0|0|0|0|0|0|0|0|0|0|0|0|1|0|0|0|1|0|0|2|0|0|0|0|0|0|0|0|0|0|0|0|0|0|0|0|0|0|0|1|0|0|0|1|0|0|0|0|0|0|0|0|0|0|0|0|0|0|0|0|1|0|0|1</HistCounts>
      </HistItem>
    </Histograms>
    <Metadata>
      <MDI key="BandName">Band_2</MDI>
      <MDI key="RepresentationType">ATHEMATIC</MDI>
      <MDI key="STATISTICS_COVARIANCES">-0.0002955920216422801,0.001708523580081514,0.001165800095429172</MDI>
      <MDI key="STATISTICS_EXCLUDEDVALUES"></MDI>
      <MDI key="STATISTICS_MAXIMUM">0.37099999189377</MDI>
      <MDI key="STATISTICS_MEAN">0.1244565938481</MDI>
      <MDI key="STATISTICS_MEDIAN">0.121882</MDI>
      <MDI key="STATISTICS_MINIMUM">0.068499997258186</MDI>
      <MDI key="STATISTICS_SKIPFACTORX">1</MDI>
      <MDI key="STATISTICS_SKIPFACTORY">1</MDI>
      <MDI key="STATISTICS_STDDEV">0.04133429060818</MDI>
    </Metadata>
  </PAMRasterBand>
  <PAMRasterBand band="3">
    <Description>Band_3</Description>
    <Histograms>
      <HistItem>
        <HistMin>0.1092500016093254</HistMin>
        <HistMax>0.3274999856948853</HistMax>
        <BucketCount>256</BucketCount>
        <IncludeOutOfRange>1</IncludeOutOfRange>
        <Approximate>0</Approximate>
        <HistCounts>2|1|0|2|8|3|0|9|4|15|16|12|19|14|19|10|20|15|26|13|23|11|11|13|16|17|10|5|15|6|14|5|7|9|4|7|4|14|13|3|10|8|11|13|5|6|11|21|7|14|17|15|7|15|12|15|15|9|9|25|17|16|9|12|7|9|24|22|20|14|19|18|12|11|7|11|8|7|4|4|6|10|6|4|6|8|1|8|1|3|9|3|1|3|3|3|4|2|0|1|0|6|0|1|1|1|3|1|1|0|0|3|0|0|0|2|2|0|5|0|0|1|2|0|0|2|0|4|0|2|0|0|1|1|1|0|0|0|0|0|1|0|0|0|1|0|1|0|1|0|0|0|0|1|0|0|1|0|0|0|0|0|2|0|0|2|0|1|1|0|0|1|0|0|0|0|0|0|0|0|0|0|0|0|0|0|0|1|0|0|0|0|1|0|0|1|0|0|0|0|0|0|0|0|0|0|0|0|0|0|0|0|0|0|0|0|0|0|0|0|0|0|0|0|0|0|0|0|0|0|1|1|0|0|0|0|0|0|1|0|0|0|0|0|0|1|0|0|0|0|0|0|0|0|0|1</HistCounts>
      </HistItem>
    </Histograms>
    <Metadata>
      <MDI key="BandName">Band_3</MDI>
      <MDI key="RepresentationType">ATHEMATIC</MDI>
      <MDI key="STATISTICS_COVARIANCES">-0.0001802649191619817,0.001165800095429172,0.0008180464009167466</MDI>
      <MDI key="STATISTICS_EXCLUDEDVALUES"></MDI>
      <MDI key="STATISTICS_MAXIMUM">0.32749998569489</MDI>
      <MDI key="STATISTICS_MEAN">0.15313519943202</MDI>
      <MDI key="STATISTICS_MEDIAN">0.152044</MDI>
      <MDI key="STATISTICS_MINIMUM">0.10925000160933</MDI>
      <MDI key="STATISTICS_SKIPFACTORX">1</MDI>
      <MDI key="STATISTICS_SKIPFACTORY">1</MDI>
      <MDI key="STATISTICS_STDDEV">0.028601510465651</MDI>
    </Metadata>
  </PAMRasterBand>
</PAMDataset>
