<PAMDataset>
  <Metadata>
    <MDI key="DataType">Generic</MDI>
  </Metadata>
  <PAMRasterBand band="1">
    <Description>Band_1</Description>
    <Histograms>
      <HistItem>
        <HistMin>0.7377499938011169</HistMin>
        <HistMax>0.930055558681488</HistMax>
        <BucketCount>256</BucketCount>
        <IncludeOutOfRange>1</IncludeOutOfRange>
        <Approximate>0</Approximate>
        <HistCounts>2|1|0|0|0|0|1|0|1|0|0|0|0|1|0|0|0|0|0|0|0|0|0|0|1|1|0|0|2|2|0|0|0|0|0|0|2|0|0|0|0|0|0|0|0|0|0|0|0|0|0|0|0|0|0|0|0|0|0|0|0|0|0|0|0|0|0|0|0|0|1|0|0|0|0|0|0|0|0|0|0|0|0|0|0|1|0|0|2|0|0|0|0|0|0|0|0|0|2|1|0|4|0|0|1|1|0|0|1|0|3|0|0|0|0|1|2|1|2|0|0|0|2|1|1|0|0|0|0|0|1|2|0|0|0|1|1|2|0|2|3|5|3|0|0|1|2|3|1|0|5|6|3|1|2|0|2|4|2|3|2|3|1|7|7|4|2|2|2|3|3|1|2|7|2|3|4|5|3|6|4|1|6|0|2|2|5|6|5|3|3|3|7|5|6|6|2|7|7|8|9|4|4|8|6|5|2|4|7|8|6|8|5|6|11|8|9|0|9|6|8|8|6|9|5|6|8|6|3|11|3|7|2|2|1|0|7|3|6|4|8|33|70|39|37|39|37|20|15|14|13|7|11|3|1|2</HistCounts>
      </HistItem>
    </Histograms>
    <Metadata>
      <MDI key="BandName">Band_1</MDI>
      <MDI key="RepresentationType">ATHEMATIC</MDI>
      <MDI key="STATISTICS_COVARIANCES">0.00112542361722289,-0.000582919663235191,-0.0002568103748917798</MDI>
      <MDI key="STATISTICS_EXCLUDEDVALUES"></MDI>
      <MDI key="STATISTICS_MAXIMUM">0.93005555868149</MDI>
      <MDI key="STATISTICS_MEAN">0.89708592570745</MDI>
      <MDI key="STATISTICS_MEDIAN">0.907431</MDI>
      <MDI key="STATISTICS_MINIMUM">0.73774999380112</MDI>
      <MDI key="STATISTICS_SKIPFACTORX">1</MDI>
      <MDI key="STATISTICS_SKIPFACTORY">1</MDI>
      <MDI key="STATISTICS_STDDEV">0.033547333980853</MDI>
    </Metadata>
  </PAMRasterBand>
  <PAMRasterBand band="2">
    <Description>Band_2</Description>
    <Histograms>
      <HistItem>
        <HistMin>0.1192499995231628</HistMin>
        <HistMax>0.3042500019073486</HistMax>
        <BucketCount>256</BucketCount>
        <IncludeOutOfRange>1</IncludeOutOfRange>
        <Approximate>0</Approximate>
        <HistCounts>1|2|4|0|2|0|0|4|0|2|0|2|3|1|1|1|1|2|1|2|1|1|4|6|7|2|5|1|6|3|2|6|4|7|5|5|4|4|3|5|3|7|5|5|7|5|4|7|4|1|6|7|7|12|4|10|8|8|13|9|14|2|11|12|7|10|9|8|5|7|11|10|6|7|10|12|9|4|4|5|10|7|10|6|8|12|6|8|13|8|7|7|7|12|5|6|4|3|9|6|5|9|17|6|3|3|6|6|3|7|2|3|4|4|8|11|2|4|4|9|3|3|3|0|4|3|4|2|4|2|3|5|3|1|4|4|7|2|3|3|1|2|1|1|1|2|3|2|0|1|2|1|2|2|1|3|1|5|2|1|3|0|1|0|1|0|1|0|1|0|0|0|3|2|0|1|0|0|5|0|0|4|0|0|0|0|1|2|0|1|1|0|2|1|5|2|0|1|1|2|1|3|1|1|0|2|0|1|0|2|0|0|0|0|0|1|0|0|0|1|0|0|2|0|0|0|1|0|0|0|0|0|1|0|0|0|0|0|0|0|0|0|0|1|0|0|0|0|0|0|0|0|0|0|0|1</HistCounts>
      </HistItem>
    </Histograms>
    <Metadata>
      <MDI key="BandName">Band_2</MDI>
      <MDI key="RepresentationType">ATHEMATIC</MDI>
      <MDI key="STATISTICS_COVARIANCES">-0.000582919663235191,0.001067470717666431,0.0005725844357126751</MDI>
      <MDI key="STATISTICS_EXCLUDEDVALUES"></MDI>
      <MDI key="STATISTICS_MAXIMUM">0.30425000190735</MDI>
      <MDI key="STATISTICS_MEAN">0.18220943511607</MDI>
      <MDI key="STATISTICS_MEDIAN">0.178015</MDI>
      <MDI key="STATISTICS_MINIMUM">0.11924999952316</MDI>
      <MDI key="STATISTICS_SKIPFACTORX">1</MDI>
      <MDI key="STATISTICS_SKIPFACTORY">1</MDI>
      <MDI key="STATISTICS_STDDEV">0.032672170384999</MDI>
    </Metadata>
  </PAMRasterBand>
  <PAMRasterBand band="3">
    <Description>Band_3</Description>
    <Histograms>
      <HistItem>
        <HistMin>0.1692499965429306</HistMin>
        <HistMax>0.2720000147819519</HistMax>
        <BucketCount>256</BucketCount>
        <IncludeOutOfRange>1</IncludeOutOfRange>
        <Approximate>0</Approximate>
        <HistCounts>2|1|0|1|0|0|2|2|0|0|0|2|0|4|0|0|1|4|0|3|1|5|3|0|5|2|2|0|3|0|4|5|5|0|4|5|2|4|2|4|5|5|4|5|5|4|2|3|1|8|3|0|5|10|4|4|4|9|13|6|4|9|14|6|5|11|3|12|7|5|14|7|6|7|6|10|12|6|9|3|12|16|4|12|1|11|9|1|13|12|9|6|3|3|15|11|13|6|9|6|5|4|8|8|8|4|8|8|4|8|4|9|14|0|4|9|2|4|1|4|11|4|9|3|7|3|1|7|4|5|4|2|3|5|5|4|0|0|20|2|2|1|9|6|0|3|1|1|6|3|1|1|2|0|0|3|5|0|1|0|0|1|2|2|0|5|0|0|0|0|1|2|2|1|0|0|6|2|2|0|0|1|1|0|4|0|2|0|1|0|0|2|0|1|0|1|0|2|0|2|1|3|0|1|0|0|1|0|0|0|2|0|0|1|0|4|0|1|0|0|0|0|1|0|2|2|0|1|0|0|0|0|0|0|0|0|1|0|0|0|0|0|0|0|0|0|1|0|0|0|0|0|0|0|0|1</HistCounts>
      </HistItem>
    </Histograms>
    <Metadata>
      <MDI key="BandName">Band_3</MDI>
      <MDI key="RepresentationType">ATHEMATIC</MDI>
      <MDI key="STATISTICS_COVARIANCES">-0.0002568103748917798,0.0005725844357126751,0.0003179868673542269</MDI>
      <MDI key="STATISTICS_EXCLUDEDVALUES"></MDI>
      <MDI key="STATISTICS_MAXIMUM">0.27200001478195</MDI>
      <MDI key="STATISTICS_MEAN">0.20715324532312</MDI>
      <MDI key="STATISTICS_MEDIAN">0.205112</MDI>
      <MDI key="STATISTICS_MINIMUM">0.16924999654293</MDI>
      <MDI key="STATISTICS_SKIPFACTORX">1</MDI>
      <MDI key="STATISTICS_SKIPFACTORY">1</MDI>
      <MDI key="STATISTICS_STDDEV">0.017832186275222</MDI>
    </Metadata>
  </PAMRasterBand>
</PAMDataset>
