<PAMDataset>
  <Metadata>
    <MDI key="DataType">Generic</MDI>
  </Metadata>
  <PAMRasterBand band="1">
    <Description>Band_1</Description>
    <Histograms>
      <HistItem>
        <HistMin>0.5454999804496765</HistMin>
        <HistMax>0.9300370216369629</HistMax>
        <BucketCount>256</BucketCount>
        <IncludeOutOfRange>1</IncludeOutOfRange>
        <Approximate>0</Approximate>
        <HistCounts>2|0|0|0|0|0|0|0|0|0|0|0|2|0|0|0|0|0|0|0|0|0|0|0|0|0|0|2|0|0|0|0|0|0|0|0|0|0|0|0|0|0|0|0|0|0|0|1|0|0|0|0|0|0|0|0|0|0|0|0|0|0|0|0|0|0|0|1|0|0|0|1|0|0|0|0|0|1|0|0|1|2|2|0|0|0|0|0|1|1|0|0|0|0|0|0|0|0|2|0|0|0|0|0|0|0|1|0|0|0|2|0|0|1|0|0|0|0|1|1|0|0|0|0|0|0|0|0|2|0|0|0|0|1|0|0|0|0|0|0|0|1|0|1|0|1|0|2|0|2|2|0|0|1|0|0|1|0|0|1|2|2|1|1|6|2|3|1|5|3|10|3|3|5|7|6|2|3|5|8|15|12|5|5|7|3|7|4|10|11|7|8|12|10|6|11|11|6|14|9|20|21|13|22|12|23|31|17|20|17|24|15|21|16|24|34|25|26|17|33|23|37|34|30|34|25|23|35|24|23|28|34|30|32|35|22|33|17|28|27|32|26|26|21|32|26|27|19|270|356|333|207|139|74|25|3</HistCounts>
      </HistItem>
    </Histograms>
    <Metadata>
      <MDI key="BandName">Band_1</MDI>
      <MDI key="RepresentationType">ATHEMATIC</MDI>
      <MDI key="STATISTICS_COVARIANCES">0.001657947655296446,-0.0003527548525916493,-0.0001595153101699994</MDI>
      <MDI key="STATISTICS_EXCLUDEDVALUES"></MDI>
      <MDI key="STATISTICS_MAXIMUM">0.93003702163696</MDI>
      <MDI key="STATISTICS_MEAN">0.89574343420483</MDI>
      <MDI key="STATISTICS_MEDIAN">0.914957</MDI>
      <MDI key="STATISTICS_MINIMUM">0.54549998044968</MDI>
      <MDI key="STATISTICS_SKIPFACTORX">1</MDI>
      <MDI key="STATISTICS_SKIPFACTORY">1</MDI>
      <MDI key="STATISTICS_STDDEV">0.040717903375499</MDI>
    </Metadata>
  </PAMRasterBand>
  <PAMRasterBand band="2">
    <Description>Band_2</Description>
    <Histograms>
      <HistItem>
        <HistMin>0.07900000363588333</HistMin>
        <HistMax>0.515749990940094</HistMax>
        <BucketCount>256</BucketCount>
        <IncludeOutOfRange>1</IncludeOutOfRange>
        <Approximate>0</Approximate>
        <HistCounts>12|39|98|244|336|361|288|271|194|153|127|96|78|60|74|55|43|40|35|32|31|20|28|13|15|11|16|14|5|7|1|6|2|4|8|4|6|5|6|6|4|4|0|2|2|2|1|1|1|1|1|0|0|0|0|0|1|0|0|0|0|2|1|2|0|2|2|0|0|0|0|1|0|0|0|3|5|2|0|2|0|0|3|1|1|0|0|2|0|0|0|0|2|0|1|0|0|0|0|2|0|1|0|0|0|0|0|0|1|2|0|0|0|0|0|0|1|0|0|2|0|0|0|0|0|0|0|0|0|1|0|0|0|0|0|0|0|0|0|0|0|0|1|1|0|0|0|0|0|0|0|0|0|0|1|0|0|0|0|0|0|0|0|0|0|0|0|0|0|0|0|0|0|0|0|0|0|0|0|0|0|0|0|0|0|0|0|0|0|0|0|0|0|0|1|0|0|0|0|0|0|0|0|0|0|0|0|0|0|0|0|0|0|0|0|0|0|0|0|0|0|0|0|0|0|0|0|0|0|0|0|0|0|0|0|0|0|0|0|0|0|0|0|0|0|0|0|0|0|0|0|0|0|0|0|2</HistCounts>
      </HistItem>
    </Histograms>
    <Metadata>
      <MDI key="BandName">Band_2</MDI>
      <MDI key="RepresentationType">ATHEMATIC</MDI>
      <MDI key="STATISTICS_COVARIANCES">-0.0003527548525916493,0.000604255315553463,0.0004038207632035388</MDI>
      <MDI key="STATISTICS_EXCLUDEDVALUES"></MDI>
      <MDI key="STATISTICS_MAXIMUM">0.51574999094009</MDI>
      <MDI key="STATISTICS_MEAN">0.097589628998661</MDI>
      <MDI key="STATISTICS_MEDIAN">0.090989</MDI>
      <MDI key="STATISTICS_MINIMUM">0.079000003635883</MDI>
      <MDI key="STATISTICS_SKIPFACTORX">1</MDI>
      <MDI key="STATISTICS_SKIPFACTORY">1</MDI>
      <MDI key="STATISTICS_STDDEV">0.024581605227354</MDI>
    </Metadata>
  </PAMRasterBand>
  <PAMRasterBand band="3">
    <Description>Band_3</Description>
    <Histograms>
      <HistItem>
        <HistMin>0.1379999965429306</HistMin>
        <HistMax>0.5027499794960022</HistMax>
        <BucketCount>256</BucketCount>
        <IncludeOutOfRange>1</IncludeOutOfRange>
        <Approximate>0</Approximate>
        <HistCounts>15|88|284|412|507|389|257|158|144|102|54|73|60|52|40|40|37|22|13|18|14|3|8|11|7|2|14|8|3|6|4|4|1|4|1|2|2|3|0|0|0|3|1|0|2|0|0|3|2|1|4|3|3|0|0|2|0|0|0|1|0|0|1|0|0|0|0|3|0|0|1|0|0|0|2|0|1|0|0|1|0|0|0|1|2|1|2|0|0|0|2|0|0|1|0|0|0|0|0|0|0|0|0|0|2|0|0|0|0|0|1|0|1|0|0|0|0|0|0|0|0|0|0|0|0|0|0|0|0|0|0|0|0|0|0|0|0|0|0|0|0|0|0|0|0|0|0|0|0|0|0|0|0|0|0|0|0|0|0|0|0|1|0|0|0|0|0|0|0|0|0|0|0|0|0|0|0|0|0|0|0|0|0|0|0|0|0|0|0|0|0|0|0|0|0|0|0|0|0|0|0|0|0|0|0|0|0|0|0|0|0|0|0|0|0|0|0|0|0|0|0|0|0|0|0|0|0|0|0|0|0|0|0|0|0|0|0|0|0|0|0|0|0|0|0|0|0|0|0|0|0|0|0|0|0|2</HistCounts>
      </HistItem>
    </Histograms>
    <Metadata>
      <MDI key="BandName">Band_3</MDI>
      <MDI key="RepresentationType">ATHEMATIC</MDI>
      <MDI key="STATISTICS_COVARIANCES">-0.0001595153101699994,0.0004038207632035388,0.0002834653372348231</MDI>
      <MDI key="STATISTICS_EXCLUDEDVALUES"></MDI>
      <MDI key="STATISTICS_MAXIMUM">0.502749979496</MDI>
      <MDI key="STATISTICS_MEAN">0.14966371885736</MDI>
      <MDI key="STATISTICS_MEDIAN">0.145152</MDI>
      <MDI key="STATISTICS_MINIMUM">0.13799999654293</MDI>
      <MDI key="STATISTICS_SKIPFACTORX">1</MDI>
      <MDI key="STATISTICS_SKIPFACTORY">1</MDI>
      <MDI key="STATISTICS_STDDEV">0.016836428874165</MDI>
    </Metadata>
  </PAMRasterBand>
</PAMDataset>
