<PAMDataset>
  <Metadata>
    <MDI key="DataType">Generic</MDI>
  </Metadata>
  <PAMRasterBand band="1">
    <Description>Band_1</Description>
    <Histograms>
      <HistItem>
        <HistMin>0.4647499918937683</HistMin>
        <HistMax>0.9269999861717224</HistMax>
        <BucketCount>256</BucketCount>
        <IncludeOutOfRange>1</IncludeOutOfRange>
        <Approximate>0</Approximate>
        <HistCounts>1|0|0|0|0|0|0|0|0|0|0|0|0|0|0|0|0|0|0|0|0|0|0|0|0|0|0|0|0|0|0|0|0|0|0|0|0|1|0|0|0|0|1|0|0|0|0|0|0|0|0|0|0|0|0|0|0|1|0|0|1|0|0|0|0|0|0|0|0|0|0|0|0|0|0|2|0|0|0|0|0|0|0|0|0|0|0|0|0|0|0|0|0|1|0|0|0|0|0|1|0|0|1|0|0|0|1|1|0|0|0|1|1|0|0|1|1|5|0|1|1|3|1|10|3|0|7|8|5|5|10|5|1|6|12|9|5|4|5|6|8|13|3|3|8|2|4|9|11|5|6|8|7|4|1|4|1|7|4|2|3|1|3|6|1|3|0|0|6|6|2|5|1|6|5|5|8|4|2|7|3|6|10|10|13|5|10|5|5|4|7|9|8|10|7|6|9|6|11|9|9|15|3|14|8|9|17|12|20|10|14|15|9|13|12|16|16|20|16|20|19|16|18|24|18|19|18|15|13|12|17|12|6|9|8|11|5|16|9|10|13|12|10|8|9|5|5|6|5|2|9|37|15|8|8|1</HistCounts>
      </HistItem>
    </Histograms>
    <Metadata>
      <MDI key="BandName">Band_1</MDI>
      <MDI key="RepresentationType">ATHEMATIC</MDI>
      <MDI key="STATISTICS_COVARIANCES">0.005070170360419712,-0.0008603790150233969,-0.0005256140772812139</MDI>
      <MDI key="STATISTICS_EXCLUDEDVALUES"></MDI>
      <MDI key="STATISTICS_MAXIMUM">0.92699998617172</MDI>
      <MDI key="STATISTICS_MEAN">0.82607803742091</MDI>
      <MDI key="STATISTICS_MEDIAN">0.843614</MDI>
      <MDI key="STATISTICS_MINIMUM">0.46474999189377</MDI>
      <MDI key="STATISTICS_SKIPFACTORX">1</MDI>
      <MDI key="STATISTICS_SKIPFACTORY">1</MDI>
      <MDI key="STATISTICS_STDDEV">0.071205128750812</MDI>
    </Metadata>
  </PAMRasterBand>
  <PAMRasterBand band="2">
    <Description>Band_2</Description>
    <Histograms>
      <HistItem>
        <HistMin>0.08100000023841858</HistMin>
        <HistMax>0.2957499921321869</HistMax>
        <BucketCount>256</BucketCount>
        <IncludeOutOfRange>1</IncludeOutOfRange>
        <Approximate>0</Approximate>
        <HistCounts>1|1|0|5|1|6|3|6|8|2|12|12|11|7|25|24|24|21|32|32|29|35|21|35|27|25|20|19|12|19|7|8|13|12|7|11|10|23|8|5|5|10|10|16|13|7|12|5|6|8|13|13|4|9|10|5|17|7|9|9|11|12|15|11|14|22|9|18|5|11|19|6|11|11|3|9|6|11|9|3|7|5|4|4|5|1|2|2|7|10|1|4|4|0|8|4|4|2|0|4|0|5|2|1|3|2|5|1|2|2|5|5|1|1|1|2|0|0|3|1|2|4|1|1|2|2|0|0|0|0|3|0|3|0|0|1|3|0|0|1|2|0|0|0|2|0|1|0|0|0|0|0|2|1|1|0|0|0|2|0|0|0|0|0|0|0|0|0|1|0|0|1|0|2|1|0|0|0|0|2|0|1|0|0|0|0|1|1|0|1|0|1|0|0|0|0|0|0|0|0|1|2|0|0|0|0|0|0|3|0|0|0|0|0|0|0|0|0|0|0|0|0|0|0|0|0|0|0|2|0|0|0|0|0|0|0|0|0|0|0|0|0|0|0|1|0|0|0|0|0|0|1|0|0|1|1</HistCounts>
      </HistItem>
    </Histograms>
    <Metadata>
      <MDI key="BandName">Band_2</MDI>
      <MDI key="RepresentationType">ATHEMATIC</MDI>
      <MDI key="STATISTICS_COVARIANCES">-0.0008603790150233969,0.001013881359580295,0.0006962845700981072</MDI>
      <MDI key="STATISTICS_EXCLUDEDVALUES"></MDI>
      <MDI key="STATISTICS_MAXIMUM">0.29574999213219</MDI>
      <MDI key="STATISTICS_MEAN">0.12317377276892</MDI>
      <MDI key="STATISTICS_MEDIAN">0.114686</MDI>
      <MDI key="STATISTICS_MINIMUM">0.081000000238419</MDI>
      <MDI key="STATISTICS_SKIPFACTORX">1</MDI>
      <MDI key="STATISTICS_SKIPFACTORY">1</MDI>
      <MDI key="STATISTICS_STDDEV">0.031841503726745</MDI>
    </Metadata>
  </PAMRasterBand>
  <PAMRasterBand band="3">
    <Description>Band_3</Description>
    <Histograms>
      <HistItem>
        <HistMin>0.124499998986721</HistMin>
        <HistMax>0.2627499997615814</HistMax>
        <BucketCount>256</BucketCount>
        <IncludeOutOfRange>1</IncludeOutOfRange>
        <Approximate>0</Approximate>
        <HistCounts>3|6|3|9|1|1|2|4|3|3|6|15|11|13|8|13|11|33|18|15|18|30|21|36|16|28|27|18|21|28|17|14|13|15|10|21|7|8|4|14|9|19|3|10|7|6|7|12|8|15|6|14|6|18|9|4|15|5|9|9|8|12|8|7|5|15|13|17|13|9|12|11|15|16|9|9|3|15|4|9|5|11|14|7|6|3|5|7|2|2|5|5|4|3|5|5|2|1|1|3|4|2|4|4|1|1|2|0|0|2|2|1|2|1|4|3|1|0|2|2|1|6|3|0|5|1|3|2|1|0|4|0|0|0|0|0|2|0|0|0|1|2|3|0|3|0|0|0|0|2|2|1|1|0|3|0|0|0|0|5|1|0|2|0|0|0|0|0|0|1|0|0|0|1|0|0|0|0|2|0|0|0|0|1|1|0|1|0|0|0|0|3|1|0|0|1|1|0|0|0|1|0|0|0|0|0|0|2|0|0|0|0|0|0|0|0|0|3|0|0|2|0|1|0|1|0|0|0|0|0|0|0|0|0|0|0|1|0|0|0|0|0|0|0|0|0|0|1|0|0|0|1|0|1|0|1</HistCounts>
      </HistItem>
    </Histograms>
    <Metadata>
      <MDI key="BandName">Band_3</MDI>
      <MDI key="RepresentationType">ATHEMATIC</MDI>
      <MDI key="STATISTICS_COVARIANCES">-0.0005256140772812139,0.0006962845700981072,0.0004853392728591847</MDI>
      <MDI key="STATISTICS_EXCLUDEDVALUES"></MDI>
      <MDI key="STATISTICS_MAXIMUM">0.26274999976158</MDI>
      <MDI key="STATISTICS_MEAN">0.1537934970961</MDI>
      <MDI key="STATISTICS_MEDIAN">0.147813</MDI>
      <MDI key="STATISTICS_MINIMUM">0.12449999898672</MDI>
      <MDI key="STATISTICS_SKIPFACTORX">1</MDI>
      <MDI key="STATISTICS_SKIPFACTORY">1</MDI>
      <MDI key="STATISTICS_STDDEV">0.022030416992404</MDI>
    </Metadata>
  </PAMRasterBand>
</PAMDataset>
