<PAMDataset>
  <Metadata>
    <MDI key="DataType">Generic</MDI>
  </Metadata>
  <PAMRasterBand band="1">
    <Description>Band_1</Description>
    <Histograms>
      <HistItem>
        <HistMin>0.7839999794960022</HistMin>
        <HistMax>0.9293333292007446</HistMax>
        <BucketCount>256</BucketCount>
        <IncludeOutOfRange>1</IncludeOutOfRange>
        <Approximate>0</Approximate>
        <HistCounts>2|0|0|1|0|0|0|2|0|0|0|0|0|0|0|0|2|0|0|0|0|0|0|0|0|0|0|2|1|0|1|1|3|2|0|2|0|2|4|2|0|0|2|0|2|1|5|1|3|0|3|1|1|3|2|1|7|2|5|4|6|3|5|4|3|3|1|3|1|3|4|0|2|2|2|0|5|5|7|3|4|3|7|7|6|3|4|1|5|6|10|2|2|0|6|2|2|5|1|2|4|3|3|1|3|3|6|4|2|3|2|3|3|0|11|5|1|7|0|3|2|3|2|1|0|3|4|4|1|3|5|3|5|4|5|4|0|0|0|1|1|5|8|3|7|2|5|3|0|3|6|0|3|5|2|1|1|2|2|2|1|5|4|1|2|4|0|1|2|2|2|5|1|2|4|2|3|1|4|2|1|1|1|7|1|4|0|1|2|0|2|3|5|5|0|2|5|6|0|1|3|4|1|4|2|3|3|6|3|1|2|0|0|2|5|2|2|1|3|4|6|3|0|4|2|1|0|0|1|0|1|0|0|2|4|3|0|1|11|33|24|30|39|47|53|49|55|46|29|20|14|10|6|5|0|1</HistCounts>
      </HistItem>
    </Histograms>
    <Metadata>
      <MDI key="BandName">Band_1</MDI>
      <MDI key="RepresentationType">ATHEMATIC</MDI>
      <MDI key="STATISTICS_COVARIANCES">0.001690566992873738,0.001782243288707024,0.001307720221205356</MDI>
      <MDI key="STATISTICS_EXCLUDEDVALUES"></MDI>
      <MDI key="STATISTICS_MAXIMUM">0.92933332920074</MDI>
      <MDI key="STATISTICS_MEAN">0.88705293266409</MDI>
      <MDI key="STATISTICS_MEDIAN">0.905396</MDI>
      <MDI key="STATISTICS_MINIMUM">0.783999979496</MDI>
      <MDI key="STATISTICS_SKIPFACTORX">1</MDI>
      <MDI key="STATISTICS_SKIPFACTORY">1</MDI>
      <MDI key="STATISTICS_STDDEV">0.041116505115023</MDI>
    </Metadata>
  </PAMRasterBand>
  <PAMRasterBand band="2">
    <Description>Band_2</Description>
    <Histograms>
      <HistItem>
        <HistMin>0.1080000028014183</HistMin>
        <HistMax>0.4314999878406525</HistMax>
        <BucketCount>256</BucketCount>
        <IncludeOutOfRange>1</IncludeOutOfRange>
        <Approximate>0</Approximate>
        <HistCounts>1|0|0|0|0|1|2|4|7|0|2|0|3|1|3|0|4|1|8|6|9|5|8|6|6|3|13|9|7|13|5|7|7|3|13|13|6|7|7|6|17|5|14|9|10|7|12|13|7|3|6|13|7|9|7|6|7|23|8|9|10|7|14|5|5|9|12|8|13|4|3|8|13|9|8|2|3|10|2|2|7|5|4|1|2|5|6|2|5|5|5|9|1|3|3|3|3|1|9|8|7|1|3|1|6|9|5|9|3|5|7|7|2|4|1|3|4|0|6|6|9|3|9|3|0|4|5|2|4|10|4|2|1|10|4|11|6|7|7|0|9|9|3|2|6|0|4|8|5|4|4|3|7|4|9|9|6|4|3|5|5|6|6|1|4|0|1|1|4|3|5|1|6|3|2|2|3|2|3|1|3|2|1|2|2|2|2|3|3|1|0|0|2|0|0|0|1|0|0|1|3|5|0|2|0|2|0|1|0|0|1|4|1|0|0|2|0|0|0|0|0|0|0|0|2|2|1|0|2|0|0|0|0|0|0|0|0|0|0|0|0|0|0|0|1|1|0|0|0|0|0|0|1|0|2|1</HistCounts>
      </HistItem>
    </Histograms>
    <Metadata>
      <MDI key="BandName">Band_2</MDI>
      <MDI key="RepresentationType">ATHEMATIC</MDI>
      <MDI key="STATISTICS_COVARIANCES">0.001782243288707024,0.004604262335076707,0.003280995299458836</MDI>
      <MDI key="STATISTICS_EXCLUDEDVALUES"></MDI>
      <MDI key="STATISTICS_MAXIMUM">0.43149998784065</MDI>
      <MDI key="STATISTICS_MEAN">0.22241175076717</MDI>
      <MDI key="STATISTICS_MEDIAN">0.203147</MDI>
      <MDI key="STATISTICS_MINIMUM">0.10800000280142</MDI>
      <MDI key="STATISTICS_SKIPFACTORX">1</MDI>
      <MDI key="STATISTICS_SKIPFACTORY">1</MDI>
      <MDI key="STATISTICS_STDDEV">0.067854714906753</MDI>
    </Metadata>
  </PAMRasterBand>
  <PAMRasterBand band="3">
    <Description>Band_3</Description>
    <Histograms>
      <HistItem>
        <HistMin>0.1512500047683716</HistMin>
        <HistMax>0.3734999895095825</HistMax>
        <BucketCount>256</BucketCount>
        <IncludeOutOfRange>1</IncludeOutOfRange>
        <Approximate>0</Approximate>
        <HistCounts>2|2|1|1|2|4|3|2|0|5|2|2|4|2|6|5|10|5|8|3|7|5|8|16|8|9|13|11|12|9|6|4|13|5|16|6|10|7|19|10|5|15|8|7|3|13|11|2|0|25|7|21|5|8|9|8|7|19|6|10|9|5|8|8|4|5|7|11|4|7|11|4|6|0|9|3|2|2|5|5|3|4|4|7|6|4|3|3|2|6|4|6|1|1|8|3|7|0|5|5|10|2|3|3|6|4|3|1|4|0|3|7|5|3|4|8|0|8|2|8|0|6|1|3|3|9|3|3|1|9|3|6|5|4|3|4|1|5|10|8|1|11|1|5|3|4|3|4|1|2|5|3|4|4|9|4|6|2|6|5|7|4|2|5|3|8|6|5|1|1|3|4|7|7|0|4|2|2|1|2|2|1|2|5|0|3|1|1|0|3|2|0|0|0|1|0|0|1|1|1|2|2|0|1|2|0|1|3|2|2|0|1|0|2|0|0|2|0|0|0|0|0|1|1|0|2|0|2|0|0|0|0|1|0|0|0|0|0|0|0|0|0|0|0|0|1|0|1|0|0|0|0|1|1|0|2</HistCounts>
      </HistItem>
    </Histograms>
    <Metadata>
      <MDI key="BandName">Band_3</MDI>
      <MDI key="RepresentationType">ATHEMATIC</MDI>
      <MDI key="STATISTICS_COVARIANCES">0.001307720221205356,0.003280995299458836,0.002355525711065068</MDI>
      <MDI key="STATISTICS_EXCLUDEDVALUES"></MDI>
      <MDI key="STATISTICS_MAXIMUM">0.37349998950958</MDI>
      <MDI key="STATISTICS_MEAN">0.22624661535659</MDI>
      <MDI key="STATISTICS_MEDIAN">0.211388</MDI>
      <MDI key="STATISTICS_MINIMUM">0.15125000476837</MDI>
      <MDI key="STATISTICS_SKIPFACTORX">1</MDI>
      <MDI key="STATISTICS_SKIPFACTORY">1</MDI>
      <MDI key="STATISTICS_STDDEV">0.04853375846836</MDI>
    </Metadata>
  </PAMRasterBand>
</PAMDataset>
