<PAMDataset>
  <Metadata>
    <MDI key="DataType">Generic</MDI>
  </Metadata>
  <PAMRasterBand band="1">
    <Description>Band_1</Description>
    <Histograms>
      <HistItem>
        <HistMin>0.6595000028610229</HistMin>
        <HistMax>0.9413518309593201</HistMax>
        <BucketCount>256</BucketCount>
        <IncludeOutOfRange>1</IncludeOutOfRange>
        <Approximate>0</Approximate>
        <HistCounts>1|0|0|0|0|0|0|0|0|1|0|0|0|0|0|0|0|0|0|0|0|1|0|0|1|0|0|1|1|0|1|0|0|1|1|1|1|0|0|1|0|0|0|0|0|0|0|0|1|1|0|1|0|0|0|1|0|0|0|1|1|1|0|0|1|0|1|0|0|0|0|0|1|0|2|1|0|1|2|1|1|1|1|1|1|3|3|0|0|0|4|1|2|0|0|2|1|1|0|2|0|1|0|1|5|0|2|0|0|0|0|3|0|0|0|0|0|4|1|1|2|1|7|4|1|2|1|3|1|2|3|2|7|3|2|5|6|3|8|7|5|3|4|7|2|4|3|8|3|7|3|7|7|8|6|4|5|2|6|5|8|12|5|10|7|3|16|2|15|5|7|5|8|7|11|10|13|9|12|9|17|7|10|15|16|6|7|11|18|10|2|12|21|1|7|4|6|11|9|18|14|13|8|6|5|4|9|16|9|7|9|9|6|9|16|8|10|6|11|9|11|5|14|13|5|6|8|24|6|7|26|12|18|10|6|48|133|102|66|71|56|37|24|24|15|15|7|3|4|3|0|0|0|0|0|1</HistCounts>
      </HistItem>
    </Histograms>
    <Metadata>
      <MDI key="BandName">Band_1</MDI>
      <MDI key="RepresentationType">ATHEMATIC</MDI>
      <MDI key="STATISTICS_COVARIANCES">0.002275929650663034,-0.0005074140253979851,-0.0002259831252148003</MDI>
      <MDI key="STATISTICS_EXCLUDEDVALUES"></MDI>
      <MDI key="STATISTICS_MAXIMUM">0.94135183095932</MDI>
      <MDI key="STATISTICS_MEAN">0.88390736588163</MDI>
      <MDI key="STATISTICS_MEDIAN">0.900456</MDI>
      <MDI key="STATISTICS_MINIMUM">0.65950000286102</MDI>
      <MDI key="STATISTICS_SKIPFACTORX">1</MDI>
      <MDI key="STATISTICS_SKIPFACTORY">1</MDI>
      <MDI key="STATISTICS_STDDEV">0.047706704462403</MDI>
    </Metadata>
  </PAMRasterBand>
  <PAMRasterBand band="2">
    <Description>Band_2</Description>
    <Histograms>
      <HistItem>
        <HistMin>0.07975000143051147</HistMin>
        <HistMax>0.3034999966621399</HistMax>
        <BucketCount>256</BucketCount>
        <IncludeOutOfRange>1</IncludeOutOfRange>
        <Approximate>0</Approximate>
        <HistCounts>3|3|4|7|6|6|9|6|13|16|16|19|30|33|34|36|23|53|39|57|28|56|40|39|36|57|46|35|44|31|23|32|30|23|23|42|33|39|25|40|27|28|13|26|13|19|12|17|12|13|9|16|6|10|6|12|4|6|6|0|13|2|5|2|4|1|7|3|2|0|2|0|1|3|6|6|1|0|0|4|0|1|0|1|1|1|3|3|7|6|1|2|2|2|2|2|2|2|1|0|1|2|1|0|0|2|4|4|1|0|0|0|4|0|2|1|2|0|1|2|0|1|1|0|0|1|0|0|0|0|0|0|3|1|0|2|1|1|0|0|0|0|1|0|2|0|0|0|0|1|0|0|1|1|1|0|0|0|0|1|1|3|0|0|0|0|0|0|1|0|0|0|3|0|1|0|0|1|1|1|0|1|0|0|0|0|2|1|1|0|0|0|3|0|0|0|1|0|2|1|1|3|2|0|5|2|1|1|1|1|0|1|2|0|0|0|0|0|0|0|0|0|0|0|1|0|0|0|0|0|0|1|0|0|0|0|0|0|0|0|1|0|1|0|0|0|0|0|0|0|0|0|0|0|0|1</HistCounts>
      </HistItem>
    </Histograms>
    <Metadata>
      <MDI key="BandName">Band_2</MDI>
      <MDI key="RepresentationType">ATHEMATIC</MDI>
      <MDI key="STATISTICS_COVARIANCES">-0.0005074140253979851,0.001023174727316389,0.0006468058316329079</MDI>
      <MDI key="STATISTICS_EXCLUDEDVALUES"></MDI>
      <MDI key="STATISTICS_MAXIMUM">0.30349999666214</MDI>
      <MDI key="STATISTICS_MEAN">0.11411081334813</MDI>
      <MDI key="STATISTICS_MEDIAN">0.104319</MDI>
      <MDI key="STATISTICS_MINIMUM">0.079750001430511</MDI>
      <MDI key="STATISTICS_SKIPFACTORX">1</MDI>
      <MDI key="STATISTICS_SKIPFACTORY">1</MDI>
      <MDI key="STATISTICS_STDDEV">0.031987102515176</MDI>
    </Metadata>
  </PAMRasterBand>
  <PAMRasterBand band="3">
    <Description>Band_3</Description>
    <Histograms>
      <HistItem>
        <HistMin>0.1264999955892563</HistMin>
        <HistMax>0.268750011920929</HistMax>
        <BucketCount>256</BucketCount>
        <IncludeOutOfRange>1</IncludeOutOfRange>
        <Approximate>0</Approximate>
        <HistCounts>1|0|1|4|10|6|6|3|9|7|6|13|27|7|19|17|11|27|17|26|31|44|28|19|35|37|36|40|23|24|38|28|34|36|43|29|32|19|26|22|25|26|23|25|28|24|23|38|21|23|31|22|15|20|19|29|29|7|11|7|20|14|7|12|3|11|9|7|14|9|1|4|0|3|4|2|7|5|2|2|7|2|8|0|2|2|0|4|0|1|5|2|0|2|2|3|1|4|0|2|0|5|1|4|4|2|6|1|3|2|1|0|2|1|0|1|0|4|0|0|0|0|1|1|0|3|1|0|2|0|0|1|1|1|3|0|3|0|3|1|1|0|0|0|1|1|0|0|0|2|1|0|0|0|1|0|0|1|0|0|0|0|2|0|1|0|1|0|0|3|0|0|0|0|1|0|0|0|0|1|0|1|0|3|0|1|0|0|1|1|0|1|1|1|1|2|2|1|0|0|0|1|2|3|0|0|0|5|3|2|0|1|1|0|1|1|0|0|0|0|0|0|1|0|1|0|0|0|1|0|0|0|0|0|0|0|0|0|0|0|0|0|0|0|0|0|0|0|0|0|0|0|0|1|0|1</HistCounts>
      </HistItem>
    </Histograms>
    <Metadata>
      <MDI key="BandName">Band_3</MDI>
      <MDI key="RepresentationType">ATHEMATIC</MDI>
      <MDI key="STATISTICS_COVARIANCES">-0.0002259831252148003,0.0006468058316329079,0.0004205580702250617</MDI>
      <MDI key="STATISTICS_EXCLUDEDVALUES"></MDI>
      <MDI key="STATISTICS_MAXIMUM">0.26875001192093</MDI>
      <MDI key="STATISTICS_MEAN">0.15265936301117</MDI>
      <MDI key="STATISTICS_MEDIAN">0.147140</MDI>
      <MDI key="STATISTICS_MINIMUM">0.12649999558926</MDI>
      <MDI key="STATISTICS_SKIPFACTORX">1</MDI>
      <MDI key="STATISTICS_SKIPFACTORY">1</MDI>
      <MDI key="STATISTICS_STDDEV">0.020507512531389</MDI>
    </Metadata>
  </PAMRasterBand>
</PAMDataset>
