<PAMDataset>
  <Metadata>
    <MDI key="DataType">Generic</MDI>
  </Metadata>
  <PAMRasterBand band="1">
    <Description>Band_1</Description>
    <Histograms>
      <HistItem>
        <HistMin>0.6122499704360962</HistMin>
        <HistMax>0.9537222385406494</HistMax>
        <BucketCount>256</BucketCount>
        <IncludeOutOfRange>1</IncludeOutOfRange>
        <Approximate>0</Approximate>
        <HistCounts>2|0|0|0|0|0|0|0|0|0|0|0|0|0|0|0|0|0|0|0|0|0|4|0|0|0|0|0|0|2|0|0|0|0|0|0|0|0|0|0|0|0|1|0|0|1|0|2|0|0|0|0|0|0|0|2|0|2|0|0|0|0|0|0|0|0|0|2|0|0|0|0|0|2|1|2|4|0|2|0|1|0|0|0|4|0|0|0|0|0|1|2|0|0|1|0|0|0|5|2|0|1|1|3|1|0|0|1|0|1|0|3|0|2|7|1|0|8|0|2|0|5|3|0|0|0|1|3|1|1|0|6|3|0|2|0|2|2|1|2|2|0|0|0|1|0|4|0|0|0|3|0|0|0|2|3|2|1|0|4|1|1|1|4|0|1|0|3|4|0|1|0|1|5|3|1|1|2|3|2|1|1|5|3|3|7|3|3|5|9|6|3|2|4|3|4|2|3|1|0|6|3|4|4|12|7|5|3|2|2|13|8|3|7|4|5|10|4|8|6|2|8|5|4|8|7|13|10|3|29|147|154|174|138|98|70|45|11|15|2|3|1|0|0|0|0|0|0|0|0|0|0|0|0|0|1</HistCounts>
      </HistItem>
    </Histograms>
    <Metadata>
      <MDI key="BandName">Band_1</MDI>
      <MDI key="RepresentationType">ATHEMATIC</MDI>
      <MDI key="STATISTICS_COVARIANCES">0.002882235855481474,-0.001107070304102753,-0.0007631885898258489</MDI>
      <MDI key="STATISTICS_EXCLUDEDVALUES"></MDI>
      <MDI key="STATISTICS_MAXIMUM">0.95372223854065</MDI>
      <MDI key="STATISTICS_MEAN">0.89894968827749</MDI>
      <MDI key="STATISTICS_MEDIAN">0.921584</MDI>
      <MDI key="STATISTICS_MINIMUM">0.6122499704361</MDI>
      <MDI key="STATISTICS_SKIPFACTORX">1</MDI>
      <MDI key="STATISTICS_SKIPFACTORY">1</MDI>
      <MDI key="STATISTICS_STDDEV">0.053686458772036</MDI>
    </Metadata>
  </PAMRasterBand>
  <PAMRasterBand band="2">
    <Description>Band_2</Description>
    <Histograms>
      <HistItem>
        <HistMin>0.06075000017881393</HistMin>
        <HistMax>0.5354999899864197</HistMax>
        <BucketCount>256</BucketCount>
        <IncludeOutOfRange>1</IncludeOutOfRange>
        <Approximate>0</Approximate>
        <HistCounts>5|20|5|16|25|25|33|34|40|31|45|66|39|52|43|54|42|41|48|45|51|40|36|24|38|19|28|29|20|14|15|26|12|16|8|11|5|6|11|5|12|9|5|4|6|2|8|7|1|3|2|0|4|5|3|8|4|2|1|7|3|5|10|4|2|0|3|1|0|2|7|2|0|0|1|4|0|1|0|0|1|1|2|0|1|3|0|0|0|1|0|1|3|0|0|0|1|0|0|2|0|0|2|0|1|0|0|0|3|2|0|0|2|0|0|0|2|0|0|0|2|0|0|0|0|0|0|0|0|0|0|0|0|0|0|0|0|0|0|0|0|0|0|0|0|0|0|0|0|0|0|0|0|0|2|0|0|0|0|0|0|0|0|0|0|0|0|0|0|0|0|0|0|0|0|0|2|0|0|0|0|0|0|0|0|0|0|0|0|0|0|0|0|0|0|0|0|0|0|0|0|0|0|0|0|0|0|0|0|0|0|0|0|0|0|0|0|0|0|0|0|0|0|0|0|0|0|0|0|0|0|0|0|0|0|0|0|0|0|0|0|0|0|0|0|0|0|0|0|0|0|0|0|0|0|1</HistCounts>
      </HistItem>
    </Histograms>
    <Metadata>
      <MDI key="BandName">Band_2</MDI>
      <MDI key="RepresentationType">ATHEMATIC</MDI>
      <MDI key="STATISTICS_COVARIANCES">-0.001107070304102753,0.001561935728292458,0.001029624946217205</MDI>
      <MDI key="STATISTICS_EXCLUDEDVALUES"></MDI>
      <MDI key="STATISTICS_MAXIMUM">0.53549998998642</MDI>
      <MDI key="STATISTICS_MEAN">0.1053213735663</MDI>
      <MDI key="STATISTICS_MEDIAN">0.094262</MDI>
      <MDI key="STATISTICS_MINIMUM">0.060750000178814</MDI>
      <MDI key="STATISTICS_SKIPFACTORX">1</MDI>
      <MDI key="STATISTICS_SKIPFACTORY">1</MDI>
      <MDI key="STATISTICS_STDDEV">0.039521332572327</MDI>
    </Metadata>
  </PAMRasterBand>
  <PAMRasterBand band="3">
    <Description>Band_3</Description>
    <Histograms>
      <HistItem>
        <HistMin>0.1049999967217445</HistMin>
        <HistMax>0.3714999854564667</HistMax>
        <BucketCount>256</BucketCount>
        <IncludeOutOfRange>1</IncludeOutOfRange>
        <Approximate>0</Approximate>
        <HistCounts>1|1|0|2|6|12|13|8|13|13|19|15|27|29|7|31|42|22|35|32|31|31|55|16|36|34|40|36|23|39|39|23|20|26|34|31|15|16|39|21|22|13|19|5|17|17|14|9|4|9|6|6|3|6|7|10|4|5|8|2|7|4|1|5|11|4|2|3|13|1|0|12|6|2|2|9|2|5|5|5|2|7|6|4|0|0|2|0|4|1|0|0|3|1|0|0|2|4|1|1|5|1|1|0|0|3|2|1|0|2|0|0|2|0|0|0|1|0|1|0|0|0|0|0|0|1|0|2|2|2|2|0|0|0|0|0|2|2|0|0|0|0|0|2|0|0|0|0|1|0|0|0|0|0|0|0|0|0|0|0|0|0|0|0|0|0|0|0|0|0|0|0|0|0|0|0|0|0|0|0|0|0|0|0|0|0|0|0|0|0|0|0|0|0|0|2|0|0|0|0|0|0|0|0|0|0|0|0|0|0|0|0|0|0|0|0|0|0|0|0|0|0|0|0|2|0|0|0|0|0|0|0|0|0|0|0|0|0|0|0|0|0|0|0|0|0|0|0|0|0|0|0|0|0|0|1</HistCounts>
      </HistItem>
    </Histograms>
    <Metadata>
      <MDI key="BandName">Band_3</MDI>
      <MDI key="RepresentationType">ATHEMATIC</MDI>
      <MDI key="STATISTICS_COVARIANCES">-0.0007631885898258489,0.001029624946217205,0.0007453443480149598</MDI>
      <MDI key="STATISTICS_EXCLUDEDVALUES"></MDI>
      <MDI key="STATISTICS_MAXIMUM">0.37149998545647</MDI>
      <MDI key="STATISTICS_MEAN">0.14254610347964</MDI>
      <MDI key="STATISTICS_MEDIAN">0.135308</MDI>
      <MDI key="STATISTICS_MINIMUM">0.10499999672174</MDI>
      <MDI key="STATISTICS_SKIPFACTORX">1</MDI>
      <MDI key="STATISTICS_SKIPFACTORY">1</MDI>
      <MDI key="STATISTICS_STDDEV">0.027300995366744</MDI>
    </Metadata>
  </PAMRasterBand>
</PAMDataset>
