<PAMDataset>
  <Metadata>
    <MDI key="DataType">Generic</MDI>
  </Metadata>
  <PAMRasterBand band="1">
    <Description>Band_1</Description>
    <Histograms>
      <HistItem>
        <HistMin>0.6902499794960022</HistMin>
        <HistMax>0.9321481585502625</HistMax>
        <BucketCount>256</BucketCount>
        <IncludeOutOfRange>1</IncludeOutOfRange>
        <Approximate>0</Approximate>
        <HistCounts>1|0|0|0|0|0|0|0|0|0|0|0|0|0|0|0|0|0|0|0|0|0|0|0|0|2|0|0|0|0|0|0|0|0|0|0|0|0|0|0|0|2|2|2|2|6|4|0|5|5|5|4|6|7|8|5|10|10|4|7|13|9|9|11|10|9|13|6|3|6|12|12|3|11|11|7|4|2|14|20|11|12|13|9|8|8|19|6|19|7|8|12|3|5|7|4|12|1|11|5|2|6|5|6|4|6|3|6|8|3|6|5|1|1|2|4|0|2|5|1|2|1|2|1|0|5|1|0|8|6|2|2|6|0|1|4|1|2|2|1|0|3|3|4|3|0|3|4|2|1|4|2|2|1|1|0|1|0|1|0|0|1|1|8|1|0|0|2|0|0|0|1|1|1|2|2|1|0|1|0|0|2|0|2|2|0|0|3|1|1|0|0|0|0|0|0|0|1|0|1|0|2|0|0|0|1|0|0|0|0|0|0|0|0|0|0|0|0|1|0|0|0|0|0|0|0|0|0|0|0|0|0|0|0|1|0|0|0|0|0|0|0|0|3|3|2|0|0|1|0|0|0|1|0|0|1</HistCounts>
      </HistItem>
    </Histograms>
    <Metadata>
      <MDI key="BandName">Band_1</MDI>
      <MDI key="RepresentationType">ATHEMATIC</MDI>
      <MDI key="STATISTICS_COVARIANCES">0.00141089211493066,5.062840357904453e-05,0.0001135982266899241</MDI>
      <MDI key="STATISTICS_EXCLUDEDVALUES"></MDI>
      <MDI key="STATISTICS_MAXIMUM">0.93214815855026</MDI>
      <MDI key="STATISTICS_MEAN">0.77980590221957</MDI>
      <MDI key="STATISTICS_MEDIAN">0.769934</MDI>
      <MDI key="STATISTICS_MINIMUM">0.690249979496</MDI>
      <MDI key="STATISTICS_SKIPFACTORX">1</MDI>
      <MDI key="STATISTICS_SKIPFACTORY">1</MDI>
      <MDI key="STATISTICS_STDDEV">0.037561843870218</MDI>
    </Metadata>
  </PAMRasterBand>
  <PAMRasterBand band="2">
    <Description>Band_2</Description>
    <Histograms>
      <HistItem>
        <HistMin>0.07900000363588333</HistMin>
        <HistMax>0.2060000002384186</HistMax>
        <BucketCount>256</BucketCount>
        <IncludeOutOfRange>1</IncludeOutOfRange>
        <Approximate>0</Approximate>
        <HistCounts>2|0|0|0|0|0|0|0|0|0|0|0|0|1|0|0|2|0|1|0|0|0|0|2|0|0|0|0|0|0|0|0|0|0|2|2|4|0|1|1|2|2|2|3|6|0|1|2|1|4|7|7|13|5|15|12|12|22|16|16|7|12|6|24|19|22|11|18|14|26|27|11|14|12|21|10|13|16|12|17|21|14|13|8|11|4|6|8|5|6|8|5|1|4|9|1|7|6|3|4|3|2|0|1|0|2|2|2|3|3|0|1|0|2|0|2|2|4|0|0|0|0|0|1|0|0|1|0|3|0|0|2|0|0|1|0|0|1|1|0|2|0|0|0|0|0|1|1|0|0|0|0|0|0|0|0|0|0|0|0|0|0|0|0|1|0|0|0|0|0|0|0|0|0|0|0|0|1|0|0|0|0|0|0|0|0|0|0|0|0|0|0|0|0|0|0|0|0|0|0|0|0|0|0|0|0|0|0|0|0|0|0|0|0|0|0|0|0|0|0|0|1|0|0|0|0|0|0|0|0|0|0|0|0|0|0|0|0|0|0|0|0|0|0|0|0|0|0|0|2|0|0|0|0|0|1</HistCounts>
      </HistItem>
    </Histograms>
    <Metadata>
      <MDI key="BandName">Band_2</MDI>
      <MDI key="RepresentationType">ATHEMATIC</MDI>
      <MDI key="STATISTICS_COVARIANCES">5.062840357904453e-05,0.0001389622916890453,0.0001026766922690678</MDI>
      <MDI key="STATISTICS_EXCLUDEDVALUES"></MDI>
      <MDI key="STATISTICS_MAXIMUM">0.20600000023842</MDI>
      <MDI key="STATISTICS_MEAN">0.11562667662714</MDI>
      <MDI key="STATISTICS_MEDIAN">0.113863</MDI>
      <MDI key="STATISTICS_MINIMUM">0.079000003635883</MDI>
      <MDI key="STATISTICS_SKIPFACTORX">1</MDI>
      <MDI key="STATISTICS_SKIPFACTORY">1</MDI>
      <MDI key="STATISTICS_STDDEV">0.011788226825483</MDI>
    </Metadata>
  </PAMRasterBand>
  <PAMRasterBand band="3">
    <Description>Band_3</Description>
    <Histograms>
      <HistItem>
        <HistMin>0.1317500025033951</HistMin>
        <HistMax>0.2329999953508377</HistMax>
        <BucketCount>256</BucketCount>
        <IncludeOutOfRange>1</IncludeOutOfRange>
        <Approximate>0</Approximate>
        <HistCounts>1|0|0|0|0|1|0|0|0|0|2|0|0|0|0|1|0|1|1|0|1|3|2|5|2|12|6|11|22|4|12|14|19|7|24|16|23|22|18|37|23|6|20|11|29|22|21|22|6|22|12|23|14|9|10|8|17|6|2|9|6|5|8|4|13|1|4|5|2|10|0|5|0|3|0|0|1|0|3|1|4|1|0|0|0|4|2|1|4|0|2|0|0|0|0|0|0|0|0|2|3|0|0|0|0|1|0|0|0|0|0|2|0|0|0|4|0|1|1|1|0|0|0|0|0|0|0|0|0|1|0|0|0|0|0|0|0|2|0|0|0|0|0|0|0|0|0|0|0|0|0|0|0|0|0|0|0|0|0|0|0|0|0|0|0|0|0|0|0|0|0|0|0|1|0|0|0|0|0|0|0|0|0|0|0|0|0|0|0|0|0|1|0|0|0|0|0|0|0|0|0|0|0|0|0|0|0|0|0|0|0|0|0|0|0|0|0|0|0|0|0|0|0|0|0|0|1|0|0|0|0|0|0|0|0|0|0|0|0|0|0|0|0|0|0|0|0|0|0|0|0|0|0|0|0|2</HistCounts>
      </HistItem>
    </Histograms>
    <Metadata>
      <MDI key="BandName">Band_3</MDI>
      <MDI key="RepresentationType">ATHEMATIC</MDI>
      <MDI key="STATISTICS_COVARIANCES">0.0001135982266899241,0.0001026766922690678,8.608072883624411e-05</MDI>
      <MDI key="STATISTICS_EXCLUDEDVALUES"></MDI>
      <MDI key="STATISTICS_MAXIMUM">0.23299999535084</MDI>
      <MDI key="STATISTICS_MEAN">0.15088002976646</MDI>
      <MDI key="STATISTICS_MEDIAN">0.149221</MDI>
      <MDI key="STATISTICS_MINIMUM">0.1317500025034</MDI>
      <MDI key="STATISTICS_SKIPFACTORX">1</MDI>
      <MDI key="STATISTICS_SKIPFACTORY">1</MDI>
      <MDI key="STATISTICS_STDDEV">0.0092779700816636</MDI>
    </Metadata>
  </PAMRasterBand>
</PAMDataset>
