<PAMDataset>
  <Metadata>
    <MDI key="DataType">Generic</MDI>
  </Metadata>
  <PAMRasterBand band="1">
    <Description>Band_1</Description>
    <Histograms>
      <HistItem>
        <HistMin>0.7710000276565552</HistMin>
        <HistMax>0.930055558681488</HistMax>
        <BucketCount>256</BucketCount>
        <IncludeOutOfRange>1</IncludeOutOfRange>
        <Approximate>0</Approximate>
        <HistCounts>1|0|0|0|0|0|0|0|0|0|0|0|0|0|0|1|0|0|0|2|1|0|0|0|1|0|0|0|0|0|0|2|0|0|2|0|1|0|3|1|0|1|2|0|4|0|0|1|0|0|1|0|4|1|1|0|0|1|0|0|2|0|1|0|0|1|0|0|0|0|3|1|1|0|2|0|1|0|4|4|2|0|2|1|2|1|2|1|1|0|0|0|0|1|3|0|2|1|2|0|2|2|0|0|1|1|3|2|1|2|0|4|3|5|0|2|2|5|2|1|1|6|3|6|3|9|4|8|1|4|3|4|1|6|3|6|5|4|2|5|5|4|1|8|2|7|4|15|4|18|4|10|4|4|7|6|12|10|10|8|3|12|3|23|12|14|9|7|10|13|11|10|9|18|13|15|16|6|7|17|8|30|11|17|14|17|17|19|15|30|10|24|17|18|20|23|19|18|9|12|26|21|16|12|29|14|20|4|17|19|30|13|22|17|20|11|22|18|29|12|14|9|21|9|18|11|20|9|30|9|21|24|7|6|12|10|15|4|22|147|103|94|86|68|52|37|33|15|8|8|2|0|1|2|6|1</HistCounts>
      </HistItem>
    </Histograms>
    <Metadata>
      <MDI key="BandName">Band_1</MDI>
      <MDI key="RepresentationType">ATHEMATIC</MDI>
      <MDI key="STATISTICS_COVARIANCES">0.0007344718879027683,-0.0004063930281877394,-0.0002510319795361665</MDI>
      <MDI key="STATISTICS_EXCLUDEDVALUES"></MDI>
      <MDI key="STATISTICS_MAXIMUM">0.93005555868149</MDI>
      <MDI key="STATISTICS_MEAN">0.89671727398485</MDI>
      <MDI key="STATISTICS_MEDIAN">0.901987</MDI>
      <MDI key="STATISTICS_MINIMUM">0.77100002765656</MDI>
      <MDI key="STATISTICS_SKIPFACTORX">1</MDI>
      <MDI key="STATISTICS_SKIPFACTORY">1</MDI>
      <MDI key="STATISTICS_STDDEV">0.02710114181917</MDI>
    </Metadata>
  </PAMRasterBand>
  <PAMRasterBand band="2">
    <Description>Band_2</Description>
    <Histograms>
      <HistItem>
        <HistMin>0.09525000303983688</HistMin>
        <HistMax>0.3617500066757202</HistMax>
        <BucketCount>256</BucketCount>
        <IncludeOutOfRange>1</IncludeOutOfRange>
        <Approximate>0</Approximate>
        <HistCounts>2|0|1|0|1|1|3|5|1|5|5|5|9|7|12|12|20|20|28|26|39|39|68|49|57|54|57|94|86|74|74|67|78|77|84|55|45|60|52|54|48|39|38|35|53|47|33|55|27|19|14|14|19|18|16|22|17|15|15|17|21|21|9|3|3|10|10|9|3|3|3|10|4|6|5|9|0|2|6|3|1|4|2|3|1|0|1|2|2|2|0|2|0|0|0|2|0|0|0|2|0|0|1|1|0|0|0|0|0|1|1|0|0|0|0|1|1|0|0|0|0|1|1|2|0|1|0|2|1|0|0|0|0|0|0|1|0|1|1|3|1|2|0|0|1|2|1|1|1|0|0|0|1|2|0|1|0|0|2|1|0|0|0|2|0|0|0|0|0|0|1|1|0|0|0|0|0|0|1|0|1|0|1|0|0|0|0|0|1|1|0|2|0|0|0|0|1|1|0|0|2|1|1|3|0|0|0|2|0|0|1|0|0|0|0|0|0|1|0|0|0|1|0|0|0|0|0|0|1|0|0|0|0|0|1|0|0|2|0|1|0|0|0|0|0|0|0|0|0|0|0|0|0|1|0|1</HistCounts>
      </HistItem>
    </Histograms>
    <Metadata>
      <MDI key="BandName">Band_2</MDI>
      <MDI key="RepresentationType">ATHEMATIC</MDI>
      <MDI key="STATISTICS_COVARIANCES">-0.0004063930281877394,0.0008319792833083033,0.00056128959833351</MDI>
      <MDI key="STATISTICS_EXCLUDEDVALUES"></MDI>
      <MDI key="STATISTICS_MAXIMUM">0.36175000667572</MDI>
      <MDI key="STATISTICS_MEAN">0.13782706169085</MDI>
      <MDI key="STATISTICS_MEDIAN">0.130783</MDI>
      <MDI key="STATISTICS_MINIMUM">0.095250003039837</MDI>
      <MDI key="STATISTICS_SKIPFACTORX">1</MDI>
      <MDI key="STATISTICS_SKIPFACTORY">1</MDI>
      <MDI key="STATISTICS_STDDEV">0.028844051090447</MDI>
    </Metadata>
  </PAMRasterBand>
  <PAMRasterBand band="3">
    <Description>Band_3</Description>
    <Histograms>
      <HistItem>
        <HistMin>0.1397500038146973</HistMin>
        <HistMax>0.3352499902248383</HistMax>
        <BucketCount>256</BucketCount>
        <IncludeOutOfRange>1</IncludeOutOfRange>
        <Approximate>0</Approximate>
        <HistCounts>1|1|0|1|0|0|3|3|3|4|6|6|15|8|7|26|33|38|27|37|35|56|72|61|76|68|75|91|78|96|96|73|74|67|62|44|67|49|49|52|60|48|36|31|37|50|29|22|32|15|26|14|8|23|24|16|5|9|5|10|10|8|8|5|2|6|6|7|3|4|0|1|6|1|8|2|3|1|3|1|0|0|1|1|0|0|2|0|0|0|2|1|2|1|0|0|0|0|1|1|1|1|1|0|0|0|1|1|1|1|0|1|0|0|0|2|0|0|2|1|1|0|1|1|1|0|1|3|1|0|1|0|0|2|4|0|0|0|0|1|0|0|1|0|0|0|0|1|1|0|1|0|0|0|0|0|0|0|0|0|0|1|0|0|0|0|0|0|0|0|0|0|0|0|0|1|1|0|0|0|0|0|0|2|1|1|0|0|0|0|0|1|0|0|2|0|0|0|1|3|0|0|1|2|0|0|1|1|0|0|0|0|1|0|0|0|0|0|0|0|1|0|0|0|1|0|0|0|0|0|1|0|0|0|1|0|2|0|0|0|0|0|0|0|0|0|0|0|0|1|0|0|0|0|0|1</HistCounts>
      </HistItem>
    </Histograms>
    <Metadata>
      <MDI key="BandName">Band_3</MDI>
      <MDI key="RepresentationType">ATHEMATIC</MDI>
      <MDI key="STATISTICS_COVARIANCES">-0.0002510319795361665,0.00056128959833351,0.0003868612519834266</MDI>
      <MDI key="STATISTICS_EXCLUDEDVALUES"></MDI>
      <MDI key="STATISTICS_MAXIMUM">0.33524999022484</MDI>
      <MDI key="STATISTICS_MEAN">0.16864533562578</MDI>
      <MDI key="STATISTICS_MEDIAN">0.164283</MDI>
      <MDI key="STATISTICS_MINIMUM">0.1397500038147</MDI>
      <MDI key="STATISTICS_SKIPFACTORX">1</MDI>
      <MDI key="STATISTICS_SKIPFACTORY">1</MDI>
      <MDI key="STATISTICS_STDDEV">0.019668788777742</MDI>
    </Metadata>
  </PAMRasterBand>
</PAMDataset>
