<PAMDataset>
  <Metadata>
    <MDI key="DataType">Generic</MDI>
  </Metadata>
  <PAMRasterBand band="1">
    <Description>Band_1</Description>
    <Histograms>
      <HistItem>
        <HistMin>0.6907500028610229</HistMin>
        <HistMax>0.9379259347915649</HistMax>
        <BucketCount>256</BucketCount>
        <IncludeOutOfRange>1</IncludeOutOfRange>
        <Approximate>0</Approximate>
        <HistCounts>1|0|0|0|0|0|0|0|0|0|0|0|0|0|0|0|0|0|0|0|0|0|0|0|0|1|0|0|0|0|0|0|0|0|0|0|0|0|0|0|0|0|2|0|0|1|1|0|0|0|0|1|0|0|2|0|2|1|0|1|0|0|1|0|3|3|0|0|6|4|2|6|0|1|1|3|2|1|2|5|5|4|0|1|2|9|0|3|3|1|4|5|7|11|4|5|1|8|6|3|6|10|6|6|10|3|2|5|8|2|3|3|8|13|5|8|4|4|0|3|1|9|3|9|6|0|5|12|0|7|3|1|4|3|5|1|5|5|2|1|8|4|4|4|3|6|5|8|6|3|8|5|11|3|5|3|8|7|5|11|11|11|7|8|9|7|14|13|5|10|8|1|7|5|6|11|13|11|7|8|10|9|11|12|9|12|11|9|7|11|18|5|13|5|9|8|2|12|10|13|12|10|9|8|11|9|11|15|9|8|3|3|5|7|7|3|3|6|5|7|6|4|8|6|7|2|5|3|4|15|4|5|8|8|6|13|45|86|75|66|37|47|60|73|86|53|61|35|44|15|11|21|5|5|1|1</HistCounts>
      </HistItem>
    </Histograms>
    <Metadata>
      <MDI key="BandName">Band_1</MDI>
      <MDI key="RepresentationType">ATHEMATIC</MDI>
      <MDI key="STATISTICS_COVARIANCES">0.002666366746052378,-0.0002354573111568315,3.606534423162831e-05</MDI>
      <MDI key="STATISTICS_EXCLUDEDVALUES"></MDI>
      <MDI key="STATISTICS_MAXIMUM">0.93792593479156</MDI>
      <MDI key="STATISTICS_MEAN">0.88200560097208</MDI>
      <MDI key="STATISTICS_MEDIAN">0.901092</MDI>
      <MDI key="STATISTICS_MINIMUM">0.69075000286102</MDI>
      <MDI key="STATISTICS_SKIPFACTORX">1</MDI>
      <MDI key="STATISTICS_SKIPFACTORY">1</MDI>
      <MDI key="STATISTICS_STDDEV">0.051636873898914</MDI>
    </Metadata>
  </PAMRasterBand>
  <PAMRasterBand band="2">
    <Description>Band_2</Description>
    <Histograms>
      <HistItem>
        <HistMin>0.08150000125169754</HistMin>
        <HistMax>0.3567500114440918</HistMax>
        <BucketCount>256</BucketCount>
        <IncludeOutOfRange>1</IncludeOutOfRange>
        <Approximate>0</Approximate>
        <HistCounts>5|3|2|8|8|15|11|24|17|26|17|26|36|15|12|14|11|15|20|25|12|14|21|24|20|32|16|14|21|15|18|20|11|26|24|17|20|14|17|12|28|23|15|18|17|13|21|13|17|17|22|7|18|13|11|8|15|11|25|19|13|12|10|11|19|23|21|12|14|26|9|18|14|16|19|16|12|10|15|13|15|21|8|16|14|18|10|8|21|6|13|11|11|11|13|4|13|14|14|10|15|3|9|16|9|8|5|8|5|1|8|0|7|4|7|0|5|6|4|0|2|5|3|4|1|7|2|6|5|0|4|0|2|4|3|0|1|1|2|2|0|0|3|4|0|5|2|6|5|0|0|5|0|0|2|0|4|4|2|2|0|2|2|2|0|0|1|1|0|0|6|2|2|0|3|2|1|2|5|4|2|0|0|5|1|3|4|1|4|0|0|3|1|2|2|3|2|0|1|0|2|1|0|2|0|1|0|1|0|0|0|2|0|0|1|0|0|0|0|0|0|5|2|0|1|0|0|0|1|0|0|3|0|0|0|2|4|0|1|2|3|0|0|2|0|1|0|1|2|0|0|0|0|0|1|2</HistCounts>
      </HistItem>
    </Histograms>
    <Metadata>
      <MDI key="BandName">Band_2</MDI>
      <MDI key="RepresentationType">ATHEMATIC</MDI>
      <MDI key="STATISTICS_COVARIANCES">-0.0002354573111568315,0.002760326950808847,0.001820998869623047</MDI>
      <MDI key="STATISTICS_EXCLUDEDVALUES"></MDI>
      <MDI key="STATISTICS_MAXIMUM">0.35675001144409</MDI>
      <MDI key="STATISTICS_MEAN">0.15179873236228</MDI>
      <MDI key="STATISTICS_MEDIAN">0.141947</MDI>
      <MDI key="STATISTICS_MINIMUM">0.081500001251698</MDI>
      <MDI key="STATISTICS_SKIPFACTORX">1</MDI>
      <MDI key="STATISTICS_SKIPFACTORY">1</MDI>
      <MDI key="STATISTICS_STDDEV">0.05253881375525</MDI>
    </Metadata>
  </PAMRasterBand>
  <PAMRasterBand band="3">
    <Description>Band_3</Description>
    <Histograms>
      <HistItem>
        <HistMin>0.1422500014305115</HistMin>
        <HistMax>0.3244999945163727</HistMax>
        <BucketCount>256</BucketCount>
        <IncludeOutOfRange>1</IncludeOutOfRange>
        <Approximate>0</Approximate>
        <HistCounts>1|3|4|5|7|6|7|3|21|23|17|17|40|37|13|29|33|27|41|36|36|26|21|31|24|18|20|11|16|29|17|24|24|22|23|8|13|4|16|15|10|14|11|18|12|13|11|17|16|16|12|20|7|13|11|16|15|21|20|20|13|25|16|19|13|10|19|16|21|22|13|24|27|23|14|20|14|9|18|13|20|9|15|12|4|9|6|19|11|13|20|8|6|16|4|6|8|4|6|8|4|7|6|5|6|3|7|1|3|4|0|5|4|2|3|4|2|3|5|4|0|1|2|0|3|0|3|0|4|6|0|3|1|0|2|4|1|0|3|2|13|0|5|0|2|1|3|2|2|1|0|0|2|1|0|1|0|7|7|0|2|1|3|2|2|6|0|6|2|3|3|0|0|1|3|2|1|0|2|3|0|4|0|4|0|1|3|1|3|1|0|2|0|0|1|2|1|1|2|2|0|1|0|1|1|0|1|0|1|0|2|1|0|2|0|0|2|0|0|1|4|0|1|1|0|2|2|1|0|2|0|0|0|1|2|3|1|1|0|2|1|1|1|1|1|2|2|0|0|3|0|0|0|0|0|1</HistCounts>
      </HistItem>
    </Histograms>
    <Metadata>
      <MDI key="BandName">Band_3</MDI>
      <MDI key="RepresentationType">ATHEMATIC</MDI>
      <MDI key="STATISTICS_COVARIANCES">3.606534423162831e-05,0.001820998869623047,0.001233681099849511</MDI>
      <MDI key="STATISTICS_EXCLUDEDVALUES"></MDI>
      <MDI key="STATISTICS_MAXIMUM">0.32449999451637</MDI>
      <MDI key="STATISTICS_MEAN">0.18659601179116</MDI>
      <MDI key="STATISTICS_MEDIAN">0.180129</MDI>
      <MDI key="STATISTICS_MINIMUM">0.14225000143051</MDI>
      <MDI key="STATISTICS_SKIPFACTORX">1</MDI>
      <MDI key="STATISTICS_SKIPFACTORY">1</MDI>
      <MDI key="STATISTICS_STDDEV">0.035123796774402</MDI>
    </Metadata>
  </PAMRasterBand>
</PAMDataset>
