<PAMDataset>
  <Metadata>
    <MDI key="DataType">Generic</MDI>
  </Metadata>
  <PAMRasterBand band="1">
    <Description>Band_1</Description>
    <Histograms>
      <HistItem>
        <HistMin>0.7602499723434448</HistMin>
        <HistMax>0.9434444308280945</HistMax>
        <BucketCount>256</BucketCount>
        <IncludeOutOfRange>1</IncludeOutOfRange>
        <Approximate>0</Approximate>
        <HistCounts>1|0|0|0|0|0|0|0|0|0|0|0|0|0|0|0|0|0|0|0|0|0|0|0|0|0|0|0|0|0|0|0|0|0|0|0|0|0|0|0|0|0|0|0|0|0|0|0|0|0|1|0|0|0|0|0|0|0|0|0|0|0|0|1|0|0|0|0|0|0|0|0|0|2|0|0|0|0|0|0|0|0|0|0|0|0|0|0|1|0|0|0|0|0|0|0|0|0|0|0|0|1|0|0|1|0|0|0|1|0|0|0|0|0|0|1|0|0|2|0|1|0|0|0|0|0|1|2|0|0|0|0|0|0|1|0|0|0|0|0|0|0|0|1|1|0|0|0|0|0|0|0|0|0|0|0|0|0|0|0|0|0|0|0|0|0|0|0|0|0|0|0|0|1|0|0|0|0|0|0|2|1|1|0|0|0|0|1|0|0|0|0|0|0|0|0|0|0|0|0|0|0|0|0|0|1|0|0|0|0|0|1|1|1|1|0|1|0|0|0|0|0|0|13|11|12|11|10|13|10|29|39|48|62|82|92|99|127|129|94|63|52|45|25|26|24|22|19|5|4|2|4|6|1|2|2</HistCounts>
      </HistItem>
    </Histograms>
    <Metadata>
      <MDI key="BandName">Band_1</MDI>
      <MDI key="RepresentationType">ATHEMATIC</MDI>
      <MDI key="STATISTICS_COVARIANCES">0.0001781785380241268,-0.0001520956266365973,-7.347262217884497e-05</MDI>
      <MDI key="STATISTICS_EXCLUDEDVALUES"></MDI>
      <MDI key="STATISTICS_MAXIMUM">0.94344443082809</MDI>
      <MDI key="STATISTICS_MEAN">0.9289786303063</MDI>
      <MDI key="STATISTICS_MEDIAN">0.930513</MDI>
      <MDI key="STATISTICS_MINIMUM">0.76024997234344</MDI>
      <MDI key="STATISTICS_SKIPFACTORX">1</MDI>
      <MDI key="STATISTICS_SKIPFACTORY">1</MDI>
      <MDI key="STATISTICS_STDDEV">0.013348353382501</MDI>
    </Metadata>
  </PAMRasterBand>
  <PAMRasterBand band="2">
    <Description>Band_2</Description>
    <Histograms>
      <HistItem>
        <HistMin>0.04500000178813934</HistMin>
        <HistMax>0.2495000064373016</HistMax>
        <BucketCount>256</BucketCount>
        <IncludeOutOfRange>1</IncludeOutOfRange>
        <Approximate>0</Approximate>
        <HistCounts>3|0|3|0|1|0|0|2|4|1|3|0|0|3|6|2|5|4|0|5|3|3|8|8|17|3|6|6|16|10|17|10|22|24|14|38|15|21|18|17|25|29|20|23|17|21|15|17|28|16|17|20|25|29|29|25|30|43|13|20|6|21|21|16|18|21|20|30|13|21|11|18|16|16|13|17|10|6|4|5|6|6|2|2|5|3|3|3|4|3|2|0|3|2|2|2|3|0|0|2|0|1|2|2|0|0|1|1|1|1|3|1|1|1|0|0|2|0|6|0|2|0|1|0|0|0|2|0|0|0|0|0|1|0|0|2|0|3|0|0|2|0|1|0|0|2|0|0|1|1|0|0|1|3|0|0|1|0|5|1|2|2|0|2|0|0|0|0|1|0|0|0|0|0|0|1|0|0|0|0|0|0|0|0|0|0|0|0|0|0|2|0|1|1|0|0|0|0|0|1|1|0|0|0|1|1|1|1|2|2|0|0|0|0|0|0|0|0|0|0|0|0|0|0|0|0|0|1|0|0|0|0|0|2|0|0|0|0|0|0|0|0|0|0|0|0|0|0|0|0|0|0|0|0|0|1</HistCounts>
      </HistItem>
    </Histograms>
    <Metadata>
      <MDI key="BandName">Band_2</MDI>
      <MDI key="RepresentationType">ATHEMATIC</MDI>
      <MDI key="STATISTICS_COVARIANCES">-0.0001520956266365973,0.0006384979411469358,0.0004250471198312872</MDI>
      <MDI key="STATISTICS_EXCLUDEDVALUES"></MDI>
      <MDI key="STATISTICS_MAXIMUM">0.2495000064373</MDI>
      <MDI key="STATISTICS_MEAN">0.091252059382701</MDI>
      <MDI key="STATISTICS_MEDIAN">0.087504</MDI>
      <MDI key="STATISTICS_MINIMUM">0.045000001788139</MDI>
      <MDI key="STATISTICS_SKIPFACTORX">1</MDI>
      <MDI key="STATISTICS_SKIPFACTORY">1</MDI>
      <MDI key="STATISTICS_STDDEV">0.025268516797528</MDI>
    </Metadata>
  </PAMRasterBand>
  <PAMRasterBand band="3">
    <Description>Band_3</Description>
    <Histograms>
      <HistItem>
        <HistMin>0.1027500033378601</HistMin>
        <HistMax>0.2517499923706055</HistMax>
        <BucketCount>256</BucketCount>
        <IncludeOutOfRange>1</IncludeOutOfRange>
        <Approximate>0</Approximate>
        <HistCounts>1|0|0|0|2|1|2|0|6|2|1|2|0|2|1|1|0|6|2|6|2|4|5|3|1|4|7|1|9|8|15|9|16|7|22|16|13|21|26|10|17|23|20|19|26|14|14|19|12|16|15|17|17|24|21|9|21|22|15|29|14|14|40|22|28|39|13|23|26|20|17|21|12|16|18|18|12|9|7|8|18|10|12|27|11|12|2|2|8|2|4|7|4|4|8|2|5|2|3|3|2|2|6|1|0|3|2|0|2|1|0|1|1|5|3|2|0|1|1|0|0|0|0|2|0|0|0|0|1|2|1|0|4|0|0|2|1|0|1|2|1|2|1|3|2|1|0|1|1|0|0|2|1|0|0|0|2|0|0|3|0|0|1|0|1|0|0|0|0|0|0|0|0|0|0|0|0|0|1|0|0|0|0|0|0|0|2|0|0|0|0|0|0|0|0|0|0|0|0|1|1|1|1|2|0|0|0|0|0|2|0|0|2|0|0|0|0|0|0|0|0|0|1|0|0|1|0|0|0|0|0|0|0|0|0|0|0|0|0|0|0|0|0|0|0|0|0|0|0|0|0|0|0|0|0|1</HistCounts>
      </HistItem>
    </Histograms>
    <Metadata>
      <MDI key="BandName">Band_3</MDI>
      <MDI key="RepresentationType">ATHEMATIC</MDI>
      <MDI key="STATISTICS_COVARIANCES">-7.347262217884497e-05,0.0004250471198312872,0.0003100543493984014</MDI>
      <MDI key="STATISTICS_EXCLUDEDVALUES"></MDI>
      <MDI key="STATISTICS_MAXIMUM">0.25174999237061</MDI>
      <MDI key="STATISTICS_MEAN">0.13951276780353</MDI>
      <MDI key="STATISTICS_MEDIAN">0.137809</MDI>
      <MDI key="STATISTICS_MINIMUM">0.10275000333786</MDI>
      <MDI key="STATISTICS_SKIPFACTORX">1</MDI>
      <MDI key="STATISTICS_SKIPFACTORY">1</MDI>
      <MDI key="STATISTICS_STDDEV">0.017608360213217</MDI>
    </Metadata>
  </PAMRasterBand>
</PAMDataset>
