<PAMDataset>
  <Metadata>
    <MDI key="DataType">Generic</MDI>
  </Metadata>
  <PAMRasterBand band="1">
    <Description>Band_1</Description>
    <Histograms>
      <HistItem>
        <HistMin>0.8364999890327454</HistMin>
        <HistMax>0.9402222037315369</HistMax>
        <BucketCount>256</BucketCount>
        <IncludeOutOfRange>1</IncludeOutOfRange>
        <Approximate>0</Approximate>
        <HistCounts>1|0|0|0|0|0|0|0|0|0|0|0|0|0|0|0|0|0|0|0|0|0|0|0|0|0|0|0|1|0|0|0|0|0|0|0|0|0|0|0|0|0|0|0|1|0|0|2|0|0|0|0|0|0|0|0|0|0|0|0|0|0|0|0|0|0|0|0|0|0|0|0|0|0|0|0|0|0|0|0|0|0|0|0|0|0|0|1|0|0|0|0|0|0|0|0|0|0|0|0|0|0|0|0|0|0|0|0|0|0|0|0|0|0|1|0|0|0|0|1|0|0|0|0|0|0|0|0|0|0|0|0|0|1|0|0|0|0|0|0|0|1|0|0|0|0|4|0|1|0|0|0|0|0|0|0|0|0|0|0|0|0|0|0|0|0|0|1|0|0|0|0|0|1|0|0|1|0|0|1|0|0|0|0|0|2|1|0|0|0|0|0|0|0|0|0|0|0|0|1|2|0|0|0|0|5|4|5|11|6|15|22|14|19|12|13|32|33|18|23|42|34|36|39|45|53|62|54|73|50|44|46|36|60|42|40|46|43|24|24|30|27|14|12|19|6|2|4|5|6|4|1|0|0|0|1</HistCounts>
      </HistItem>
    </Histograms>
    <Metadata>
      <MDI key="BandName">Band_1</MDI>
      <MDI key="RepresentationType">ATHEMATIC</MDI>
      <MDI key="STATISTICS_COVARIANCES">5.247049237613575e-05,-5.862824315048917e-05,-3.134925116651283e-05</MDI>
      <MDI key="STATISTICS_EXCLUDEDVALUES"></MDI>
      <MDI key="STATISTICS_MAXIMUM">0.94022220373154</MDI>
      <MDI key="STATISTICS_MEAN">0.92860089760102</MDI>
      <MDI key="STATISTICS_MEDIAN">0.929240</MDI>
      <MDI key="STATISTICS_MINIMUM">0.83649998903275</MDI>
      <MDI key="STATISTICS_SKIPFACTORX">1</MDI>
      <MDI key="STATISTICS_SKIPFACTORY">1</MDI>
      <MDI key="STATISTICS_STDDEV">0.0072436518674033</MDI>
    </Metadata>
  </PAMRasterBand>
  <PAMRasterBand band="2">
    <Description>Band_2</Description>
    <Histograms>
      <HistItem>
        <HistMin>0.04625000059604645</HistMin>
        <HistMax>0.1835000067949295</HistMax>
        <BucketCount>256</BucketCount>
        <IncludeOutOfRange>1</IncludeOutOfRange>
        <Approximate>0</Approximate>
        <HistCounts>3|0|0|0|2|3|2|2|3|4|2|1|1|2|3|5|6|0|1|2|2|4|2|5|6|4|12|8|5|7|9|4|14|0|7|4|3|7|6|10|6|4|3|2|3|3|2|4|14|9|13|13|8|11|11|15|14|5|18|14|10|31|19|17|21|25|21|13|21|8|12|27|13|14|20|12|14|14|20|12|16|7|25|17|7|22|24|11|10|9|16|14|9|2|9|18|5|14|20|14|8|8|2|11|10|9|14|2|15|15|15|8|1|9|5|3|11|8|9|3|3|4|5|3|20|5|6|5|2|11|5|4|1|4|3|1|0|4|0|0|1|4|2|4|3|2|1|4|1|2|0|0|2|3|0|3|1|3|4|0|0|2|2|3|0|1|0|0|1|3|0|2|0|1|0|0|0|0|0|1|0|1|2|2|2|2|0|0|0|0|0|0|0|2|0|0|2|0|0|0|0|0|0|1|0|1|2|2|0|0|0|0|1|0|0|0|0|0|0|0|0|0|0|0|0|0|0|0|0|2|0|0|0|0|0|1|2|0|0|1|0|0|0|0|0|0|0|0|0|0|0|0|0|0|0|1</HistCounts>
      </HistItem>
    </Histograms>
    <Metadata>
      <MDI key="BandName">Band_2</MDI>
      <MDI key="RepresentationType">ATHEMATIC</MDI>
      <MDI key="STATISTICS_COVARIANCES">-5.862824315048917e-05,0.0004085273383259465,0.0003185244283407911</MDI>
      <MDI key="STATISTICS_EXCLUDEDVALUES"></MDI>
      <MDI key="STATISTICS_MAXIMUM">0.18350000679493</MDI>
      <MDI key="STATISTICS_MEAN">0.090120218583702</MDI>
      <MDI key="STATISTICS_MEDIAN">0.087694</MDI>
      <MDI key="STATISTICS_MINIMUM">0.046250000596046</MDI>
      <MDI key="STATISTICS_SKIPFACTORX">1</MDI>
      <MDI key="STATISTICS_SKIPFACTORY">1</MDI>
      <MDI key="STATISTICS_STDDEV">0.020212059230221</MDI>
    </Metadata>
  </PAMRasterBand>
  <PAMRasterBand band="3">
    <Description>Band_3</Description>
    <Histograms>
      <HistItem>
        <HistMin>0.09375</HistMin>
        <HistMax>0.207749992609024</HistMax>
        <BucketCount>256</BucketCount>
        <IncludeOutOfRange>1</IncludeOutOfRange>
        <Approximate>0</Approximate>
        <HistCounts>1|0|0|0|0|0|1|2|1|0|0|0|0|2|0|6|1|2|1|8|9|5|3|1|6|0|4|6|4|8|6|13|7|0|5|6|10|2|4|6|10|5|2|5|3|3|7|2|4|3|10|3|3|6|1|9|1|5|15|8|10|1|11|6|13|10|3|14|11|13|5|25|19|21|29|8|17|15|21|14|14|16|14|23|11|13|24|20|16|6|9|10|28|18|4|9|24|17|19|9|21|13|12|5|18|20|18|13|4|11|6|9|13|12|14|10|15|8|0|12|5|5|4|6|8|5|11|2|8|10|12|5|5|8|8|4|2|6|4|7|5|5|6|6|6|1|1|2|3|4|5|3|2|4|4|1|0|4|3|0|1|8|2|1|1|0|0|0|0|1|1|3|2|0|1|1|1|3|1|0|0|0|1|0|0|2|1|1|0|0|1|0|0|1|0|0|0|0|0|0|1|2|2|2|3|0|0|0|0|0|0|0|0|0|0|1|0|0|1|0|0|0|1|0|0|0|0|0|1|1|0|0|0|0|0|0|0|0|0|0|0|0|0|0|0|0|2|0|0|0|0|0|0|0|0|1</HistCounts>
      </HistItem>
    </Histograms>
    <Metadata>
      <MDI key="BandName">Band_3</MDI>
      <MDI key="RepresentationType">ATHEMATIC</MDI>
      <MDI key="STATISTICS_COVARIANCES">-3.134925116651283e-05,0.0003185244283407911,0.0002855179559208034</MDI>
      <MDI key="STATISTICS_EXCLUDEDVALUES"></MDI>
      <MDI key="STATISTICS_MAXIMUM">0.20774999260902</MDI>
      <MDI key="STATISTICS_MEAN">0.13437041360521</MDI>
      <MDI key="STATISTICS_MEDIAN">0.133091</MDI>
      <MDI key="STATISTICS_MINIMUM">0.09375</MDI>
      <MDI key="STATISTICS_SKIPFACTORX">1</MDI>
      <MDI key="STATISTICS_SKIPFACTORY">1</MDI>
      <MDI key="STATISTICS_STDDEV">0.016897276582953</MDI>
    </Metadata>
  </PAMRasterBand>
</PAMDataset>
