<PAMDataset>
  <Metadata>
    <MDI key="DataType">Generic</MDI>
  </Metadata>
  <PAMRasterBand band="1">
    <Description>Band_1</Description>
    <Histograms>
      <HistItem>
        <HistMin>0.609499990940094</HistMin>
        <HistMax>0.9351111054420471</HistMax>
        <BucketCount>256</BucketCount>
        <IncludeOutOfRange>1</IncludeOutOfRange>
        <Approximate>0</Approximate>
        <HistCounts>1|0|0|0|0|0|0|0|0|0|1|0|0|0|0|0|0|0|0|1|0|0|0|0|0|0|0|0|0|0|0|0|0|1|0|0|0|0|0|0|0|0|0|0|0|0|0|0|0|0|0|0|0|0|0|1|0|0|1|0|1|0|0|0|0|0|0|1|1|0|1|0|0|0|0|0|0|3|0|0|0|0|0|1|0|0|0|0|0|0|0|0|0|0|0|0|1|0|0|1|0|1|1|0|0|0|0|0|0|0|0|0|0|0|1|4|2|2|0|0|0|0|1|0|1|2|0|0|1|0|1|0|0|0|0|0|0|0|0|2|0|0|0|0|0|2|2|3|1|0|1|1|0|1|1|2|1|0|1|1|1|1|2|4|0|0|2|1|0|0|0|0|0|0|4|2|1|0|0|2|0|1|4|0|0|1|3|0|0|2|3|1|0|0|0|1|3|2|0|2|2|1|1|1|0|0|0|0|1|1|0|1|0|3|1|3|4|1|4|3|1|1|4|1|2|2|2|1|4|2|2|3|3|2|3|1|1|3|1|3|0|10|1|49|103|140|115|115|75|54|45|36|14|21|9|1</HistCounts>
      </HistItem>
    </Histograms>
    <Metadata>
      <MDI key="BandName">Band_1</MDI>
      <MDI key="RepresentationType">ATHEMATIC</MDI>
      <MDI key="STATISTICS_COVARIANCES">0.001969291364084483,-0.002077014601544293,-0.001172841079889823</MDI>
      <MDI key="STATISTICS_EXCLUDEDVALUES"></MDI>
      <MDI key="STATISTICS_MAXIMUM">0.93511110544205</MDI>
      <MDI key="STATISTICS_MEAN">0.90967134486477</MDI>
      <MDI key="STATISTICS_MEDIAN">0.923619</MDI>
      <MDI key="STATISTICS_MINIMUM">0.60949999094009</MDI>
      <MDI key="STATISTICS_SKIPFACTORX">1</MDI>
      <MDI key="STATISTICS_SKIPFACTORY">1</MDI>
      <MDI key="STATISTICS_STDDEV">0.044376698436054</MDI>
    </Metadata>
  </PAMRasterBand>
  <PAMRasterBand band="2">
    <Description>Band_2</Description>
    <Histograms>
      <HistItem>
        <HistMin>0.04549999907612801</HistMin>
        <HistMax>0.6337500214576721</HistMax>
        <BucketCount>256</BucketCount>
        <IncludeOutOfRange>1</IncludeOutOfRange>
        <Approximate>0</Approximate>
        <HistCounts>3|3|5|14|19|31|28|29|33|11|13|16|12|17|12|10|12|17|9|14|14|5|9|11|4|3|5|2|0|4|6|2|8|1|0|1|6|7|4|2|4|1|1|7|4|1|5|4|2|4|7|1|4|3|2|1|5|8|2|1|1|5|3|6|4|6|10|9|6|11|2|4|8|3|5|2|4|5|6|10|11|7|12|5|12|7|8|3|8|4|9|7|4|3|6|8|1|3|5|7|6|2|0|2|5|0|6|2|3|3|2|0|4|2|0|2|1|1|2|3|0|2|1|2|6|3|2|1|1|2|3|1|2|0|0|3|3|3|0|1|0|2|3|4|1|7|1|1|2|0|0|1|2|2|2|3|2|2|1|6|0|2|0|0|1|1|2|3|1|1|0|2|0|0|0|2|2|1|1|0|1|0|0|1|0|4|0|0|2|1|0|2|0|1|0|4|0|2|2|0|0|0|3|1|0|0|2|4|1|0|3|7|0|0|0|0|1|0|5|0|2|1|0|1|2|1|0|3|1|0|2|1|0|1|1|2|1|2|0|1|2|0|0|2|2|3|2|4|6|1|0|2|5|0|1|1</HistCounts>
      </HistItem>
    </Histograms>
    <Metadata>
      <MDI key="BandName">Band_2</MDI>
      <MDI key="RepresentationType">ATHEMATIC</MDI>
      <MDI key="STATISTICS_COVARIANCES">-0.002077014601544293,0.02458583171861035,0.01684238081276653</MDI>
      <MDI key="STATISTICS_EXCLUDEDVALUES"></MDI>
      <MDI key="STATISTICS_MAXIMUM">0.63375002145767</MDI>
      <MDI key="STATISTICS_MEAN">0.21461423360077</MDI>
      <MDI key="STATISTICS_MEDIAN">0.188525</MDI>
      <MDI key="STATISTICS_MINIMUM">0.045499999076128</MDI>
      <MDI key="STATISTICS_SKIPFACTORX">1</MDI>
      <MDI key="STATISTICS_SKIPFACTORY">1</MDI>
      <MDI key="STATISTICS_STDDEV">0.1567986980769</MDI>
    </Metadata>
  </PAMRasterBand>
  <PAMRasterBand band="3">
    <Description>Band_3</Description>
    <Histograms>
      <HistItem>
        <HistMin>0.09950000047683716</HistMin>
        <HistMax>0.5062500238418579</HistMax>
        <BucketCount>256</BucketCount>
        <IncludeOutOfRange>1</IncludeOutOfRange>
        <Approximate>0</Approximate>
        <HistCounts>3|5|6|16|9|18|17|30|20|23|30|21|22|17|4|12|14|12|10|4|14|14|4|15|9|1|4|5|1|5|2|3|3|3|5|2|4|8|4|4|2|1|2|6|5|3|0|1|5|3|2|0|2|4|1|5|4|4|2|4|3|0|3|2|1|6|3|1|0|2|4|3|9|12|0|5|5|8|8|6|9|7|8|4|12|4|8|10|7|5|8|13|7|10|5|2|4|9|1|5|8|6|6|1|2|5|2|8|4|1|5|1|1|4|2|11|3|2|2|1|2|4|4|3|2|4|0|0|3|2|1|3|6|1|3|2|1|3|3|1|0|2|2|1|1|6|3|1|0|4|0|0|3|0|0|1|2|4|3|0|0|2|1|3|2|1|3|0|0|1|2|0|1|0|0|0|0|1|0|0|0|0|0|0|0|1|0|0|4|3|0|2|1|2|1|0|2|1|2|0|2|3|0|1|0|1|3|3|0|0|5|1|0|0|0|2|2|3|2|1|3|0|0|1|2|0|0|2|2|0|2|0|2|1|1|1|1|1|1|5|2|1|1|6|1|1|3|6|3|1|1|0|0|0|0|2</HistCounts>
      </HistItem>
    </Histograms>
    <Metadata>
      <MDI key="BandName">Band_3</MDI>
      <MDI key="RepresentationType">ATHEMATIC</MDI>
      <MDI key="STATISTICS_COVARIANCES">-0.001172841079889823,0.01684238081276653,0.01163814881748721</MDI>
      <MDI key="STATISTICS_EXCLUDEDVALUES"></MDI>
      <MDI key="STATISTICS_MAXIMUM">0.50625002384186</MDI>
      <MDI key="STATISTICS_MEAN">0.21943697480469</MDI>
      <MDI key="STATISTICS_MEDIAN">0.204776</MDI>
      <MDI key="STATISTICS_MINIMUM">0.099500000476837</MDI>
      <MDI key="STATISTICS_SKIPFACTORX">1</MDI>
      <MDI key="STATISTICS_SKIPFACTORY">1</MDI>
      <MDI key="STATISTICS_STDDEV">0.10788025221275</MDI>
    </Metadata>
  </PAMRasterBand>
</PAMDataset>
