<PAMDataset>
  <Metadata>
    <MDI key="DataType">Generic</MDI>
  </Metadata>
  <PAMRasterBand band="1">
    <Description>Band_1</Description>
    <Histograms>
      <HistItem>
        <HistMin>0.6552500128746033</HistMin>
        <HistMax>0.9277777671813965</HistMax>
        <BucketCount>256</BucketCount>
        <IncludeOutOfRange>1</IncludeOutOfRange>
        <Approximate>0</Approximate>
        <HistCounts>1|0|0|0|0|0|0|0|0|0|0|0|0|0|0|0|0|0|0|1|0|0|0|0|0|0|0|0|0|0|0|0|0|0|0|0|0|0|0|0|0|0|0|1|0|0|0|0|0|1|0|0|0|0|1|0|0|0|0|1|0|0|0|0|0|0|0|0|0|0|0|0|0|0|0|1|0|0|0|2|0|0|1|0|0|0|0|2|0|0|0|0|0|0|0|0|0|0|1|0|0|0|2|0|0|3|0|1|0|0|0|0|1|0|0|0|0|1|0|1|0|0|0|2|0|0|2|0|0|0|1|0|1|1|1|3|0|1|0|3|0|3|0|0|0|0|1|2|1|1|0|0|1|1|0|2|0|0|0|1|0|2|1|2|2|1|3|3|0|0|11|0|0|0|4|0|1|2|5|1|5|6|4|0|0|0|3|3|3|2|5|3|7|5|11|6|4|12|3|10|9|7|6|5|5|8|3|6|8|8|9|4|8|7|13|10|10|6|15|11|16|15|8|12|18|16|24|12|14|14|16|14|12|24|17|29|19|24|28|12|32|18|20|38|22|31|18|132|311|209|139|67|34|9|2|1</HistCounts>
      </HistItem>
    </Histograms>
    <Metadata>
      <MDI key="BandName">Band_1</MDI>
      <MDI key="RepresentationType">ATHEMATIC</MDI>
      <MDI key="STATISTICS_COVARIANCES">0.0009256547714406868,-0.0003199058040384495,-0.0001690243163691062</MDI>
      <MDI key="STATISTICS_EXCLUDEDVALUES"></MDI>
      <MDI key="STATISTICS_MAXIMUM">0.9277777671814</MDI>
      <MDI key="STATISTICS_MEAN">0.90451647725389</MDI>
      <MDI key="STATISTICS_MEDIAN">0.919228</MDI>
      <MDI key="STATISTICS_MINIMUM">0.6552500128746</MDI>
      <MDI key="STATISTICS_SKIPFACTORX">1</MDI>
      <MDI key="STATISTICS_SKIPFACTORY">1</MDI>
      <MDI key="STATISTICS_STDDEV">0.030424575123421</MDI>
    </Metadata>
  </PAMRasterBand>
  <PAMRasterBand band="2">
    <Description>Band_2</Description>
    <Histograms>
      <HistItem>
        <HistMin>0.07649999856948853</HistMin>
        <HistMax>0.2757500112056732</HistMax>
        <BucketCount>256</BucketCount>
        <IncludeOutOfRange>1</IncludeOutOfRange>
        <Approximate>0</Approximate>
        <HistCounts>2|1|1|0|3|7|11|30|47|44|73|125|93|113|114|124|90|58|57|49|53|41|45|50|33|35|30|33|21|13|30|38|9|19|20|10|11|16|9|12|9|11|5|3|0|5|7|12|7|5|2|4|5|1|4|7|4|1|1|3|1|0|2|1|0|0|0|0|4|0|2|0|3|1|1|0|2|2|2|3|3|2|5|3|1|1|4|4|0|0|2|3|0|1|0|1|0|0|0|1|0|0|1|0|0|0|1|0|0|0|1|1|0|2|1|1|2|0|0|0|1|1|0|0|1|1|0|3|1|1|0|2|1|0|0|0|0|0|0|1|1|0|0|0|0|0|0|0|0|0|0|0|0|0|2|1|0|0|0|0|0|0|0|0|0|1|0|0|0|0|0|0|0|0|0|0|0|0|0|0|0|0|0|2|0|0|0|0|0|1|0|0|0|0|0|0|0|0|0|0|0|0|0|0|0|1|0|0|0|1|2|0|0|0|0|0|0|1|0|1|1|3|0|0|0|0|0|0|0|0|0|0|0|0|1|0|1|0|0|0|0|0|0|0|0|0|0|0|0|0|0|0|0|0|0|1</HistCounts>
      </HistItem>
    </Histograms>
    <Metadata>
      <MDI key="BandName">Band_2</MDI>
      <MDI key="RepresentationType">ATHEMATIC</MDI>
      <MDI key="STATISTICS_COVARIANCES">-0.0003199058040384495,0.0004406043186861837,0.0002617132303623934</MDI>
      <MDI key="STATISTICS_EXCLUDEDVALUES"></MDI>
      <MDI key="STATISTICS_MAXIMUM">0.27575001120567</MDI>
      <MDI key="STATISTICS_MEAN">0.096268696947915</MDI>
      <MDI key="STATISTICS_MEDIAN">0.089783</MDI>
      <MDI key="STATISTICS_MINIMUM">0.076499998569489</MDI>
      <MDI key="STATISTICS_SKIPFACTORX">1</MDI>
      <MDI key="STATISTICS_SKIPFACTORY">1</MDI>
      <MDI key="STATISTICS_STDDEV">0.020990576902176</MDI>
    </Metadata>
  </PAMRasterBand>
  <PAMRasterBand band="3">
    <Description>Band_3</Description>
    <Histograms>
      <HistItem>
        <HistMin>0.1295000016689301</HistMin>
        <HistMax>0.2489999979734421</HistMax>
        <BucketCount>256</BucketCount>
        <IncludeOutOfRange>1</IncludeOutOfRange>
        <Approximate>0</Approximate>
        <HistCounts>4|0|2|5|2|15|18|8|39|27|36|51|60|76|77|34|86|101|91|73|91|54|72|30|47|55|58|46|49|38|21|15|38|13|27|24|16|13|13|2|25|11|9|7|7|14|3|3|6|8|6|5|13|3|0|1|3|1|3|2|3|0|1|1|1|3|5|0|2|2|0|1|1|0|0|2|0|3|3|1|1|2|2|2|0|0|2|0|2|3|2|2|0|3|2|2|2|1|0|1|0|2|2|0|0|0|2|1|0|0|0|0|0|0|1|4|1|0|0|0|2|0|1|0|0|0|0|1|0|0|1|2|1|3|0|1|0|0|1|0|0|0|0|0|1|1|0|1|0|0|1|0|0|0|1|0|0|0|0|0|0|0|0|2|0|0|0|0|0|0|0|0|0|0|0|0|0|1|0|0|0|1|0|0|0|0|0|0|1|0|0|0|0|0|0|0|0|0|1|0|2|0|0|0|0|0|0|0|0|0|3|0|0|1|2|0|0|0|1|0|1|1|0|0|0|0|0|0|0|0|0|0|0|0|0|0|0|1|0|0|0|0|0|0|0|0|0|0|0|0|0|0|0|0|0|1</HistCounts>
      </HistItem>
    </Histograms>
    <Metadata>
      <MDI key="BandName">Band_3</MDI>
      <MDI key="RepresentationType">ATHEMATIC</MDI>
      <MDI key="STATISTICS_COVARIANCES">-0.0001690243163691062,0.0002617132303623934,0.0001613554598365796</MDI>
      <MDI key="STATISTICS_EXCLUDEDVALUES"></MDI>
      <MDI key="STATISTICS_MAXIMUM">0.24899999797344</MDI>
      <MDI key="STATISTICS_MEAN">0.14261515574482</MDI>
      <MDI key="STATISTICS_MEDIAN">0.138873</MDI>
      <MDI key="STATISTICS_MINIMUM">0.12950000166893</MDI>
      <MDI key="STATISTICS_SKIPFACTORX">1</MDI>
      <MDI key="STATISTICS_SKIPFACTORY">1</MDI>
      <MDI key="STATISTICS_STDDEV">0.012702576897487</MDI>
    </Metadata>
  </PAMRasterBand>
</PAMDataset>
