<PAMDataset>
  <Metadata>
    <MDI key="DataType">Generic</MDI>
  </Metadata>
  <PAMRasterBand band="1">
    <Description>Band_1</Description>
    <Histograms>
      <HistItem>
        <HistMin>0.6984999775886536</HistMin>
        <HistMax>0.9242592453956604</HistMax>
        <BucketCount>256</BucketCount>
        <IncludeOutOfRange>1</IncludeOutOfRange>
        <Approximate>0</Approximate>
        <HistCounts>2|0|0|0|0|0|0|0|0|0|0|0|0|0|0|0|0|0|0|0|0|0|0|0|0|0|0|0|0|0|0|0|0|0|0|0|1|0|0|1|0|0|2|0|1|0|1|0|1|6|0|1|0|1|3|2|2|0|0|3|0|3|1|3|4|3|0|3|8|1|4|3|6|2|2|5|2|6|3|5|2|2|5|7|2|1|6|7|2|6|6|12|7|4|10|6|5|4|4|3|10|5|2|3|7|5|9|8|4|4|5|8|3|5|4|2|6|4|5|4|3|3|4|5|2|2|1|5|0|8|3|1|9|6|7|2|5|5|7|5|6|7|8|2|7|3|8|8|2|2|2|6|2|11|2|1|5|4|5|6|6|4|7|8|4|1|3|2|8|2|2|4|4|5|6|3|3|8|3|6|3|9|6|9|6|7|8|3|8|5|10|7|11|5|13|10|7|4|2|9|12|12|5|7|8|14|8|4|8|3|5|8|8|0|6|5|2|6|4|8|6|9|5|2|5|4|3|0|4|0|1|2|0|0|0|3|1|1|1|0|2|3|0|0|0|0|3|0|0|2|10|10|5|8|2|1</HistCounts>
      </HistItem>
    </Histograms>
    <Metadata>
      <MDI key="BandName">Band_1</MDI>
      <MDI key="RepresentationType">ATHEMATIC</MDI>
      <MDI key="STATISTICS_COVARIANCES">0.002277321787911458,0.0003607948362078697,0.0003515303413355001</MDI>
      <MDI key="STATISTICS_EXCLUDEDVALUES"></MDI>
      <MDI key="STATISTICS_MAXIMUM">0.92425924539566</MDI>
      <MDI key="STATISTICS_MEAN">0.834922707132</MDI>
      <MDI key="STATISTICS_MEDIAN">0.838382</MDI>
      <MDI key="STATISTICS_MINIMUM">0.69849997758865</MDI>
      <MDI key="STATISTICS_SKIPFACTORX">1</MDI>
      <MDI key="STATISTICS_SKIPFACTORY">1</MDI>
      <MDI key="STATISTICS_STDDEV">0.047721292814754</MDI>
    </Metadata>
  </PAMRasterBand>
  <PAMRasterBand band="2">
    <Description>Band_2</Description>
    <Histograms>
      <HistItem>
        <HistMin>0.09650000184774399</HistMin>
        <HistMax>0.356249988079071</HistMax>
        <BucketCount>256</BucketCount>
        <IncludeOutOfRange>1</IncludeOutOfRange>
        <Approximate>0</Approximate>
        <HistCounts>1|4|5|2|5|14|7|4|11|13|13|8|14|34|20|34|37|33|21|21|18|21|17|15|14|21|22|17|11|11|31|25|15|12|20|11|19|12|7|11|9|7|14|7|5|5|8|4|8|7|11|7|8|10|9|7|11|2|4|3|6|8|3|6|2|1|5|4|6|4|5|1|1|2|3|7|2|1|2|2|1|2|0|0|2|1|3|0|1|4|0|1|0|3|1|0|0|1|1|2|3|0|2|0|1|1|2|0|2|0|1|0|0|2|1|0|0|0|1|0|3|0|2|0|0|0|0|0|0|0|0|0|1|0|0|0|2|0|1|0|2|0|0|0|0|1|1|0|1|1|0|2|1|0|0|0|0|1|0|0|0|1|0|0|0|0|1|0|1|0|1|0|0|1|0|2|0|0|0|0|0|1|2|1|0|0|3|0|1|1|0|0|1|2|0|1|0|0|0|0|0|0|0|0|1|0|0|0|0|0|0|0|1|0|0|0|0|1|0|0|0|0|0|0|0|0|0|0|0|1|0|0|0|0|0|0|0|0|0|0|0|0|0|0|0|0|0|0|0|1|0|0|0|0|0|1</HistCounts>
      </HistItem>
    </Histograms>
    <Metadata>
      <MDI key="BandName">Band_2</MDI>
      <MDI key="RepresentationType">ATHEMATIC</MDI>
      <MDI key="STATISTICS_COVARIANCES">0.0003607948362078697,0.001424833483182616,0.0009098574616338298</MDI>
      <MDI key="STATISTICS_EXCLUDEDVALUES"></MDI>
      <MDI key="STATISTICS_MAXIMUM">0.35624998807907</MDI>
      <MDI key="STATISTICS_MEAN">0.13718589052334</MDI>
      <MDI key="STATISTICS_MEDIAN">0.126040</MDI>
      <MDI key="STATISTICS_MINIMUM">0.096500001847744</MDI>
      <MDI key="STATISTICS_SKIPFACTORX">1</MDI>
      <MDI key="STATISTICS_SKIPFACTORY">1</MDI>
      <MDI key="STATISTICS_STDDEV">0.037746966542791</MDI>
    </Metadata>
  </PAMRasterBand>
  <PAMRasterBand band="3">
    <Description>Band_3</Description>
    <Histograms>
      <HistItem>
        <HistMin>0.1377499997615814</HistMin>
        <HistMax>0.3067499995231628</HistMax>
        <BucketCount>256</BucketCount>
        <IncludeOutOfRange>1</IncludeOutOfRange>
        <Approximate>0</Approximate>
        <HistCounts>8|5|2|3|10|5|6|11|2|8|3|8|10|17|9|20|15|19|26|26|13|22|19|22|33|11|42|34|13|24|21|25|18|22|18|18|18|14|13|19|11|11|6|10|11|9|10|10|11|12|10|6|11|11|6|3|7|1|9|5|4|0|1|3|2|8|2|3|0|4|5|1|2|1|2|2|1|5|0|2|1|1|3|0|1|3|2|0|0|1|0|0|1|1|0|1|3|1|0|3|1|1|0|2|1|1|0|1|1|0|2|1|1|1|0|3|2|0|0|0|0|2|0|0|0|0|0|0|0|0|1|0|0|0|0|0|0|0|0|0|3|2|0|0|0|0|0|1|1|0|1|1|0|0|1|0|0|0|0|2|0|0|0|1|0|0|0|1|2|0|0|1|0|0|2|0|0|0|0|3|0|0|0|0|0|0|1|1|1|0|2|0|1|0|0|2|0|0|0|0|0|0|0|0|2|1|0|0|0|1|0|0|0|0|0|0|0|0|0|0|0|1|0|1|0|0|0|0|0|0|0|0|0|0|0|0|0|0|0|0|0|1|0|0|0|0|0|0|0|0|0|0|0|0|1|1</HistCounts>
      </HistItem>
    </Histograms>
    <Metadata>
      <MDI key="BandName">Band_3</MDI>
      <MDI key="RepresentationType">ATHEMATIC</MDI>
      <MDI key="STATISTICS_COVARIANCES">0.0003515303413355001,0.0009098574616338298,0.0005914265935503531</MDI>
      <MDI key="STATISTICS_EXCLUDEDVALUES"></MDI>
      <MDI key="STATISTICS_MAXIMUM">0.30674999952316</MDI>
      <MDI key="STATISTICS_MEAN">0.16488868028501</MDI>
      <MDI key="STATISTICS_MEDIAN">0.157632</MDI>
      <MDI key="STATISTICS_MINIMUM">0.13774999976158</MDI>
      <MDI key="STATISTICS_SKIPFACTORX">1</MDI>
      <MDI key="STATISTICS_SKIPFACTORY">1</MDI>
      <MDI key="STATISTICS_STDDEV">0.024319263836522</MDI>
    </Metadata>
  </PAMRasterBand>
</PAMDataset>
