<PAMDataset>
  <Metadata>
    <MDI key="DataType">Generic</MDI>
  </Metadata>
  <PAMRasterBand band="1">
    <Description>Band_1</Description>
    <Histograms>
      <HistItem>
        <HistMin>0.7362499833106995</HistMin>
        <HistMax>0.9226481318473816</HistMax>
        <BucketCount>256</BucketCount>
        <IncludeOutOfRange>1</IncludeOutOfRange>
        <Approximate>0</Approximate>
        <HistCounts>1|0|0|0|1|2|1|0|0|1|2|0|0|3|0|1|0|1|4|1|1|2|0|0|2|0|0|0|0|3|2|2|1|4|3|0|3|1|1|1|0|8|2|2|4|2|11|2|1|7|9|3|4|5|6|4|5|8|1|7|6|3|5|5|4|4|2|5|3|10|8|10|11|7|6|9|10|8|2|5|9|7|8|3|10|9|5|10|10|10|5|5|7|9|14|4|12|4|9|4|12|16|12|11|8|4|7|7|10|5|13|16|7|7|8|15|8|10|3|10|10|5|11|16|4|10|7|6|8|13|9|3|1|10|12|2|9|13|11|9|16|16|8|5|9|12|11|9|8|7|13|8|10|7|1|5|9|5|8|16|14|10|5|10|10|10|10|7|4|6|5|9|3|6|6|6|16|13|5|7|11|7|3|1|9|9|5|7|10|6|5|11|6|11|11|10|14|7|9|10|13|12|14|9|2|4|10|4|9|4|5|8|4|1|11|6|9|6|8|7|4|12|3|3|7|3|7|5|0|1|1|2|0|5|1|2|0|1|0|1|1|8|1|1|1|0|1|0|1|0|1|4|4|1|3|1</HistCounts>
      </HistItem>
    </Histograms>
    <Metadata>
      <MDI key="BandName">Band_1</MDI>
      <MDI key="RepresentationType">ATHEMATIC</MDI>
      <MDI key="STATISTICS_COVARIANCES">0.001616593532540635,0.0001050213315366848,0.0001859878940537642</MDI>
      <MDI key="STATISTICS_EXCLUDEDVALUES"></MDI>
      <MDI key="STATISTICS_MAXIMUM">0.92264813184738</MDI>
      <MDI key="STATISTICS_MEAN">0.83661920989563</MDI>
      <MDI key="STATISTICS_MEDIAN">0.837124</MDI>
      <MDI key="STATISTICS_MINIMUM">0.7362499833107</MDI>
      <MDI key="STATISTICS_SKIPFACTORX">1</MDI>
      <MDI key="STATISTICS_SKIPFACTORY">1</MDI>
      <MDI key="STATISTICS_STDDEV">0.040206884143647</MDI>
    </Metadata>
  </PAMRasterBand>
  <PAMRasterBand band="2">
    <Description>Band_2</Description>
    <Histograms>
      <HistItem>
        <HistMin>0.09674999862909317</HistMin>
        <HistMax>0.4047499895095825</HistMax>
        <BucketCount>256</BucketCount>
        <IncludeOutOfRange>1</IncludeOutOfRange>
        <Approximate>0</Approximate>
        <HistCounts>3|3|6|16|25|19|28|36|27|48|32|40|44|71|56|46|65|55|74|68|54|57|65|43|49|42|31|40|47|29|27|25|22|16|11|11|13|7|13|9|8|7|12|9|7|7|6|3|8|6|6|7|2|0|6|6|1|0|1|0|1|0|1|3|2|0|0|1|0|0|1|0|0|0|1|0|2|2|1|2|0|0|0|0|0|0|0|0|2|0|0|0|0|2|0|0|0|1|3|0|0|1|0|1|0|0|1|0|0|0|0|0|0|0|0|0|0|0|0|0|0|0|0|0|0|0|0|0|0|0|0|0|0|0|0|0|0|0|0|0|0|0|0|1|0|0|0|0|0|0|0|0|0|0|0|0|0|0|0|0|0|0|0|2|0|0|0|0|0|0|0|0|0|0|0|0|0|0|0|0|0|1|0|0|0|0|0|0|0|0|0|0|0|0|0|0|0|0|0|0|0|0|0|0|0|0|0|0|0|0|0|1|0|0|0|0|0|0|0|0|0|0|0|0|0|0|0|0|0|0|0|0|0|0|0|0|0|0|0|0|0|0|0|0|0|0|0|0|0|0|0|0|0|0|0|1</HistCounts>
      </HistItem>
    </Histograms>
    <Metadata>
      <MDI key="BandName">Band_2</MDI>
      <MDI key="RepresentationType">ATHEMATIC</MDI>
      <MDI key="STATISTICS_COVARIANCES">0.0001050213315366848,0.0004301870807434266,0.0003221136962478037</MDI>
      <MDI key="STATISTICS_EXCLUDEDVALUES"></MDI>
      <MDI key="STATISTICS_MAXIMUM">0.40474998950958</MDI>
      <MDI key="STATISTICS_MEAN">0.12443836979849</MDI>
      <MDI key="STATISTICS_MEDIAN">0.119699</MDI>
      <MDI key="STATISTICS_MINIMUM">0.096749998629093</MDI>
      <MDI key="STATISTICS_SKIPFACTORX">1</MDI>
      <MDI key="STATISTICS_SKIPFACTORY">1</MDI>
      <MDI key="STATISTICS_STDDEV">0.020740951780076</MDI>
    </Metadata>
  </PAMRasterBand>
  <PAMRasterBand band="3">
    <Description>Band_3</Description>
    <Histograms>
      <HistItem>
        <HistMin>0.1375000029802322</HistMin>
        <HistMax>0.3782500028610229</HistMax>
        <BucketCount>256</BucketCount>
        <IncludeOutOfRange>1</IncludeOutOfRange>
        <Approximate>0</Approximate>
        <HistCounts>10|15|11|23|18|29|21|34|35|43|61|57|46|39|60|54|64|64|55|64|58|52|61|43|44|57|34|56|36|26|29|26|12|22|18|12|19|10|6|4|17|3|0|2|4|3|3|0|0|1|3|2|1|1|0|1|2|0|2|3|1|0|1|0|2|0|0|2|0|0|0|0|0|0|1|0|0|1|2|0|1|1|0|1|0|1|2|0|2|1|2|0|0|0|0|1|2|0|0|0|0|0|0|0|0|0|0|2|0|0|0|0|0|0|0|0|0|1|0|0|0|0|0|0|0|0|0|0|0|0|0|0|0|0|0|0|0|0|0|0|0|0|0|0|0|0|0|0|1|0|0|0|0|0|0|0|0|0|0|0|0|0|0|0|0|0|0|0|2|0|0|0|0|0|0|0|0|0|0|0|0|0|0|0|0|1|0|0|0|0|0|0|0|0|0|0|0|0|0|0|0|0|0|0|0|0|0|0|0|0|0|0|0|1|0|0|0|0|0|0|0|0|0|0|0|0|0|0|0|0|0|0|0|0|0|0|0|0|0|0|0|0|0|0|0|0|0|0|0|0|0|0|0|0|0|1</HistCounts>
      </HistItem>
    </Histograms>
    <Metadata>
      <MDI key="BandName">Band_3</MDI>
      <MDI key="RepresentationType">ATHEMATIC</MDI>
      <MDI key="STATISTICS_COVARIANCES">0.0001859878940537642,0.0003221136962478037,0.0002591440109576294</MDI>
      <MDI key="STATISTICS_EXCLUDEDVALUES"></MDI>
      <MDI key="STATISTICS_MAXIMUM">0.37825000286102</MDI>
      <MDI key="STATISTICS_MEAN">0.15778247158878</MDI>
      <MDI key="STATISTICS_MEDIAN">0.155438</MDI>
      <MDI key="STATISTICS_MINIMUM">0.13750000298023</MDI>
      <MDI key="STATISTICS_SKIPFACTORX">1</MDI>
      <MDI key="STATISTICS_SKIPFACTORY">1</MDI>
      <MDI key="STATISTICS_STDDEV">0.016097950520412</MDI>
    </Metadata>
  </PAMRasterBand>
</PAMDataset>
