<PAMDataset>
  <Metadata>
    <MDI key="DataType">Generic</MDI>
  </Metadata>
  <PAMRasterBand band="1">
    <Description>Band_1</Description>
    <Histograms>
      <HistItem>
        <HistMin>0.6937500238418579</HistMin>
        <HistMax>0.9456296563148499</HistMax>
        <BucketCount>256</BucketCount>
        <IncludeOutOfRange>1</IncludeOutOfRange>
        <Approximate>0</Approximate>
        <HistCounts>1|0|0|0|0|0|0|0|0|0|0|0|0|0|0|0|0|0|0|0|0|0|0|0|0|0|0|0|0|0|1|0|0|0|0|0|0|0|1|2|0|0|0|4|0|0|0|0|0|0|0|1|0|0|0|1|0|0|0|0|2|0|0|0|0|0|0|1|0|0|0|3|0|0|1|0|0|0|0|0|0|1|0|0|3|0|0|0|0|2|2|1|1|0|3|0|0|0|2|2|1|4|0|1|1|0|0|3|2|2|5|1|3|1|0|2|4|3|0|3|4|0|0|4|6|4|0|4|7|2|7|4|3|1|3|5|2|2|11|8|4|5|3|4|8|5|3|9|10|3|1|7|2|6|2|4|5|6|4|7|4|11|8|7|17|3|13|11|7|8|9|5|7|11|6|3|6|12|3|14|8|8|12|8|8|17|15|8|10|10|15|5|14|12|11|14|16|8|7|5|8|11|18|22|6|12|17|12|18|11|10|12|8|16|11|18|11|12|8|16|17|11|7|13|8|8|9|14|13|216|293|252|187|191|156|130|134|131|134|133|109|93|77|45|37|25|19|17|10|7|0|0|0|0|0|1</HistCounts>
      </HistItem>
    </Histograms>
    <Metadata>
      <MDI key="BandName">Band_1</MDI>
      <MDI key="RepresentationType">ATHEMATIC</MDI>
      <MDI key="STATISTICS_COVARIANCES">0.001038676212581287,-0.0004577919971465651,-0.000130874683914609</MDI>
      <MDI key="STATISTICS_EXCLUDEDVALUES"></MDI>
      <MDI key="STATISTICS_MAXIMUM">0.94562965631485</MDI>
      <MDI key="STATISTICS_MEAN">0.9102526465475</MDI>
      <MDI key="STATISTICS_MEDIAN">0.921923</MDI>
      <MDI key="STATISTICS_MINIMUM">0.69375002384186</MDI>
      <MDI key="STATISTICS_SKIPFACTORX">1</MDI>
      <MDI key="STATISTICS_SKIPFACTORY">1</MDI>
      <MDI key="STATISTICS_STDDEV">0.03222850000514</MDI>
    </Metadata>
  </PAMRasterBand>
  <PAMRasterBand band="2">
    <Description>Band_2</Description>
    <Histograms>
      <HistItem>
        <HistMin>0.0377499982714653</HistMin>
        <HistMax>0.9266296029090881</HistMax>
        <BucketCount>256</BucketCount>
        <IncludeOutOfRange>1</IncludeOutOfRange>
        <Approximate>0</Approximate>
        <HistCounts>6|8|35|25|50|64|79|55|69|40|64|50|50|60|53|68|82|102|125|161|122|133|141|157|144|142|136|111|129|116|103|92|88|86|62|69|60|41|40|27|33|12|11|11|10|8|6|4|0|1|0|0|1|1|2|0|3|0|5|0|0|0|2|0|2|0|2|0|3|0|0|3|0|3|0|2|0|0|0|2|0|0|0|0|0|0|0|0|0|0|0|0|0|2|0|0|0|0|0|0|0|0|0|0|0|0|0|0|0|0|0|0|0|0|0|0|0|0|0|0|0|0|0|0|0|0|0|0|0|0|0|0|0|0|0|0|0|0|0|0|0|0|0|0|0|0|0|0|0|0|0|0|0|0|0|0|0|0|0|0|0|0|0|0|0|0|0|0|0|0|0|0|0|0|0|0|0|0|0|0|0|0|0|0|0|0|0|0|0|0|0|0|0|0|0|1|0|0|0|0|0|0|0|0|0|0|0|0|0|0|0|0|0|0|0|0|0|0|0|0|0|0|0|0|0|0|0|0|0|0|0|0|0|0|0|0|0|0|0|0|0|0|0|0|0|0|0|0|0|0|0|0|0|0|0|1</HistCounts>
      </HistItem>
    </Histograms>
    <Metadata>
      <MDI key="BandName">Band_2</MDI>
      <MDI key="RepresentationType">ATHEMATIC</MDI>
      <MDI key="STATISTICS_COVARIANCES">-0.0004577919971465651,0.001652283865378396,0.001074939070234135</MDI>
      <MDI key="STATISTICS_EXCLUDEDVALUES"></MDI>
      <MDI key="STATISTICS_MAXIMUM">0.92662960290909</MDI>
      <MDI key="STATISTICS_MEAN">0.11859445478679</MDI>
      <MDI key="STATISTICS_MEDIAN">0.117923</MDI>
      <MDI key="STATISTICS_MINIMUM">0.037749998271465</MDI>
      <MDI key="STATISTICS_SKIPFACTORX">1</MDI>
      <MDI key="STATISTICS_SKIPFACTORY">1</MDI>
      <MDI key="STATISTICS_STDDEV">0.040648294741334</MDI>
    </Metadata>
  </PAMRasterBand>
  <PAMRasterBand band="3">
    <Description>Band_3</Description>
    <Histograms>
      <HistItem>
        <HistMin>0.09574999660253525</HistMin>
        <HistMax>0.9249629378318787</HistMax>
        <BucketCount>256</BucketCount>
        <IncludeOutOfRange>1</IncludeOutOfRange>
        <Approximate>0</Approximate>
        <HistCounts>3|14|32|35|49|71|106|72|65|55|84|119|130|185|207|180|222|223|199|226|204|163|149|145|101|61|53|63|30|30|25|26|7|6|0|0|3|2|0|1|0|5|2|0|3|1|0|0|2|4|0|2|0|0|2|2|1|0|0|0|0|0|0|0|0|2|2|0|0|0|0|0|0|0|0|0|0|0|0|0|0|0|0|0|0|0|0|0|0|0|0|0|0|0|0|0|0|0|0|0|0|0|0|0|0|0|0|0|0|0|0|0|0|0|0|0|0|0|0|0|0|0|0|0|0|0|0|0|0|0|0|0|0|0|0|0|0|0|0|0|0|0|0|0|0|0|0|0|0|0|0|0|0|0|0|0|0|0|0|0|0|0|0|0|0|0|0|0|0|0|0|0|0|0|0|0|0|0|1|0|0|0|0|0|0|0|0|0|0|0|0|0|0|0|0|0|0|0|0|0|0|0|0|0|0|0|0|0|0|0|0|0|0|0|0|0|0|0|0|0|0|0|0|0|0|0|0|0|0|0|0|0|0|0|0|0|0|0|0|0|0|0|0|0|0|0|0|0|0|0|0|0|0|0|0|1</HistCounts>
      </HistItem>
    </Histograms>
    <Metadata>
      <MDI key="BandName">Band_3</MDI>
      <MDI key="RepresentationType">ATHEMATIC</MDI>
      <MDI key="STATISTICS_COVARIANCES">-0.000130874683914609,0.001074939070234135,0.0007933286335694266</MDI>
      <MDI key="STATISTICS_EXCLUDEDVALUES"></MDI>
      <MDI key="STATISTICS_MAXIMUM">0.92496293783188</MDI>
      <MDI key="STATISTICS_MEAN">0.15204056962592</MDI>
      <MDI key="STATISTICS_MEDIAN">0.151031</MDI>
      <MDI key="STATISTICS_MINIMUM">0.095749996602535</MDI>
      <MDI key="STATISTICS_SKIPFACTORX">1</MDI>
      <MDI key="STATISTICS_SKIPFACTORY">1</MDI>
      <MDI key="STATISTICS_STDDEV">0.028166090136358</MDI>
    </Metadata>
  </PAMRasterBand>
</PAMDataset>
