<PAMDataset>
  <Metadata>
    <MDI key="DataType">Generic</MDI>
  </Metadata>
  <PAMRasterBand band="1">
    <Description>Band_1</Description>
    <Histograms>
      <HistItem>
        <HistMin>0.6287500262260437</HistMin>
        <HistMax>0.9363148212432861</HistMax>
        <BucketCount>256</BucketCount>
        <IncludeOutOfRange>1</IncludeOutOfRange>
        <Approximate>0</Approximate>
        <HistCounts>1|0|0|0|0|0|0|0|0|0|0|0|0|0|0|0|0|0|0|0|0|0|1|0|0|0|0|0|0|0|0|0|0|0|0|0|0|0|0|0|0|0|1|0|0|0|0|0|1|1|0|0|0|2|0|0|1|0|0|0|0|1|0|0|0|0|0|0|0|1|0|1|1|0|0|2|0|2|1|1|0|1|0|1|4|0|2|0|2|0|2|0|3|2|0|2|0|0|0|0|3|0|0|2|2|0|1|1|1|1|0|1|0|5|1|3|5|2|5|1|4|7|6|6|1|3|3|3|3|5|8|2|3|5|10|8|2|5|10|8|14|2|11|17|13|16|13|8|11|10|12|10|12|21|17|18|13|21|29|7|20|16|16|15|18|8|10|19|21|15|12|16|10|12|20|10|10|6|18|7|9|8|8|10|15|14|5|9|8|14|5|8|12|10|8|12|13|6|13|8|12|7|14|5|15|12|7|10|13|11|5|7|13|7|10|8|9|8|8|13|9|10|11|6|4|8|6|7|7|9|25|13|13|16|15|5|5|22|16|15|16|134|254|263|189|143|86|25|8|7|4|1|2|3|0|1</HistCounts>
      </HistItem>
    </Histograms>
    <Metadata>
      <MDI key="BandName">Band_1</MDI>
      <MDI key="RepresentationType">ATHEMATIC</MDI>
      <MDI key="STATISTICS_COVARIANCES">0.002704583963230085,4.753250462882803e-05,0.000201919497443172</MDI>
      <MDI key="STATISTICS_EXCLUDEDVALUES"></MDI>
      <MDI key="STATISTICS_MAXIMUM">0.93631482124329</MDI>
      <MDI key="STATISTICS_MEAN">0.87975037035291</MDI>
      <MDI key="STATISTICS_MEDIAN">0.908574</MDI>
      <MDI key="STATISTICS_MINIMUM">0.62875002622604</MDI>
      <MDI key="STATISTICS_SKIPFACTORX">1</MDI>
      <MDI key="STATISTICS_SKIPFACTORY">1</MDI>
      <MDI key="STATISTICS_STDDEV">0.052005614727932</MDI>
    </Metadata>
  </PAMRasterBand>
  <PAMRasterBand band="2">
    <Description>Band_2</Description>
    <Histograms>
      <HistItem>
        <HistMin>0.08150000125169754</HistMin>
        <HistMax>0.4977500140666962</HistMax>
        <BucketCount>256</BucketCount>
        <IncludeOutOfRange>1</IncludeOutOfRange>
        <Approximate>0</Approximate>
        <HistCounts>6|6|13|36|41|61|66|110|114|119|136|129|130|107|119|97|82|92|96|70|58|40|53|31|30|30|26|33|26|25|23|32|24|22|23|9|15|28|10|20|8|15|12|5|12|8|7|9|9|5|9|6|14|6|5|2|8|9|5|4|3|2|7|1|6|1|3|8|4|2|0|1|1|9|4|4|2|5|2|2|0|4|5|1|5|3|1|1|1|1|3|0|1|1|2|1|0|0|0|0|1|0|2|0|0|0|1|0|0|0|0|2|0|2|2|1|0|0|1|3|0|1|5|1|0|1|1|0|1|0|0|0|0|0|0|2|1|0|0|0|1|0|0|0|0|0|0|0|0|0|0|0|0|0|0|0|0|0|0|0|1|0|0|0|0|0|0|0|0|0|0|0|0|0|0|0|0|0|0|0|0|0|0|0|0|0|0|0|0|0|0|0|0|0|0|0|0|0|0|0|0|0|0|0|0|0|0|0|0|0|0|0|0|0|0|0|0|0|0|0|0|0|0|0|0|0|0|0|0|0|0|0|0|0|0|0|0|0|0|0|0|0|0|0|0|0|0|0|0|0|0|0|0|0|0|1</HistCounts>
      </HistItem>
    </Histograms>
    <Metadata>
      <MDI key="BandName">Band_2</MDI>
      <MDI key="RepresentationType">ATHEMATIC</MDI>
      <MDI key="STATISTICS_COVARIANCES">4.753250462882803e-05,0.001064269312306616,0.0007077598193910388</MDI>
      <MDI key="STATISTICS_EXCLUDEDVALUES"></MDI>
      <MDI key="STATISTICS_MAXIMUM">0.4977500140667</MDI>
      <MDI key="STATISTICS_MEAN">0.1170350646957</MDI>
      <MDI key="STATISTICS_MEDIAN">0.105985</MDI>
      <MDI key="STATISTICS_MINIMUM">0.081500001251698</MDI>
      <MDI key="STATISTICS_SKIPFACTORX">1</MDI>
      <MDI key="STATISTICS_SKIPFACTORY">1</MDI>
      <MDI key="STATISTICS_STDDEV">0.032623140748656</MDI>
    </Metadata>
  </PAMRasterBand>
  <PAMRasterBand band="3">
    <Description>Band_3</Description>
    <Histograms>
      <HistItem>
        <HistMin>0.127250000834465</HistMin>
        <HistMax>0.4697499871253967</HistMax>
        <BucketCount>256</BucketCount>
        <IncludeOutOfRange>1</IncludeOutOfRange>
        <Approximate>0</Approximate>
        <HistCounts>5|12|41|40|48|65|65|58|76|54|83|103|92|170|137|144|123|131|120|94|67|74|39|39|47|24|30|30|32|32|27|17|11|12|21|15|13|16|13|19|10|13|10|7|17|17|5|5|11|8|8|2|9|2|9|6|3|3|2|2|3|5|5|1|4|4|6|3|6|1|3|0|1|1|2|3|1|1|1|0|0|1|1|1|0|0|0|1|1|0|1|1|2|2|0|0|5|0|2|0|0|3|1|2|4|0|1|1|0|0|0|1|0|1|0|0|0|0|0|1|0|0|0|0|0|0|0|0|0|0|0|1|0|0|0|0|0|0|0|0|0|0|0|0|0|0|0|0|0|0|0|0|0|0|0|0|0|0|0|0|0|0|0|0|0|0|0|0|0|0|0|0|0|0|0|0|0|0|0|0|0|0|0|0|0|0|0|0|0|0|0|0|0|0|0|0|0|0|0|0|0|0|0|0|0|0|0|0|0|0|0|0|0|0|0|0|0|0|0|0|0|0|0|0|0|0|0|0|0|0|0|0|0|0|0|0|0|0|0|0|0|0|0|0|0|0|0|0|0|0|0|0|0|0|0|1</HistCounts>
      </HistItem>
    </Histograms>
    <Metadata>
      <MDI key="BandName">Band_3</MDI>
      <MDI key="RepresentationType">ATHEMATIC</MDI>
      <MDI key="STATISTICS_COVARIANCES">0.000201919497443172,0.0007077598193910388,0.0004974565979830211</MDI>
      <MDI key="STATISTICS_EXCLUDEDVALUES"></MDI>
      <MDI key="STATISTICS_MAXIMUM">0.4697499871254</MDI>
      <MDI key="STATISTICS_MEAN">0.1548360952853</MDI>
      <MDI key="STATISTICS_MEDIAN">0.148740</MDI>
      <MDI key="STATISTICS_MINIMUM">0.12725000083447</MDI>
      <MDI key="STATISTICS_SKIPFACTORX">1</MDI>
      <MDI key="STATISTICS_SKIPFACTORY">1</MDI>
      <MDI key="STATISTICS_STDDEV">0.022303735067989</MDI>
    </Metadata>
  </PAMRasterBand>
</PAMDataset>
