<PAMDataset>
  <Metadata>
    <MDI key="DataType">Generic</MDI>
  </Metadata>
  <PAMRasterBand band="1">
    <Description>Band_1</Description>
    <Histograms>
      <HistItem>
        <HistMin>0.546750009059906</HistMin>
        <HistMax>0.9343888759613037</HistMax>
        <BucketCount>256</BucketCount>
        <IncludeOutOfRange>1</IncludeOutOfRange>
        <Approximate>0</Approximate>
        <HistCounts>1|0|0|0|0|0|0|0|0|0|0|2|0|0|0|0|0|0|0|0|0|0|0|2|0|0|1|0|2|0|0|0|0|0|1|0|0|2|0|0|0|0|0|0|0|0|0|0|0|0|0|0|1|0|1|0|0|0|1|0|1|1|0|1|2|0|0|2|0|2|0|0|2|2|3|1|1|3|6|3|1|2|7|2|8|8|3|7|4|3|4|5|4|2|9|2|5|6|12|9|4|4|10|13|9|9|7|16|12|12|10|16|19|11|19|17|12|15|16|20|28|26|15|17|16|18|25|28|25|18|28|23|26|11|15|19|19|30|25|19|21|19|14|4|20|18|15|15|16|14|6|12|11|4|6|5|7|5|1|11|5|6|6|4|4|4|2|4|6|6|3|7|3|3|5|3|3|0|1|2|4|5|0|0|0|0|0|2|2|0|0|0|0|0|0|0|1|0|0|0|0|0|0|0|0|0|0|0|0|0|0|0|0|0|0|0|0|0|1|0|0|0|0|0|0|0|0|0|0|0|0|1|0|0|0|0|0|0|0|0|0|0|0|0|1|0|0|1|0|0|0|0|0|0|0|1</HistCounts>
      </HistItem>
    </Histograms>
    <Metadata>
      <MDI key="BandName">Band_1</MDI>
      <MDI key="RepresentationType">ATHEMATIC</MDI>
      <MDI key="STATISTICS_COVARIANCES">0.001589284530879589,-0.0004288782132134768,-0.0002169049842886407</MDI>
      <MDI key="STATISTICS_EXCLUDEDVALUES"></MDI>
      <MDI key="STATISTICS_MAXIMUM">0.9343888759613</MDI>
      <MDI key="STATISTICS_MEAN">0.73977722153651</MDI>
      <MDI key="STATISTICS_MEDIAN">0.741330</MDI>
      <MDI key="STATISTICS_MINIMUM">0.54675000905991</MDI>
      <MDI key="STATISTICS_SKIPFACTORX">1</MDI>
      <MDI key="STATISTICS_SKIPFACTORY">1</MDI>
      <MDI key="STATISTICS_STDDEV">0.039865831621573</MDI>
    </Metadata>
  </PAMRasterBand>
  <PAMRasterBand band="2">
    <Description>Band_2</Description>
    <Histograms>
      <HistItem>
        <HistMin>0.09799999743700027</HistMin>
        <HistMax>0.6357499957084656</HistMax>
        <BucketCount>256</BucketCount>
        <IncludeOutOfRange>1</IncludeOutOfRange>
        <Approximate>0</Approximate>
        <HistCounts>3|0|0|3|9|5|21|42|48|58|43|54|52|46|28|33|37|20|37|36|30|33|39|41|32|31|23|26|16|13|20|19|21|20|17|19|23|13|19|3|7|5|5|3|1|4|3|0|2|4|0|2|0|2|5|0|1|4|3|6|3|2|1|0|1|2|2|1|5|5|1|1|1|2|4|0|6|0|4|4|1|3|1|1|0|0|0|0|2|0|0|0|0|0|2|0|0|1|0|0|0|0|0|0|0|0|0|0|0|0|0|0|0|0|0|0|0|0|0|0|0|0|0|0|0|0|0|0|0|0|1|0|0|0|0|0|0|0|0|0|0|0|0|0|0|0|0|0|0|0|0|0|0|0|0|0|0|0|0|0|0|0|0|0|0|0|0|0|0|0|0|0|0|0|0|0|0|0|0|0|0|0|0|0|0|0|0|0|0|0|0|0|0|0|1|0|0|0|0|0|0|0|0|0|0|0|0|0|0|0|0|0|0|0|0|0|0|0|0|0|0|0|0|0|0|0|0|0|0|0|0|0|0|0|0|0|0|0|0|0|0|0|0|0|0|0|0|0|0|0|0|0|0|0|0|1</HistCounts>
      </HistItem>
    </Histograms>
    <Metadata>
      <MDI key="BandName">Band_2</MDI>
      <MDI key="RepresentationType">ATHEMATIC</MDI>
      <MDI key="STATISTICS_COVARIANCES">-0.0004288782132134768,0.001500850034993363,0.001072502638143076</MDI>
      <MDI key="STATISTICS_EXCLUDEDVALUES"></MDI>
      <MDI key="STATISTICS_MAXIMUM">0.63574999570847</MDI>
      <MDI key="STATISTICS_MEAN">0.14851044371945</MDI>
      <MDI key="STATISTICS_MEDIAN">0.138068</MDI>
      <MDI key="STATISTICS_MINIMUM">0.097999997437</MDI>
      <MDI key="STATISTICS_SKIPFACTORX">1</MDI>
      <MDI key="STATISTICS_SKIPFACTORY">1</MDI>
      <MDI key="STATISTICS_STDDEV">0.038740805812391</MDI>
    </Metadata>
  </PAMRasterBand>
  <PAMRasterBand band="3">
    <Description>Band_3</Description>
    <Histograms>
      <HistItem>
        <HistMin>0.1377499997615814</HistMin>
        <HistMax>0.6067500114440918</HistMax>
        <BucketCount>256</BucketCount>
        <IncludeOutOfRange>1</IncludeOutOfRange>
        <Approximate>0</Approximate>
        <HistCounts>2|3|3|0|2|12|20|35|74|86|78|60|46|41|52|27|42|44|39|50|43|24|39|34|17|22|21|23|30|28|21|9|13|7|5|5|2|2|4|3|2|0|7|0|2|3|2|6|2|1|5|2|1|3|2|4|2|1|2|7|7|2|0|5|4|2|0|0|1|0|0|0|2|0|0|0|0|1|0|0|0|0|0|0|0|0|0|0|0|0|0|0|0|0|0|0|0|0|0|0|0|0|0|0|0|1|0|0|0|0|0|0|0|0|0|0|0|0|0|0|0|0|0|0|0|0|0|0|0|0|0|0|0|0|0|0|0|0|0|0|0|0|0|0|0|0|0|0|0|0|0|0|0|0|0|0|0|0|0|0|0|0|0|0|0|0|0|0|0|0|0|0|0|0|0|0|0|0|0|0|0|0|0|0|0|0|0|0|0|0|1|0|0|0|0|0|0|0|0|0|0|0|0|0|0|0|0|0|0|0|0|0|0|0|0|0|0|0|0|0|0|0|0|0|0|0|0|0|0|0|0|0|0|0|0|0|0|0|0|0|0|0|0|0|0|0|0|0|0|0|0|0|0|0|0|1</HistCounts>
      </HistItem>
    </Histograms>
    <Metadata>
      <MDI key="BandName">Band_3</MDI>
      <MDI key="RepresentationType">ATHEMATIC</MDI>
      <MDI key="STATISTICS_COVARIANCES">-0.0002169049842886407,0.001072502638143076,0.0007834870583365807</MDI>
      <MDI key="STATISTICS_EXCLUDEDVALUES"></MDI>
      <MDI key="STATISTICS_MAXIMUM">0.60675001144409</MDI>
      <MDI key="STATISTICS_MEAN">0.17455526543141</MDI>
      <MDI key="STATISTICS_MEDIAN">0.167177</MDI>
      <MDI key="STATISTICS_MINIMUM">0.13774999976158</MDI>
      <MDI key="STATISTICS_SKIPFACTORX">1</MDI>
      <MDI key="STATISTICS_SKIPFACTORY">1</MDI>
      <MDI key="STATISTICS_STDDEV">0.027990838828741</MDI>
    </Metadata>
  </PAMRasterBand>
</PAMDataset>
