<PAMDataset>
  <Metadata>
    <MDI key="DataType">Generic</MDI>
  </Metadata>
  <PAMRasterBand band="1">
    <Description>Band_1</Description>
    <Histograms>
      <HistItem>
        <HistMin>0.800000011920929</HistMin>
        <HistMax>0.9354629516601562</HistMax>
        <BucketCount>256</BucketCount>
        <IncludeOutOfRange>1</IncludeOutOfRange>
        <Approximate>0</Approximate>
        <HistCounts>1|0|0|0|0|1|0|1|0|1|0|1|0|2|0|1|0|0|0|0|2|0|0|0|3|0|0|0|0|1|0|0|0|3|0|2|0|0|0|0|0|1|1|2|0|0|0|0|1|1|0|0|0|0|2|2|2|0|0|0|0|0|2|1|1|1|0|1|0|0|0|2|0|1|2|0|0|2|2|0|4|1|1|2|1|0|0|2|3|2|2|3|1|4|0|2|0|2|2|1|0|2|1|2|2|1|1|0|1|2|0|0|7|2|3|2|5|1|2|0|4|1|1|0|4|1|0|0|2|1|2|1|3|1|0|2|0|1|3|0|0|1|1|1|1|0|2|1|0|1|0|1|7|4|0|0|0|0|0|1|0|0|3|1|1|2|0|9|1|4|2|2|1|1|0|2|3|0|2|4|0|2|5|1|3|0|2|1|0|0|4|0|7|4|3|1|0|0|3|1|6|2|0|7|3|5|2|2|3|0|0|2|9|0|2|2|2|2|3|4|3|0|4|0|2|6|50|58|83|88|75|68|42|44|57|44|37|26|22|31|15|18|19|18|17|16|3|27|21|6|5|9|7|1|1|1</HistCounts>
      </HistItem>
    </Histograms>
    <Metadata>
      <MDI key="BandName">Band_1</MDI>
      <MDI key="RepresentationType">ATHEMATIC</MDI>
      <MDI key="STATISTICS_COVARIANCES">0.0007001668957783503,0.0008833116925672324,0.0006962507411658003</MDI>
      <MDI key="STATISTICS_EXCLUDEDVALUES"></MDI>
      <MDI key="STATISTICS_MAXIMUM">0.93546295166016</MDI>
      <MDI key="STATISTICS_MEAN">0.91240955536303</MDI>
      <MDI key="STATISTICS_MEDIAN">0.922182</MDI>
      <MDI key="STATISTICS_MINIMUM">0.80000001192093</MDI>
      <MDI key="STATISTICS_SKIPFACTORX">1</MDI>
      <MDI key="STATISTICS_SKIPFACTORY">1</MDI>
      <MDI key="STATISTICS_STDDEV">0.026460666956416</MDI>
    </Metadata>
  </PAMRasterBand>
  <PAMRasterBand band="2">
    <Description>Band_2</Description>
    <Histograms>
      <HistItem>
        <HistMin>0.1112499982118607</HistMin>
        <HistMax>0.4900000095367432</HistMax>
        <BucketCount>256</BucketCount>
        <IncludeOutOfRange>1</IncludeOutOfRange>
        <Approximate>0</Approximate>
        <HistCounts>2|0|0|1|2|2|0|0|1|0|0|3|0|0|0|2|0|0|1|0|1|0|2|2|1|2|3|1|0|5|2|6|7|2|5|2|3|3|8|4|5|4|7|2|5|3|1|0|2|8|2|2|2|4|10|5|1|7|5|11|3|7|3|5|7|6|8|2|11|8|9|8|2|4|8|1|12|8|4|10|13|3|9|10|8|10|10|2|4|7|8|13|1|7|17|10|3|8|4|9|11|10|10|6|3|15|11|5|5|8|14|8|6|14|7|11|18|14|7|9|8|18|7|7|2|18|5|6|10|8|11|11|3|3|6|11|12|14|14|11|22|9|15|9|7|11|11|18|12|13|17|8|12|13|6|9|6|8|6|6|7|12|5|11|4|8|3|7|10|12|2|5|4|4|2|7|4|4|3|1|3|2|0|2|1|1|2|2|0|4|3|2|1|1|1|3|0|1|0|2|3|1|2|2|2|1|1|1|0|1|0|0|1|2|4|1|0|0|2|1|0|1|0|0|0|0|1|3|0|0|0|0|0|0|0|0|0|0|0|0|0|0|1|1|0|0|0|0|0|0|1|0|0|0|0|1</HistCounts>
      </HistItem>
    </Histograms>
    <Metadata>
      <MDI key="BandName">Band_2</MDI>
      <MDI key="RepresentationType">ATHEMATIC</MDI>
      <MDI key="STATISTICS_COVARIANCES">0.0008833116925672324,0.004432551057440103,0.00315696817219314</MDI>
      <MDI key="STATISTICS_EXCLUDEDVALUES"></MDI>
      <MDI key="STATISTICS_MAXIMUM">0.49000000953674</MDI>
      <MDI key="STATISTICS_MEAN">0.28180386501021</MDI>
      <MDI key="STATISTICS_MEDIAN">0.285029</MDI>
      <MDI key="STATISTICS_MINIMUM">0.11124999821186</MDI>
      <MDI key="STATISTICS_SKIPFACTORX">1</MDI>
      <MDI key="STATISTICS_SKIPFACTORY">1</MDI>
      <MDI key="STATISTICS_STDDEV">0.066577406508816</MDI>
    </Metadata>
  </PAMRasterBand>
  <PAMRasterBand band="3">
    <Description>Band_3</Description>
    <Histograms>
      <HistItem>
        <HistMin>0.1525000035762787</HistMin>
        <HistMax>0.417250007390976</HistMax>
        <BucketCount>256</BucketCount>
        <IncludeOutOfRange>1</IncludeOutOfRange>
        <Approximate>0</Approximate>
        <HistCounts>2|0|1|2|0|0|0|1|2|0|0|2|1|0|0|0|2|0|1|0|0|1|4|2|2|0|1|0|2|0|0|2|3|6|1|4|3|3|1|2|13|4|2|4|5|2|4|4|5|5|1|4|11|6|6|10|2|6|6|7|6|8|3|6|2|10|5|5|4|8|3|5|5|7|9|9|7|14|10|12|8|5|10|3|5|9|6|6|8|6|5|11|6|10|13|4|12|7|11|3|5|2|12|9|10|7|8|11|5|5|13|8|7|21|7|7|10|10|9|12|14|12|8|6|6|12|9|7|11|12|10|4|4|7|9|10|12|9|6|9|8|13|12|19|7|11|17|15|15|8|7|22|6|8|8|11|10|5|7|9|4|11|2|12|9|10|5|4|7|7|8|3|4|7|4|1|5|4|4|1|2|5|0|5|2|0|3|4|4|6|2|2|1|1|1|0|3|1|0|0|3|2|1|2|1|1|0|3|2|2|1|1|3|0|0|1|0|0|3|0|0|1|0|2|2|3|2|0|0|1|0|0|1|0|0|0|0|0|1|1|0|2|0|0|0|0|0|1|0|0|0|0|0|0|1|1</HistCounts>
      </HistItem>
    </Histograms>
    <Metadata>
      <MDI key="BandName">Band_3</MDI>
      <MDI key="RepresentationType">ATHEMATIC</MDI>
      <MDI key="STATISTICS_COVARIANCES">0.0006962507411658003,0.00315696817219314,0.002285601882322037</MDI>
      <MDI key="STATISTICS_EXCLUDEDVALUES"></MDI>
      <MDI key="STATISTICS_MAXIMUM">0.41725000739098</MDI>
      <MDI key="STATISTICS_MEAN">0.27346217138448</MDI>
      <MDI key="STATISTICS_MEDIAN">0.275012</MDI>
      <MDI key="STATISTICS_MINIMUM">0.15250000357628</MDI>
      <MDI key="STATISTICS_SKIPFACTORX">1</MDI>
      <MDI key="STATISTICS_SKIPFACTORY">1</MDI>
      <MDI key="STATISTICS_STDDEV">0.047807968816109</MDI>
    </Metadata>
  </PAMRasterBand>
</PAMDataset>
