<PAMDataset>
  <Metadata>
    <MDI key="DataType">Generic</MDI>
  </Metadata>
  <PAMRasterBand band="1">
    <Description>Band_1</Description>
    <Histograms>
      <HistItem>
        <HistMin>0.6477500200271606</HistMin>
        <HistMax>0.941870391368866</HistMax>
        <BucketCount>256</BucketCount>
        <IncludeOutOfRange>1</IncludeOutOfRange>
        <Approximate>0</Approximate>
        <HistCounts>1|0|0|0|0|0|0|0|0|0|0|0|0|0|0|0|0|0|0|0|0|0|0|0|0|0|0|1|0|0|0|0|0|0|0|0|0|0|0|0|0|0|0|0|0|0|0|0|1|0|1|0|0|1|1|1|0|0|0|0|0|0|0|1|0|0|1|0|0|0|0|0|0|0|0|0|0|0|1|0|0|0|0|0|0|0|0|0|0|0|0|0|2|0|0|0|0|0|0|0|0|0|0|0|0|0|1|0|0|0|0|0|0|0|0|0|0|2|0|0|0|0|0|0|0|0|0|0|0|0|1|0|0|0|0|0|1|0|1|1|0|0|0|1|0|0|0|0|0|0|0|0|0|2|0|1|0|1|0|0|0|0|1|2|0|0|5|0|4|1|0|2|1|0|0|0|1|3|0|0|0|0|0|3|2|1|0|1|0|1|0|2|1|2|1|3|3|3|1|1|0|1|4|5|1|5|2|2|3|1|3|6|3|4|2|4|5|5|3|3|0|2|5|2|9|5|7|2|2|5|2|9|6|5|7|5|83|92|119|136|97|86|82|87|89|49|58|34|41|30|14|9|5|4|2|1</HistCounts>
      </HistItem>
    </Histograms>
    <Metadata>
      <MDI key="BandName">Band_1</MDI>
      <MDI key="RepresentationType">ATHEMATIC</MDI>
      <MDI key="STATISTICS_COVARIANCES">0.0007562552499619632,-0.0002937652543028275,-0.0001349576263347105</MDI>
      <MDI key="STATISTICS_EXCLUDEDVALUES"></MDI>
      <MDI key="STATISTICS_MAXIMUM">0.94187039136887</MDI>
      <MDI key="STATISTICS_MEAN">0.91903082438027</MDI>
      <MDI key="STATISTICS_MEDIAN">0.924569</MDI>
      <MDI key="STATISTICS_MINIMUM">0.64775002002716</MDI>
      <MDI key="STATISTICS_SKIPFACTORX">1</MDI>
      <MDI key="STATISTICS_SKIPFACTORY">1</MDI>
      <MDI key="STATISTICS_STDDEV">0.027500095453688</MDI>
    </Metadata>
  </PAMRasterBand>
  <PAMRasterBand band="2">
    <Description>Band_2</Description>
    <Histograms>
      <HistItem>
        <HistMin>0.07724999636411667</HistMin>
        <HistMax>0.3765000104904175</HistMax>
        <BucketCount>256</BucketCount>
        <IncludeOutOfRange>1</IncludeOutOfRange>
        <Approximate>0</Approximate>
        <HistCounts>7|6|12|25|36|40|60|104|118|75|104|133|88|49|60|38|30|24|18|19|23|18|5|8|11|16|13|8|6|11|2|1|2|2|5|4|4|6|3|1|3|2|1|4|1|0|1|3|1|3|1|0|0|0|0|0|2|0|0|0|1|2|1|5|1|1|2|1|0|0|2|2|4|1|2|1|0|0|0|4|1|4|4|0|3|0|2|3|1|4|3|1|3|2|2|2|1|2|0|1|7|1|1|0|0|4|0|2|0|1|0|1|1|0|0|0|2|0|0|0|0|0|4|0|0|0|1|0|0|0|0|1|0|0|0|1|1|0|1|0|0|0|0|0|0|0|0|0|0|0|0|0|0|0|0|0|0|0|0|0|2|0|0|0|0|0|0|0|0|0|0|0|0|0|0|0|0|0|0|0|0|0|0|0|0|0|0|0|0|0|0|0|1|0|0|2|0|0|0|0|0|0|0|0|0|0|0|0|0|0|0|0|0|0|0|0|0|0|0|0|0|1|0|0|0|0|0|0|0|0|0|0|0|0|0|0|0|0|0|0|0|0|0|0|0|0|0|0|0|0|0|0|0|0|0|1</HistCounts>
      </HistItem>
    </Histograms>
    <Metadata>
      <MDI key="BandName">Band_2</MDI>
      <MDI key="RepresentationType">ATHEMATIC</MDI>
      <MDI key="STATISTICS_COVARIANCES">-0.0002937652543028275,0.0009176128747720325,0.0005828058707188138</MDI>
      <MDI key="STATISTICS_EXCLUDEDVALUES"></MDI>
      <MDI key="STATISTICS_MAXIMUM">0.37650001049042</MDI>
      <MDI key="STATISTICS_MEAN">0.10036875922994</MDI>
      <MDI key="STATISTICS_MEDIAN">0.090159</MDI>
      <MDI key="STATISTICS_MINIMUM">0.077249996364117</MDI>
      <MDI key="STATISTICS_SKIPFACTORX">1</MDI>
      <MDI key="STATISTICS_SKIPFACTORY">1</MDI>
      <MDI key="STATISTICS_STDDEV">0.030292125623205</MDI>
    </Metadata>
  </PAMRasterBand>
  <PAMRasterBand band="3">
    <Description>Band_3</Description>
    <Histograms>
      <HistItem>
        <HistMin>0.124499998986721</HistMin>
        <HistMax>0.320499986410141</HistMax>
        <BucketCount>256</BucketCount>
        <IncludeOutOfRange>1</IncludeOutOfRange>
        <Approximate>0</Approximate>
        <HistCounts>1|1|0|0|1|14|9|7|9|21|34|15|45|49|37|40|50|58|69|61|58|64|67|61|47|61|48|28|39|22|33|27|19|7|16|13|8|5|3|4|0|3|8|4|3|7|3|2|5|0|1|3|0|4|4|5|4|0|2|0|3|3|1|0|2|0|2|2|3|0|1|1|0|0|0|1|1|6|0|0|2|0|3|1|1|4|2|4|2|4|5|2|1|3|3|1|2|3|3|0|1|1|4|2|0|1|2|2|0|2|0|1|1|1|2|1|0|2|3|0|1|0|0|1|0|2|0|0|1|0|0|0|1|0|0|0|0|0|0|0|0|0|0|2|0|0|0|0|0|0|0|0|0|0|0|0|0|0|0|0|0|0|0|0|0|0|0|0|0|0|2|0|0|0|0|0|0|0|0|0|0|0|0|0|0|0|0|1|0|0|0|0|0|0|0|0|0|0|0|0|0|0|0|0|0|0|0|0|0|0|0|0|0|0|0|0|0|0|0|0|0|0|0|0|0|0|0|1|0|1|0|0|0|0|0|0|0|0|0|0|0|0|0|0|0|1|0|0|0|0|0|0|0|0|0|1</HistCounts>
      </HistItem>
    </Histograms>
    <Metadata>
      <MDI key="BandName">Band_3</MDI>
      <MDI key="RepresentationType">ATHEMATIC</MDI>
      <MDI key="STATISTICS_COVARIANCES">-0.0001349576263347105,0.0005828058707188138,0.0003869485941031234</MDI>
      <MDI key="STATISTICS_EXCLUDEDVALUES"></MDI>
      <MDI key="STATISTICS_MAXIMUM">0.32049998641014</MDI>
      <MDI key="STATISTICS_MEAN">0.14676872165747</MDI>
      <MDI key="STATISTICS_MEDIAN">0.141410</MDI>
      <MDI key="STATISTICS_MINIMUM">0.12449999898672</MDI>
      <MDI key="STATISTICS_SKIPFACTORX">1</MDI>
      <MDI key="STATISTICS_SKIPFACTORY">1</MDI>
      <MDI key="STATISTICS_STDDEV">0.019671008975218</MDI>
    </Metadata>
  </PAMRasterBand>
</PAMDataset>
