<PAMDataset>
  <Metadata>
    <MDI key="DataType">Generic</MDI>
  </Metadata>
  <PAMRasterBand band="1">
    <Description>Band_1</Description>
    <Histograms>
      <HistItem>
        <HistMin>0.6044999957084656</HistMin>
        <HistMax>0.9336851835250854</HistMax>
        <BucketCount>256</BucketCount>
        <IncludeOutOfRange>1</IncludeOutOfRange>
        <Approximate>0</Approximate>
        <HistCounts>2|0|0|0|0|0|0|0|0|0|0|0|0|0|0|0|0|0|0|0|0|0|0|0|0|0|0|0|0|0|0|0|0|0|0|0|0|0|0|0|0|0|0|0|0|0|0|1|0|0|0|0|0|0|0|1|1|0|1|0|0|0|0|1|1|0|0|1|2|0|0|1|1|0|2|0|2|4|1|0|3|2|4|6|7|4|1|6|5|9|5|6|5|6|7|6|6|13|7|5|3|11|8|16|13|9|11|7|12|14|14|9|16|9|18|12|18|10|14|10|21|9|11|16|2|13|10|17|20|18|27|22|19|13|24|19|17|30|18|27|26|30|40|44|36|29|35|29|33|27|30|32|34|20|37|18|24|21|43|27|28|24|39|35|34|32|18|40|14|20|23|12|9|17|15|11|18|10|11|12|16|18|15|14|12|11|8|7|9|11|4|13|9|3|9|10|6|2|4|11|6|8|5|3|2|9|6|6|2|7|1|4|2|1|8|1|2|5|1|3|4|0|0|1|2|3|0|0|1|5|2|3|1|2|3|1|4|4|0|0|0|0|0|2|14|15|21|15|9|16|5|6|5|1|4|1</HistCounts>
      </HistItem>
    </Histograms>
    <Metadata>
      <MDI key="BandName">Band_1</MDI>
      <MDI key="RepresentationType">ATHEMATIC</MDI>
      <MDI key="STATISTICS_COVARIANCES">0.002365362326329648,-0.0003379719973136605,-0.0001018106494782589</MDI>
      <MDI key="STATISTICS_EXCLUDEDVALUES"></MDI>
      <MDI key="STATISTICS_MAXIMUM">0.93368518352509</MDI>
      <MDI key="STATISTICS_MEAN">0.80353568799442</MDI>
      <MDI key="STATISTICS_MEDIAN">0.799429</MDI>
      <MDI key="STATISTICS_MINIMUM">0.60449999570847</MDI>
      <MDI key="STATISTICS_SKIPFACTORX">1</MDI>
      <MDI key="STATISTICS_SKIPFACTORY">1</MDI>
      <MDI key="STATISTICS_STDDEV">0.048634990761073</MDI>
    </Metadata>
  </PAMRasterBand>
  <PAMRasterBand band="2">
    <Description>Band_2</Description>
    <Histograms>
      <HistItem>
        <HistMin>0.08799999952316284</HistMin>
        <HistMax>0.3717499971389771</HistMax>
        <BucketCount>256</BucketCount>
        <IncludeOutOfRange>1</IncludeOutOfRange>
        <Approximate>0</Approximate>
        <HistCounts>4|0|0|0|0|0|1|0|2|2|2|6|4|3|7|13|12|20|25|39|48|32|76|64|63|64|68|58|65|68|66|92|51|75|62|63|55|66|53|49|37|35|62|36|34|29|51|37|31|23|25|22|31|19|11|36|18|18|16|18|7|13|15|8|5|7|8|5|4|6|0|4|1|3|2|3|1|1|1|10|3|4|1|1|6|4|4|8|1|0|2|4|2|4|1|3|2|3|1|2|0|0|1|1|2|3|0|2|1|0|0|2|0|1|0|2|0|0|0|0|0|2|1|0|1|0|1|1|1|0|0|0|0|0|1|0|0|0|0|0|1|0|0|0|2|1|0|0|0|0|0|0|0|0|0|0|0|0|0|0|0|0|1|0|0|0|0|0|0|1|3|2|0|2|0|0|0|0|1|1|1|1|0|0|0|3|2|1|1|1|0|0|0|1|0|0|0|0|0|0|0|1|1|0|0|0|0|0|0|0|0|0|0|0|0|0|0|0|1|0|0|0|0|0|0|0|0|0|0|0|0|0|0|1|0|0|0|0|0|1|0|0|0|1|0|0|0|0|0|0|0|0|0|0|0|1</HistCounts>
      </HistItem>
    </Histograms>
    <Metadata>
      <MDI key="BandName">Band_2</MDI>
      <MDI key="RepresentationType">ATHEMATIC</MDI>
      <MDI key="STATISTICS_COVARIANCES">-0.0003379719973136605,0.0007729509540839154,0.0004931892753316347</MDI>
      <MDI key="STATISTICS_EXCLUDEDVALUES"></MDI>
      <MDI key="STATISTICS_MAXIMUM">0.37174999713898</MDI>
      <MDI key="STATISTICS_MEAN">0.1332155291061</MDI>
      <MDI key="STATISTICS_MEDIAN">0.125833</MDI>
      <MDI key="STATISTICS_MINIMUM">0.087999999523163</MDI>
      <MDI key="STATISTICS_SKIPFACTORX">1</MDI>
      <MDI key="STATISTICS_SKIPFACTORY">1</MDI>
      <MDI key="STATISTICS_STDDEV">0.027801995505429</MDI>
    </Metadata>
  </PAMRasterBand>
  <PAMRasterBand band="3">
    <Description>Band_3</Description>
    <Histograms>
      <HistItem>
        <HistMin>0.1319999992847443</HistMin>
        <HistMax>0.3294999897480011</HistMax>
        <BucketCount>256</BucketCount>
        <IncludeOutOfRange>1</IncludeOutOfRange>
        <Approximate>0</Approximate>
        <HistCounts>1|0|0|0|2|1|3|2|2|3|8|7|5|17|10|22|24|24|20|15|21|31|35|51|42|57|69|83|93|86|109|96|70|67|78|66|58|56|57|69|69|39|41|41|28|32|28|26|29|20|26|43|17|16|12|17|11|13|17|7|3|11|12|4|5|3|4|2|14|2|2|7|4|6|3|4|2|0|5|3|2|2|4|4|2|1|2|2|4|1|0|5|2|1|1|0|1|2|2|0|2|1|1|1|2|2|2|0|0|0|0|3|0|0|1|1|5|0|0|1|0|0|0|0|1|0|0|0|0|0|0|0|0|0|0|0|0|0|0|1|0|1|0|0|1|0|1|0|0|1|0|1|0|1|0|0|1|3|0|4|0|1|1|3|1|0|1|0|0|0|0|0|0|0|1|0|0|0|1|0|0|0|0|0|0|0|0|0|0|1|0|0|0|0|0|0|2|1|0|2|0|0|0|0|0|0|0|0|0|0|0|0|0|0|0|1|0|0|0|0|0|0|0|0|0|0|0|0|0|0|0|0|0|0|0|0|0|0|0|0|0|0|0|0|0|0|0|0|1|0|0|0|1|0|0|1</HistCounts>
      </HistItem>
    </Histograms>
    <Metadata>
      <MDI key="BandName">Band_3</MDI>
      <MDI key="RepresentationType">ATHEMATIC</MDI>
      <MDI key="STATISTICS_COVARIANCES">-0.0001018106494782589,0.0004931892753316347,0.0003359840648054681</MDI>
      <MDI key="STATISTICS_EXCLUDEDVALUES"></MDI>
      <MDI key="STATISTICS_MAXIMUM">0.329499989748</MDI>
      <MDI key="STATISTICS_MEAN">0.16252576725313</MDI>
      <MDI key="STATISTICS_MEDIAN">0.158333</MDI>
      <MDI key="STATISTICS_MINIMUM">0.13199999928474</MDI>
      <MDI key="STATISTICS_SKIPFACTORX">1</MDI>
      <MDI key="STATISTICS_SKIPFACTORY">1</MDI>
      <MDI key="STATISTICS_STDDEV">0.018329868106603</MDI>
    </Metadata>
  </PAMRasterBand>
</PAMDataset>
