<PAMDataset>
  <Metadata>
    <MDI key="DataType">Generic</MDI>
  </Metadata>
  <PAMRasterBand band="1">
    <Description>Band_1</Description>
    <Histograms>
      <HistItem>
        <HistMin>0.4959999918937683</HistMin>
        <HistMax>0.9337407350540161</HistMax>
        <BucketCount>256</BucketCount>
        <IncludeOutOfRange>1</IncludeOutOfRange>
        <Approximate>0</Approximate>
        <HistCounts>3|0|0|0|0|0|0|0|0|0|0|0|0|0|0|0|0|0|0|0|0|0|0|0|0|0|0|0|0|0|0|0|0|0|0|0|1|2|0|0|0|0|1|0|1|0|0|0|1|0|0|0|0|2|0|1|0|0|0|0|1|0|0|0|2|1|0|0|0|1|0|2|0|3|3|3|1|4|2|0|3|1|3|5|7|1|3|2|4|5|12|9|9|7|8|11|6|8|6|5|6|17|10|10|5|8|11|8|14|7|8|20|6|7|9|13|19|13|14|10|10|5|9|9|16|4|13|23|10|5|12|4|16|13|9|10|6|15|11|14|7|14|16|9|9|16|5|10|12|12|23|9|15|23|11|8|14|9|13|19|13|11|18|19|18|21|14|23|20|22|24|9|23|23|24|29|22|31|22|16|19|9|15|19|9|13|19|10|11|9|8|12|11|7|6|16|10|5|10|8|10|5|9|5|9|7|5|6|6|9|4|4|2|4|5|2|4|3|3|1|6|3|0|4|4|1|3|1|0|3|4|2|3|1|0|0|3|2|2|4|0|2|1|0|0|1|0|16|5|4|4|0|1|1|0|1</HistCounts>
      </HistItem>
    </Histograms>
    <Metadata>
      <MDI key="BandName">Band_1</MDI>
      <MDI key="RepresentationType">ATHEMATIC</MDI>
      <MDI key="STATISTICS_COVARIANCES">0.004688485176685489,-0.001670966346340476,-0.0007586445598842371</MDI>
      <MDI key="STATISTICS_EXCLUDEDVALUES"></MDI>
      <MDI key="STATISTICS_MAXIMUM">0.93374073505402</MDI>
      <MDI key="STATISTICS_MEAN">0.76169624902933</MDI>
      <MDI key="STATISTICS_MEDIAN">0.768944</MDI>
      <MDI key="STATISTICS_MINIMUM">0.49599999189377</MDI>
      <MDI key="STATISTICS_SKIPFACTORX">1</MDI>
      <MDI key="STATISTICS_SKIPFACTORY">1</MDI>
      <MDI key="STATISTICS_STDDEV">0.068472514023406</MDI>
    </Metadata>
  </PAMRasterBand>
  <PAMRasterBand band="2">
    <Description>Band_2</Description>
    <Histograms>
      <HistItem>
        <HistMin>0.09425000101327896</HistMin>
        <HistMax>0.5017499923706055</HistMax>
        <BucketCount>256</BucketCount>
        <IncludeOutOfRange>1</IncludeOutOfRange>
        <Approximate>0</Approximate>
        <HistCounts>1|8|19|16|17|43|29|36|43|19|32|37|26|28|39|29|47|34|27|39|33|27|30|23|28|29|32|21|43|15|37|29|14|46|19|30|29|25|34|18|15|20|24|10|14|16|17|23|14|16|15|25|6|13|8|14|5|8|7|4|9|6|6|4|5|5|8|8|4|7|3|2|3|1|5|4|3|3|8|1|3|5|4|0|4|2|4|2|5|3|3|2|3|1|0|0|1|0|0|1|1|4|0|1|2|2|0|3|3|2|3|3|0|0|4|3|0|2|2|3|2|1|0|1|0|0|1|1|1|3|1|0|0|0|0|4|1|1|0|0|0|0|0|2|0|4|5|0|1|0|0|2|2|2|4|1|1|0|0|0|0|1|2|0|0|2|3|0|1|2|0|0|2|0|0|0|1|0|0|0|0|0|2|0|0|1|0|0|0|0|0|1|1|0|0|0|0|0|0|0|0|0|0|0|0|0|0|0|0|0|0|0|1|2|1|0|0|0|0|0|0|0|0|0|0|0|0|0|0|0|0|0|0|0|0|0|0|0|0|0|0|0|0|0|0|0|0|0|0|0|0|0|0|0|0|1</HistCounts>
      </HistItem>
    </Histograms>
    <Metadata>
      <MDI key="BandName">Band_2</MDI>
      <MDI key="RepresentationType">ATHEMATIC</MDI>
      <MDI key="STATISTICS_COVARIANCES">-0.001670966346340476,0.00289481199974344,0.001572339266355805</MDI>
      <MDI key="STATISTICS_EXCLUDEDVALUES"></MDI>
      <MDI key="STATISTICS_MAXIMUM">0.50174999237061</MDI>
      <MDI key="STATISTICS_MEAN">0.15367117262517</MDI>
      <MDI key="STATISTICS_MEDIAN">0.138995</MDI>
      <MDI key="STATISTICS_MINIMUM">0.094250001013279</MDI>
      <MDI key="STATISTICS_SKIPFACTORX">1</MDI>
      <MDI key="STATISTICS_SKIPFACTORY">1</MDI>
      <MDI key="STATISTICS_STDDEV">0.05380345713561</MDI>
    </Metadata>
  </PAMRasterBand>
  <PAMRasterBand band="3">
    <Description>Band_3</Description>
    <Histograms>
      <HistItem>
        <HistMin>0.135000005364418</HistMin>
        <HistMax>0.3479999899864197</HistMax>
        <BucketCount>256</BucketCount>
        <IncludeOutOfRange>1</IncludeOutOfRange>
        <Approximate>0</Approximate>
        <HistCounts>5|19|16|15|30|31|28|28|35|21|18|25|19|19|20|24|20|30|16|23|35|24|25|32|22|26|45|14|19|23|33|8|26|17|41|31|23|22|31|23|27|36|16|25|24|16|17|14|12|13|16|14|12|15|7|24|17|14|24|18|13|4|4|10|6|12|2|10|5|7|5|4|7|7|2|4|4|4|3|12|0|4|7|3|8|5|6|5|3|2|9|0|1|4|1|1|4|3|3|2|5|2|2|4|1|3|1|4|4|3|0|2|1|1|1|1|0|2|3|3|2|1|0|1|0|1|0|1|0|0|2|3|3|2|3|1|5|2|2|2|2|4|2|0|3|2|2|0|0|1|0|1|0|1|2|0|1|2|2|0|2|0|1|1|1|1|1|1|1|1|0|1|0|1|1|1|0|0|0|0|1|0|1|2|0|0|1|0|1|0|0|0|0|0|0|0|0|0|0|1|0|2|0|0|0|0|0|0|0|0|0|0|0|0|1|0|0|0|0|0|0|0|0|0|0|0|0|2|0|0|0|0|1|0|0|0|0|0|0|0|0|0|0|0|0|0|0|0|0|0|0|0|0|0|0|1</HistCounts>
      </HistItem>
    </Histograms>
    <Metadata>
      <MDI key="BandName">Band_3</MDI>
      <MDI key="RepresentationType">ATHEMATIC</MDI>
      <MDI key="STATISTICS_COVARIANCES">-0.0007586445598842371,0.001572339266355805,0.000918873443038895</MDI>
      <MDI key="STATISTICS_EXCLUDEDVALUES"></MDI>
      <MDI key="STATISTICS_MAXIMUM">0.34799998998642</MDI>
      <MDI key="STATISTICS_MEAN">0.17075243027358</MDI>
      <MDI key="STATISTICS_MEDIAN">0.163400</MDI>
      <MDI key="STATISTICS_MINIMUM">0.13500000536442</MDI>
      <MDI key="STATISTICS_SKIPFACTORX">1</MDI>
      <MDI key="STATISTICS_SKIPFACTORY">1</MDI>
      <MDI key="STATISTICS_STDDEV">0.030312925346111</MDI>
    </Metadata>
  </PAMRasterBand>
</PAMDataset>
