<PAMDataset>
  <Metadata>
    <MDI key="DataType">Generic</MDI>
  </Metadata>
  <PAMRasterBand band="1">
    <Description>Band_1</Description>
    <Histograms>
      <HistItem>
        <HistMin>0.5360000133514404</HistMin>
        <HistMax>0.9285555481910706</HistMax>
        <BucketCount>256</BucketCount>
        <IncludeOutOfRange>1</IncludeOutOfRange>
        <Approximate>0</Approximate>
        <HistCounts>1|0|0|0|0|0|0|0|0|0|0|0|0|0|0|0|1|1|0|0|2|0|0|0|0|0|1|0|0|0|1|0|0|0|0|0|0|0|1|0|0|0|1|0|4|0|1|0|0|0|0|0|1|0|0|1|2|1|3|4|1|1|1|0|1|1|0|0|0|3|0|1|2|0|0|1|3|3|3|0|0|0|1|3|0|6|0|1|2|3|1|0|1|6|2|1|1|1|2|0|1|2|0|2|2|4|2|1|3|3|5|1|1|4|6|4|7|2|11|4|5|5|2|5|4|4|4|4|10|5|4|13|10|8|8|9|4|10|14|20|11|13|8|12|12|20|23|14|17|23|11|14|36|16|27|26|22|26|22|18|26|9|12|26|19|27|23|29|27|22|13|28|19|18|15|13|26|37|19|35|19|27|28|37|22|15|19|11|8|19|19|10|13|10|6|13|9|6|9|6|7|16|6|10|9|13|10|1|12|4|7|8|8|8|7|7|5|9|6|6|9|3|8|5|7|7|6|10|7|3|1|6|2|2|4|5|4|3|4|4|3|7|2|0|1|2|0|1|2|18|15|16|9|8|3|1</HistCounts>
      </HistItem>
    </Histograms>
    <Metadata>
      <MDI key="BandName">Band_1</MDI>
      <MDI key="RepresentationType">ATHEMATIC</MDI>
      <MDI key="STATISTICS_COVARIANCES">0.003600935246331019,-0.0002839678684469859,7.795187343478751e-05</MDI>
      <MDI key="STATISTICS_EXCLUDEDVALUES"></MDI>
      <MDI key="STATISTICS_MAXIMUM">0.92855554819107</MDI>
      <MDI key="STATISTICS_MEAN">0.79826553262541</MDI>
      <MDI key="STATISTICS_MEDIAN">0.796164</MDI>
      <MDI key="STATISTICS_MINIMUM">0.53600001335144</MDI>
      <MDI key="STATISTICS_SKIPFACTORX">1</MDI>
      <MDI key="STATISTICS_SKIPFACTORY">1</MDI>
      <MDI key="STATISTICS_STDDEV">0.060007793213307</MDI>
    </Metadata>
  </PAMRasterBand>
  <PAMRasterBand band="2">
    <Description>Band_2</Description>
    <Histograms>
      <HistItem>
        <HistMin>0.0820000022649765</HistMin>
        <HistMax>0.5007500052452087</HistMax>
        <BucketCount>256</BucketCount>
        <IncludeOutOfRange>1</IncludeOutOfRange>
        <Approximate>0</Approximate>
        <HistCounts>1|3|2|13|15|25|26|46|67|42|72|57|76|66|73|90|63|46|53|70|43|71|77|52|55|26|36|33|36|30|19|20|13|16|11|12|19|14|5|6|5|5|7|6|3|7|7|2|2|9|2|6|5|5|6|0|10|5|2|3|3|4|3|2|1|3|0|1|2|0|0|1|3|1|2|3|5|2|5|6|0|3|2|1|3|1|3|2|1|1|0|1|1|1|4|3|1|3|1|2|4|4|2|3|1|4|3|1|0|1|2|1|2|1|2|4|0|0|2|3|0|2|3|3|2|1|0|0|0|5|2|1|0|0|0|0|0|0|2|0|2|0|2|1|0|0|0|1|0|0|0|0|3|1|0|0|0|1|2|0|0|1|0|0|0|1|0|0|0|0|1|0|0|0|0|0|0|0|1|0|0|0|0|0|0|0|0|0|0|0|0|0|0|0|0|0|0|0|0|0|0|0|0|0|0|0|0|0|0|0|0|0|0|0|0|0|0|0|0|0|0|0|0|0|0|0|0|0|0|0|0|0|0|0|0|0|0|0|0|0|0|0|0|0|0|0|0|0|0|0|0|0|0|0|0|2</HistCounts>
      </HistItem>
    </Histograms>
    <Metadata>
      <MDI key="BandName">Band_2</MDI>
      <MDI key="RepresentationType">ATHEMATIC</MDI>
      <MDI key="STATISTICS_COVARIANCES">-0.0002839678684469859,0.002080653350871956,0.001503401661436818</MDI>
      <MDI key="STATISTICS_EXCLUDEDVALUES"></MDI>
      <MDI key="STATISTICS_MAXIMUM">0.50075000524521</MDI>
      <MDI key="STATISTICS_MEAN">0.12757579625009</MDI>
      <MDI key="STATISTICS_MEDIAN">0.113201</MDI>
      <MDI key="STATISTICS_MINIMUM">0.082000002264977</MDI>
      <MDI key="STATISTICS_SKIPFACTORX">1</MDI>
      <MDI key="STATISTICS_SKIPFACTORY">1</MDI>
      <MDI key="STATISTICS_STDDEV">0.045614179274344</MDI>
    </Metadata>
  </PAMRasterBand>
  <PAMRasterBand band="3">
    <Description>Band_3</Description>
    <Histograms>
      <HistItem>
        <HistMin>0.1299999952316284</HistMin>
        <HistMax>0.4492500126361847</HistMax>
        <BucketCount>256</BucketCount>
        <IncludeOutOfRange>1</IncludeOutOfRange>
        <Approximate>0</Approximate>
        <HistCounts>3|2|5|12|20|10|33|38|44|37|64|47|43|45|60|74|78|84|82|65|69|65|53|52|51|50|31|45|39|32|34|28|24|15|14|22|14|5|8|6|8|11|9|1|7|4|4|6|6|6|2|4|10|4|4|6|3|1|0|1|1|2|4|3|8|3|1|4|6|4|1|3|3|4|2|0|3|1|7|1|0|4|4|2|1|2|1|2|3|2|3|3|2|0|0|3|2|0|2|1|4|0|0|1|0|1|0|1|1|1|1|0|0|1|1|0|4|2|3|0|0|1|0|1|3|1|0|1|0|0|2|0|0|0|0|5|2|0|1|0|2|2|1|2|0|0|0|0|0|0|0|0|0|0|1|2|0|0|0|0|0|0|1|0|0|2|0|1|1|0|0|0|1|0|0|0|0|0|1|0|0|0|0|2|0|1|0|0|0|0|0|0|0|0|0|0|0|0|0|0|0|0|0|0|0|0|0|0|0|0|0|0|0|0|0|0|0|0|0|0|0|0|0|0|0|0|0|0|0|0|0|0|0|0|0|0|0|0|0|0|0|0|0|0|0|0|0|0|0|0|0|0|0|0|0|2</HistCounts>
      </HistItem>
    </Histograms>
    <Metadata>
      <MDI key="BandName">Band_3</MDI>
      <MDI key="RepresentationType">ATHEMATIC</MDI>
      <MDI key="STATISTICS_COVARIANCES">7.795187343478751e-05,0.001503401661436818,0.0011408553193615</MDI>
      <MDI key="STATISTICS_EXCLUDEDVALUES"></MDI>
      <MDI key="STATISTICS_MAXIMUM">0.44925001263618</MDI>
      <MDI key="STATISTICS_MEAN">0.1652204207525</MDI>
      <MDI key="STATISTICS_MEDIAN">0.155039</MDI>
      <MDI key="STATISTICS_MINIMUM">0.12999999523163</MDI>
      <MDI key="STATISTICS_SKIPFACTORX">1</MDI>
      <MDI key="STATISTICS_SKIPFACTORY">1</MDI>
      <MDI key="STATISTICS_STDDEV">0.03377654984396</MDI>
    </Metadata>
  </PAMRasterBand>
</PAMDataset>
