<PAMDataset>
  <Metadata>
    <MDI key="DataType">Generic</MDI>
  </Metadata>
  <PAMRasterBand band="1">
    <Description>Band_1</Description>
    <Histograms>
      <HistItem>
        <HistMin>0.6075000166893005</HistMin>
        <HistMax>0.9339444637298584</HistMax>
        <BucketCount>256</BucketCount>
        <IncludeOutOfRange>1</IncludeOutOfRange>
        <Approximate>0</Approximate>
        <HistCounts>1|0|0|0|0|0|0|0|0|0|0|0|0|0|0|0|0|0|0|0|0|1|0|0|2|0|0|0|0|0|0|0|0|0|0|0|0|0|0|1|0|0|0|0|0|0|0|0|0|0|0|0|0|0|0|1|1|0|0|0|0|0|0|0|0|0|0|0|0|0|0|0|0|0|0|1|0|1|0|0|0|0|0|2|1|2|0|0|0|0|0|0|0|0|0|1|0|0|0|0|1|0|0|0|0|0|0|0|0|0|0|0|0|0|0|0|0|0|0|0|0|0|0|2|0|0|0|0|0|2|0|0|0|0|2|3|1|2|0|4|4|3|1|0|2|2|0|1|2|1|0|4|1|0|0|2|4|3|0|0|0|1|6|0|3|0|1|3|4|2|2|3|2|0|5|2|6|3|3|3|5|1|6|1|11|2|9|7|4|16|13|10|6|19|11|13|12|12|13|15|15|8|22|17|14|21|18|19|14|18|13|14|13|14|16|20|11|9|18|21|19|10|15|12|9|5|20|9|7|8|8|8|12|9|8|14|7|5|6|5|12|13|7|12|116|100|63|65|50|68|63|59|34|8|3|1</HistCounts>
      </HistItem>
    </Histograms>
    <Metadata>
      <MDI key="BandName">Band_1</MDI>
      <MDI key="RepresentationType">ATHEMATIC</MDI>
      <MDI key="STATISTICS_COVARIANCES">0.00168168890697029,0.0005295411364206605,0.0004685147362403891</MDI>
      <MDI key="STATISTICS_EXCLUDEDVALUES"></MDI>
      <MDI key="STATISTICS_MAXIMUM">0.93394446372986</MDI>
      <MDI key="STATISTICS_MEAN">0.89215039193389</MDI>
      <MDI key="STATISTICS_MEDIAN">0.903220</MDI>
      <MDI key="STATISTICS_MINIMUM">0.6075000166893</MDI>
      <MDI key="STATISTICS_SKIPFACTORX">1</MDI>
      <MDI key="STATISTICS_SKIPFACTORY">1</MDI>
      <MDI key="STATISTICS_STDDEV">0.041008400443937</MDI>
    </Metadata>
  </PAMRasterBand>
  <PAMRasterBand band="2">
    <Description>Band_2</Description>
    <Histograms>
      <HistItem>
        <HistMin>0.09300000220537186</HistMin>
        <HistMax>0.3174999952316284</HistMax>
        <BucketCount>256</BucketCount>
        <IncludeOutOfRange>1</IncludeOutOfRange>
        <Approximate>0</Approximate>
        <HistCounts>2|0|1|3|9|13|16|18|15|26|21|40|16|39|24|35|38|45|16|28|22|24|22|24|22|20|23|19|19|20|18|28|25|11|34|26|26|24|12|15|14|16|15|8|14|13|11|12|9|16|4|7|4|7|3|2|1|3|6|9|5|8|5|0|0|3|1|7|5|4|4|4|11|6|5|3|0|2|7|1|4|5|2|4|4|3|7|7|6|3|6|0|5|2|6|3|4|7|3|5|6|4|3|4|3|5|4|6|7|4|3|13|8|12|5|5|3|2|6|3|3|5|6|5|2|6|3|4|3|3|6|2|2|1|5|4|2|1|1|10|3|5|2|2|1|7|0|0|0|0|1|2|1|4|4|4|4|3|0|4|2|8|0|1|6|2|2|3|0|1|4|0|1|0|1|4|2|2|0|3|1|0|1|0|0|3|0|0|2|0|2|1|0|0|0|0|1|1|0|0|0|1|0|0|1|0|1|1|0|1|2|2|0|2|0|1|0|0|3|0|0|0|0|0|1|0|0|0|2|0|0|0|1|0|0|0|0|0|0|0|0|1|0|0|0|0|0|0|0|0|0|0|0|0|0|1</HistCounts>
      </HistItem>
    </Histograms>
    <Metadata>
      <MDI key="BandName">Band_2</MDI>
      <MDI key="RepresentationType">ATHEMATIC</MDI>
      <MDI key="STATISTICS_COVARIANCES">0.0005295411364206605,0.001905237362007034,0.001419223461464255</MDI>
      <MDI key="STATISTICS_EXCLUDEDVALUES"></MDI>
      <MDI key="STATISTICS_MAXIMUM">0.31749999523163</MDI>
      <MDI key="STATISTICS_MEAN">0.14181545208863</MDI>
      <MDI key="STATISTICS_MEDIAN">0.123814</MDI>
      <MDI key="STATISTICS_MINIMUM">0.093000002205372</MDI>
      <MDI key="STATISTICS_SKIPFACTORX">1</MDI>
      <MDI key="STATISTICS_SKIPFACTORY">1</MDI>
      <MDI key="STATISTICS_STDDEV">0.043649024754363</MDI>
    </Metadata>
  </PAMRasterBand>
  <PAMRasterBand band="3">
    <Description>Band_3</Description>
    <Histograms>
      <HistItem>
        <HistMin>0.1377499997615814</HistMin>
        <HistMax>0.3084999918937683</HistMax>
        <BucketCount>256</BucketCount>
        <IncludeOutOfRange>1</IncludeOutOfRange>
        <Approximate>0</Approximate>
        <HistCounts>2|1|3|2|11|14|15|23|27|21|19|38|11|33|37|23|29|31|33|39|19|16|17|28|9|27|18|18|21|18|26|18|16|34|32|30|26|13|19|15|21|13|18|7|18|10|9|14|9|4|10|4|2|7|7|3|8|5|3|2|4|4|2|7|7|1|5|3|1|1|1|4|9|3|1|4|6|3|2|1|4|7|3|9|8|5|5|2|9|5|1|6|6|1|4|13|6|2|3|10|7|6|3|8|13|4|4|8|0|7|4|1|8|7|1|0|8|9|0|6|6|3|3|4|5|11|1|4|3|6|3|2|5|10|2|4|1|2|1|0|3|1|1|3|5|4|0|5|4|1|2|1|3|0|1|7|2|1|1|4|1|1|1|4|0|3|0|1|7|0|2|2|1|2|1|3|5|1|1|0|0|2|1|2|2|0|1|2|0|2|2|0|1|1|0|0|0|1|0|0|0|0|0|0|0|0|1|3|1|3|0|0|0|1|0|0|1|2|0|0|0|0|0|0|0|0|0|0|0|1|0|0|0|0|1|1|0|0|0|0|0|0|0|0|0|0|0|0|0|0|0|0|0|0|0|1</HistCounts>
      </HistItem>
    </Histograms>
    <Metadata>
      <MDI key="BandName">Band_3</MDI>
      <MDI key="RepresentationType">ATHEMATIC</MDI>
      <MDI key="STATISTICS_COVARIANCES">0.0004685147362403891,0.001419223461464255,0.001072132305324992</MDI>
      <MDI key="STATISTICS_EXCLUDEDVALUES"></MDI>
      <MDI key="STATISTICS_MAXIMUM">0.30849999189377</MDI>
      <MDI key="STATISTICS_MEAN">0.17485796214759</MDI>
      <MDI key="STATISTICS_MEDIAN">0.161186</MDI>
      <MDI key="STATISTICS_MINIMUM">0.13774999976158</MDI>
      <MDI key="STATISTICS_SKIPFACTORX">1</MDI>
      <MDI key="STATISTICS_SKIPFACTORY">1</MDI>
      <MDI key="STATISTICS_STDDEV">0.032743431483658</MDI>
    </Metadata>
  </PAMRasterBand>
</PAMDataset>
