<PAMDataset>
  <Metadata>
    <MDI key="DataType">Generic</MDI>
  </Metadata>
  <PAMRasterBand band="1">
    <Description>Band_1</Description>
    <Histograms>
      <HistItem>
        <HistMin>0.354750007390976</HistMin>
        <HistMax>0.9388889074325562</HistMax>
        <BucketCount>256</BucketCount>
        <IncludeOutOfRange>1</IncludeOutOfRange>
        <Approximate>0</Approximate>
        <HistCounts>1|0|0|0|0|0|0|0|0|0|0|0|0|0|0|0|0|0|0|0|0|0|0|0|1|0|0|0|0|0|0|0|0|0|1|0|0|0|0|0|0|0|0|0|0|0|0|0|0|0|0|0|0|0|0|0|0|0|0|0|0|0|0|0|0|0|2|0|0|0|0|0|0|0|0|0|0|0|0|0|0|0|0|0|0|0|0|1|0|0|0|1|1|0|0|0|0|0|1|1|0|0|1|0|1|1|0|0|0|0|0|0|1|2|0|0|0|0|0|0|0|0|0|0|0|0|0|2|1|0|0|0|0|0|1|1|0|0|2|0|0|1|0|0|0|0|1|0|0|0|0|0|0|0|0|0|0|0|0|0|1|0|1|0|2|0|2|0|0|1|1|0|1|0|0|1|1|0|1|0|0|2|3|1|2|1|0|1|2|8|1|4|1|5|2|7|2|0|1|1|1|1|2|7|7|1|1|4|3|6|4|5|3|3|7|10|7|8|10|8|9|9|9|11|11|17|10|13|14|15|13|20|17|19|13|19|20|19|16|11|10|14|14|31|19|23|93|423|520|409|191|74|35|18|16|1</HistCounts>
      </HistItem>
    </Histograms>
    <Metadata>
      <MDI key="BandName">Band_1</MDI>
      <MDI key="RepresentationType">ATHEMATIC</MDI>
      <MDI key="STATISTICS_COVARIANCES">0.002075134108330479,-0.0001385002150261126,7.906044040242676e-05</MDI>
      <MDI key="STATISTICS_EXCLUDEDVALUES"></MDI>
      <MDI key="STATISTICS_MAXIMUM">0.93888890743256</MDI>
      <MDI key="STATISTICS_MEAN">0.90890092801643</MDI>
      <MDI key="STATISTICS_MEDIAN">0.922854</MDI>
      <MDI key="STATISTICS_MINIMUM">0.35475000739098</MDI>
      <MDI key="STATISTICS_SKIPFACTORX">1</MDI>
      <MDI key="STATISTICS_SKIPFACTORY">1</MDI>
      <MDI key="STATISTICS_STDDEV">0.045553639902103</MDI>
    </Metadata>
  </PAMRasterBand>
  <PAMRasterBand band="2">
    <Description>Band_2</Description>
    <Histograms>
      <HistItem>
        <HistMin>0.009750000201165676</HistMin>
        <HistMax>0.3707500100135803</HistMax>
        <BucketCount>256</BucketCount>
        <IncludeOutOfRange>1</IncludeOutOfRange>
        <Approximate>0</Approximate>
        <HistCounts>1|1|0|0|2|0|1|1|0|3|0|0|1|1|3|5|21|26|31|43|29|52|68|45|57|38|33|37|29|29|35|35|28|33|37|14|27|22|32|16|31|18|31|28|24|29|27|29|16|31|18|25|32|28|19|25|22|22|16|14|26|25|34|31|28|26|33|29|22|34|30|21|26|36|19|30|21|19|29|27|20|28|21|21|23|22|18|22|17|19|12|21|23|11|11|4|14|11|7|6|5|9|10|5|5|8|3|5|3|4|3|2|4|3|2|9|5|4|2|2|2|0|3|1|1|2|0|0|0|2|0|0|1|2|4|1|0|0|0|0|0|0|0|0|2|1|1|2|0|0|0|0|0|0|0|0|0|0|0|0|0|0|0|3|1|0|0|0|0|1|0|1|0|0|0|0|0|0|0|0|1|0|2|0|0|0|0|1|1|1|2|0|0|0|0|0|1|0|0|1|0|0|1|2|0|0|0|0|1|0|0|0|0|1|1|0|0|1|0|0|0|0|0|0|0|1|1|0|0|2|1|0|1|0|0|2|0|0|0|0|1|0|0|1|1|1|1|0|0|1|0|0|0|1|0|1</HistCounts>
      </HistItem>
    </Histograms>
    <Metadata>
      <MDI key="BandName">Band_2</MDI>
      <MDI key="RepresentationType">ATHEMATIC</MDI>
      <MDI key="STATISTICS_COVARIANCES">-0.0001385002150261126,0.002231995619039607,0.001665157984987188</MDI>
      <MDI key="STATISTICS_EXCLUDEDVALUES"></MDI>
      <MDI key="STATISTICS_MAXIMUM">0.37075001001358</MDI>
      <MDI key="STATISTICS_MEAN">0.090947452242904</MDI>
      <MDI key="STATISTICS_MEDIAN">0.084781</MDI>
      <MDI key="STATISTICS_MINIMUM">0.0097500002011657</MDI>
      <MDI key="STATISTICS_SKIPFACTORX">1</MDI>
      <MDI key="STATISTICS_SKIPFACTORY">1</MDI>
      <MDI key="STATISTICS_STDDEV">0.047244000878838</MDI>
    </Metadata>
  </PAMRasterBand>
  <PAMRasterBand band="3">
    <Description>Band_3</Description>
    <Histograms>
      <HistItem>
        <HistMin>0.04275000095367432</HistMin>
        <HistMax>0.3089999854564667</HistMax>
        <BucketCount>256</BucketCount>
        <IncludeOutOfRange>1</IncludeOutOfRange>
        <Approximate>0</Approximate>
        <HistCounts>1|0|0|0|0|1|2|0|0|0|1|0|0|0|1|0|1|0|2|0|0|0|1|0|2|0|4|1|8|2|9|19|20|21|29|26|29|24|29|24|23|24|19|23|17|32|24|25|33|25|37|30|21|18|14|27|20|28|24|27|20|25|27|27|17|28|30|28|27|20|11|16|21|20|17|25|26|29|8|24|21|8|18|13|12|19|23|18|8|22|21|25|25|32|25|21|29|20|12|40|24|36|43|27|33|31|20|29|35|22|20|20|25|34|19|15|27|20|12|15|20|9|11|18|10|9|8|13|3|7|8|2|7|5|5|8|11|3|3|5|4|4|1|6|5|1|5|0|2|0|3|0|0|0|0|0|0|0|0|0|1|2|0|0|0|1|1|0|0|0|2|2|0|0|2|0|1|0|0|0|0|0|1|0|0|0|1|0|2|0|0|0|2|1|1|0|1|1|0|0|0|0|0|1|0|0|1|1|0|1|0|0|1|0|0|1|0|1|2|0|0|2|0|0|1|0|2|0|0|0|0|0|0|2|1|0|0|0|0|0|1|0|0|1|1|0|0|0|1|1|0|0|0|0|1|1</HistCounts>
      </HistItem>
    </Histograms>
    <Metadata>
      <MDI key="BandName">Band_3</MDI>
      <MDI key="RepresentationType">ATHEMATIC</MDI>
      <MDI key="STATISTICS_COVARIANCES">7.906044040242676e-05,0.001665157984987188,0.001309729974378392</MDI>
      <MDI key="STATISTICS_EXCLUDEDVALUES"></MDI>
      <MDI key="STATISTICS_MAXIMUM">0.30899998545647</MDI>
      <MDI key="STATISTICS_MEAN">0.12790721871924</MDI>
      <MDI key="STATISTICS_MEDIAN">0.125235</MDI>
      <MDI key="STATISTICS_MINIMUM">0.042750000953674</MDI>
      <MDI key="STATISTICS_SKIPFACTORX">1</MDI>
      <MDI key="STATISTICS_SKIPFACTORY">1</MDI>
      <MDI key="STATISTICS_STDDEV">0.036190191687505</MDI>
    </Metadata>
  </PAMRasterBand>
</PAMDataset>
