<PAMDataset>
  <Metadata>
    <MDI key="DataType">Generic</MDI>
  </Metadata>
  <PAMRasterBand band="1">
    <Description>Band_1</Description>
    <Histograms>
      <HistItem>
        <HistMin>0.5385000109672546</HistMin>
        <HistMax>0.9351851940155029</HistMax>
        <BucketCount>256</BucketCount>
        <IncludeOutOfRange>1</IncludeOutOfRange>
        <Approximate>0</Approximate>
        <HistCounts>2|0|0|0|0|0|0|0|0|0|0|0|0|0|0|0|0|0|0|0|0|0|0|0|0|0|0|0|0|0|0|0|0|0|0|0|0|0|0|0|0|0|0|0|0|0|0|2|0|0|0|0|0|0|0|2|0|0|0|0|0|0|0|0|1|1|0|0|0|0|0|0|0|0|2|0|2|0|0|2|0|1|0|0|0|1|0|4|0|3|0|1|0|3|3|3|0|1|0|0|0|2|1|3|1|5|3|2|2|1|1|8|3|4|2|4|10|10|8|12|4|5|9|5|15|17|10|17|15|15|12|11|17|12|12|12|25|9|14|23|12|15|19|11|2|20|12|19|25|15|14|26|20|18|12|23|19|19|15|12|21|32|10|10|22|28|29|10|21|8|17|9|15|14|11|15|18|8|15|23|18|15|15|11|17|13|15|14|24|29|23|32|15|30|30|20|26|29|30|19|30|17|22|20|28|28|36|24|35|25|23|33|25|29|23|34|26|15|26|22|25|11|9|13|10|4|8|9|9|7|10|3|7|8|6|6|9|3|6|7|1|5|1|2|4|36|35|32|20|3|7|2|2|3|0|1</HistCounts>
      </HistItem>
    </Histograms>
    <Metadata>
      <MDI key="BandName">Band_1</MDI>
      <MDI key="RepresentationType">ATHEMATIC</MDI>
      <MDI key="STATISTICS_COVARIANCES">0.003505780033411004,-0.0005153700436007939,-0.000142944235988748</MDI>
      <MDI key="STATISTICS_EXCLUDEDVALUES"></MDI>
      <MDI key="STATISTICS_MAXIMUM">0.9351851940155</MDI>
      <MDI key="STATISTICS_MEAN">0.82120897280494</MDI>
      <MDI key="STATISTICS_MEDIAN">0.829402</MDI>
      <MDI key="STATISTICS_MINIMUM">0.53850001096725</MDI>
      <MDI key="STATISTICS_SKIPFACTORX">1</MDI>
      <MDI key="STATISTICS_SKIPFACTORY">1</MDI>
      <MDI key="STATISTICS_STDDEV">0.05920962787766</MDI>
    </Metadata>
  </PAMRasterBand>
  <PAMRasterBand band="2">
    <Description>Band_2</Description>
    <Histograms>
      <HistItem>
        <HistMin>0.08150000125169754</HistMin>
        <HistMax>0.2332500070333481</HistMax>
        <BucketCount>256</BucketCount>
        <IncludeOutOfRange>1</IncludeOutOfRange>
        <Approximate>0</Approximate>
        <HistCounts>2|0|0|1|1|1|0|6|2|5|5|6|13|26|23|35|38|51|72|58|60|80|55|102|56|60|102|58|83|62|80|73|56|50|91|55|57|40|42|60|26|34|42|25|34|23|10|23|18|21|17|18|19|8|11|22|8|13|4|11|12|6|6|13|6|9|4|6|15|6|8|2|4|4|2|5|7|4|8|9|4|3|4|1|4|2|3|2|3|2|3|2|3|1|1|4|3|1|3|2|1|1|2|2|0|2|0|2|2|0|0|0|2|3|2|0|0|2|0|0|0|0|1|0|0|0|0|0|0|0|0|0|0|0|4|0|0|0|0|0|0|1|0|0|0|1|0|0|1|0|0|0|0|0|0|0|0|0|0|3|0|0|0|0|0|3|1|1|0|0|0|0|1|1|0|0|0|0|0|1|0|1|0|0|1|0|0|0|1|1|0|1|1|0|0|0|1|0|0|0|0|2|1|0|1|0|1|0|0|2|0|0|0|1|0|0|0|0|0|0|0|0|0|0|1|0|0|0|1|0|0|0|1|1|1|0|1|0|1|1|0|0|2|0|1|0|0|0|0|0|1|0|0|0|0|1</HistCounts>
      </HistItem>
    </Histograms>
    <Metadata>
      <MDI key="BandName">Band_2</MDI>
      <MDI key="RepresentationType">ATHEMATIC</MDI>
      <MDI key="STATISTICS_COVARIANCES">-0.0005153700436007939,0.0002920730892391286,0.0001655967216272437</MDI>
      <MDI key="STATISTICS_EXCLUDEDVALUES"></MDI>
      <MDI key="STATISTICS_MAXIMUM">0.23325000703335</MDI>
      <MDI key="STATISTICS_MEAN">0.10422932010042</MDI>
      <MDI key="STATISTICS_MEDIAN">0.099948</MDI>
      <MDI key="STATISTICS_MINIMUM">0.081500001251698</MDI>
      <MDI key="STATISTICS_SKIPFACTORX">1</MDI>
      <MDI key="STATISTICS_SKIPFACTORY">1</MDI>
      <MDI key="STATISTICS_STDDEV">0.017090145968924</MDI>
    </Metadata>
  </PAMRasterBand>
  <PAMRasterBand band="3">
    <Description>Band_3</Description>
    <Histograms>
      <HistItem>
        <HistMin>0.1369999945163727</HistMin>
        <HistMax>0.2364999949932098</HistMax>
        <BucketCount>256</BucketCount>
        <IncludeOutOfRange>1</IncludeOutOfRange>
        <Approximate>0</Approximate>
        <HistCounts>4|3|3|8|1|9|7|23|21|9|28|10|38|25|67|35|77|71|68|75|65|104|75|107|96|56|120|34|75|27|97|42|77|69|26|51|20|46|26|55|14|23|33|14|21|23|21|5|23|21|13|11|3|21|4|11|8|18|6|2|10|3|8|8|6|8|1|3|2|10|2|2|4|3|0|8|4|1|4|1|5|0|1|0|2|8|1|2|1|2|2|0|1|1|0|1|0|0|0|0|0|1|1|2|0|0|0|0|2|0|0|1|0|0|0|0|0|0|0|0|0|0|0|0|0|0|0|1|0|0|0|2|0|0|0|0|1|2|0|0|0|0|0|0|0|0|1|0|0|0|0|0|0|0|0|0|0|0|0|0|0|2|0|0|1|0|0|0|0|1|0|1|1|0|1|0|1|1|0|2|0|0|0|0|0|0|0|1|1|1|1|0|0|0|2|0|1|0|0|0|0|1|0|0|0|0|1|1|2|0|1|0|0|0|0|0|0|0|0|1|0|0|0|0|2|0|2|0|0|1|0|0|0|0|0|0|0|1|0|0|0|0|0|1|0|0|0|0|0|0|0|1|0|0|0|2</HistCounts>
      </HistItem>
    </Histograms>
    <Metadata>
      <MDI key="BandName">Band_3</MDI>
      <MDI key="RepresentationType">ATHEMATIC</MDI>
      <MDI key="STATISTICS_COVARIANCES">-0.000142944235988748,0.0001655967216272437,0.0001100684662528311</MDI>
      <MDI key="STATISTICS_EXCLUDEDVALUES"></MDI>
      <MDI key="STATISTICS_MAXIMUM">0.23649999499321</MDI>
      <MDI key="STATISTICS_MEAN">0.14980857522135</MDI>
      <MDI key="STATISTICS_MEDIAN">0.147145</MDI>
      <MDI key="STATISTICS_MINIMUM">0.13699999451637</MDI>
      <MDI key="STATISTICS_SKIPFACTORX">1</MDI>
      <MDI key="STATISTICS_SKIPFACTORY">1</MDI>
      <MDI key="STATISTICS_STDDEV">0.010491351974499</MDI>
    </Metadata>
  </PAMRasterBand>
</PAMDataset>
