<PAMDataset>
  <Metadata>
    <MDI key="DataType">Generic</MDI>
  </Metadata>
  <PAMRasterBand band="1">
    <Description>Band_1</Description>
    <Histograms>
      <HistItem>
        <HistMin>0.6732500195503235</HistMin>
        <HistMax>0.9311110973358154</HistMax>
        <BucketCount>256</BucketCount>
        <IncludeOutOfRange>1</IncludeOutOfRange>
        <Approximate>0</Approximate>
        <HistCounts>1|0|0|0|0|0|0|0|0|0|0|0|0|0|0|0|0|1|0|1|0|0|0|0|0|0|0|0|0|0|0|0|0|1|1|0|0|0|0|0|0|0|0|0|0|0|0|0|0|2|0|0|0|0|0|0|0|0|0|0|0|2|0|0|2|2|0|1|0|0|0|0|0|0|0|0|2|0|0|0|1|0|0|1|0|0|0|0|0|2|0|0|0|0|0|0|0|0|2|0|0|0|0|0|2|1|1|0|1|0|0|0|0|2|0|0|0|2|0|0|0|2|1|0|1|2|2|0|3|3|3|1|5|5|1|0|1|4|6|2|4|1|1|1|2|5|5|0|2|2|6|5|3|4|5|9|5|7|7|4|9|5|5|6|4|12|6|3|8|6|8|11|9|10|4|11|13|9|6|4|5|5|8|23|10|16|12|8|16|32|8|14|14|17|9|21|12|12|12|6|19|20|15|12|19|14|5|14|10|18|18|9|15|21|17|9|18|14|20|9|8|16|15|13|10|11|12|17|16|16|15|18|10|9|18|5|13|14|16|12|11|21|20|17|177|191|128|83|69|34|19|10|5|1|1|1</HistCounts>
      </HistItem>
    </Histograms>
    <Metadata>
      <MDI key="BandName">Band_1</MDI>
      <MDI key="RepresentationType">ATHEMATIC</MDI>
      <MDI key="STATISTICS_COVARIANCES">0.001365679702213765,-0.0003026432754474579,-0.0001264323114034126</MDI>
      <MDI key="STATISTICS_EXCLUDEDVALUES"></MDI>
      <MDI key="STATISTICS_MAXIMUM">0.93111109733582</MDI>
      <MDI key="STATISTICS_MEAN">0.89126309752464</MDI>
      <MDI key="STATISTICS_MEDIAN">0.902797</MDI>
      <MDI key="STATISTICS_MINIMUM">0.67325001955032</MDI>
      <MDI key="STATISTICS_SKIPFACTORX">1</MDI>
      <MDI key="STATISTICS_SKIPFACTORY">1</MDI>
      <MDI key="STATISTICS_STDDEV">0.036955103872317</MDI>
    </Metadata>
  </PAMRasterBand>
  <PAMRasterBand band="2">
    <Description>Band_2</Description>
    <Histograms>
      <HistItem>
        <HistMin>0.1045000031590462</HistMin>
        <HistMax>0.3109999895095825</HistMax>
        <BucketCount>256</BucketCount>
        <IncludeOutOfRange>1</IncludeOutOfRange>
        <Approximate>0</Approximate>
        <HistCounts>2|0|0|0|0|0|0|0|2|0|1|2|2|4|1|2|5|6|6|15|17|10|8|13|9|16|22|20|26|38|20|33|33|37|16|29|22|40|22|14|33|38|19|29|20|52|27|36|38|30|36|29|22|17|36|21|28|26|33|34|29|24|30|35|29|24|28|30|20|24|21|39|19|16|21|26|13|21|22|34|13|18|10|13|15|21|9|18|14|6|17|2|4|4|5|1|2|8|9|6|4|3|5|6|9|3|0|9|1|3|3|4|1|1|0|0|2|6|1|0|2|1|1|0|0|0|1|0|0|0|1|0|2|0|3|0|1|0|1|0|0|0|1|2|0|1|2|1|0|0|0|0|0|0|0|2|0|0|0|0|1|2|0|0|0|0|0|1|0|0|0|0|0|0|0|0|0|0|0|0|0|0|2|0|0|0|0|0|2|0|1|0|0|0|0|2|0|0|0|0|0|0|2|0|1|0|1|0|0|0|0|0|0|4|0|0|0|0|0|0|1|0|0|0|0|1|0|0|0|0|0|1|2|1|0|1|0|0|0|0|0|0|0|0|0|1|0|0|0|0|0|0|0|0|0|1</HistCounts>
      </HistItem>
    </Histograms>
    <Metadata>
      <MDI key="BandName">Band_2</MDI>
      <MDI key="RepresentationType">ATHEMATIC</MDI>
      <MDI key="STATISTICS_COVARIANCES">-0.0003026432754474579,0.0005690302460881304,0.0003647954931581862</MDI>
      <MDI key="STATISTICS_EXCLUDEDVALUES"></MDI>
      <MDI key="STATISTICS_MAXIMUM">0.31099998950958</MDI>
      <MDI key="STATISTICS_MEAN">0.15215186065207</MDI>
      <MDI key="STATISTICS_MEDIAN">0.148229</MDI>
      <MDI key="STATISTICS_MINIMUM">0.10450000315905</MDI>
      <MDI key="STATISTICS_SKIPFACTORX">1</MDI>
      <MDI key="STATISTICS_SKIPFACTORY">1</MDI>
      <MDI key="STATISTICS_STDDEV">0.023854354866316</MDI>
    </Metadata>
  </PAMRasterBand>
  <PAMRasterBand band="3">
    <Description>Band_3</Description>
    <Histograms>
      <HistItem>
        <HistMin>0.1522500067949295</HistMin>
        <HistMax>0.2972500026226044</HistMax>
        <BucketCount>256</BucketCount>
        <IncludeOutOfRange>1</IncludeOutOfRange>
        <Approximate>0</Approximate>
        <HistCounts>1|0|1|3|0|0|1|1|3|3|6|11|9|28|7|6|19|16|28|22|23|38|18|19|30|51|26|21|21|61|18|29|35|24|31|37|43|30|32|20|41|25|25|31|26|23|19|24|26|26|27|36|29|28|32|24|24|27|36|19|32|39|26|25|20|23|12|11|21|17|21|17|20|12|20|16|29|14|6|14|15|19|13|6|6|5|6|7|1|7|6|8|7|7|6|4|0|2|5|1|1|0|4|0|0|1|1|1|3|4|0|1|2|0|2|0|0|3|2|0|0|0|2|0|0|1|0|0|0|0|2|0|0|0|1|0|0|1|0|0|0|0|0|2|0|0|0|1|2|0|3|0|1|2|0|0|0|1|2|0|0|0|1|0|0|0|0|2|0|0|0|0|0|0|0|0|1|0|1|2|0|0|0|0|0|1|0|0|0|0|0|0|0|0|0|0|0|0|0|2|0|0|0|0|2|0|0|0|0|0|0|0|0|0|0|0|0|0|0|0|0|0|0|0|0|0|0|0|1|0|0|0|0|1|0|0|0|0|0|0|0|0|0|0|0|0|1|0|0|0|0|0|0|0|0|1</HistCounts>
      </HistItem>
    </Histograms>
    <Metadata>
      <MDI key="BandName">Band_3</MDI>
      <MDI key="RepresentationType">ATHEMATIC</MDI>
      <MDI key="STATISTICS_COVARIANCES">-0.0001264323114034126,0.0003647954931581862,0.0002470667474079974</MDI>
      <MDI key="STATISTICS_EXCLUDEDVALUES"></MDI>
      <MDI key="STATISTICS_MAXIMUM">0.2972500026226</MDI>
      <MDI key="STATISTICS_MEAN">0.18075904074424</MDI>
      <MDI key="STATISTICS_MEDIAN">0.178407</MDI>
      <MDI key="STATISTICS_MINIMUM">0.15225000679493</MDI>
      <MDI key="STATISTICS_SKIPFACTORX">1</MDI>
      <MDI key="STATISTICS_SKIPFACTORY">1</MDI>
      <MDI key="STATISTICS_STDDEV">0.015718357019994</MDI>
    </Metadata>
  </PAMRasterBand>
</PAMDataset>
