<PAMDataset>
  <Metadata>
    <MDI key="DataType">Generic</MDI>
  </Metadata>
  <PAMRasterBand band="1">
    <Description>Band_1</Description>
    <Histograms>
      <HistItem>
        <HistMin>0.6159999966621399</HistMin>
        <HistMax>0.9376851916313171</HistMax>
        <BucketCount>256</BucketCount>
        <IncludeOutOfRange>1</IncludeOutOfRange>
        <Approximate>0</Approximate>
        <HistCounts>1|0|0|0|0|0|0|0|0|0|0|0|0|0|0|0|0|0|0|0|0|0|0|0|0|0|0|0|0|1|0|0|0|0|0|0|0|0|0|1|0|1|1|1|0|0|0|0|0|0|1|0|0|1|2|0|0|0|0|0|0|0|1|0|0|2|2|0|0|0|1|0|0|0|1|0|0|2|0|0|0|0|0|1|0|1|0|0|0|1|4|2|0|2|0|1|1|0|0|0|2|2|2|1|1|0|2|1|1|0|1|1|1|2|2|2|0|0|1|6|2|2|2|6|4|1|2|5|2|4|4|6|2|2|4|3|2|5|5|5|2|3|2|5|3|4|4|3|1|3|6|4|6|3|0|4|1|3|8|3|3|2|9|8|6|10|10|12|11|8|10|12|14|16|8|15|7|16|21|7|11|8|14|10|11|11|10|9|10|15|15|20|8|14|6|9|7|14|6|8|7|7|7|7|10|7|11|6|16|3|6|11|5|10|5|8|11|10|5|7|11|5|6|7|7|7|7|4|5|5|8|9|1|9|7|4|12|5|4|5|7|62|45|60|38|40|22|14|16|17|8|3|6|1|1|2</HistCounts>
      </HistItem>
    </Histograms>
    <Metadata>
      <MDI key="BandName">Band_1</MDI>
      <MDI key="RepresentationType">ATHEMATIC</MDI>
      <MDI key="STATISTICS_COVARIANCES">0.002946191501120988,1.217676981474123e-05,0.0001413717735172471</MDI>
      <MDI key="STATISTICS_EXCLUDEDVALUES"></MDI>
      <MDI key="STATISTICS_MAXIMUM">0.93768519163132</MDI>
      <MDI key="STATISTICS_MEAN">0.86610996756661</MDI>
      <MDI key="STATISTICS_MEDIAN">0.868302</MDI>
      <MDI key="STATISTICS_MINIMUM">0.61599999666214</MDI>
      <MDI key="STATISTICS_SKIPFACTORX">1</MDI>
      <MDI key="STATISTICS_SKIPFACTORY">1</MDI>
      <MDI key="STATISTICS_STDDEV">0.054278831058904</MDI>
    </Metadata>
  </PAMRasterBand>
  <PAMRasterBand band="2">
    <Description>Band_2</Description>
    <Histograms>
      <HistItem>
        <HistMin>0.06724999845027924</HistMin>
        <HistMax>0.6387500166893005</HistMax>
        <BucketCount>256</BucketCount>
        <IncludeOutOfRange>1</IncludeOutOfRange>
        <Approximate>0</Approximate>
        <HistCounts>6|2|7|12|26|30|28|40|30|41|41|43|42|43|57|42|44|55|56|69|46|45|40|39|42|28|35|26|17|24|10|20|13|11|5|10|1|5|5|8|2|1|2|1|4|3|1|1|3|5|2|0|6|5|2|1|2|1|0|1|4|0|2|1|2|3|0|0|0|0|2|1|3|0|2|3|0|1|0|1|3|1|2|2|0|2|0|2|5|4|0|1|2|1|2|1|1|0|1|0|0|0|0|0|0|0|0|2|0|0|0|0|0|0|0|0|0|0|0|0|0|0|1|0|0|0|0|0|0|0|0|0|0|0|0|0|0|0|0|0|0|0|0|0|0|0|0|0|0|0|0|0|0|0|0|0|0|0|0|0|0|0|0|0|0|0|0|0|0|0|0|0|0|0|0|0|0|0|0|0|0|0|0|0|0|0|0|0|0|0|0|0|0|0|0|0|0|0|0|0|0|0|0|0|0|0|0|0|0|0|0|0|0|0|0|0|0|0|0|0|0|0|0|0|0|0|0|0|0|0|0|0|0|0|0|0|0|0|0|0|0|0|0|0|0|0|0|0|0|0|0|0|0|0|0|1</HistCounts>
      </HistItem>
    </Histograms>
    <Metadata>
      <MDI key="BandName">Band_2</MDI>
      <MDI key="RepresentationType">ATHEMATIC</MDI>
      <MDI key="STATISTICS_COVARIANCES">1.217676981474123e-05,0.001603054366983384,0.001162938626719288</MDI>
      <MDI key="STATISTICS_EXCLUDEDVALUES"></MDI>
      <MDI key="STATISTICS_MAXIMUM">0.6387500166893</MDI>
      <MDI key="STATISTICS_MEAN">0.11662058572899</MDI>
      <MDI key="STATISTICS_MEDIAN">0.107591</MDI>
      <MDI key="STATISTICS_MINIMUM">0.067249998450279</MDI>
      <MDI key="STATISTICS_SKIPFACTORX">1</MDI>
      <MDI key="STATISTICS_SKIPFACTORY">1</MDI>
      <MDI key="STATISTICS_STDDEV">0.040038161383652</MDI>
    </Metadata>
  </PAMRasterBand>
  <PAMRasterBand band="3">
    <Description>Band_3</Description>
    <Histograms>
      <HistItem>
        <HistMin>0.119999997317791</HistMin>
        <HistMax>0.6087499856948853</HistMax>
        <BucketCount>256</BucketCount>
        <IncludeOutOfRange>1</IncludeOutOfRange>
        <Approximate>0</Approximate>
        <HistCounts>7|19|6|8|35|32|38|36|43|37|47|49|77|79|68|88|78|45|53|61|39|39|37|24|22|12|11|13|12|5|13|4|3|3|3|2|0|1|3|0|3|2|3|5|3|8|1|5|2|2|1|2|1|3|1|4|3|2|3|2|2|1|1|1|2|0|5|0|0|0|0|0|2|0|0|3|6|2|1|2|4|3|1|0|0|0|0|0|0|0|0|0|0|0|0|0|0|0|0|0|0|0|0|0|0|0|0|0|0|0|0|1|0|0|0|0|0|0|0|0|0|0|0|0|0|0|0|0|0|0|0|0|0|0|0|0|0|0|0|0|0|0|0|0|0|0|0|0|0|0|0|0|0|0|0|0|0|0|0|0|0|0|0|0|0|0|0|0|0|0|0|0|0|0|0|0|0|0|0|0|0|0|0|0|0|0|0|0|0|0|0|0|0|0|0|0|0|0|0|0|0|0|0|0|0|0|0|0|0|0|0|0|0|0|0|0|0|0|0|0|0|0|0|0|0|0|0|0|0|0|0|0|0|0|0|0|0|0|0|0|0|0|0|0|0|0|0|0|0|0|0|0|0|0|0|1</HistCounts>
      </HistItem>
    </Histograms>
    <Metadata>
      <MDI key="BandName">Band_3</MDI>
      <MDI key="RepresentationType">ATHEMATIC</MDI>
      <MDI key="STATISTICS_COVARIANCES">0.0001413717735172471,0.001162938626719288,0.0008711332684661339</MDI>
      <MDI key="STATISTICS_EXCLUDEDVALUES"></MDI>
      <MDI key="STATISTICS_MAXIMUM">0.60874998569489</MDI>
      <MDI key="STATISTICS_MEAN">0.15555758426866</MDI>
      <MDI key="STATISTICS_MEDIAN">0.148750</MDI>
      <MDI key="STATISTICS_MINIMUM">0.11999999731779</MDI>
      <MDI key="STATISTICS_SKIPFACTORX">1</MDI>
      <MDI key="STATISTICS_SKIPFACTORY">1</MDI>
      <MDI key="STATISTICS_STDDEV">0.029514966855244</MDI>
    </Metadata>
  </PAMRasterBand>
</PAMDataset>
