<PAMDataset>
  <Metadata>
    <MDI key="DataType">Generic</MDI>
  </Metadata>
  <PAMRasterBand band="1">
    <Description>Band_1</Description>
    <Histograms>
      <HistItem>
        <HistMin>0.4620000123977661</HistMin>
        <HistMax>0.9299259185791016</HistMax>
        <BucketCount>256</BucketCount>
        <IncludeOutOfRange>1</IncludeOutOfRange>
        <Approximate>0</Approximate>
        <HistCounts>1|0|0|0|0|0|1|1|0|0|1|0|0|0|0|0|0|0|0|0|2|0|0|3|0|0|1|0|0|0|0|0|0|0|0|0|0|0|2|2|1|0|0|0|0|1|1|0|0|0|1|1|1|2|0|1|3|0|0|0|0|0|0|1|0|2|2|0|0|0|0|0|1|0|1|0|0|0|2|0|0|2|0|1|0|0|1|0|2|1|0|0|0|2|4|2|1|1|0|0|0|0|2|0|1|3|0|0|1|0|0|0|0|6|3|0|0|2|0|3|0|1|0|0|0|0|0|3|3|2|1|3|3|0|2|0|5|2|2|0|3|0|2|2|4|0|1|1|5|0|2|7|1|2|4|6|5|0|5|5|1|3|5|6|3|12|6|7|5|4|4|9|5|8|7|5|5|8|3|9|8|4|12|6|6|9|7|13|6|8|6|11|5|7|14|7|16|8|3|4|10|7|9|11|13|7|7|13|5|8|9|11|9|7|7|8|11|12|4|8|7|12|11|11|21|11|10|19|13|14|9|23|15|20|15|19|22|12|24|11|18|24|19|18|27|23|13|18|21|116|374|449|250|67|12|1</HistCounts>
      </HistItem>
    </Histograms>
    <Metadata>
      <MDI key="BandName">Band_1</MDI>
      <MDI key="RepresentationType">ATHEMATIC</MDI>
      <MDI key="STATISTICS_COVARIANCES">0.005431536275611125,-0.001626682925058381,-0.0008607214246062194</MDI>
      <MDI key="STATISTICS_EXCLUDEDVALUES"></MDI>
      <MDI key="STATISTICS_MAXIMUM">0.9299259185791</MDI>
      <MDI key="STATISTICS_MEAN">0.88010414776782</MDI>
      <MDI key="STATISTICS_MEDIAN">0.918916</MDI>
      <MDI key="STATISTICS_MINIMUM">0.46200001239777</MDI>
      <MDI key="STATISTICS_SKIPFACTORX">1</MDI>
      <MDI key="STATISTICS_SKIPFACTORY">1</MDI>
      <MDI key="STATISTICS_STDDEV">0.073698957086319</MDI>
    </Metadata>
  </PAMRasterBand>
  <PAMRasterBand band="2">
    <Description>Band_2</Description>
    <Histograms>
      <HistItem>
        <HistMin>0.07699999958276749</HistMin>
        <HistMax>0.3802500069141388</HistMax>
        <BucketCount>256</BucketCount>
        <IncludeOutOfRange>1</IncludeOutOfRange>
        <Approximate>0</Approximate>
        <HistCounts>8|25|32|89|68|107|100|102|92|86|100|83|72|104|87|64|54|77|63|54|28|30|46|52|43|40|42|31|14|31|30|29|18|22|29|39|17|30|25|17|11|9|12|12|12|5|4|14|5|7|3|6|2|1|6|3|4|0|1|4|6|6|4|5|3|1|2|4|2|3|0|3|3|3|3|2|6|0|1|3|3|3|2|3|3|1|1|3|3|3|0|4|3|2|1|5|2|3|1|1|1|2|0|5|2|4|3|0|1|1|1|2|2|2|1|1|1|0|1|2|1|0|0|1|1|1|1|0|1|0|0|0|1|0|1|0|1|0|0|0|0|0|0|1|0|1|0|0|0|0|0|0|0|0|0|0|0|0|0|0|0|0|0|0|0|0|0|0|0|0|0|0|0|0|0|0|0|0|0|0|0|0|0|0|0|0|0|0|0|0|0|0|0|0|0|0|0|0|0|0|0|0|0|0|0|0|0|0|0|0|0|0|0|0|0|0|0|0|0|0|0|0|0|0|0|0|0|0|0|0|0|0|0|0|0|0|0|0|0|1|0|1|0|0|1|0|0|0|0|0|0|0|0|0|0|1</HistCounts>
      </HistItem>
    </Histograms>
    <Metadata>
      <MDI key="BandName">Band_2</MDI>
      <MDI key="RepresentationType">ATHEMATIC</MDI>
      <MDI key="STATISTICS_COVARIANCES">-0.001626682925058381,0.0007673290515072056,0.0004423123567082009</MDI>
      <MDI key="STATISTICS_EXCLUDEDVALUES"></MDI>
      <MDI key="STATISTICS_MAXIMUM">0.38025000691414</MDI>
      <MDI key="STATISTICS_MEAN">0.10377176216074</MDI>
      <MDI key="STATISTICS_MEDIAN">0.094838</MDI>
      <MDI key="STATISTICS_MINIMUM">0.076999999582767</MDI>
      <MDI key="STATISTICS_SKIPFACTORX">1</MDI>
      <MDI key="STATISTICS_SKIPFACTORY">1</MDI>
      <MDI key="STATISTICS_STDDEV">0.027700704891883</MDI>
    </Metadata>
  </PAMRasterBand>
  <PAMRasterBand band="3">
    <Description>Band_3</Description>
    <Histograms>
      <HistItem>
        <HistMin>0.1330000013113022</HistMin>
        <HistMax>0.3132500052452087</HistMax>
        <BucketCount>256</BucketCount>
        <IncludeOutOfRange>1</IncludeOutOfRange>
        <Approximate>0</Approximate>
        <HistCounts>3|9|27|18|40|45|48|64|67|100|87|51|94|63|76|73|66|48|65|76|68|57|61|40|48|47|59|52|24|41|40|57|39|35|33|21|24|22|33|26|16|34|32|24|22|16|6|12|13|13|7|10|3|9|9|4|5|0|3|3|7|7|7|2|7|1|3|5|5|2|3|2|6|1|2|0|1|6|5|1|2|0|3|2|1|2|4|6|4|3|2|1|1|2|1|6|1|2|3|1|4|5|2|2|2|1|0|0|2|2|1|2|4|2|0|0|0|0|2|0|1|1|0|1|1|0|2|0|1|1|2|0|0|0|0|0|0|0|0|0|0|0|0|1|0|0|1|0|0|0|0|0|0|0|0|0|0|0|0|0|0|0|0|0|0|0|0|0|0|0|0|0|0|0|0|0|0|0|0|0|0|0|0|0|0|0|0|0|0|0|0|0|0|0|0|0|0|0|0|0|0|0|0|0|0|0|0|0|0|0|0|0|0|0|0|0|0|0|0|0|0|0|0|0|0|0|0|0|0|0|0|0|0|0|0|0|0|0|0|0|0|0|0|0|0|0|0|0|0|2|0|1|0|0|0|1</HistCounts>
      </HistItem>
    </Histograms>
    <Metadata>
      <MDI key="BandName">Band_3</MDI>
      <MDI key="RepresentationType">ATHEMATIC</MDI>
      <MDI key="STATISTICS_COVARIANCES">-0.0008607214246062194,0.0004423123567082009,0.0002646343555084913</MDI>
      <MDI key="STATISTICS_EXCLUDEDVALUES"></MDI>
      <MDI key="STATISTICS_MAXIMUM">0.31325000524521</MDI>
      <MDI key="STATISTICS_MEAN">0.15191496810589</MDI>
      <MDI key="STATISTICS_MEDIAN">0.147137</MDI>
      <MDI key="STATISTICS_MINIMUM">0.1330000013113</MDI>
      <MDI key="STATISTICS_SKIPFACTORX">1</MDI>
      <MDI key="STATISTICS_SKIPFACTORY">1</MDI>
      <MDI key="STATISTICS_STDDEV">0.016267586038146</MDI>
    </Metadata>
  </PAMRasterBand>
</PAMDataset>
