<PAMDataset>
  <Metadata>
    <MDI key="DataType">Generic</MDI>
  </Metadata>
  <PAMRasterBand band="1">
    <Description>Band_1</Description>
    <Histograms>
      <HistItem>
        <HistMin>0.4104999899864197</HistMin>
        <HistMax>0.9373888969421387</HistMax>
        <BucketCount>256</BucketCount>
        <IncludeOutOfRange>1</IncludeOutOfRange>
        <Approximate>0</Approximate>
        <HistCounts>2|2|0|0|0|0|0|0|1|0|0|0|0|0|0|0|0|0|0|0|1|0|1|0|4|1|0|1|2|0|3|0|1|0|2|2|0|2|2|0|1|3|3|0|3|3|2|2|0|2|2|1|1|2|1|1|1|0|3|1|4|5|3|4|0|2|1|2|5|0|4|1|0|0|0|0|3|2|0|4|0|0|0|0|1|0|2|3|0|1|3|0|1|1|0|0|2|0|2|4|0|0|2|3|4|3|1|4|1|6|3|2|5|0|1|1|0|3|2|2|1|3|4|8|2|3|4|6|2|4|2|3|5|8|2|5|2|3|5|7|3|4|4|8|3|8|6|9|10|14|8|9|7|5|14|8|18|9|7|16|14|17|17|8|13|13|14|13|10|25|16|17|13|17|15|18|25|19|15|13|13|25|12|20|11|13|13|13|17|9|5|6|7|7|10|9|20|10|10|9|7|7|9|9|5|7|8|11|7|15|8|5|9|12|3|7|7|7|17|10|15|12|10|11|12|17|10|16|3|9|11|9|11|10|7|8|8|5|13|8|8|4|8|10|4|5|46|92|61|38|17|11|2|2|0|2</HistCounts>
      </HistItem>
    </Histograms>
    <Metadata>
      <MDI key="BandName">Band_1</MDI>
      <MDI key="RepresentationType">ATHEMATIC</MDI>
      <MDI key="STATISTICS_COVARIANCES">0.01168930318103814,-0.002537802861716954,-0.001093116621757873</MDI>
      <MDI key="STATISTICS_EXCLUDEDVALUES"></MDI>
      <MDI key="STATISTICS_MAXIMUM">0.93738889694214</MDI>
      <MDI key="STATISTICS_MEAN">0.79377899771759</MDI>
      <MDI key="STATISTICS_MEDIAN">0.794819</MDI>
      <MDI key="STATISTICS_MINIMUM">0.41049998998642</MDI>
      <MDI key="STATISTICS_SKIPFACTORX">1</MDI>
      <MDI key="STATISTICS_SKIPFACTORY">1</MDI>
      <MDI key="STATISTICS_STDDEV">0.10811708089399</MDI>
    </Metadata>
  </PAMRasterBand>
  <PAMRasterBand band="2">
    <Description>Band_2</Description>
    <Histograms>
      <HistItem>
        <HistMin>0.03974999859929085</HistMin>
        <HistMax>0.5377500057220459</HistMax>
        <BucketCount>256</BucketCount>
        <IncludeOutOfRange>1</IncludeOutOfRange>
        <Approximate>0</Approximate>
        <HistCounts>5|9|10|17|13|12|13|15|14|19|10|10|14|15|18|28|45|29|27|25|39|50|44|39|42|22|40|38|37|35|23|34|47|42|45|32|21|34|25|28|31|33|24|51|34|31|29|28|33|12|16|9|13|12|7|18|8|12|12|9|14|5|7|4|4|8|7|4|4|3|9|4|12|10|3|1|3|8|1|6|2|2|4|2|2|0|0|0|2|0|0|1|0|1|2|0|2|2|1|2|0|0|0|0|2|1|0|1|2|0|0|0|0|0|0|0|1|1|0|0|0|0|0|0|0|0|0|0|0|1|0|0|0|0|0|0|0|0|0|0|0|0|0|0|2|0|0|0|0|0|0|0|0|0|0|0|0|0|0|0|0|0|0|0|0|0|0|0|0|0|0|0|0|0|0|0|0|1|0|0|0|0|0|0|0|0|0|0|0|0|0|0|0|0|0|0|0|0|0|0|0|0|0|0|0|0|0|0|0|0|0|0|0|0|0|0|0|0|0|0|0|2|0|0|0|0|0|0|0|0|0|0|0|0|0|0|0|0|0|0|0|0|0|0|0|0|0|1|1|0|0|0|0|0|0|2</HistCounts>
      </HistItem>
    </Histograms>
    <Metadata>
      <MDI key="BandName">Band_2</MDI>
      <MDI key="RepresentationType">ATHEMATIC</MDI>
      <MDI key="STATISTICS_COVARIANCES">-0.002537802861716954,0.002044477645709605,0.001403300460580753</MDI>
      <MDI key="STATISTICS_EXCLUDEDVALUES"></MDI>
      <MDI key="STATISTICS_MAXIMUM">0.53775000572205</MDI>
      <MDI key="STATISTICS_MEAN">0.10914632659258</MDI>
      <MDI key="STATISTICS_MEDIAN">0.102244</MDI>
      <MDI key="STATISTICS_MINIMUM">0.039749998599291</MDI>
      <MDI key="STATISTICS_SKIPFACTORX">1</MDI>
      <MDI key="STATISTICS_SKIPFACTORY">1</MDI>
      <MDI key="STATISTICS_STDDEV">0.045215900363806</MDI>
    </Metadata>
  </PAMRasterBand>
  <PAMRasterBand band="3">
    <Description>Band_3</Description>
    <Histograms>
      <HistItem>
        <HistMin>0.09049999713897705</HistMin>
        <HistMax>0.5755000114440918</HistMax>
        <BucketCount>256</BucketCount>
        <IncludeOutOfRange>1</IncludeOutOfRange>
        <Approximate>0</Approximate>
        <HistCounts>15|15|13|19|15|6|17|18|25|11|24|25|27|22|38|35|38|59|68|84|78|102|60|80|77|58|66|53|59|53|52|41|26|22|19|15|26|19|16|18|11|19|9|10|12|7|4|6|10|9|3|2|3|1|2|0|0|0|0|0|3|0|0|2|2|0|0|1|1|0|0|0|1|0|0|0|0|2|0|0|0|0|0|0|0|0|0|0|0|0|0|0|0|0|0|0|0|1|1|0|0|0|0|0|1|0|1|0|0|0|0|0|0|0|0|0|0|0|0|0|0|0|0|0|0|0|2|0|0|0|0|0|0|0|0|0|0|0|0|0|0|0|0|0|0|0|0|0|0|1|0|0|0|0|0|0|0|0|0|0|0|0|0|0|0|0|0|0|0|0|0|0|0|0|0|0|0|0|0|0|0|0|0|0|2|0|0|0|0|0|0|0|0|0|0|0|0|0|0|0|0|0|0|0|0|0|0|0|0|0|0|1|0|0|0|0|0|0|0|0|0|0|0|0|0|0|0|0|0|0|0|0|0|0|0|0|0|0|0|0|0|0|1|0|0|0|0|0|0|0|0|0|0|0|0|2</HistCounts>
      </HistItem>
    </Histograms>
    <Metadata>
      <MDI key="BandName">Band_3</MDI>
      <MDI key="RepresentationType">ATHEMATIC</MDI>
      <MDI key="STATISTICS_COVARIANCES">-0.001093116621757873,0.001403300460580753,0.001080901591703863</MDI>
      <MDI key="STATISTICS_EXCLUDEDVALUES"></MDI>
      <MDI key="STATISTICS_MAXIMUM">0.57550001144409</MDI>
      <MDI key="STATISTICS_MEAN">0.13773891942278</MDI>
      <MDI key="STATISTICS_MEDIAN">0.134245</MDI>
      <MDI key="STATISTICS_MINIMUM">0.090499997138977</MDI>
      <MDI key="STATISTICS_SKIPFACTORX">1</MDI>
      <MDI key="STATISTICS_SKIPFACTORY">1</MDI>
      <MDI key="STATISTICS_STDDEV">0.032877067869624</MDI>
    </Metadata>
  </PAMRasterBand>
</PAMDataset>
