<PAMDataset>
  <Metadata>
    <MDI key="DataType">Generic</MDI>
  </Metadata>
  <PAMRasterBand band="1">
    <Description>Band_1</Description>
    <Histograms>
      <HistItem>
        <HistMin>0.6497499942779541</HistMin>
        <HistMax>0.9398703575134277</HistMax>
        <BucketCount>256</BucketCount>
        <IncludeOutOfRange>1</IncludeOutOfRange>
        <Approximate>0</Approximate>
        <HistCounts>1|0|0|0|0|0|0|0|0|0|0|0|0|0|0|0|1|0|0|0|1|0|1|0|0|0|0|0|1|1|0|1|0|0|0|0|2|0|0|0|0|0|0|0|0|0|0|0|0|0|1|0|0|0|0|0|1|0|1|0|0|1|0|1|0|0|1|0|2|0|0|2|1|1|0|1|0|1|0|1|0|1|0|3|2|2|0|0|0|0|0|0|0|1|0|2|0|0|1|0|0|0|0|2|0|3|0|2|1|2|0|0|0|0|0|0|0|0|0|2|0|0|0|3|0|1|1|1|0|0|1|2|3|0|2|0|2|0|3|1|0|3|0|0|2|0|0|2|1|0|1|1|1|0|2|0|0|3|0|0|2|2|2|2|0|0|0|0|0|1|1|2|1|0|2|0|2|6|1|1|0|3|2|4|1|3|2|4|2|2|2|1|3|3|6|3|6|5|0|2|4|4|1|5|4|6|9|3|10|3|7|4|6|3|12|2|13|7|6|13|10|8|8|9|8|15|15|6|11|7|17|10|7|6|11|14|11|69|138|123|149|160|188|208|231|224|230|190|152|87|42|29|15|2|0|1</HistCounts>
      </HistItem>
    </Histograms>
    <Metadata>
      <MDI key="BandName">Band_1</MDI>
      <MDI key="RepresentationType">ATHEMATIC</MDI>
      <MDI key="STATISTICS_COVARIANCES">0.001013075381683638,-0.0002244175491544206,-9.904106584793087e-05</MDI>
      <MDI key="STATISTICS_EXCLUDEDVALUES"></MDI>
      <MDI key="STATISTICS_MAXIMUM">0.93987035751343</MDI>
      <MDI key="STATISTICS_MEAN">0.91777079941522</MDI>
      <MDI key="STATISTICS_MEDIAN">0.926218</MDI>
      <MDI key="STATISTICS_MINIMUM">0.64974999427795</MDI>
      <MDI key="STATISTICS_SKIPFACTORX">1</MDI>
      <MDI key="STATISTICS_SKIPFACTORY">1</MDI>
      <MDI key="STATISTICS_STDDEV">0.031828845120168</MDI>
    </Metadata>
  </PAMRasterBand>
  <PAMRasterBand band="2">
    <Description>Band_2</Description>
    <Histograms>
      <HistItem>
        <HistMin>0.07275000214576721</HistMin>
        <HistMax>0.4605000019073486</HistMax>
        <BucketCount>256</BucketCount>
        <IncludeOutOfRange>1</IncludeOutOfRange>
        <Approximate>0</Approximate>
        <HistCounts>15|72|90|77|77|74|88|112|101|93|72|74|74|66|45|40|41|41|25|48|32|36|32|29|27|19|33|26|31|19|19|29|12|30|20|13|12|14|23|27|20|10|9|15|22|13|7|14|11|19|18|10|9|19|8|16|13|11|15|14|9|5|21|4|14|9|7|3|11|12|11|5|12|5|15|5|8|10|12|5|8|7|11|4|6|6|7|8|8|9|8|5|13|13|5|2|1|10|9|2|3|2|3|4|4|3|5|4|4|3|3|15|4|6|8|8|5|5|8|1|5|4|2|7|4|3|4|3|3|5|3|4|5|6|3|8|6|4|6|8|3|2|3|8|3|2|3|4|3|2|2|2|3|1|1|5|2|3|4|3|2|2|0|1|3|0|3|2|1|0|0|3|2|1|2|0|1|0|2|0|1|3|0|0|0|1|0|0|0|2|0|1|0|0|2|0|0|0|1|0|0|0|0|1|0|0|0|0|0|0|0|0|0|0|0|0|0|0|0|0|0|0|0|0|0|0|0|0|0|0|0|0|0|0|0|0|0|0|0|0|0|0|0|0|0|0|0|2|0|0|0|0|0|0|0|1</HistCounts>
      </HistItem>
    </Histograms>
    <Metadata>
      <MDI key="BandName">Band_2</MDI>
      <MDI key="RepresentationType">ATHEMATIC</MDI>
      <MDI key="STATISTICS_COVARIANCES">-0.0002244175491544206,0.004055156434866861,0.002673293393773917</MDI>
      <MDI key="STATISTICS_EXCLUDEDVALUES"></MDI>
      <MDI key="STATISTICS_MAXIMUM">0.46050000190735</MDI>
      <MDI key="STATISTICS_MEAN">0.13151557851881</MDI>
      <MDI key="STATISTICS_MEDIAN">0.103162</MDI>
      <MDI key="STATISTICS_MINIMUM">0.072750002145767</MDI>
      <MDI key="STATISTICS_SKIPFACTORX">1</MDI>
      <MDI key="STATISTICS_SKIPFACTORY">1</MDI>
      <MDI key="STATISTICS_STDDEV">0.063680110198294</MDI>
    </Metadata>
  </PAMRasterBand>
  <PAMRasterBand band="3">
    <Description>Band_3</Description>
    <Histograms>
      <HistItem>
        <HistMin>0.1289999932050705</HistMin>
        <HistMax>0.460750013589859</HistMax>
        <BucketCount>256</BucketCount>
        <IncludeOutOfRange>1</IncludeOutOfRange>
        <Approximate>0</Approximate>
        <HistCounts>5|11|29|31|86|58|65|75|73|104|107|85|83|101|103|88|54|78|50|52|46|53|50|34|52|38|32|45|17|30|24|28|24|24|25|19|17|12|14|22|13|15|18|11|12|17|12|16|18|22|13|13|8|11|16|12|10|13|7|19|11|10|16|6|8|3|5|6|14|15|8|13|10|13|13|6|8|3|11|8|6|8|7|2|7|7|1|3|13|9|5|5|11|5|8|5|11|3|6|7|7|3|3|3|9|2|7|4|9|4|3|5|7|2|8|1|2|6|1|2|1|3|2|6|3|2|0|5|1|2|3|2|2|1|4|1|3|5|5|0|0|1|1|0|1|1|1|0|1|0|3|0|2|1|0|0|0|2|0|2|0|0|0|0|0|0|0|1|1|0|0|0|0|0|0|0|0|0|0|0|0|0|0|0|0|0|0|0|0|0|0|0|0|0|0|0|0|0|0|0|0|0|0|0|0|0|0|0|0|0|0|0|0|0|0|0|0|0|0|0|0|0|0|0|0|0|0|0|0|0|0|0|0|0|0|0|0|2|0|0|0|0|0|0|0|0|0|0|0|0|0|0|0|0|0|1</HistCounts>
      </HistItem>
    </Histograms>
    <Metadata>
      <MDI key="BandName">Band_3</MDI>
      <MDI key="RepresentationType">ATHEMATIC</MDI>
      <MDI key="STATISTICS_COVARIANCES">-9.904106584793087e-05,0.002673293393773917,0.001791864126840756</MDI>
      <MDI key="STATISTICS_EXCLUDEDVALUES"></MDI>
      <MDI key="STATISTICS_MAXIMUM">0.46075001358986</MDI>
      <MDI key="STATISTICS_MEAN">0.17247329375953</MDI>
      <MDI key="STATISTICS_MEDIAN">0.155020</MDI>
      <MDI key="STATISTICS_MINIMUM">0.12899999320507</MDI>
      <MDI key="STATISTICS_SKIPFACTORX">1</MDI>
      <MDI key="STATISTICS_SKIPFACTORY">1</MDI>
      <MDI key="STATISTICS_STDDEV">0.042330416095767</MDI>
    </Metadata>
  </PAMRasterBand>
</PAMDataset>
