<PAMDataset>
  <Metadata>
    <MDI key="DataType">Generic</MDI>
  </Metadata>
  <PAMRasterBand band="1">
    <Description>Band_1</Description>
    <Histograms>
      <HistItem>
        <HistMin>0.6987500190734863</HistMin>
        <HistMax>0.9365925788879395</HistMax>
        <BucketCount>256</BucketCount>
        <IncludeOutOfRange>1</IncludeOutOfRange>
        <Approximate>0</Approximate>
        <HistCounts>1|0|0|0|0|0|0|0|0|0|0|0|0|0|0|0|0|0|0|0|0|0|0|0|0|0|0|0|0|0|0|0|0|0|0|0|0|0|0|0|1|0|0|1|1|0|0|0|1|0|0|0|0|0|0|0|0|1|1|0|0|0|0|1|0|0|0|0|0|0|0|0|0|0|0|0|0|0|0|0|0|0|0|0|0|0|0|0|0|0|0|0|0|0|0|0|1|0|0|0|0|0|1|2|0|0|1|0|0|0|0|0|1|0|0|2|0|1|0|0|3|0|0|1|3|1|0|3|0|0|1|0|0|0|1|2|2|0|1|0|4|0|2|0|0|3|0|2|0|2|2|0|1|2|1|0|3|4|3|2|7|2|4|2|2|4|7|5|10|5|12|4|8|6|4|4|10|6|1|6|4|4|6|6|13|4|6|15|6|3|8|10|4|6|11|10|4|7|2|2|2|1|6|7|5|9|10|7|4|4|9|3|11|3|6|2|4|10|8|2|6|5|1|7|3|0|5|10|1|2|8|2|3|8|11|9|6|54|41|52|48|34|27|22|34|12|12|4|0|4|3|1|1|3|2|1</HistCounts>
      </HistItem>
    </Histograms>
    <Metadata>
      <MDI key="BandName">Band_1</MDI>
      <MDI key="RepresentationType">ATHEMATIC</MDI>
      <MDI key="STATISTICS_COVARIANCES">0.001180593941741719,-0.0004220902616506542,-0.0001604288947215478</MDI>
      <MDI key="STATISTICS_EXCLUDEDVALUES"></MDI>
      <MDI key="STATISTICS_MAXIMUM">0.93659257888794</MDI>
      <MDI key="STATISTICS_MEAN">0.89505052351924</MDI>
      <MDI key="STATISTICS_MEDIAN">0.904880</MDI>
      <MDI key="STATISTICS_MINIMUM">0.69875001907349</MDI>
      <MDI key="STATISTICS_SKIPFACTORX">1</MDI>
      <MDI key="STATISTICS_SKIPFACTORY">1</MDI>
      <MDI key="STATISTICS_STDDEV">0.034359772143332</MDI>
    </Metadata>
  </PAMRasterBand>
  <PAMRasterBand band="2">
    <Description>Band_2</Description>
    <Histograms>
      <HistItem>
        <HistMin>0.1089999973773956</HistMin>
        <HistMax>0.3075000047683716</HistMax>
        <BucketCount>256</BucketCount>
        <IncludeOutOfRange>1</IncludeOutOfRange>
        <Approximate>0</Approximate>
        <HistCounts>4|0|0|0|0|1|0|0|1|0|2|0|0|2|0|1|0|3|1|2|1|1|4|3|1|2|0|2|3|2|4|5|2|1|9|3|10|8|3|6|1|2|5|9|6|7|6|16|7|5|6|10|8|12|16|7|8|10|10|7|17|4|13|20|10|10|3|3|9|14|16|7|7|11|12|11|9|12|16|19|12|10|8|11|10|5|16|12|6|18|11|10|11|9|14|5|10|7|0|5|6|6|8|8|14|19|6|1|9|13|8|8|4|0|4|8|5|1|7|3|3|0|3|2|0|3|4|2|5|6|0|1|0|2|0|2|6|1|1|1|0|3|0|0|1|0|0|0|0|0|1|0|0|0|1|0|0|0|0|0|0|0|1|0|0|0|0|0|0|0|0|0|0|0|0|1|0|1|0|1|0|0|0|0|0|0|0|0|0|0|0|0|0|0|0|1|0|0|0|0|0|0|0|0|0|0|0|0|0|0|0|0|0|0|0|1|0|0|0|0|0|0|0|0|1|1|0|0|0|0|1|0|1|1|0|0|0|0|0|0|1|0|0|0|0|0|0|1|1|1|0|1|0|0|0|1</HistCounts>
      </HistItem>
    </Histograms>
    <Metadata>
      <MDI key="BandName">Band_2</MDI>
      <MDI key="RepresentationType">ATHEMATIC</MDI>
      <MDI key="STATISTICS_COVARIANCES">-0.0004220902616506542,0.0007172100526052419,0.0004303041088957707</MDI>
      <MDI key="STATISTICS_EXCLUDEDVALUES"></MDI>
      <MDI key="STATISTICS_MAXIMUM">0.30750000476837</MDI>
      <MDI key="STATISTICS_MEAN">0.17070615571966</MDI>
      <MDI key="STATISTICS_MEDIAN">0.168939</MDI>
      <MDI key="STATISTICS_MINIMUM">0.1089999973774</MDI>
      <MDI key="STATISTICS_SKIPFACTORX">1</MDI>
      <MDI key="STATISTICS_SKIPFACTORY">1</MDI>
      <MDI key="STATISTICS_STDDEV">0.026780777669912</MDI>
    </Metadata>
  </PAMRasterBand>
  <PAMRasterBand band="3">
    <Description>Band_3</Description>
    <Histograms>
      <HistItem>
        <HistMin>0.1527500003576279</HistMin>
        <HistMax>0.2739999890327454</HistMax>
        <BucketCount>256</BucketCount>
        <IncludeOutOfRange>1</IncludeOutOfRange>
        <Approximate>0</Approximate>
        <HistCounts>1|0|0|0|0|0|0|0|0|1|0|0|0|0|0|0|0|0|0|1|0|0|0|0|0|0|3|0|1|0|0|1|1|0|0|2|0|1|0|1|0|1|1|2|0|3|2|7|1|6|1|6|4|0|3|6|1|5|2|5|0|0|4|5|4|1|3|6|2|9|3|4|4|6|6|4|6|9|13|11|7|5|13|10|10|8|8|11|10|13|11|7|11|9|11|17|12|7|9|9|6|4|11|7|16|12|10|11|17|9|12|10|5|22|13|10|14|9|2|11|8|8|9|7|3|6|5|16|5|3|9|10|4|7|8|15|5|1|7|6|8|6|1|5|8|7|4|4|5|4|7|5|3|4|7|0|2|2|1|3|5|3|1|2|4|3|0|1|3|1|2|2|0|0|0|0|0|1|2|0|0|2|0|0|1|1|0|0|2|0|2|0|0|1|0|2|0|0|1|0|0|0|0|0|0|0|0|0|0|0|1|0|0|0|0|0|0|0|0|0|0|1|0|0|0|0|0|0|0|2|0|1|1|1|0|0|0|0|0|0|0|1|0|0|0|0|0|0|2|0|0|0|1|0|1|1</HistCounts>
      </HistItem>
    </Histograms>
    <Metadata>
      <MDI key="BandName">Band_3</MDI>
      <MDI key="RepresentationType">ATHEMATIC</MDI>
      <MDI key="STATISTICS_COVARIANCES">-0.0001604288947215478,0.0004303041088957707,0.0002845304262183263</MDI>
      <MDI key="STATISTICS_EXCLUDEDVALUES"></MDI>
      <MDI key="STATISTICS_MAXIMUM">0.27399998903275</MDI>
      <MDI key="STATISTICS_MEAN">0.20421457588326</MDI>
      <MDI key="STATISTICS_MEDIAN">0.203152</MDI>
      <MDI key="STATISTICS_MINIMUM">0.15275000035763</MDI>
      <MDI key="STATISTICS_SKIPFACTORX">1</MDI>
      <MDI key="STATISTICS_SKIPFACTORY">1</MDI>
      <MDI key="STATISTICS_STDDEV">0.016868029707655</MDI>
    </Metadata>
  </PAMRasterBand>
</PAMDataset>
