<PAMDataset>
  <Metadata>
    <MDI key="DataType">Generic</MDI>
  </Metadata>
  <PAMRasterBand band="1">
    <Description>Band_1</Description>
    <Histograms>
      <HistItem>
        <HistMin>0.5547500252723694</HistMin>
        <HistMax>0.9327592849731445</HistMax>
        <BucketCount>256</BucketCount>
        <IncludeOutOfRange>1</IncludeOutOfRange>
        <Approximate>0</Approximate>
        <HistCounts>1|0|0|0|0|0|0|0|0|0|0|0|0|0|0|0|0|0|0|0|0|0|0|0|0|0|0|0|0|0|0|0|0|0|0|0|0|0|0|0|0|0|0|0|0|0|0|0|0|0|0|0|0|0|0|0|0|0|0|0|0|0|0|0|0|0|0|0|0|0|0|0|0|0|0|0|0|0|0|0|0|0|0|1|0|0|0|0|0|0|0|0|1|0|0|0|0|0|0|0|0|2|0|0|2|0|2|0|0|0|0|1|0|0|1|0|1|0|0|0|2|1|0|3|0|3|0|1|2|0|3|2|2|3|1|2|3|3|6|2|5|2|5|4|4|8|7|5|16|8|3|6|4|9|4|9|9|9|6|9|5|5|6|9|11|8|8|0|10|8|6|10|6|9|13|12|6|14|13|9|17|16|15|11|11|13|13|14|11|15|8|22|20|7|17|13|28|12|9|13|15|15|9|16|17|17|18|15|18|11|2|16|11|10|12|15|9|20|7|19|14|21|11|14|15|20|14|15|14|12|9|7|10|8|14|13|11|12|4|10|3|5|7|7|10|4|36|42|20|14|5|16|2|1|0|1</HistCounts>
      </HistItem>
    </Histograms>
    <Metadata>
      <MDI key="BandName">Band_1</MDI>
      <MDI key="RepresentationType">ATHEMATIC</MDI>
      <MDI key="STATISTICS_COVARIANCES">0.002423666282134332,0.0003502690157288852,0.000320865885979255</MDI>
      <MDI key="STATISTICS_EXCLUDEDVALUES"></MDI>
      <MDI key="STATISTICS_MAXIMUM">0.93275928497314</MDI>
      <MDI key="STATISTICS_MEAN">0.85116206142039</MDI>
      <MDI key="STATISTICS_MEDIAN">0.852710</MDI>
      <MDI key="STATISTICS_MINIMUM">0.55475002527237</MDI>
      <MDI key="STATISTICS_SKIPFACTORX">1</MDI>
      <MDI key="STATISTICS_SKIPFACTORY">1</MDI>
      <MDI key="STATISTICS_STDDEV">0.049230745293306</MDI>
    </Metadata>
  </PAMRasterBand>
  <PAMRasterBand band="2">
    <Description>Band_2</Description>
    <Histograms>
      <HistItem>
        <HistMin>0.07999999821186066</HistMin>
        <HistMax>0.2652499973773956</HistMax>
        <BucketCount>256</BucketCount>
        <IncludeOutOfRange>1</IncludeOutOfRange>
        <Approximate>0</Approximate>
        <HistCounts>4|2|0|0|3|8|6|8|10|18|12|21|20|28|27|28|35|28|33|22|29|19|35|26|26|25|29|24|31|27|38|14|19|29|25|26|26|13|28|24|25|16|13|10|23|19|21|23|18|10|14|10|16|6|14|12|13|13|10|12|10|6|11|5|3|7|2|10|3|6|8|4|5|5|6|5|4|3|6|5|4|2|7|4|1|4|5|4|4|5|10|2|5|1|2|0|2|1|2|0|1|0|1|0|0|0|0|3|0|2|1|3|0|0|0|1|0|1|0|0|0|0|0|0|0|0|0|0|0|0|0|0|0|0|1|1|0|2|0|0|0|0|0|0|0|0|0|0|0|0|0|0|0|0|0|0|0|0|1|0|0|0|0|0|0|0|0|0|0|0|0|0|0|0|0|0|0|0|0|0|0|0|2|0|0|0|0|0|0|0|0|0|0|0|0|2|0|0|0|0|0|0|1|0|0|0|0|0|0|0|0|0|0|0|0|0|0|0|0|0|0|0|0|0|0|0|0|1|0|0|0|0|0|0|1|0|0|0|0|0|0|0|0|0|0|0|0|0|0|0|0|0|0|0|0|1</HistCounts>
      </HistItem>
    </Histograms>
    <Metadata>
      <MDI key="BandName">Band_2</MDI>
      <MDI key="RepresentationType">ATHEMATIC</MDI>
      <MDI key="STATISTICS_COVARIANCES">0.0003502690157288852,0.0003665029765424056,0.0002594234965348935</MDI>
      <MDI key="STATISTICS_EXCLUDEDVALUES"></MDI>
      <MDI key="STATISTICS_MAXIMUM">0.2652499973774</MDI>
      <MDI key="STATISTICS_MEAN">0.10818190356903</MDI>
      <MDI key="STATISTICS_MEDIAN">0.103974</MDI>
      <MDI key="STATISTICS_MINIMUM">0.079999998211861</MDI>
      <MDI key="STATISTICS_SKIPFACTORX">1</MDI>
      <MDI key="STATISTICS_SKIPFACTORY">1</MDI>
      <MDI key="STATISTICS_STDDEV">0.019144267459018</MDI>
    </Metadata>
  </PAMRasterBand>
  <PAMRasterBand band="3">
    <Description>Band_3</Description>
    <Histograms>
      <HistItem>
        <HistMin>0.1292500048875809</HistMin>
        <HistMax>0.2562499940395355</HistMax>
        <BucketCount>256</BucketCount>
        <IncludeOutOfRange>1</IncludeOutOfRange>
        <Approximate>0</Approximate>
        <HistCounts>2|4|4|5|5|13|15|14|17|22|28|22|28|29|26|30|37|27|27|33|34|17|24|28|22|18|13|22|14|25|18|26|16|28|13|25|16|28|19|23|13|24|13|14|11|12|12|16|15|8|10|11|18|8|15|14|21|13|6|5|6|12|10|8|8|4|14|8|10|7|8|4|10|2|0|3|6|7|12|4|7|6|5|8|6|2|5|2|4|1|9|2|5|1|7|2|6|1|0|2|0|1|0|2|1|0|0|0|0|1|1|0|0|4|0|0|1|2|0|0|0|0|0|0|0|1|0|0|1|0|1|2|0|0|0|0|0|0|0|0|1|0|0|0|0|0|0|1|0|0|0|0|0|1|0|0|0|0|0|0|0|0|1|0|0|0|0|0|0|3|0|0|0|0|0|0|0|0|0|0|1|0|0|0|0|0|0|0|0|0|0|0|0|0|0|0|0|0|0|0|1|0|0|0|0|0|0|0|0|0|0|0|0|0|0|1|0|0|0|0|0|0|0|0|0|0|0|0|0|0|0|0|0|0|0|0|0|0|0|0|0|0|0|0|0|0|0|0|0|0|0|0|0|0|0|1</HistCounts>
      </HistItem>
    </Histograms>
    <Metadata>
      <MDI key="BandName">Band_3</MDI>
      <MDI key="RepresentationType">ATHEMATIC</MDI>
      <MDI key="STATISTICS_COVARIANCES">0.000320865885979255,0.0002594234965348935,0.0001925399056239704</MDI>
      <MDI key="STATISTICS_EXCLUDEDVALUES"></MDI>
      <MDI key="STATISTICS_MAXIMUM">0.25624999403954</MDI>
      <MDI key="STATISTICS_MEAN">0.1485556808067</MDI>
      <MDI key="STATISTICS_MEDIAN">0.145187</MDI>
      <MDI key="STATISTICS_MINIMUM">0.12925000488758</MDI>
      <MDI key="STATISTICS_SKIPFACTORX">1</MDI>
      <MDI key="STATISTICS_SKIPFACTORY">1</MDI>
      <MDI key="STATISTICS_STDDEV">0.013875874949853</MDI>
    </Metadata>
  </PAMRasterBand>
</PAMDataset>
