<PAMDataset>
  <Metadata>
    <MDI key="DataType">Generic</MDI>
  </Metadata>
  <PAMRasterBand band="1">
    <Description>Band_1</Description>
    <Histograms>
      <HistItem>
        <HistMin>0.8115000128746033</HistMin>
        <HistMax>0.9370926022529602</HistMax>
        <BucketCount>256</BucketCount>
        <IncludeOutOfRange>1</IncludeOutOfRange>
        <Approximate>0</Approximate>
        <HistCounts>1|0|0|0|0|0|0|0|0|0|0|0|1|0|0|0|0|0|0|0|0|0|0|0|0|0|0|0|0|0|0|0|0|0|1|0|0|0|0|0|0|0|1|1|0|0|1|1|0|1|1|1|0|1|0|0|0|0|0|1|0|1|0|2|0|0|0|0|0|0|0|0|0|0|0|1|0|1|2|0|0|1|2|1|0|2|0|2|0|0|0|2|0|0|0|2|0|0|2|2|0|2|0|1|1|1|0|1|2|2|0|0|2|0|2|2|2|1|1|0|1|4|1|0|2|2|1|0|0|3|3|1|4|2|7|0|2|0|1|3|2|2|2|3|6|3|3|4|6|6|4|4|1|7|2|8|0|4|0|3|0|2|0|6|4|10|4|3|7|4|5|3|2|3|3|4|4|7|0|6|2|10|5|10|3|5|8|3|6|8|6|3|4|2|10|2|0|6|4|7|3|7|6|3|9|5|6|5|7|8|4|4|11|14|1|2|4|2|5|8|41|44|42|48|35|47|36|28|19|27|15|15|15|5|6|4|5|4|5|1|3|1|0|1|1|2|2|1|0|0|0|0|0|0|0|1</HistCounts>
      </HistItem>
    </Histograms>
    <Metadata>
      <MDI key="BandName">Band_1</MDI>
      <MDI key="RepresentationType">ATHEMATIC</MDI>
      <MDI key="STATISTICS_COVARIANCES">0.0004141131272536876,-0.0003067765334290543,-0.0001737755426679747</MDI>
      <MDI key="STATISTICS_EXCLUDEDVALUES"></MDI>
      <MDI key="STATISTICS_MAXIMUM">0.93709260225296</MDI>
      <MDI key="STATISTICS_MEAN">0.90856212161637</MDI>
      <MDI key="STATISTICS_MEDIAN">0.919362</MDI>
      <MDI key="STATISTICS_MINIMUM">0.8115000128746</MDI>
      <MDI key="STATISTICS_SKIPFACTORX">1</MDI>
      <MDI key="STATISTICS_SKIPFACTORY">1</MDI>
      <MDI key="STATISTICS_STDDEV">0.02034976971009</MDI>
    </Metadata>
  </PAMRasterBand>
  <PAMRasterBand band="2">
    <Description>Band_2</Description>
    <Histograms>
      <HistItem>
        <HistMin>0.08924999833106995</HistMin>
        <HistMax>0.3510000109672546</HistMax>
        <BucketCount>256</BucketCount>
        <IncludeOutOfRange>1</IncludeOutOfRange>
        <Approximate>0</Approximate>
        <HistCounts>1|0|1|0|0|2|0|0|0|0|0|0|0|1|0|2|4|0|5|3|2|2|2|0|4|5|7|1|2|3|9|4|1|10|6|8|19|11|9|14|16|11|15|19|18|12|15|14|19|12|17|17|12|15|18|14|15|23|13|14|15|15|12|12|17|12|10|17|9|10|13|12|10|9|10|3|6|11|8|3|4|3|10|6|7|11|10|10|6|10|10|6|5|4|6|7|3|3|3|4|3|4|4|6|7|3|2|2|2|4|1|2|5|5|4|0|4|1|1|2|0|1|1|1|1|0|0|2|2|1|0|2|5|0|0|0|0|0|1|0|1|3|0|1|1|0|1|0|0|0|1|1|2|1|0|0|0|1|0|0|0|2|1|0|0|0|1|0|2|0|2|0|0|0|0|0|0|0|1|1|1|2|0|0|0|2|0|0|0|0|0|0|0|1|0|1|1|1|2|0|0|0|0|0|2|0|0|2|0|0|0|0|0|0|0|0|0|0|0|0|0|0|0|0|0|0|0|0|0|0|2|0|0|0|0|0|0|0|0|0|0|0|0|0|2|0|0|0|0|0|0|0|0|0|0|1</HistCounts>
      </HistItem>
    </Histograms>
    <Metadata>
      <MDI key="BandName">Band_2</MDI>
      <MDI key="RepresentationType">ATHEMATIC</MDI>
      <MDI key="STATISTICS_COVARIANCES">-0.0003067765334290543,0.001298880903232665,0.0008303262159570059</MDI>
      <MDI key="STATISTICS_EXCLUDEDVALUES"></MDI>
      <MDI key="STATISTICS_MAXIMUM">0.35100001096725</MDI>
      <MDI key="STATISTICS_MEAN">0.15960565310802</MDI>
      <MDI key="STATISTICS_MEDIAN">0.150838</MDI>
      <MDI key="STATISTICS_MINIMUM">0.08924999833107</MDI>
      <MDI key="STATISTICS_SKIPFACTORX">1</MDI>
      <MDI key="STATISTICS_SKIPFACTORY">1</MDI>
      <MDI key="STATISTICS_STDDEV">0.036039990333415</MDI>
    </Metadata>
  </PAMRasterBand>
  <PAMRasterBand band="3">
    <Description>Band_3</Description>
    <Histograms>
      <HistItem>
        <HistMin>0.1410000026226044</HistMin>
        <HistMax>0.3104999959468842</HistMax>
        <BucketCount>256</BucketCount>
        <IncludeOutOfRange>1</IncludeOutOfRange>
        <Approximate>0</Approximate>
        <HistCounts>1|0|0|1|0|0|0|0|0|0|2|0|0|1|2|0|0|1|0|2|6|0|2|2|0|6|0|2|5|2|10|8|4|5|7|4|12|9|5|14|11|10|14|2|17|10|11|22|19|6|24|19|15|19|12|14|18|18|14|17|15|10|20|8|10|12|8|12|19|17|9|13|18|7|5|15|6|8|13|3|8|9|6|7|12|13|5|7|9|13|6|3|4|4|5|3|5|7|4|4|3|6|7|6|6|1|4|4|4|8|3|3|3|3|3|4|2|2|5|2|0|2|2|0|4|1|0|2|1|0|0|4|1|2|1|0|0|1|2|0|0|1|1|0|0|3|0|0|1|0|0|0|0|1|1|0|2|0|0|1|1|0|0|0|1|1|0|0|2|0|0|0|4|2|0|0|1|0|0|0|0|0|3|1|0|1|0|0|0|0|0|2|0|0|0|0|3|0|0|0|0|0|0|0|2|0|0|0|0|0|0|0|2|0|0|0|0|0|0|0|0|0|0|0|0|0|2|0|0|0|0|0|0|0|0|0|0|0|0|0|0|0|0|0|0|0|0|0|0|0|0|0|0|1|0|2</HistCounts>
      </HistItem>
    </Histograms>
    <Metadata>
      <MDI key="BandName">Band_3</MDI>
      <MDI key="RepresentationType">ATHEMATIC</MDI>
      <MDI key="STATISTICS_COVARIANCES">-0.0001737755426679747,0.0008303262159570059,0.0005399130424656625</MDI>
      <MDI key="STATISTICS_EXCLUDEDVALUES"></MDI>
      <MDI key="STATISTICS_MAXIMUM">0.31049999594688</MDI>
      <MDI key="STATISTICS_MEAN">0.18853512618989</MDI>
      <MDI key="STATISTICS_MEDIAN">0.182876</MDI>
      <MDI key="STATISTICS_MINIMUM">0.1410000026226</MDI>
      <MDI key="STATISTICS_SKIPFACTORX">1</MDI>
      <MDI key="STATISTICS_SKIPFACTORY">1</MDI>
      <MDI key="STATISTICS_STDDEV">0.023236028973679</MDI>
    </Metadata>
  </PAMRasterBand>
</PAMDataset>
