<PAMDataset>
  <Metadata>
    <MDI key="DataType">Generic</MDI>
  </Metadata>
  <PAMRasterBand band="1">
    <Description>Band_1</Description>
    <Histograms>
      <HistItem>
        <HistMin>0.6842499971389771</HistMin>
        <HistMax>0.9218147993087769</HistMax>
        <BucketCount>256</BucketCount>
        <IncludeOutOfRange>1</IncludeOutOfRange>
        <Approximate>0</Approximate>
        <HistCounts>3|0|2|0|1|2|1|1|3|1|1|1|2|4|5|4|5|5|6|10|5|6|6|6|3|0|12|12|7|4|7|11|6|4|5|11|8|4|8|4|5|4|8|6|2|7|10|8|6|9|10|8|7|9|5|10|11|13|7|6|3|13|4|5|13|9|13|15|8|9|14|15|9|11|8|16|4|18|14|19|12|21|14|11|8|13|27|8|8|10|13|13|7|17|9|14|13|8|7|10|13|10|14|5|13|7|8|7|17|5|15|4|3|13|6|6|13|8|10|13|7|11|10|10|5|8|13|9|11|10|8|6|6|9|8|2|3|6|4|6|6|8|4|9|9|7|5|2|12|4|2|5|7|5|7|4|4|8|9|10|9|8|7|4|2|6|9|5|8|8|8|1|4|5|6|4|2|7|4|3|8|4|10|6|2|7|1|11|6|4|4|0|4|1|5|8|5|1|2|4|4|4|4|8|3|3|9|2|4|5|1|3|0|1|6|2|1|10|3|5|2|3|6|1|5|2|1|6|0|0|2|1|2|4|1|0|2|0|4|0|0|0|0|1|0|0|0|0|0|2|2|0|1|8|2|1</HistCounts>
      </HistItem>
    </Histograms>
    <Metadata>
      <MDI key="BandName">Band_1</MDI>
      <MDI key="RepresentationType">ATHEMATIC</MDI>
      <MDI key="STATISTICS_COVARIANCES">0.002850179352287346,0.001178200335127697,0.001006816187322717</MDI>
      <MDI key="STATISTICS_EXCLUDEDVALUES"></MDI>
      <MDI key="STATISTICS_MAXIMUM">0.92181479930878</MDI>
      <MDI key="STATISTICS_MEAN">0.78589534014926</MDI>
      <MDI key="STATISTICS_MEDIAN">0.777413</MDI>
      <MDI key="STATISTICS_MINIMUM">0.68424999713898</MDI>
      <MDI key="STATISTICS_SKIPFACTORX">1</MDI>
      <MDI key="STATISTICS_SKIPFACTORY">1</MDI>
      <MDI key="STATISTICS_STDDEV">0.053387071021806</MDI>
    </Metadata>
  </PAMRasterBand>
  <PAMRasterBand band="2">
    <Description>Band_2</Description>
    <Histograms>
      <HistItem>
        <HistMin>0.1242500022053719</HistMin>
        <HistMax>0.2874999940395355</HistMax>
        <BucketCount>256</BucketCount>
        <IncludeOutOfRange>1</IncludeOutOfRange>
        <Approximate>0</Approximate>
        <HistCounts>1|0|2|0|0|0|3|1|0|2|4|3|0|4|9|2|2|10|6|5|11|6|7|6|10|2|12|6|9|2|12|8|19|7|4|11|5|7|7|11|10|9|9|10|12|8|3|7|9|5|11|13|9|17|7|12|12|9|10|10|15|7|11|3|15|12|8|7|5|5|13|4|10|12|6|3|10|4|2|9|9|7|8|14|3|14|6|6|11|24|17|11|17|8|16|16|18|12|13|20|21|10|15|12|7|21|22|11|28|10|20|17|26|9|13|5|13|15|15|14|8|17|14|14|25|11|17|3|13|8|19|9|7|1|8|19|8|20|7|14|10|10|10|9|10|9|4|4|2|5|2|3|3|11|0|5|13|1|3|3|5|1|6|2|2|4|4|0|1|4|0|9|1|3|7|8|3|6|4|0|1|3|3|5|4|2|2|0|1|3|0|5|1|0|0|0|5|2|1|3|1|1|2|0|1|0|3|2|2|0|0|0|0|2|0|0|0|0|0|0|0|0|0|0|0|0|0|0|0|0|0|0|0|0|0|0|0|0|0|0|0|0|0|0|0|0|0|0|0|0|0|0|0|0|0|2</HistCounts>
      </HistItem>
    </Histograms>
    <Metadata>
      <MDI key="BandName">Band_2</MDI>
      <MDI key="RepresentationType">ATHEMATIC</MDI>
      <MDI key="STATISTICS_COVARIANCES">0.001178200335127697,0.0008288354680373881,0.0006873886808884478</MDI>
      <MDI key="STATISTICS_EXCLUDEDVALUES"></MDI>
      <MDI key="STATISTICS_MAXIMUM">0.28749999403954</MDI>
      <MDI key="STATISTICS_MEAN">0.18567681755706</MDI>
      <MDI key="STATISTICS_MEDIAN">0.187629</MDI>
      <MDI key="STATISTICS_MINIMUM">0.12425000220537</MDI>
      <MDI key="STATISTICS_SKIPFACTORX">1</MDI>
      <MDI key="STATISTICS_SKIPFACTORY">1</MDI>
      <MDI key="STATISTICS_STDDEV">0.028789502740363</MDI>
    </Metadata>
  </PAMRasterBand>
  <PAMRasterBand band="3">
    <Description>Band_3</Description>
    <Histograms>
      <HistItem>
        <HistMin>0.1570000052452087</HistMin>
        <HistMax>0.2827500104904175</HistMax>
        <BucketCount>256</BucketCount>
        <IncludeOutOfRange>1</IncludeOutOfRange>
        <Approximate>0</Approximate>
        <HistCounts>3|0|2|3|2|1|2|7|2|2|7|6|3|3|5|3|11|4|5|7|1|9|5|11|4|7|5|4|5|5|9|7|5|6|5|7|0|6|3|3|14|8|6|7|4|5|2|10|9|3|6|6|3|10|7|6|6|3|8|5|9|8|8|4|10|9|10|12|11|5|17|7|5|7|11|7|14|6|8|7|5|17|8|8|11|10|9|15|10|8|11|9|11|7|12|8|9|11|9|8|16|11|10|11|11|19|14|2|12|8|9|15|11|8|10|15|19|16|8|16|8|17|12|10|14|9|10|14|25|16|8|10|11|17|6|15|15|11|11|16|10|15|14|7|13|13|14|14|12|9|14|8|12|4|12|10|10|6|8|8|5|7|11|7|7|6|5|12|1|6|0|8|3|1|2|5|3|5|4|6|5|4|0|7|4|4|1|3|0|6|4|2|1|4|5|7|3|1|4|4|0|7|4|2|1|3|0|0|2|0|1|3|4|5|0|1|2|0|0|2|0|0|1|0|0|0|1|2|0|0|0|0|0|0|0|0|0|0|0|0|0|0|0|0|0|0|0|0|0|0|0|0|0|0|0|2</HistCounts>
      </HistItem>
    </Histograms>
    <Metadata>
      <MDI key="BandName">Band_3</MDI>
      <MDI key="RepresentationType">ATHEMATIC</MDI>
      <MDI key="STATISTICS_COVARIANCES">0.001006816187322717,0.0006873886808884478,0.0006040007865922274</MDI>
      <MDI key="STATISTICS_EXCLUDEDVALUES"></MDI>
      <MDI key="STATISTICS_MAXIMUM">0.28275001049042</MDI>
      <MDI key="STATISTICS_MEAN">0.20957597891057</MDI>
      <MDI key="STATISTICS_MEDIAN">0.211245</MDI>
      <MDI key="STATISTICS_MINIMUM">0.15700000524521</MDI>
      <MDI key="STATISTICS_SKIPFACTORX">1</MDI>
      <MDI key="STATISTICS_SKIPFACTORY">1</MDI>
      <MDI key="STATISTICS_STDDEV">0.024576427457876</MDI>
    </Metadata>
  </PAMRasterBand>
</PAMDataset>
