<PAMDataset>
  <Metadata>
    <MDI key="DataType">Generic</MDI>
  </Metadata>
  <PAMRasterBand band="1">
    <Description>Band_1</Description>
    <Histograms>
      <HistItem>
        <HistMin>0.6395000219345093</HistMin>
        <HistMax>0.9239259362220764</HistMax>
        <BucketCount>256</BucketCount>
        <IncludeOutOfRange>1</IncludeOutOfRange>
        <Approximate>0</Approximate>
        <HistCounts>2|0|0|0|0|0|0|0|0|0|0|0|0|0|0|0|1|0|0|0|0|0|0|0|1|0|0|0|1|0|2|0|1|0|1|0|0|1|1|1|0|2|0|0|1|2|1|1|1|0|0|1|1|0|0|1|0|0|1|0|0|2|2|0|1|0|2|0|2|0|2|1|2|1|0|1|1|0|1|3|1|2|3|4|1|0|0|0|1|1|1|3|2|1|1|0|1|0|1|0|1|0|1|0|0|4|0|0|2|0|2|0|1|0|4|1|0|1|0|2|0|2|0|0|1|3|0|1|4|0|2|2|0|0|0|2|2|0|0|1|0|9|2|3|0|5|1|0|0|6|2|3|8|3|3|2|2|2|4|1|6|6|1|6|1|2|5|5|6|9|4|8|4|12|4|6|3|7|13|4|7|10|10|3|7|8|9|6|5|9|5|4|8|13|18|10|10|13|11|13|13|20|13|9|15|14|12|14|16|8|23|20|27|18|24|9|13|21|13|14|10|21|14|17|11|12|18|22|10|16|14|16|12|9|8|11|7|11|8|6|9|1|0|12|8|2|2|3|2|4|6|24|37|5|3|1</HistCounts>
      </HistItem>
    </Histograms>
    <Metadata>
      <MDI key="BandName">Band_1</MDI>
      <MDI key="RepresentationType">ATHEMATIC</MDI>
      <MDI key="STATISTICS_COVARIANCES">0.002550993626057709,-0.00074816031916797,-0.0003339558368979725</MDI>
      <MDI key="STATISTICS_EXCLUDEDVALUES"></MDI>
      <MDI key="STATISTICS_MAXIMUM">0.92392593622208</MDI>
      <MDI key="STATISTICS_MEAN">0.85917794386059</MDI>
      <MDI key="STATISTICS_MEDIAN">0.871502</MDI>
      <MDI key="STATISTICS_MINIMUM">0.63950002193451</MDI>
      <MDI key="STATISTICS_SKIPFACTORX">1</MDI>
      <MDI key="STATISTICS_SKIPFACTORY">1</MDI>
      <MDI key="STATISTICS_STDDEV">0.050507362097596</MDI>
    </Metadata>
  </PAMRasterBand>
  <PAMRasterBand band="2">
    <Description>Band_2</Description>
    <Histograms>
      <HistItem>
        <HistMin>0.1059999987483025</HistMin>
        <HistMax>0.3082500100135803</HistMax>
        <BucketCount>256</BucketCount>
        <IncludeOutOfRange>1</IncludeOutOfRange>
        <Approximate>0</Approximate>
        <HistCounts>1|2|1|2|4|5|7|3|11|2|5|6|5|4|12|12|20|12|25|12|18|14|13|34|16|14|34|21|36|29|26|35|19|24|30|26|19|29|27|30|34|20|21|13|15|14|28|17|11|15|17|18|16|14|13|10|5|16|17|18|7|5|1|7|7|6|4|7|8|6|3|3|0|0|6|7|1|3|1|2|3|3|0|0|2|4|0|2|0|1|3|1|0|3|5|0|1|1|4|4|2|1|0|0|1|1|1|1|1|2|1|1|1|0|3|0|3|0|1|0|1|0|0|0|0|0|1|0|0|1|0|0|2|1|1|1|0|1|0|0|0|0|0|0|0|0|0|0|0|1|0|0|0|0|0|0|0|0|0|1|1|0|0|0|0|0|0|0|0|0|0|0|0|0|0|0|0|0|0|0|0|0|0|0|0|0|0|0|0|0|0|0|0|0|0|0|0|0|0|0|0|0|0|0|1|0|0|1|0|0|0|0|0|0|0|0|0|0|0|0|0|0|1|1|0|0|2|0|0|0|0|0|0|0|0|0|0|1|0|1|0|0|0|0|0|0|1|1|0|1|0|0|0|0|0|1</HistCounts>
      </HistItem>
    </Histograms>
    <Metadata>
      <MDI key="BandName">Band_2</MDI>
      <MDI key="RepresentationType">ATHEMATIC</MDI>
      <MDI key="STATISTICS_COVARIANCES">-0.00074816031916797,0.0005630671470912711,0.0003443804589177872</MDI>
      <MDI key="STATISTICS_EXCLUDEDVALUES"></MDI>
      <MDI key="STATISTICS_MAXIMUM">0.30825001001358</MDI>
      <MDI key="STATISTICS_MEAN">0.14018235567651</MDI>
      <MDI key="STATISTICS_MEDIAN">0.135346</MDI>
      <MDI key="STATISTICS_MINIMUM">0.1059999987483</MDI>
      <MDI key="STATISTICS_SKIPFACTORX">1</MDI>
      <MDI key="STATISTICS_SKIPFACTORY">1</MDI>
      <MDI key="STATISTICS_STDDEV">0.023729035949471</MDI>
    </Metadata>
  </PAMRasterBand>
  <PAMRasterBand band="3">
    <Description>Band_3</Description>
    <Histograms>
      <HistItem>
        <HistMin>0.1532499939203262</HistMin>
        <HistMax>0.292250007390976</HistMax>
        <BucketCount>256</BucketCount>
        <IncludeOutOfRange>1</IncludeOutOfRange>
        <Approximate>0</Approximate>
        <HistCounts>6|0|1|2|7|4|1|1|5|10|3|5|10|4|6|8|19|5|11|7|11|18|24|13|16|11|11|32|22|41|30|28|21|38|25|21|36|23|41|23|34|30|19|18|30|27|18|22|17|33|15|17|16|9|15|12|10|9|8|11|11|9|5|14|3|5|9|3|10|8|5|5|4|2|4|1|3|1|0|0|0|3|3|2|5|0|0|3|6|1|0|3|2|0|1|0|0|4|0|3|0|0|0|0|1|6|1|0|1|1|0|3|1|0|2|1|1|0|0|0|0|1|0|0|0|0|0|0|1|1|0|0|1|0|0|0|0|0|0|0|0|0|0|0|0|0|0|0|0|0|0|0|0|0|0|0|0|0|0|0|0|0|0|0|0|0|0|0|0|0|0|0|0|0|0|0|0|0|0|0|0|0|0|0|0|0|0|0|0|0|0|0|0|0|0|0|0|1|0|0|1|0|0|1|0|0|0|0|0|0|1|0|0|0|0|1|0|0|0|0|0|0|0|0|0|1|0|0|0|0|0|0|0|0|0|0|0|0|0|0|1|0|1|1|0|0|1|0|0|1|0|0|0|0|0|1</HistCounts>
      </HistItem>
    </Histograms>
    <Metadata>
      <MDI key="BandName">Band_3</MDI>
      <MDI key="RepresentationType">ATHEMATIC</MDI>
      <MDI key="STATISTICS_COVARIANCES">-0.0003339558368979725,0.0003443804589177872,0.0002266941732088638</MDI>
      <MDI key="STATISTICS_EXCLUDEDVALUES"></MDI>
      <MDI key="STATISTICS_MAXIMUM">0.29225000739098</MDI>
      <MDI key="STATISTICS_MEAN">0.17692206630356</MDI>
      <MDI key="STATISTICS_MEDIAN">0.173964</MDI>
      <MDI key="STATISTICS_MINIMUM">0.15324999392033</MDI>
      <MDI key="STATISTICS_SKIPFACTORX">1</MDI>
      <MDI key="STATISTICS_SKIPFACTORY">1</MDI>
      <MDI key="STATISTICS_STDDEV">0.01505636653409</MDI>
    </Metadata>
  </PAMRasterBand>
</PAMDataset>
