<PAMDataset>
  <Metadata>
    <MDI key="DataType">Generic</MDI>
  </Metadata>
  <PAMRasterBand band="1">
    <Description>Band_1</Description>
    <Histograms>
      <HistItem>
        <HistMin>0.7390000224113464</HistMin>
        <HistMax>0.9355185031890869</HistMax>
        <BucketCount>256</BucketCount>
        <IncludeOutOfRange>1</IncludeOutOfRange>
        <Approximate>0</Approximate>
        <HistCounts>1|0|0|0|0|0|0|0|0|0|0|0|0|0|0|0|0|0|0|0|0|0|0|0|0|0|0|0|0|0|0|0|0|0|0|0|0|0|0|0|0|0|0|0|0|0|0|0|0|0|0|1|0|0|0|0|0|1|0|0|0|0|0|0|1|0|0|0|0|0|0|0|2|0|0|0|0|0|0|0|0|0|0|0|0|0|0|0|0|0|0|0|0|0|0|0|0|0|0|0|0|0|0|0|0|0|0|0|0|0|0|0|0|0|0|0|0|0|0|0|0|0|0|1|0|0|0|0|0|0|0|0|0|0|0|0|1|0|0|1|0|0|1|0|0|0|0|0|0|0|0|0|2|0|0|2|1|0|1|0|0|0|0|1|1|0|0|1|0|1|0|0|2|0|0|2|0|0|2|1|0|2|0|1|1|0|0|0|1|0|0|3|0|3|0|3|5|0|1|3|6|0|0|2|0|1|2|3|1|2|2|6|4|3|3|5|1|4|4|1|4|2|3|1|5|2|2|3|2|2|5|0|2|7|10|45|36|45|50|45|37|40|42|43|34|32|32|37|40|41|34|32|22|12|8|1</HistCounts>
      </HistItem>
    </Histograms>
    <Metadata>
      <MDI key="BandName">Band_1</MDI>
      <MDI key="RepresentationType">ATHEMATIC</MDI>
      <MDI key="STATISTICS_COVARIANCES">0.0003256293718681439,-0.000261535577347228,-0.0001648860860964605</MDI>
      <MDI key="STATISTICS_EXCLUDEDVALUES"></MDI>
      <MDI key="STATISTICS_MAXIMUM">0.93551850318909</MDI>
      <MDI key="STATISTICS_MEAN">0.92104986768502</MDI>
      <MDI key="STATISTICS_MEDIAN">0.924729</MDI>
      <MDI key="STATISTICS_MINIMUM">0.73900002241135</MDI>
      <MDI key="STATISTICS_SKIPFACTORX">1</MDI>
      <MDI key="STATISTICS_SKIPFACTORY">1</MDI>
      <MDI key="STATISTICS_STDDEV">0.018045203569596</MDI>
    </Metadata>
  </PAMRasterBand>
  <PAMRasterBand band="2">
    <Description>Band_2</Description>
    <Histograms>
      <HistItem>
        <HistMin>0.01700000092387199</HistMin>
        <HistMax>0.3932499885559082</HistMax>
        <BucketCount>256</BucketCount>
        <IncludeOutOfRange>1</IncludeOutOfRange>
        <Approximate>0</Approximate>
        <HistCounts>9|11|20|11|21|20|33|39|59|63|47|51|72|54|48|49|34|37|20|27|17|15|16|7|7|6|1|0|0|3|0|0|0|0|1|3|1|0|2|2|1|0|2|0|0|2|0|0|2|4|1|2|3|1|1|5|4|0|2|1|0|0|0|4|2|2|0|0|0|0|1|0|0|2|0|1|0|0|0|0|0|0|0|1|0|0|0|2|0|0|0|0|0|0|1|0|0|0|0|0|0|0|0|1|0|0|0|0|0|0|0|0|0|0|0|0|0|0|0|0|0|0|0|0|0|0|0|1|0|1|0|0|0|0|0|0|0|0|0|0|0|0|0|0|0|0|0|0|0|0|0|0|0|0|0|0|0|0|0|0|0|0|0|0|0|0|0|0|0|0|0|0|0|0|0|0|0|0|0|0|0|0|0|0|0|0|0|0|0|0|0|0|0|0|0|0|0|0|0|0|0|0|0|0|0|0|0|0|0|0|0|0|0|0|0|0|0|0|0|0|0|0|0|0|0|0|0|0|0|1|0|0|0|0|0|0|0|0|0|0|0|0|0|0|0|0|0|0|0|0|0|0|0|0|0|1</HistCounts>
      </HistItem>
    </Histograms>
    <Metadata>
      <MDI key="BandName">Band_2</MDI>
      <MDI key="RepresentationType">ATHEMATIC</MDI>
      <MDI key="STATISTICS_COVARIANCES">-0.000261535577347228,0.0006803939325400108,0.0005167255773085173</MDI>
      <MDI key="STATISTICS_EXCLUDEDVALUES"></MDI>
      <MDI key="STATISTICS_MAXIMUM">0.39324998855591</MDI>
      <MDI key="STATISTICS_MEAN">0.04069143361336</MDI>
      <MDI key="STATISTICS_MEDIAN">0.034706</MDI>
      <MDI key="STATISTICS_MINIMUM">0.017000000923872</MDI>
      <MDI key="STATISTICS_SKIPFACTORX">1</MDI>
      <MDI key="STATISTICS_SKIPFACTORY">1</MDI>
      <MDI key="STATISTICS_STDDEV">0.026084361838849</MDI>
    </Metadata>
  </PAMRasterBand>
  <PAMRasterBand band="3">
    <Description>Band_3</Description>
    <Histograms>
      <HistItem>
        <HistMin>0.06575000286102295</HistMin>
        <HistMax>0.3725000023841858</HistMax>
        <BucketCount>256</BucketCount>
        <IncludeOutOfRange>1</IncludeOutOfRange>
        <Approximate>0</Approximate>
        <HistCounts>4|11|12|23|24|23|36|40|63|49|40|31|50|47|48|35|37|37|43|36|25|14|22|20|8|5|1|3|2|5|4|2|2|3|0|1|0|0|0|1|3|2|0|1|0|4|4|0|0|5|3|4|1|2|3|0|0|0|3|0|1|3|1|0|1|1|0|0|1|0|0|0|0|0|0|0|0|0|0|0|2|0|0|0|0|0|1|0|0|0|0|0|1|0|0|0|0|0|0|0|0|0|0|0|1|0|0|0|0|0|0|0|0|0|0|0|0|0|1|0|0|0|0|0|0|0|0|0|0|0|0|0|0|0|0|0|0|0|0|0|0|0|0|0|0|0|0|0|0|0|0|0|0|0|0|0|0|0|0|0|0|0|0|0|0|0|0|0|0|0|0|0|0|0|0|0|0|0|0|0|0|0|0|0|0|0|0|0|0|0|0|0|0|0|0|0|0|0|0|0|0|0|0|0|0|0|0|0|0|0|0|0|0|0|0|0|0|0|0|0|0|0|0|0|0|0|0|0|0|0|0|0|0|0|0|0|0|0|0|0|0|0|0|1|0|0|0|0|0|0|0|0|0|0|0|1</HistCounts>
      </HistItem>
    </Histograms>
    <Metadata>
      <MDI key="BandName">Band_3</MDI>
      <MDI key="RepresentationType">ATHEMATIC</MDI>
      <MDI key="STATISTICS_COVARIANCES">-0.0001648860860964605,0.0005167255773085173,0.000411075256970839</MDI>
      <MDI key="STATISTICS_EXCLUDEDVALUES"></MDI>
      <MDI key="STATISTICS_MAXIMUM">0.37250000238419</MDI>
      <MDI key="STATISTICS_MEAN">0.085434440445233</MDI>
      <MDI key="STATISTICS_MEDIAN">0.081388</MDI>
      <MDI key="STATISTICS_MINIMUM">0.065750002861023</MDI>
      <MDI key="STATISTICS_SKIPFACTORX">1</MDI>
      <MDI key="STATISTICS_SKIPFACTORY">1</MDI>
      <MDI key="STATISTICS_STDDEV">0.020274990924063</MDI>
    </Metadata>
  </PAMRasterBand>
</PAMDataset>
