<PAMDataset>
  <Metadata>
    <MDI key="DataType">Generic</MDI>
  </Metadata>
  <PAMRasterBand band="1">
    <Description>Band_1</Description>
    <Histograms>
      <HistItem>
        <HistMin>0.7879999876022339</HistMin>
        <HistMax>0.938870370388031</HistMax>
        <BucketCount>256</BucketCount>
        <IncludeOutOfRange>1</IncludeOutOfRange>
        <Approximate>0</Approximate>
        <HistCounts>1|0|0|0|0|0|0|0|0|0|0|0|0|0|0|0|0|0|0|0|0|0|0|0|0|0|0|0|0|0|0|0|0|0|0|0|0|0|0|0|0|0|0|0|0|0|0|0|0|0|0|0|0|0|0|0|0|0|0|0|0|0|0|0|1|0|0|0|0|0|0|0|0|0|0|1|0|0|0|0|0|0|0|0|0|0|0|0|0|0|1|0|0|0|0|0|0|0|0|0|0|0|0|0|0|0|0|0|1|0|0|0|0|0|0|0|0|0|0|0|0|0|0|0|0|0|0|0|0|0|2|0|0|0|0|0|0|0|0|0|0|0|1|0|0|1|0|0|0|0|0|0|0|0|0|1|0|0|1|0|2|0|0|0|0|0|0|0|0|0|0|0|1|1|0|0|1|0|0|0|1|0|0|0|0|1|1|0|1|1|0|0|0|1|0|0|0|0|0|0|0|0|1|1|0|1|0|1|0|0|2|0|0|1|0|2|0|0|1|0|0|0|1|3|20|3|17|17|22|29|43|39|54|55|44|81|90|101|69|58|38|38|29|8|11|5|7|7|0|2|1|1|0|0|0|1</HistCounts>
      </HistItem>
    </Histograms>
    <Metadata>
      <MDI key="BandName">Band_1</MDI>
      <MDI key="RepresentationType">ATHEMATIC</MDI>
      <MDI key="STATISTICS_COVARIANCES">9.768569347832432e-05,-0.0001879582300969999,-0.0001288598406108664</MDI>
      <MDI key="STATISTICS_EXCLUDEDVALUES"></MDI>
      <MDI key="STATISTICS_MAXIMUM">0.93887037038803</MDI>
      <MDI key="STATISTICS_MEAN">0.92599903050303</MDI>
      <MDI key="STATISTICS_MEDIAN">0.927629</MDI>
      <MDI key="STATISTICS_MINIMUM">0.78799998760223</MDI>
      <MDI key="STATISTICS_SKIPFACTORX">1</MDI>
      <MDI key="STATISTICS_SKIPFACTORY">1</MDI>
      <MDI key="STATISTICS_STDDEV">0.0098836073110137</MDI>
    </Metadata>
  </PAMRasterBand>
  <PAMRasterBand band="2">
    <Description>Band_2</Description>
    <Histograms>
      <HistItem>
        <HistMin>0.04349999874830246</HistMin>
        <HistMax>0.2532500028610229</HistMax>
        <BucketCount>256</BucketCount>
        <IncludeOutOfRange>1</IncludeOutOfRange>
        <Approximate>0</Approximate>
        <HistCounts>1|1|0|0|0|0|4|2|4|3|5|4|2|5|4|5|5|12|9|17|14|4|9|17|18|8|13|20|19|17|16|25|16|16|39|19|27|27|19|22|18|28|21|15|12|32|26|18|20|16|17|21|7|8|12|15|5|13|9|8|6|4|8|6|3|5|3|2|5|1|2|7|2|4|1|2|1|3|4|0|1|2|1|0|1|0|1|0|0|1|4|1|1|0|0|2|0|2|1|2|2|0|0|2|1|0|0|1|0|2|2|1|1|7|2|1|1|1|1|0|0|0|0|0|0|0|0|1|0|2|0|0|0|1|2|0|1|0|0|1|0|1|1|1|0|0|1|3|1|0|0|0|0|0|1|0|0|0|2|0|0|0|0|0|0|0|0|0|0|0|0|0|0|0|0|0|0|0|0|0|0|0|2|0|0|0|0|0|0|0|0|1|1|0|2|0|0|0|1|0|0|0|1|0|0|0|2|0|0|0|0|1|0|0|1|0|0|1|0|0|0|1|0|0|2|0|0|1|0|0|1|0|0|0|0|0|0|0|1|0|0|0|0|0|0|0|0|0|2|1|1|0|0|0|0|1</HistCounts>
      </HistItem>
    </Histograms>
    <Metadata>
      <MDI key="BandName">Band_2</MDI>
      <MDI key="RepresentationType">ATHEMATIC</MDI>
      <MDI key="STATISTICS_COVARIANCES">-0.0001879582300969999,0.0009141583793150442,0.0006403932809852781</MDI>
      <MDI key="STATISTICS_EXCLUDEDVALUES"></MDI>
      <MDI key="STATISTICS_MAXIMUM">0.25325000286102</MDI>
      <MDI key="STATISTICS_MEAN">0.083845032181905</MDI>
      <MDI key="STATISTICS_MEDIAN">0.076402</MDI>
      <MDI key="STATISTICS_MINIMUM">0.043499998748302</MDI>
      <MDI key="STATISTICS_SKIPFACTORX">1</MDI>
      <MDI key="STATISTICS_SKIPFACTORY">1</MDI>
      <MDI key="STATISTICS_STDDEV">0.03023505216326</MDI>
    </Metadata>
  </PAMRasterBand>
  <PAMRasterBand band="3">
    <Description>Band_3</Description>
    <Histograms>
      <HistItem>
        <HistMin>0.09650000184774399</HistMin>
        <HistMax>0.2520000040531158</HistMax>
        <BucketCount>256</BucketCount>
        <IncludeOutOfRange>1</IncludeOutOfRange>
        <Approximate>0</Approximate>
        <HistCounts>1|3|1|1|1|2|0|2|2|8|2|8|9|7|9|5|9|7|19|7|13|15|12|9|21|23|7|19|16|18|15|30|14|23|31|25|31|16|22|21|20|18|22|25|16|27|10|16|14|14|28|15|15|12|8|4|8|7|3|7|7|7|4|3|6|0|6|2|1|4|2|1|4|2|2|1|3|6|0|3|0|2|2|2|2|1|1|0|4|1|0|0|0|0|0|1|2|4|0|0|0|1|2|0|6|0|1|4|1|3|0|0|1|2|0|1|0|2|2|0|0|0|0|0|0|1|0|0|0|1|0|2|0|0|1|1|0|0|1|0|3|1|0|2|0|0|0|0|0|0|0|0|1|0|0|0|0|1|0|0|0|0|0|0|0|0|0|0|0|0|2|0|1|3|0|0|0|0|0|1|1|0|0|0|2|0|0|0|1|0|0|1|0|1|1|0|0|0|0|0|0|1|0|0|0|0|1|0|0|0|0|1|0|1|0|0|0|1|0|0|0|0|1|1|2|0|0|0|1|1|0|0|0|0|0|0|0|0|0|0|0|0|0|0|0|0|0|0|0|0|0|0|0|0|0|1</HistCounts>
      </HistItem>
    </Histograms>
    <Metadata>
      <MDI key="BandName">Band_3</MDI>
      <MDI key="RepresentationType">ATHEMATIC</MDI>
      <MDI key="STATISTICS_COVARIANCES">-0.0001288598406108664,0.0006403932809852781,0.0004625569887290376</MDI>
      <MDI key="STATISTICS_EXCLUDEDVALUES"></MDI>
      <MDI key="STATISTICS_MAXIMUM">0.25200000405312</MDI>
      <MDI key="STATISTICS_MEAN">0.12517575600203</MDI>
      <MDI key="STATISTICS_MEDIAN">0.119673</MDI>
      <MDI key="STATISTICS_MINIMUM">0.096500001847744</MDI>
      <MDI key="STATISTICS_SKIPFACTORX">1</MDI>
      <MDI key="STATISTICS_SKIPFACTORY">1</MDI>
      <MDI key="STATISTICS_STDDEV">0.021507138087831</MDI>
    </Metadata>
  </PAMRasterBand>
</PAMDataset>
