<PAMDataset>
  <Metadata>
    <MDI key="DataType">Generic</MDI>
  </Metadata>
  <PAMRasterBand band="1">
    <Description>Band_1</Description>
    <Histograms>
      <HistItem>
        <HistMin>0.6267499923706055</HistMin>
        <HistMax>0.9515555500984192</HistMax>
        <BucketCount>256</BucketCount>
        <IncludeOutOfRange>1</IncludeOutOfRange>
        <Approximate>0</Approximate>
        <HistCounts>2|0|0|0|0|0|0|0|0|0|0|0|0|0|0|0|0|0|1|0|0|0|0|0|0|0|1|0|0|1|0|0|0|0|0|0|0|0|1|0|0|0|0|0|0|0|0|0|0|0|1|0|0|0|0|0|0|0|1|0|0|0|2|2|0|0|0|1|0|1|2|0|2|0|0|1|2|0|0|0|1|1|0|3|1|2|3|0|1|1|0|0|1|1|0|1|2|1|0|0|1|1|2|2|2|1|0|2|2|3|3|3|3|0|4|2|1|3|6|6|3|4|9|4|8|4|9|4|5|8|7|7|8|10|7|0|1|9|2|2|2|4|2|6|4|5|6|13|4|8|4|8|2|9|6|8|8|11|7|10|9|3|7|8|5|12|11|7|16|14|11|19|18|12|9|13|10|5|13|11|26|13|14|6|13|11|10|12|8|20|10|18|8|11|9|18|11|20|17|17|20|24|13|15|13|15|16|15|10|14|25|16|24|18|23|26|16|25|14|15|10|12|15|28|15|15|13|13|17|11|165|181|158|100|95|83|66|57|20|8|10|4|2|1|0|0|0|1|2|0|0|1|0|1|0|1</HistCounts>
      </HistItem>
    </Histograms>
    <Metadata>
      <MDI key="BandName">Band_1</MDI>
      <MDI key="RepresentationType">ATHEMATIC</MDI>
      <MDI key="STATISTICS_COVARIANCES">0.002393083252899588,0.0003637286457756952,0.0003873652162548764</MDI>
      <MDI key="STATISTICS_EXCLUDEDVALUES"></MDI>
      <MDI key="STATISTICS_MAXIMUM">0.95155555009842</MDI>
      <MDI key="STATISTICS_MEAN">0.88557163746634</MDI>
      <MDI key="STATISTICS_MEDIAN">0.903153</MDI>
      <MDI key="STATISTICS_MINIMUM">0.62674999237061</MDI>
      <MDI key="STATISTICS_SKIPFACTORX">1</MDI>
      <MDI key="STATISTICS_SKIPFACTORY">1</MDI>
      <MDI key="STATISTICS_STDDEV">0.048919150165345</MDI>
    </Metadata>
  </PAMRasterBand>
  <PAMRasterBand band="2">
    <Description>Band_2</Description>
    <Histograms>
      <HistItem>
        <HistMin>0.07599999755620956</HistMin>
        <HistMax>0.4020000100135803</HistMax>
        <BucketCount>256</BucketCount>
        <IncludeOutOfRange>1</IncludeOutOfRange>
        <Approximate>0</Approximate>
        <HistCounts>1|4|1|1|1|1|2|3|2|2|0|3|3|4|6|2|22|30|16|24|27|35|43|34|47|49|49|54|47|58|49|63|51|38|42|67|61|55|41|56|34|41|21|44|29|37|26|29|23|19|26|22|25|24|21|20|17|9|14|21|14|12|9|18|8|8|11|2|4|2|10|6|9|12|3|5|1|7|6|7|3|3|4|2|3|4|8|8|7|11|10|5|7|6|4|4|7|2|7|5|7|12|12|2|9|5|7|5|7|8|4|5|3|10|3|8|6|3|5|8|1|4|7|5|2|3|3|4|7|2|5|3|1|8|5|5|3|0|0|6|11|0|6|2|2|0|1|0|3|6|0|3|2|0|7|4|2|6|3|7|3|6|7|5|2|3|0|1|5|7|3|1|2|0|0|0|0|9|3|5|2|0|1|3|2|3|6|1|1|2|4|4|3|1|2|1|1|1|2|1|0|3|0|2|3|1|2|1|2|2|0|3|1|3|0|0|3|0|0|0|0|1|1|0|0|0|0|2|0|0|1|2|0|0|1|0|0|1|0|2|0|0|0|0|0|2|0|0|0|0|1|0|0|0|0|1</HistCounts>
      </HistItem>
    </Histograms>
    <Metadata>
      <MDI key="BandName">Band_2</MDI>
      <MDI key="RepresentationType">ATHEMATIC</MDI>
      <MDI key="STATISTICS_COVARIANCES">0.0003637286457756952,0.003600671726694396,0.002435032494983697</MDI>
      <MDI key="STATISTICS_EXCLUDEDVALUES"></MDI>
      <MDI key="STATISTICS_MAXIMUM">0.40200001001358</MDI>
      <MDI key="STATISTICS_MEAN">0.15314997805112</MDI>
      <MDI key="STATISTICS_MEDIAN">0.128416</MDI>
      <MDI key="STATISTICS_MINIMUM">0.07599999755621</MDI>
      <MDI key="STATISTICS_SKIPFACTORX">1</MDI>
      <MDI key="STATISTICS_SKIPFACTORY">1</MDI>
      <MDI key="STATISTICS_STDDEV">0.060005597461357</MDI>
    </Metadata>
  </PAMRasterBand>
  <PAMRasterBand band="3">
    <Description>Band_3</Description>
    <Histograms>
      <HistItem>
        <HistMin>0.127250000834465</HistMin>
        <HistMax>0.3637500107288361</HistMax>
        <BucketCount>256</BucketCount>
        <IncludeOutOfRange>1</IncludeOutOfRange>
        <Approximate>0</Approximate>
        <HistCounts>3|0|0|0|0|0|0|0|0|2|5|10|6|7|9|21|32|21|36|33|24|50|53|60|47|44|47|62|58|52|42|50|64|52|58|47|57|41|42|69|52|34|28|26|23|32|19|24|16|31|18|20|25|20|10|15|12|17|11|14|9|9|1|15|10|4|8|6|3|8|7|6|5|9|5|3|3|8|2|4|12|7|2|5|7|10|12|11|9|3|5|12|15|2|16|17|12|1|6|6|11|5|3|2|3|8|6|6|4|3|6|3|5|2|2|2|3|2|5|2|0|4|4|1|1|4|4|2|3|3|3|4|6|0|3|7|7|6|2|7|1|0|4|4|5|5|1|3|0|3|10|0|3|4|6|3|5|4|2|5|0|4|5|2|5|0|0|0|3|4|0|2|3|2|2|1|5|0|1|1|4|4|0|4|2|2|3|2|2|1|2|1|0|1|2|2|0|1|2|0|2|1|2|0|1|0|2|1|3|1|0|2|0|0|0|0|1|1|0|0|0|0|0|0|0|2|0|0|1|0|2|0|2|0|0|1|2|0|0|0|1|0|0|0|0|0|0|0|0|0|0|0|0|0|0|1</HistCounts>
      </HistItem>
    </Histograms>
    <Metadata>
      <MDI key="BandName">Band_3</MDI>
      <MDI key="RepresentationType">ATHEMATIC</MDI>
      <MDI key="STATISTICS_COVARIANCES">0.0003873652162548764,0.002435032494983697,0.001673093754315048</MDI>
      <MDI key="STATISTICS_EXCLUDEDVALUES"></MDI>
      <MDI key="STATISTICS_MAXIMUM">0.36375001072884</MDI>
      <MDI key="STATISTICS_MEAN">0.17934022881222</MDI>
      <MDI key="STATISTICS_MEDIAN">0.163421</MDI>
      <MDI key="STATISTICS_MINIMUM">0.12725000083447</MDI>
      <MDI key="STATISTICS_SKIPFACTORX">1</MDI>
      <MDI key="STATISTICS_SKIPFACTORY">1</MDI>
      <MDI key="STATISTICS_STDDEV">0.040903468732065</MDI>
    </Metadata>
  </PAMRasterBand>
</PAMDataset>
