<PAMDataset>
  <Metadata>
    <MDI key="DataType">Generic</MDI>
  </Metadata>
  <PAMRasterBand band="1">
    <Description>Band_1</Description>
    <Histograms>
      <HistItem>
        <HistMin>0.6875</HistMin>
        <HistMax>0.9355000257492065</HistMax>
        <BucketCount>256</BucketCount>
        <IncludeOutOfRange>1</IncludeOutOfRange>
        <Approximate>0</Approximate>
        <HistCounts>1|0|0|0|0|0|0|0|0|0|0|0|0|0|0|0|0|0|0|0|0|0|0|0|0|0|0|0|0|1|0|0|0|0|0|0|0|0|0|0|0|0|0|0|0|0|0|0|0|0|0|0|0|0|0|0|0|0|1|0|0|0|0|0|0|0|0|0|0|0|0|0|0|0|0|0|0|0|0|0|0|0|0|0|0|1|0|0|0|0|0|0|0|0|0|0|0|0|0|0|2|0|0|0|0|0|0|0|2|0|0|0|0|1|0|0|0|0|0|0|4|0|0|1|0|0|0|0|0|2|1|0|2|0|0|0|0|0|0|0|2|0|0|0|0|2|0|0|0|0|0|0|0|0|0|0|0|2|2|2|0|0|1|0|0|0|0|0|0|0|0|0|0|0|0|0|0|1|2|0|0|2|0|0|0|0|1|0|2|2|1|0|1|0|0|1|0|2|2|2|1|0|2|0|0|1|0|0|1|0|0|4|2|2|1|4|5|2|0|1|1|2|0|4|0|2|0|3|2|3|4|1|2|9|6|3|7|6|7|68|66|50|51|66|102|91|118|102|69|50|47|12|12|7|0|2</HistCounts>
      </HistItem>
    </Histograms>
    <Metadata>
      <MDI key="BandName">Band_1</MDI>
      <MDI key="RepresentationType">ATHEMATIC</MDI>
      <MDI key="STATISTICS_COVARIANCES">0.000515430620044817,-0.0003573136808987606,-0.0001920997132351731</MDI>
      <MDI key="STATISTICS_EXCLUDEDVALUES"></MDI>
      <MDI key="STATISTICS_MAXIMUM">0.93550002574921</MDI>
      <MDI key="STATISTICS_MEAN">0.92019709081877</MDI>
      <MDI key="STATISTICS_MEDIAN">0.924802</MDI>
      <MDI key="STATISTICS_MINIMUM">0.6875</MDI>
      <MDI key="STATISTICS_SKIPFACTORX">1</MDI>
      <MDI key="STATISTICS_SKIPFACTORY">1</MDI>
      <MDI key="STATISTICS_STDDEV">0.022703097146531</MDI>
    </Metadata>
  </PAMRasterBand>
  <PAMRasterBand band="2">
    <Description>Band_2</Description>
    <Histograms>
      <HistItem>
        <HistMin>0.07975000143051147</HistMin>
        <HistMax>0.2854999899864197</HistMax>
        <BucketCount>256</BucketCount>
        <IncludeOutOfRange>1</IncludeOutOfRange>
        <Approximate>0</Approximate>
        <HistCounts>7|6|20|25|55|46|46|44|78|51|45|31|54|74|44|41|41|51|38|28|26|24|22|13|7|2|17|15|6|12|6|1|2|4|2|5|0|0|0|2|0|0|0|4|0|0|2|0|0|0|0|0|0|0|0|0|0|2|0|0|0|2|4|0|0|0|0|0|0|0|2|0|4|0|0|0|0|2|2|0|0|2|0|0|2|2|0|0|0|2|0|0|0|0|2|0|0|0|0|0|0|0|0|2|0|6|0|0|0|0|0|0|2|0|0|0|0|0|0|0|0|2|0|0|0|0|0|0|1|0|0|0|0|0|1|0|0|1|0|1|0|0|0|0|0|0|1|1|0|0|0|0|0|0|0|0|0|0|0|0|0|0|0|0|0|0|0|0|0|0|0|0|0|0|0|0|0|0|0|0|0|0|0|1|0|0|0|0|0|0|0|0|0|0|0|1|0|1|0|0|0|0|0|0|0|0|0|0|0|0|0|0|0|0|0|0|0|0|0|0|0|0|0|0|0|0|0|0|0|0|0|0|0|0|0|1|0|0|0|0|0|0|0|0|0|0|0|0|2|0|0|0|0|0|0|1</HistCounts>
      </HistItem>
    </Histograms>
    <Metadata>
      <MDI key="BandName">Band_2</MDI>
      <MDI key="RepresentationType">ATHEMATIC</MDI>
      <MDI key="STATISTICS_COVARIANCES">-0.0003573136808987606,0.0004097389711857268,0.0002461345304802427</MDI>
      <MDI key="STATISTICS_EXCLUDEDVALUES"></MDI>
      <MDI key="STATISTICS_MAXIMUM">0.28549998998642</MDI>
      <MDI key="STATISTICS_MEAN">0.09458452390773</MDI>
      <MDI key="STATISTICS_MEDIAN">0.090239</MDI>
      <MDI key="STATISTICS_MINIMUM">0.079750001430511</MDI>
      <MDI key="STATISTICS_SKIPFACTORX">1</MDI>
      <MDI key="STATISTICS_SKIPFACTORY">1</MDI>
      <MDI key="STATISTICS_STDDEV">0.02024201005794</MDI>
    </Metadata>
  </PAMRasterBand>
  <PAMRasterBand band="3">
    <Description>Band_3</Description>
    <Histograms>
      <HistItem>
        <HistMin>0.1340000033378601</HistMin>
        <HistMax>0.2857500016689301</HistMax>
        <BucketCount>256</BucketCount>
        <IncludeOutOfRange>1</IncludeOutOfRange>
        <Approximate>0</Approximate>
        <HistCounts>1|3|0|5|8|15|6|18|39|47|71|52|43|85|50|90|36|39|47|43|40|40|34|51|17|15|19|11|11|10|12|9|3|3|5|5|2|0|1|4|0|0|0|2|2|2|0|4|2|0|0|1|0|0|6|0|0|2|2|2|0|0|2|0|2|2|0|0|0|0|0|0|0|0|2|2|2|0|2|2|0|2|0|0|0|0|1|0|0|0|0|0|0|0|1|0|0|0|0|2|0|0|0|0|0|0|0|0|1|0|0|0|0|2|0|0|0|1|0|0|0|2|0|0|0|0|0|0|0|0|0|0|0|0|0|0|0|0|0|0|0|0|0|0|0|1|0|0|0|0|0|0|0|0|0|0|0|0|0|0|1|0|0|0|0|1|0|0|0|0|0|0|0|0|0|0|0|0|0|0|0|0|0|0|0|0|0|0|0|0|0|0|0|0|0|0|0|0|0|0|0|0|0|0|0|0|0|0|0|0|0|0|0|0|0|0|0|0|0|0|0|0|0|0|0|0|0|0|0|0|0|0|0|1|0|0|0|0|0|0|0|0|0|0|0|0|0|0|2|0|0|0|0|0|0|1</HistCounts>
      </HistItem>
    </Histograms>
    <Metadata>
      <MDI key="BandName">Band_3</MDI>
      <MDI key="RepresentationType">ATHEMATIC</MDI>
      <MDI key="STATISTICS_COVARIANCES">-0.0001920997132351731,0.0002461345304802427,0.0001594017380288969</MDI>
      <MDI key="STATISTICS_EXCLUDEDVALUES"></MDI>
      <MDI key="STATISTICS_MAXIMUM">0.28575000166893</MDI>
      <MDI key="STATISTICS_MEAN">0.14628380965619</MDI>
      <MDI key="STATISTICS_MEDIAN">0.142926</MDI>
      <MDI key="STATISTICS_MINIMUM">0.13400000333786</MDI>
      <MDI key="STATISTICS_SKIPFACTORX">1</MDI>
      <MDI key="STATISTICS_SKIPFACTORY">1</MDI>
      <MDI key="STATISTICS_STDDEV">0.012625440112285</MDI>
    </Metadata>
  </PAMRasterBand>
</PAMDataset>
