<PAMDataset>
  <Metadata>
    <MDI key="DataType">Generic</MDI>
  </Metadata>
  <PAMRasterBand band="1">
    <Description>Band_1</Description>
    <Histograms>
      <HistItem>
        <HistMin>0.3274999856948853</HistMin>
        <HistMax>0.9410185217857361</HistMax>
        <BucketCount>256</BucketCount>
        <IncludeOutOfRange>1</IncludeOutOfRange>
        <Approximate>0</Approximate>
        <HistCounts>2|0|1|0|0|0|4|0|0|0|0|1|1|2|2|2|2|1|1|2|4|1|2|0|0|1|0|4|0|9|8|2|5|6|5|4|10|4|7|7|14|8|10|13|19|9|12|13|15|18|15|25|21|18|11|20|24|20|14|25|16|19|19|16|15|19|10|16|19|14|12|14|9|10|11|14|9|11|10|16|12|3|10|8|7|5|14|10|9|6|9|9|8|4|9|10|15|17|11|10|6|11|12|7|9|6|9|5|13|9|10|7|10|12|10|10|14|15|1|5|13|14|13|12|10|4|14|15|6|13|10|7|11|9|15|6|4|12|7|9|13|6|9|5|5|5|8|6|2|6|2|4|4|3|5|5|1|0|0|4|2|1|0|0|1|1|0|0|2|2|1|2|1|2|1|0|2|0|1|2|0|1|0|0|2|1|2|0|2|2|1|0|0|4|3|2|2|2|0|3|2|1|0|2|0|0|1|2|3|0|0|0|0|0|3|2|3|2|0|0|0|1|2|0|1|0|1|1|3|1|0|2|0|0|1|1|0|1|1|0|1|0|0|0|3|1|12|39|62|88|94|78|41|33|15|1</HistCounts>
      </HistItem>
    </Histograms>
    <Metadata>
      <MDI key="BandName">Band_1</MDI>
      <MDI key="RepresentationType">ATHEMATIC</MDI>
      <MDI key="STATISTICS_COVARIANCES">0.03538615822894722,-0.007472469767518479,-0.002848681092584688</MDI>
      <MDI key="STATISTICS_EXCLUDEDVALUES"></MDI>
      <MDI key="STATISTICS_MAXIMUM">0.94101852178574</MDI>
      <MDI key="STATISTICS_MEAN">0.64023234477887</MDI>
      <MDI key="STATISTICS_MEDIAN">0.587343</MDI>
      <MDI key="STATISTICS_MINIMUM">0.32749998569489</MDI>
      <MDI key="STATISTICS_SKIPFACTORX">1</MDI>
      <MDI key="STATISTICS_SKIPFACTORY">1</MDI>
      <MDI key="STATISTICS_STDDEV">0.18811208953426</MDI>
    </Metadata>
  </PAMRasterBand>
  <PAMRasterBand band="2">
    <Description>Band_2</Description>
    <Histograms>
      <HistItem>
        <HistMin>0.05124999955296516</HistMin>
        <HistMax>0.9243333339691162</HistMax>
        <BucketCount>256</BucketCount>
        <IncludeOutOfRange>1</IncludeOutOfRange>
        <Approximate>0</Approximate>
        <HistCounts>6|13|10|22|28|23|24|36|36|41|39|28|13|16|16|10|13|14|17|10|7|3|12|8|3|6|4|8|6|2|5|7|14|10|37|35|41|35|54|39|50|34|36|30|23|26|38|37|48|46|59|36|35|26|34|29|22|29|35|27|26|26|30|57|28|34|23|29|28|21|27|23|15|10|9|11|8|7|7|7|1|3|6|4|3|3|0|1|2|0|3|3|1|0|0|2|3|0|1|0|0|0|0|1|2|1|1|0|0|0|0|0|0|0|0|0|0|0|0|0|0|0|0|0|0|0|0|0|0|0|0|0|0|0|0|0|0|0|0|0|0|0|0|0|0|0|0|0|0|0|0|0|0|0|0|0|0|0|0|0|0|0|0|0|0|0|0|0|0|0|0|1|0|0|0|0|0|0|0|0|0|0|0|0|0|0|0|0|0|0|0|0|0|0|0|0|0|0|0|0|0|0|0|0|0|0|0|0|0|0|0|0|0|0|0|0|0|0|0|0|0|0|0|0|0|0|0|0|0|0|0|0|0|0|0|0|0|0|0|0|0|0|0|0|0|0|0|0|0|0|0|0|0|0|0|1</HistCounts>
      </HistItem>
    </Histograms>
    <Metadata>
      <MDI key="BandName">Band_2</MDI>
      <MDI key="RepresentationType">ATHEMATIC</MDI>
      <MDI key="STATISTICS_COVARIANCES">-0.007472469767518479,0.005954339145902291,0.003503849722911983</MDI>
      <MDI key="STATISTICS_EXCLUDEDVALUES"></MDI>
      <MDI key="STATISTICS_MAXIMUM">0.92433333396912</MDI>
      <MDI key="STATISTICS_MEAN">0.19929144975225</MDI>
      <MDI key="STATISTICS_MEDIAN">0.208747</MDI>
      <MDI key="STATISTICS_MINIMUM">0.051249999552965</MDI>
      <MDI key="STATISTICS_SKIPFACTORX">1</MDI>
      <MDI key="STATISTICS_SKIPFACTORY">1</MDI>
      <MDI key="STATISTICS_STDDEV">0.077164364481944</MDI>
    </Metadata>
  </PAMRasterBand>
  <PAMRasterBand band="3">
    <Description>Band_3</Description>
    <Histograms>
      <HistItem>
        <HistMin>0.09724999964237213</HistMin>
        <HistMax>0.9263888597488403</HistMax>
        <BucketCount>256</BucketCount>
        <IncludeOutOfRange>1</IncludeOutOfRange>
        <Approximate>0</Approximate>
        <HistCounts>1|3|7|13|21|25|32|39|41|56|32|29|36|13|19|20|31|18|36|63|50|75|53|61|53|48|31|38|61|53|72|50|48|32|39|41|43|40|45|43|45|47|47|46|37|27|33|29|22|15|6|9|5|4|2|3|3|1|4|2|1|4|2|0|2|3|0|2|1|2|0|2|1|0|0|0|0|0|0|0|0|0|0|0|0|0|0|0|0|0|0|0|0|0|0|0|0|0|0|0|0|0|0|0|0|0|0|0|0|0|0|0|0|0|0|0|0|0|0|0|0|0|0|0|0|0|0|0|0|0|0|0|0|0|0|0|0|0|0|0|0|0|0|0|0|0|0|1|0|0|0|0|0|0|0|0|0|0|0|0|0|0|0|0|0|0|0|0|0|0|0|0|0|0|0|0|0|0|0|0|0|0|0|0|0|0|0|0|0|0|0|0|0|0|0|0|0|0|0|0|0|0|0|0|0|0|0|0|0|0|0|0|0|0|0|0|0|0|0|0|0|0|0|0|0|0|0|0|0|0|0|0|0|0|0|0|0|0|0|0|0|0|0|0|0|0|0|0|0|0|0|0|0|0|0|1</HistCounts>
      </HistItem>
    </Histograms>
    <Metadata>
      <MDI key="BandName">Band_3</MDI>
      <MDI key="RepresentationType">ATHEMATIC</MDI>
      <MDI key="STATISTICS_COVARIANCES">-0.002848681092584688,0.003503849722911983,0.002222627285156504</MDI>
      <MDI key="STATISTICS_EXCLUDEDVALUES"></MDI>
      <MDI key="STATISTICS_MAXIMUM">0.92638885974884</MDI>
      <MDI key="STATISTICS_MEAN">0.18902598374989</MDI>
      <MDI key="STATISTICS_MEDIAN">0.188293</MDI>
      <MDI key="STATISTICS_MINIMUM">0.097249999642372</MDI>
      <MDI key="STATISTICS_SKIPFACTORX">1</MDI>
      <MDI key="STATISTICS_SKIPFACTORY">1</MDI>
      <MDI key="STATISTICS_STDDEV">0.047144748224553</MDI>
    </Metadata>
  </PAMRasterBand>
</PAMDataset>
