<PAMDataset>
  <Metadata>
    <MDI key="DataType">Generic</MDI>
  </Metadata>
  <PAMRasterBand band="1">
    <Description>Band_1</Description>
    <Histograms>
      <HistItem>
        <HistMin>0.6692500114440918</HistMin>
        <HistMax>0.9389444589614868</HistMax>
        <BucketCount>256</BucketCount>
        <IncludeOutOfRange>1</IncludeOutOfRange>
        <Approximate>0</Approximate>
        <HistCounts>2|0|0|0|0|2|0|0|0|0|0|1|0|0|0|0|0|0|0|0|0|1|0|1|0|1|0|1|0|0|0|1|0|0|0|0|1|0|0|0|1|1|0|1|1|2|0|2|0|2|0|0|2|1|1|0|1|0|0|1|4|0|2|0|1|0|4|2|2|0|0|0|2|2|0|2|5|0|0|2|4|0|3|1|2|4|1|1|1|0|5|3|4|2|4|5|2|3|7|5|4|6|0|3|5|4|9|3|2|1|5|6|7|2|3|6|3|9|3|7|3|7|5|11|5|10|5|6|7|6|11|5|20|8|12|9|11|15|13|6|3|10|20|11|16|9|8|9|6|12|12|17|13|10|12|12|22|8|16|18|10|12|10|17|22|21|18|12|21|15|18|17|10|10|10|9|11|8|16|13|16|18|11|15|16|9|12|19|18|9|12|18|18|30|8|12|10|19|16|17|17|9|11|15|14|7|10|9|14|12|9|12|15|8|5|11|9|10|11|8|11|22|13|9|13|21|8|9|12|7|13|12|8|10|8|9|5|120|134|118|161|140|91|88|71|31|20|11|2|2|0|0|0|1|0|1</HistCounts>
      </HistItem>
    </Histograms>
    <Metadata>
      <MDI key="BandName">Band_1</MDI>
      <MDI key="RepresentationType">ATHEMATIC</MDI>
      <MDI key="STATISTICS_COVARIANCES">0.002640104527149628,-0.0004782173221107187,-0.0001549723773036675</MDI>
      <MDI key="STATISTICS_EXCLUDEDVALUES"></MDI>
      <MDI key="STATISTICS_MAXIMUM">0.93894445896149</MDI>
      <MDI key="STATISTICS_MEAN">0.8768207439325</MDI>
      <MDI key="STATISTICS_MEDIAN">0.889236</MDI>
      <MDI key="STATISTICS_MINIMUM">0.66925001144409</MDI>
      <MDI key="STATISTICS_SKIPFACTORX">1</MDI>
      <MDI key="STATISTICS_SKIPFACTORY">1</MDI>
      <MDI key="STATISTICS_STDDEV">0.051381947483038</MDI>
    </Metadata>
  </PAMRasterBand>
  <PAMRasterBand band="2">
    <Description>Band_2</Description>
    <Histograms>
      <HistItem>
        <HistMin>0.08375000208616257</HistMin>
        <HistMax>0.3140000104904175</HistMax>
        <BucketCount>256</BucketCount>
        <IncludeOutOfRange>1</IncludeOutOfRange>
        <Approximate>0</Approximate>
        <HistCounts>3|0|1|2|5|4|8|11|24|33|37|65|60|112|114|104|158|157|126|144|99|135|113|61|102|63|80|45|48|59|29|39|33|41|22|23|19|34|16|15|23|18|22|17|13|24|17|6|10|6|14|6|8|7|8|6|0|6|2|10|3|7|6|6|3|5|3|5|2|4|3|7|2|6|0|5|2|2|4|1|1|1|1|2|0|3|0|1|0|1|3|2|2|0|1|2|2|4|1|1|1|1|5|1|1|1|0|1|0|0|0|1|2|0|0|1|0|1|0|1|0|0|0|0|0|0|0|1|1|0|0|0|0|0|0|0|0|0|1|0|0|0|0|0|0|0|0|0|0|0|0|0|0|1|1|0|0|0|0|0|0|1|0|0|0|0|0|0|0|0|0|0|0|1|0|0|0|0|0|0|0|0|0|0|0|0|0|1|0|0|0|0|0|0|0|0|0|0|0|0|0|0|0|0|1|0|0|0|0|0|0|0|0|0|0|0|0|0|0|0|0|0|0|0|0|0|0|0|0|0|0|0|0|0|0|0|0|0|0|0|0|0|0|0|0|0|0|0|0|0|1|0|0|0|0|1</HistCounts>
      </HistItem>
    </Histograms>
    <Metadata>
      <MDI key="BandName">Band_2</MDI>
      <MDI key="RepresentationType">ATHEMATIC</MDI>
      <MDI key="STATISTICS_COVARIANCES">-0.0004782173221107187,0.000289820946100194,0.0001558088277623862</MDI>
      <MDI key="STATISTICS_EXCLUDEDVALUES"></MDI>
      <MDI key="STATISTICS_MAXIMUM">0.31400001049042</MDI>
      <MDI key="STATISTICS_MEAN">0.10761427488028</MDI>
      <MDI key="STATISTICS_MEDIAN">0.102712</MDI>
      <MDI key="STATISTICS_MINIMUM">0.083750002086163</MDI>
      <MDI key="STATISTICS_SKIPFACTORX">1</MDI>
      <MDI key="STATISTICS_SKIPFACTORY">1</MDI>
      <MDI key="STATISTICS_STDDEV">0.017024128350673</MDI>
    </Metadata>
  </PAMRasterBand>
  <PAMRasterBand band="3">
    <Description>Band_3</Description>
    <Histograms>
      <HistItem>
        <HistMin>0.1307500004768372</HistMin>
        <HistMax>0.2770000100135803</HistMax>
        <BucketCount>256</BucketCount>
        <IncludeOutOfRange>1</IncludeOutOfRange>
        <Approximate>0</Approximate>
        <HistCounts>2|0|0|0|0|0|0|0|1|0|0|0|0|0|0|0|0|0|0|0|0|0|0|0|1|3|6|8|3|4|7|25|11|20|48|36|58|121|100|116|188|119|132|156|192|113|87|114|85|74|60|90|37|35|54|30|15|45|15|19|24|20|15|17|17|7|6|11|13|9|12|12|1|6|12|3|7|13|8|9|11|10|4|3|9|10|4|7|3|1|4|4|5|8|2|1|3|1|1|0|5|2|3|2|1|1|1|0|3|2|1|0|0|0|1|2|1|4|3|0|1|0|0|0|2|0|0|2|1|0|1|0|0|0|1|1|2|0|0|0|1|0|1|1|0|1|0|0|0|0|0|0|0|0|1|0|0|1|0|0|1|0|0|0|0|0|0|0|0|0|0|0|0|0|0|0|0|0|1|1|0|0|0|0|0|0|1|0|0|0|0|0|0|0|0|0|0|0|0|0|0|0|0|0|0|0|0|0|0|0|1|0|0|0|0|0|0|0|0|0|0|0|0|0|0|0|0|0|0|0|0|0|0|0|0|0|0|0|0|0|0|0|0|0|0|0|0|0|0|0|0|0|0|0|1|1</HistCounts>
      </HistItem>
    </Histograms>
    <Metadata>
      <MDI key="BandName">Band_3</MDI>
      <MDI key="RepresentationType">ATHEMATIC</MDI>
      <MDI key="STATISTICS_COVARIANCES">-0.0001549723773036675,0.0001558088277623862,0.0001002631380754244</MDI>
      <MDI key="STATISTICS_EXCLUDEDVALUES"></MDI>
      <MDI key="STATISTICS_MAXIMUM">0.27700001001358</MDI>
      <MDI key="STATISTICS_MEAN">0.15907906879939</MDI>
      <MDI key="STATISTICS_MEDIAN">0.155985</MDI>
      <MDI key="STATISTICS_MINIMUM">0.13075000047684</MDI>
      <MDI key="STATISTICS_SKIPFACTORX">1</MDI>
      <MDI key="STATISTICS_SKIPFACTORY">1</MDI>
      <MDI key="STATISTICS_STDDEV">0.010013148259934</MDI>
    </Metadata>
  </PAMRasterBand>
</PAMDataset>
