<PAMDataset>
  <Metadata>
    <MDI key="DataType">Generic</MDI>
  </Metadata>
  <PAMRasterBand band="1">
    <Description>Band_1</Description>
    <Histograms>
      <HistItem>
        <HistMin>0.6909999847412109</HistMin>
        <HistMax>0.9385555386543274</HistMax>
        <BucketCount>256</BucketCount>
        <IncludeOutOfRange>1</IncludeOutOfRange>
        <Approximate>0</Approximate>
        <HistCounts>2|0|0|0|0|0|0|0|0|0|0|0|0|0|0|0|0|0|0|0|0|1|0|0|0|0|0|0|0|0|0|1|0|1|0|2|0|1|1|0|0|0|0|0|0|2|0|0|1|0|1|0|0|2|0|1|4|0|0|3|0|0|1|3|0|2|2|0|1|0|1|4|4|1|1|1|0|0|2|0|2|1|2|1|0|0|2|1|0|0|1|0|0|5|0|1|0|2|1|1|2|0|0|2|0|1|0|1|0|1|0|1|4|3|4|6|7|6|2|1|3|7|3|3|2|2|2|3|0|5|5|4|6|4|5|9|6|7|3|4|2|2|4|12|7|1|7|3|8|3|2|12|6|3|1|8|2|5|5|2|0|6|6|5|15|5|3|8|12|5|4|3|7|9|4|6|5|6|7|3|7|4|5|10|13|2|13|8|4|6|13|8|6|6|8|3|3|9|4|9|4|7|2|5|4|4|6|6|7|7|6|3|5|5|3|4|8|7|10|1|4|3|4|5|7|1|10|5|2|11|6|10|8|9|5|20|73|60|50|55|68|62|93|85|73|67|82|29|44|15|15|8|4|1|3|1</HistCounts>
      </HistItem>
    </Histograms>
    <Metadata>
      <MDI key="BandName">Band_1</MDI>
      <MDI key="RepresentationType">ATHEMATIC</MDI>
      <MDI key="STATISTICS_COVARIANCES">0.002237066656008078,-0.00124722120285653,-0.0005981869355394939</MDI>
      <MDI key="STATISTICS_EXCLUDEDVALUES"></MDI>
      <MDI key="STATISTICS_MAXIMUM">0.93855553865433</MDI>
      <MDI key="STATISTICS_MEAN">0.89369263982657</MDI>
      <MDI key="STATISTICS_MEDIAN">0.920110</MDI>
      <MDI key="STATISTICS_MINIMUM">0.69099998474121</MDI>
      <MDI key="STATISTICS_SKIPFACTORX">1</MDI>
      <MDI key="STATISTICS_SKIPFACTORY">1</MDI>
      <MDI key="STATISTICS_STDDEV">0.047297639010928</MDI>
    </Metadata>
  </PAMRasterBand>
  <PAMRasterBand band="2">
    <Description>Band_2</Description>
    <Histograms>
      <HistItem>
        <HistMin>0.03350000083446503</HistMin>
        <HistMax>0.2602500021457672</HistMax>
        <BucketCount>256</BucketCount>
        <IncludeOutOfRange>1</IncludeOutOfRange>
        <Approximate>0</Approximate>
        <HistCounts>3|8|4|10|14|19|17|21|27|17|19|15|26|19|21|34|42|28|25|26|24|30|25|37|19|21|29|33|47|34|34|26|30|12|18|14|4|3|4|4|1|5|2|4|0|1|0|3|1|1|0|2|1|0|3|4|4|2|1|5|3|7|8|3|10|2|7|5|2|8|4|5|12|2|5|12|13|5|7|13|8|16|12|7|9|9|13|7|13|13|5|13|7|16|12|14|8|9|6|14|8|12|7|9|11|12|4|3|6|4|3|4|9|16|5|3|8|7|8|4|6|3|9|5|9|7|8|12|7|7|5|6|15|5|6|3|12|3|14|3|6|2|6|5|4|3|5|5|3|11|2|2|3|1|4|0|1|2|4|5|2|2|4|0|0|3|1|2|1|0|4|0|1|0|0|0|1|0|0|2|0|1|0|1|0|2|1|0|0|1|1|1|0|0|1|2|1|0|0|2|0|0|1|1|1|0|1|0|2|3|0|0|0|2|0|1|2|0|0|2|0|0|0|0|0|0|0|0|0|0|0|0|0|0|0|0|0|0|1|0|1|0|0|0|0|0|1|0|0|0|0|1|0|0|0|1</HistCounts>
      </HistItem>
    </Histograms>
    <Metadata>
      <MDI key="BandName">Band_2</MDI>
      <MDI key="RepresentationType">ATHEMATIC</MDI>
      <MDI key="STATISTICS_COVARIANCES">-0.00124722120285653,0.002061606595089692,0.001213329459276793</MDI>
      <MDI key="STATISTICS_EXCLUDEDVALUES"></MDI>
      <MDI key="STATISTICS_MAXIMUM">0.26025000214577</MDI>
      <MDI key="STATISTICS_MEAN">0.089920309481381</MDI>
      <MDI key="STATISTICS_MEDIAN">0.064623</MDI>
      <MDI key="STATISTICS_MINIMUM">0.033500000834465</MDI>
      <MDI key="STATISTICS_SKIPFACTORX">1</MDI>
      <MDI key="STATISTICS_SKIPFACTORY">1</MDI>
      <MDI key="STATISTICS_STDDEV">0.045404918181731</MDI>
    </Metadata>
  </PAMRasterBand>
  <PAMRasterBand band="3">
    <Description>Band_3</Description>
    <Histograms>
      <HistItem>
        <HistMin>0.08950000256299973</HistMin>
        <HistMax>0.2552500069141388</HistMax>
        <BucketCount>256</BucketCount>
        <IncludeOutOfRange>1</IncludeOutOfRange>
        <Approximate>0</Approximate>
        <HistCounts>1|4|4|11|1|7|10|3|15|5|13|14|18|18|16|23|21|18|19|18|21|39|13|17|12|32|20|14|24|21|31|23|5|22|17|28|25|9|21|12|19|34|16|17|11|22|25|22|10|10|19|9|18|8|6|11|13|7|8|7|11|6|11|8|4|7|12|5|4|6|9|9|13|16|10|7|9|14|8|4|19|12|13|15|11|10|8|23|13|8|11|15|5|12|9|13|9|6|11|10|7|8|3|7|5|3|9|7|5|5|2|20|8|12|16|6|9|4|8|3|10|10|5|14|4|4|11|1|5|5|6|3|4|4|0|3|6|2|3|1|0|2|0|1|0|1|0|1|5|0|0|0|0|1|0|1|1|0|3|4|0|1|0|0|1|0|0|0|0|0|1|0|0|1|0|0|0|0|2|0|0|2|0|1|1|0|1|0|4|2|1|0|0|2|0|0|0|0|1|2|2|0|0|0|0|1|0|0|0|0|2|0|0|1|0|0|0|0|0|0|0|0|0|1|0|0|0|0|0|0|0|3|1|0|0|0|0|0|0|1|0|0|0|0|0|0|0|0|0|0|0|0|0|0|0|1</HistCounts>
      </HistItem>
    </Histograms>
    <Metadata>
      <MDI key="BandName">Band_3</MDI>
      <MDI key="RepresentationType">ATHEMATIC</MDI>
      <MDI key="STATISTICS_COVARIANCES">-0.0005981869355394939,0.001213329459276793,0.000749419163263783</MDI>
      <MDI key="STATISTICS_EXCLUDEDVALUES"></MDI>
      <MDI key="STATISTICS_MAXIMUM">0.25525000691414</MDI>
      <MDI key="STATISTICS_MEAN">0.12946448098296</MDI>
      <MDI key="STATISTICS_MEDIAN">0.121350</MDI>
      <MDI key="STATISTICS_MINIMUM">0.089500002563</MDI>
      <MDI key="STATISTICS_SKIPFACTORX">1</MDI>
      <MDI key="STATISTICS_SKIPFACTORY">1</MDI>
      <MDI key="STATISTICS_STDDEV">0.027375521241865</MDI>
    </Metadata>
  </PAMRasterBand>
</PAMDataset>
