<PAMDataset>
  <Metadata>
    <MDI key="DataType">Generic</MDI>
  </Metadata>
  <PAMRasterBand band="1">
    <Description>Band_1</Description>
    <Histograms>
      <HistItem>
        <HistMin>0.6240000128746033</HistMin>
        <HistMax>0.9232222437858582</HistMax>
        <BucketCount>256</BucketCount>
        <IncludeOutOfRange>1</IncludeOutOfRange>
        <Approximate>0</Approximate>
        <HistCounts>1|0|0|0|0|0|0|0|0|0|0|0|0|0|0|1|0|0|0|0|0|0|0|0|0|0|0|0|0|1|0|0|0|0|0|1|0|0|0|0|0|1|0|0|0|0|0|0|1|0|0|0|1|0|0|0|0|0|0|0|0|0|0|0|0|0|0|0|0|0|0|0|0|0|0|1|0|0|0|0|0|0|0|0|1|1|0|0|0|1|0|0|0|0|1|1|0|0|0|0|1|0|1|0|0|0|0|0|0|1|0|1|2|2|0|1|5|3|0|3|0|0|1|1|0|5|2|4|4|7|1|1|7|1|6|3|3|2|8|7|1|11|18|13|10|14|12|5|12|11|13|21|20|12|7|20|13|15|14|8|15|13|10|14|15|15|6|13|12|13|5|8|5|0|19|11|10|11|14|3|13|16|5|3|7|6|12|12|7|10|8|15|7|4|4|5|5|1|5|10|4|7|9|7|4|5|7|5|6|6|4|4|4|0|8|5|6|10|5|4|4|3|4|0|8|4|5|1|2|4|0|3|3|0|1|5|3|0|2|0|3|3|1|1|0|0|0|1|2|1|0|6|10|7|2|1</HistCounts>
      </HistItem>
    </Histograms>
    <Metadata>
      <MDI key="BandName">Band_1</MDI>
      <MDI key="RepresentationType">ATHEMATIC</MDI>
      <MDI key="STATISTICS_COVARIANCES">0.001635422182112008,-0.0003676687444994816,-0.0001990192393632624</MDI>
      <MDI key="STATISTICS_EXCLUDEDVALUES"></MDI>
      <MDI key="STATISTICS_MAXIMUM">0.92322224378586</MDI>
      <MDI key="STATISTICS_MEAN">0.82784750048981</MDI>
      <MDI key="STATISTICS_MEDIAN">0.821135</MDI>
      <MDI key="STATISTICS_MINIMUM">0.6240000128746</MDI>
      <MDI key="STATISTICS_SKIPFACTORX">1</MDI>
      <MDI key="STATISTICS_SKIPFACTORY">1</MDI>
      <MDI key="STATISTICS_STDDEV">0.040440353387576</MDI>
    </Metadata>
  </PAMRasterBand>
  <PAMRasterBand band="2">
    <Description>Band_2</Description>
    <Histograms>
      <HistItem>
        <HistMin>0.0572500005364418</HistMin>
        <HistMax>0.3754999935626984</HistMax>
        <BucketCount>256</BucketCount>
        <IncludeOutOfRange>1</IncludeOutOfRange>
        <Approximate>0</Approximate>
        <HistCounts>3|0|1|6|1|6|5|14|20|32|23|30|24|34|33|19|26|20|26|15|14|14|15|18|10|10|7|16|11|8|15|11|18|11|24|10|10|5|10|3|18|15|11|12|8|10|20|8|11|6|13|13|7|17|12|8|8|14|8|6|5|7|3|8|4|5|0|4|6|2|2|5|4|1|0|0|0|0|2|2|2|3|0|0|0|1|0|1|0|0|0|2|1|0|0|2|3|1|2|0|0|0|0|0|0|3|1|0|1|0|0|2|0|0|0|0|0|0|0|0|0|0|0|0|0|0|0|0|0|0|0|0|0|0|0|0|0|0|1|0|0|0|0|0|0|0|0|2|0|0|0|0|0|0|0|0|0|0|0|0|0|0|0|0|0|0|0|0|0|0|0|0|0|0|0|0|0|0|1|0|1|0|0|0|0|0|0|0|0|0|0|0|0|0|0|0|0|0|0|0|0|2|0|0|0|0|1|1|0|0|0|0|0|0|0|0|2|1|1|1|0|0|0|0|0|1|0|1|0|0|0|1|0|2|0|2|0|0|0|1|0|0|0|0|0|0|0|1|0|0|0|1|0|0|0|1</HistCounts>
      </HistItem>
    </Histograms>
    <Metadata>
      <MDI key="BandName">Band_2</MDI>
      <MDI key="RepresentationType">ATHEMATIC</MDI>
      <MDI key="STATISTICS_COVARIANCES">-0.0003676687444994816,0.002056860887926747,0.001305232463088449</MDI>
      <MDI key="STATISTICS_EXCLUDEDVALUES"></MDI>
      <MDI key="STATISTICS_MAXIMUM">0.3754999935627</MDI>
      <MDI key="STATISTICS_MEAN">0.1038784226168</MDI>
      <MDI key="STATISTICS_MEDIAN">0.093443</MDI>
      <MDI key="STATISTICS_MINIMUM">0.057250000536442</MDI>
      <MDI key="STATISTICS_SKIPFACTORX">1</MDI>
      <MDI key="STATISTICS_SKIPFACTORY">1</MDI>
      <MDI key="STATISTICS_STDDEV">0.045352628236153</MDI>
    </Metadata>
  </PAMRasterBand>
  <PAMRasterBand band="3">
    <Description>Band_3</Description>
    <Histograms>
      <HistItem>
        <HistMin>0.09324999898672104</HistMin>
        <HistMax>0.3102500140666962</HistMax>
        <BucketCount>256</BucketCount>
        <IncludeOutOfRange>1</IncludeOutOfRange>
        <Approximate>0</Approximate>
        <HistCounts>1|0|0|0|0|0|1|2|0|1|0|0|0|0|0|0|0|6|4|6|8|2|23|24|35|31|32|37|29|19|15|18|21|12|16|17|14|19|17|19|10|10|8|10|21|8|18|12|8|18|12|7|9|6|14|2|20|9|10|13|16|14|13|13|16|16|7|7|6|10|14|9|9|2|8|2|9|2|5|4|2|2|5|2|3|1|1|0|7|0|2|2|0|2|0|0|2|0|0|1|0|1|1|0|0|1|3|0|2|2|0|0|0|0|0|3|0|0|1|1|1|0|0|0|0|0|0|2|0|1|0|0|1|0|0|0|0|0|0|0|0|0|1|0|0|0|0|0|0|0|0|0|0|2|0|0|0|0|0|0|0|0|0|0|0|0|0|0|0|1|0|0|0|0|1|0|0|0|0|0|0|0|0|0|0|0|0|0|0|0|0|0|1|0|0|0|1|0|0|1|0|0|0|0|1|0|0|0|0|1|0|0|2|0|2|0|1|1|0|0|1|0|0|0|0|0|0|0|0|0|1|0|1|2|0|0|0|0|2|0|0|0|0|0|0|0|0|0|0|0|1|0|0|0|0|1</HistCounts>
      </HistItem>
    </Histograms>
    <Metadata>
      <MDI key="BandName">Band_3</MDI>
      <MDI key="RepresentationType">ATHEMATIC</MDI>
      <MDI key="STATISTICS_COVARIANCES">-0.0001990192393632624,0.001305232463088449,0.0008390613041385109</MDI>
      <MDI key="STATISTICS_EXCLUDEDVALUES"></MDI>
      <MDI key="STATISTICS_MAXIMUM">0.3102500140667</MDI>
      <MDI key="STATISTICS_MEAN">0.13634912390568</MDI>
      <MDI key="STATISTICS_MEDIAN">0.128991</MDI>
      <MDI key="STATISTICS_MINIMUM">0.093249998986721</MDI>
      <MDI key="STATISTICS_SKIPFACTORX">1</MDI>
      <MDI key="STATISTICS_SKIPFACTORY">1</MDI>
      <MDI key="STATISTICS_STDDEV">0.028966554923541</MDI>
    </Metadata>
  </PAMRasterBand>
</PAMDataset>
