<PAMDataset>
  <Metadata>
    <MDI key="DataType">Generic</MDI>
  </Metadata>
  <PAMRasterBand band="1">
    <Description>Band_1</Description>
    <Histograms>
      <HistItem>
        <HistMin>0.6050000190734863</HistMin>
        <HistMax>0.9226852059364319</HistMax>
        <BucketCount>256</BucketCount>
        <IncludeOutOfRange>1</IncludeOutOfRange>
        <Approximate>0</Approximate>
        <HistCounts>1|0|0|0|0|0|0|0|1|0|0|0|0|0|0|3|1|0|0|0|0|0|0|0|0|0|1|0|0|0|1|0|0|0|0|0|0|0|0|0|0|0|0|0|1|0|0|0|0|0|0|0|0|0|0|2|3|0|0|0|2|0|2|0|0|1|1|0|0|0|0|0|0|2|0|1|2|0|1|1|3|1|0|1|4|2|1|5|1|2|2|0|4|2|1|2|2|1|1|1|2|2|1|0|3|2|3|8|7|3|11|13|1|4|8|3|6|5|6|4|13|12|13|16|8|10|15|9|12|12|11|8|8|11|11|7|11|14|10|15|7|17|12|15|6|13|18|28|14|16|22|26|28|24|27|34|30|24|19|51|20|33|32|25|29|21|31|20|18|19|24|22|30|18|32|23|22|22|15|18|7|9|13|12|16|14|23|17|10|16|19|16|21|14|23|16|23|10|26|11|16|15|12|18|12|10|10|11|11|9|13|6|2|13|7|6|6|6|7|7|3|6|5|1|3|3|1|2|1|0|0|1|0|4|1|3|1|2|0|1|1|1|2|4|2|2|0|0|2|0|0|3|2|10|2|1</HistCounts>
      </HistItem>
    </Histograms>
    <Metadata>
      <MDI key="BandName">Band_1</MDI>
      <MDI key="RepresentationType">ATHEMATIC</MDI>
      <MDI key="STATISTICS_COVARIANCES">0.001839148823019486,-0.0005754657826074955,-0.0003134207801290973</MDI>
      <MDI key="STATISTICS_EXCLUDEDVALUES"></MDI>
      <MDI key="STATISTICS_MAXIMUM">0.92268520593643</MDI>
      <MDI key="STATISTICS_MEAN">0.81030461930412</MDI>
      <MDI key="STATISTICS_MEDIAN">0.809315</MDI>
      <MDI key="STATISTICS_MINIMUM">0.60500001907349</MDI>
      <MDI key="STATISTICS_SKIPFACTORX">1</MDI>
      <MDI key="STATISTICS_SKIPFACTORY">1</MDI>
      <MDI key="STATISTICS_STDDEV">0.04288529844853</MDI>
    </Metadata>
  </PAMRasterBand>
  <PAMRasterBand band="2">
    <Description>Band_2</Description>
    <Histograms>
      <HistItem>
        <HistMin>0.06199999898672104</HistMin>
        <HistMax>0.296999990940094</HistMax>
        <BucketCount>256</BucketCount>
        <IncludeOutOfRange>1</IncludeOutOfRange>
        <Approximate>0</Approximate>
        <HistCounts>3|0|1|3|2|5|3|4|4|2|7|10|4|7|5|3|8|6|3|6|1|7|0|4|2|3|5|3|3|7|2|1|3|2|4|4|1|7|2|8|5|5|10|7|8|14|27|12|18|15|19|24|29|19|28|31|27|15|20|29|18|28|49|24|35|23|26|33|29|33|17|25|33|28|36|58|28|46|64|44|54|56|40|41|36|39|26|24|37|14|22|12|13|17|13|8|10|9|2|8|8|10|8|8|11|5|4|7|0|3|4|3|6|4|1|2|1|1|5|2|2|0|2|2|2|1|0|0|4|0|1|0|1|2|2|2|2|0|1|2|0|2|0|0|1|0|2|1|1|1|2|0|1|0|3|2|3|1|2|3|0|3|0|0|0|1|0|1|0|0|1|0|1|0|0|3|0|5|0|0|0|0|0|2|0|2|1|1|0|0|0|0|0|0|3|0|1|0|1|0|0|0|0|0|0|0|1|0|2|1|1|0|1|0|0|0|0|1|3|2|0|5|2|0|1|0|0|0|0|0|0|0|1|0|1|0|0|0|0|0|0|0|0|0|0|0|0|0|0|0|0|1|0|0|0|1</HistCounts>
      </HistItem>
    </Histograms>
    <Metadata>
      <MDI key="BandName">Band_2</MDI>
      <MDI key="RepresentationType">ATHEMATIC</MDI>
      <MDI key="STATISTICS_COVARIANCES">-0.0005754657826074955,0.0008763440857895537,0.000569655506689276</MDI>
      <MDI key="STATISTICS_EXCLUDEDVALUES"></MDI>
      <MDI key="STATISTICS_MAXIMUM">0.29699999094009</MDI>
      <MDI key="STATISTICS_MEAN">0.13046214540194</MDI>
      <MDI key="STATISTICS_MEDIAN">0.130196</MDI>
      <MDI key="STATISTICS_MINIMUM">0.061999998986721</MDI>
      <MDI key="STATISTICS_SKIPFACTORX">1</MDI>
      <MDI key="STATISTICS_SKIPFACTORY">1</MDI>
      <MDI key="STATISTICS_STDDEV">0.02960310939394</MDI>
    </Metadata>
  </PAMRasterBand>
  <PAMRasterBand band="3">
    <Description>Band_3</Description>
    <Histograms>
      <HistItem>
        <HistMin>0.1132500022649765</HistMin>
        <HistMax>0.2669999897480011</HistMax>
        <BucketCount>256</BucketCount>
        <IncludeOutOfRange>1</IncludeOutOfRange>
        <Approximate>0</Approximate>
        <HistCounts>4|1|0|5|4|3|3|8|4|5|1|4|3|4|2|6|2|7|3|12|7|6|3|3|2|4|6|5|3|6|2|1|1|4|2|2|4|4|5|6|3|3|3|3|6|5|21|6|4|5|6|12|5|14|7|11|11|1|9|3|9|7|10|15|8|13|10|8|12|9|11|15|21|12|11|26|13|29|20|21|44|16|31|24|40|30|38|46|29|63|43|41|63|43|61|39|42|49|33|58|20|35|37|21|26|25|23|16|7|14|6|21|7|7|4|6|17|3|5|8|3|4|4|5|3|5|4|3|7|0|3|4|6|5|2|2|6|0|1|1|2|0|5|3|0|1|0|2|0|2|2|0|1|4|3|0|1|0|1|1|2|0|3|1|1|1|1|2|2|2|2|3|0|2|2|0|0|0|1|1|0|0|0|0|0|2|0|0|0|1|0|0|0|0|0|0|0|1|1|0|2|1|0|0|0|0|0|0|0|1|0|2|0|1|1|0|0|0|2|1|0|1|2|0|2|1|0|3|0|2|0|1|0|0|0|1|0|0|0|0|0|0|0|0|0|0|0|0|0|0|1|0|0|0|0|1</HistCounts>
      </HistItem>
    </Histograms>
    <Metadata>
      <MDI key="BandName">Band_3</MDI>
      <MDI key="RepresentationType">ATHEMATIC</MDI>
      <MDI key="STATISTICS_COVARIANCES">-0.0003134207801290973,0.000569655506689276,0.0004056888708708283</MDI>
      <MDI key="STATISTICS_EXCLUDEDVALUES"></MDI>
      <MDI key="STATISTICS_MAXIMUM">0.266999989748</MDI>
      <MDI key="STATISTICS_MEAN">0.16582932062507</MDI>
      <MDI key="STATISTICS_MEDIAN">0.166912</MDI>
      <MDI key="STATISTICS_MINIMUM">0.11325000226498</MDI>
      <MDI key="STATISTICS_SKIPFACTORX">1</MDI>
      <MDI key="STATISTICS_SKIPFACTORY">1</MDI>
      <MDI key="STATISTICS_STDDEV">0.020141719660218</MDI>
    </Metadata>
  </PAMRasterBand>
</PAMDataset>
