<PAMDataset>
  <Metadata>
    <MDI key="DataType">Generic</MDI>
  </Metadata>
  <PAMRasterBand band="1">
    <Description>Band_1</Description>
    <Histograms>
      <HistItem>
        <HistMin>0.5210000276565552</HistMin>
        <HistMax>0.9317036867141724</HistMax>
        <BucketCount>256</BucketCount>
        <IncludeOutOfRange>1</IncludeOutOfRange>
        <Approximate>0</Approximate>
        <HistCounts>1|0|0|0|0|0|0|0|0|0|0|0|0|0|0|0|0|0|0|0|0|0|0|0|0|0|0|0|0|0|0|0|0|0|0|0|0|0|0|0|0|0|0|0|0|0|0|0|0|0|0|0|0|0|0|0|0|0|0|0|0|0|0|0|0|0|0|0|0|0|0|0|0|0|0|0|0|0|0|0|0|0|0|0|1|0|0|1|1|0|0|0|2|1|0|0|1|0|0|0|0|0|0|0|2|0|2|0|0|1|0|0|1|0|5|0|0|4|0|0|0|2|2|4|2|3|2|1|1|1|0|1|2|0|0|0|0|3|0|2|1|0|2|0|3|2|2|1|0|3|2|2|3|0|1|3|0|5|4|5|3|3|3|9|3|4|8|12|4|10|7|12|10|15|16|5|14|21|13|11|17|12|18|29|20|20|20|16|9|22|16|19|23|25|17|13|32|28|19|24|21|26|22|27|20|24|23|22|27|23|28|34|29|22|30|33|32|29|17|23|31|26|27|20|25|14|39|23|16|12|20|28|28|17|14|13|6|15|14|12|13|11|11|11|17|12|6|42|83|57|17|12|5|7|7|1</HistCounts>
      </HistItem>
    </Histograms>
    <Metadata>
      <MDI key="BandName">Band_1</MDI>
      <MDI key="RepresentationType">ATHEMATIC</MDI>
      <MDI key="STATISTICS_COVARIANCES">0.002240066272292296,0.0003217755752460436,0.0003259504157036984</MDI>
      <MDI key="STATISTICS_EXCLUDEDVALUES"></MDI>
      <MDI key="STATISTICS_MAXIMUM">0.93170368671417</MDI>
      <MDI key="STATISTICS_MEAN">0.85736414626508</MDI>
      <MDI key="STATISTICS_MEDIAN">0.860837</MDI>
      <MDI key="STATISTICS_MINIMUM">0.52100002765656</MDI>
      <MDI key="STATISTICS_SKIPFACTORX">1</MDI>
      <MDI key="STATISTICS_SKIPFACTORY">1</MDI>
      <MDI key="STATISTICS_STDDEV">0.047329338388491</MDI>
    </Metadata>
  </PAMRasterBand>
  <PAMRasterBand band="2">
    <Description>Band_2</Description>
    <Histograms>
      <HistItem>
        <HistMin>0.06049999967217445</HistMin>
        <HistMax>0.332749992609024</HistMax>
        <BucketCount>256</BucketCount>
        <IncludeOutOfRange>1</IncludeOutOfRange>
        <Approximate>0</Approximate>
        <HistCounts>1|0|0|4|2|9|7|8|4|16|10|16|13|17|29|18|18|16|16|25|18|22|29|19|18|21|19|14|24|30|17|24|20|28|11|12|10|11|24|15|17|6|16|9|36|12|24|15|23|10|16|21|16|13|22|15|17|11|16|30|21|17|21|22|20|19|33|17|20|23|27|25|29|19|25|18|23|33|22|21|31|25|31|26|15|26|13|21|34|13|13|14|16|8|9|11|16|17|13|5|2|2|10|7|10|8|8|11|1|2|2|0|0|1|0|0|1|2|0|1|1|6|4|0|0|1|1|2|0|0|1|0|0|1|0|0|1|0|0|0|1|0|0|1|2|2|2|0|0|0|0|0|0|1|0|0|0|0|0|0|1|0|0|0|3|0|0|0|1|0|1|2|0|2|0|0|0|0|0|0|1|1|0|0|0|2|0|1|0|0|4|0|0|0|0|0|0|0|0|0|0|0|0|0|0|0|1|0|0|2|1|0|0|0|0|0|0|0|0|0|0|0|0|0|1|0|0|0|0|0|0|0|0|0|0|0|0|0|0|0|0|0|0|0|0|0|1|0|0|1|0|0|0|0|0|1</HistCounts>
      </HistItem>
    </Histograms>
    <Metadata>
      <MDI key="BandName">Band_2</MDI>
      <MDI key="RepresentationType">ATHEMATIC</MDI>
      <MDI key="STATISTICS_COVARIANCES">0.0003217755752460436,0.001230179935366644,0.0008550084225783241</MDI>
      <MDI key="STATISTICS_EXCLUDEDVALUES"></MDI>
      <MDI key="STATISTICS_MAXIMUM">0.33274999260902</MDI>
      <MDI key="STATISTICS_MEAN">0.12317951436822</MDI>
      <MDI key="STATISTICS_MEDIAN">0.123491</MDI>
      <MDI key="STATISTICS_MINIMUM">0.060499999672174</MDI>
      <MDI key="STATISTICS_SKIPFACTORX">1</MDI>
      <MDI key="STATISTICS_SKIPFACTORY">1</MDI>
      <MDI key="STATISTICS_STDDEV">0.035073921015003</MDI>
    </Metadata>
  </PAMRasterBand>
  <PAMRasterBand band="3">
    <Description>Band_3</Description>
    <Histograms>
      <HistItem>
        <HistMin>0.1027500033378601</HistMin>
        <HistMax>0.3502500057220459</HistMax>
        <BucketCount>256</BucketCount>
        <IncludeOutOfRange>1</IncludeOutOfRange>
        <Approximate>0</Approximate>
        <HistCounts>4|1|5|3|7|8|12|19|27|28|20|32|32|35|33|29|21|33|24|33|36|40|17|30|24|6|14|21|18|11|29|21|27|21|19|27|22|15|15|21|21|12|10|18|23|27|30|29|39|23|19|17|32|36|33|31|42|30|52|27|35|26|41|40|26|22|30|17|26|28|24|21|15|16|18|6|4|10|9|17|5|6|5|1|0|2|2|3|0|2|1|2|0|1|0|1|3|4|0|0|0|0|1|0|0|3|1|1|1|1|0|0|1|0|0|0|1|0|0|1|0|0|0|2|2|1|0|0|0|1|3|0|0|1|0|0|4|1|0|0|0|0|0|0|0|0|0|0|0|0|0|0|0|0|0|0|0|0|0|0|0|0|0|0|1|1|0|1|0|0|1|0|0|0|0|0|0|0|0|1|0|0|0|0|0|0|0|0|0|0|0|0|0|0|0|0|0|0|0|0|0|1|0|0|0|0|1|0|0|0|0|0|0|0|0|0|0|0|0|0|0|0|0|0|0|0|0|0|0|0|0|0|0|0|0|0|0|0|0|0|0|0|0|0|0|0|0|0|0|0|0|0|0|0|0|1</HistCounts>
      </HistItem>
    </Histograms>
    <Metadata>
      <MDI key="BandName">Band_3</MDI>
      <MDI key="RepresentationType">ATHEMATIC</MDI>
      <MDI key="STATISTICS_COVARIANCES">0.0003259504157036984,0.0008550084225783241,0.000608048263078167</MDI>
      <MDI key="STATISTICS_EXCLUDEDVALUES"></MDI>
      <MDI key="STATISTICS_MAXIMUM">0.35025000572205</MDI>
      <MDI key="STATISTICS_MEAN">0.14549815203943</MDI>
      <MDI key="STATISTICS_MEDIAN">0.146426</MDI>
      <MDI key="STATISTICS_MINIMUM">0.10275000333786</MDI>
      <MDI key="STATISTICS_SKIPFACTORX">1</MDI>
      <MDI key="STATISTICS_SKIPFACTORY">1</MDI>
      <MDI key="STATISTICS_STDDEV">0.024658634655596</MDI>
    </Metadata>
  </PAMRasterBand>
</PAMDataset>
