<PAMDataset>
  <Metadata>
    <MDI key="DataType">Generic</MDI>
  </Metadata>
  <PAMRasterBand band="1">
    <Description>Band_1</Description>
    <Histograms>
      <HistItem>
        <HistMin>0.4404999911785126</HistMin>
        <HistMax>0.9280555844306946</HistMax>
        <BucketCount>256</BucketCount>
        <IncludeOutOfRange>1</IncludeOutOfRange>
        <Approximate>0</Approximate>
        <HistCounts>1|0|0|0|0|1|0|0|0|0|0|0|0|0|0|0|0|0|0|0|0|0|0|0|0|1|0|0|0|0|0|0|0|0|0|0|0|0|0|0|2|0|0|0|0|0|0|1|2|0|0|0|0|2|0|0|1|0|0|1|0|0|0|0|0|0|1|0|0|0|0|2|0|0|0|0|0|0|0|0|0|0|0|0|0|1|2|0|0|0|0|1|0|0|2|1|0|0|0|0|1|0|0|2|0|0|0|0|0|0|0|0|0|0|1|0|2|1|2|2|0|3|3|0|0|0|0|0|0|0|0|1|0|3|0|0|1|0|0|1|2|2|1|2|0|0|0|0|0|1|1|1|1|2|0|2|0|0|0|3|1|3|1|2|2|1|1|3|0|3|0|3|2|4|1|2|2|4|2|0|2|2|1|1|1|1|4|6|2|3|2|4|4|6|7|4|5|3|4|7|5|6|4|13|13|9|14|11|17|17|15|20|15|19|25|12|28|11|20|25|27|21|16|39|24|34|43|36|49|47|60|60|33|44|39|36|47|62|28|39|40|46|57|50|36|36|47|27|32|33|126|314|176|98|11|1</HistCounts>
      </HistItem>
    </Histograms>
    <Metadata>
      <MDI key="BandName">Band_1</MDI>
      <MDI key="RepresentationType">ATHEMATIC</MDI>
      <MDI key="STATISTICS_COVARIANCES">0.002813948864521622,-0.000637533318484741,-0.0003017642923728513</MDI>
      <MDI key="STATISTICS_EXCLUDEDVALUES"></MDI>
      <MDI key="STATISTICS_MAXIMUM">0.92805558443069</MDI>
      <MDI key="STATISTICS_MEAN">0.88391993612076</MDI>
      <MDI key="STATISTICS_MEDIAN">0.895552</MDI>
      <MDI key="STATISTICS_MINIMUM">0.44049999117851</MDI>
      <MDI key="STATISTICS_SKIPFACTORX">1</MDI>
      <MDI key="STATISTICS_SKIPFACTORY">1</MDI>
      <MDI key="STATISTICS_STDDEV">0.053046666855907</MDI>
    </Metadata>
  </PAMRasterBand>
  <PAMRasterBand band="2">
    <Description>Band_2</Description>
    <Histograms>
      <HistItem>
        <HistMin>0.07975000143051147</HistMin>
        <HistMax>0.3107500076293945</HistMax>
        <BucketCount>256</BucketCount>
        <IncludeOutOfRange>1</IncludeOutOfRange>
        <Approximate>0</Approximate>
        <HistCounts>3|4|0|4|2|0|0|0|0|3|1|4|4|9|19|21|22|24|27|36|68|58|77|69|96|80|75|76|88|76|76|79|78|73|49|63|66|63|63|56|67|52|51|52|48|39|46|13|25|32|20|32|25|16|16|7|19|8|5|3|8|5|5|5|5|3|5|4|4|0|3|2|6|4|5|7|2|4|0|1|1|1|4|1|0|1|1|0|4|5|3|2|1|0|1|3|2|2|2|0|5|1|0|3|0|0|2|0|0|0|0|1|1|0|0|0|1|0|0|0|0|0|1|0|1|3|1|1|0|0|0|2|2|2|2|2|0|0|0|2|0|1|0|2|1|2|1|3|1|4|2|1|3|1|0|2|1|0|0|0|0|0|0|2|1|1|0|0|5|0|0|0|1|1|0|2|0|0|0|0|0|0|0|0|0|3|0|0|0|1|0|0|0|0|2|0|0|0|0|0|0|1|0|0|1|0|0|0|0|0|0|0|0|0|0|0|0|0|2|0|0|0|0|0|0|0|0|0|0|0|0|0|0|0|0|0|0|0|0|0|0|0|0|0|0|0|0|0|0|0|0|0|0|0|0|1</HistCounts>
      </HistItem>
    </Histograms>
    <Metadata>
      <MDI key="BandName">Band_2</MDI>
      <MDI key="RepresentationType">ATHEMATIC</MDI>
      <MDI key="STATISTICS_COVARIANCES">-0.000637533318484741,0.0005264625071347283,0.0003037263270977572</MDI>
      <MDI key="STATISTICS_EXCLUDEDVALUES"></MDI>
      <MDI key="STATISTICS_MAXIMUM">0.31075000762939</MDI>
      <MDI key="STATISTICS_MEAN">0.11496158686133</MDI>
      <MDI key="STATISTICS_MEDIAN">0.109644</MDI>
      <MDI key="STATISTICS_MINIMUM">0.079750001430511</MDI>
      <MDI key="STATISTICS_SKIPFACTORX">1</MDI>
      <MDI key="STATISTICS_SKIPFACTORY">1</MDI>
      <MDI key="STATISTICS_STDDEV">0.02294477080153</MDI>
    </Metadata>
  </PAMRasterBand>
  <PAMRasterBand band="3">
    <Description>Band_3</Description>
    <Histograms>
      <HistItem>
        <HistMin>0.1230000033974648</HistMin>
        <HistMax>0.2680000066757202</HistMax>
        <BucketCount>256</BucketCount>
        <IncludeOutOfRange>1</IncludeOutOfRange>
        <Approximate>0</Approximate>
        <HistCounts>4|0|0|0|0|2|0|0|2|0|3|0|1|1|1|1|0|0|0|1|0|2|2|4|1|0|0|13|3|7|5|6|13|17|23|15|42|36|33|50|47|38|53|66|59|68|68|90|62|64|75|77|58|58|96|58|60|50|72|45|41|44|47|43|38|54|35|33|32|60|31|24|37|9|17|32|22|8|11|6|16|2|15|1|9|4|6|2|1|1|2|5|3|7|2|6|2|3|2|2|1|4|6|1|3|1|3|2|0|0|1|0|0|2|0|0|3|4|2|1|7|0|0|4|0|0|1|1|0|0|1|1|2|0|0|0|2|1|3|1|1|2|0|0|2|3|3|0|0|2|2|1|0|3|3|1|2|1|3|2|3|1|0|1|0|1|1|2|0|0|0|0|0|0|1|0|1|0|1|0|0|2|0|0|0|2|0|0|0|2|0|0|0|1|0|0|0|0|0|0|0|0|2|0|0|0|0|0|2|0|1|0|0|0|0|0|0|0|0|1|0|0|0|0|0|0|0|0|0|0|0|0|0|0|0|0|0|0|0|0|0|0|0|0|0|0|0|0|0|0|0|0|0|0|0|1</HistCounts>
      </HistItem>
    </Histograms>
    <Metadata>
      <MDI key="BandName">Band_3</MDI>
      <MDI key="RepresentationType">ATHEMATIC</MDI>
      <MDI key="STATISTICS_COVARIANCES">-0.0003017642923728513,0.0003037263270977572,0.000185764792790356</MDI>
      <MDI key="STATISTICS_EXCLUDEDVALUES"></MDI>
      <MDI key="STATISTICS_MAXIMUM">0.26800000667572</MDI>
      <MDI key="STATISTICS_MEAN">0.15636492446753</MDI>
      <MDI key="STATISTICS_MEDIAN">0.153706</MDI>
      <MDI key="STATISTICS_MINIMUM">0.12300000339746</MDI>
      <MDI key="STATISTICS_SKIPFACTORX">1</MDI>
      <MDI key="STATISTICS_SKIPFACTORY">1</MDI>
      <MDI key="STATISTICS_STDDEV">0.013629555854479</MDI>
    </Metadata>
  </PAMRasterBand>
</PAMDataset>
