<PAMDataset>
  <Metadata>
    <MDI key="DataType">Generic</MDI>
  </Metadata>
  <PAMRasterBand band="1">
    <Description>Band_1</Description>
    <Histograms>
      <HistItem>
        <HistMin>0.718500018119812</HistMin>
        <HistMax>0.9287037253379822</HistMax>
        <BucketCount>256</BucketCount>
        <IncludeOutOfRange>1</IncludeOutOfRange>
        <Approximate>0</Approximate>
        <HistCounts>2|0|0|0|0|0|0|0|0|0|0|0|0|0|0|0|0|0|0|1|1|0|0|0|0|0|0|0|0|0|0|0|1|0|0|0|0|0|1|0|0|0|1|2|0|1|0|0|0|1|1|0|0|0|0|0|0|3|1|2|3|0|2|1|0|0|0|3|0|0|0|2|1|0|1|0|0|4|2|0|4|4|4|0|1|3|2|0|1|0|5|2|0|1|1|2|2|0|1|4|2|2|2|0|1|3|2|3|1|2|0|0|3|1|2|4|3|3|1|2|4|3|3|3|2|3|1|7|3|4|4|1|6|6|2|3|3|5|3|0|1|10|6|2|6|5|3|5|8|5|6|4|9|1|5|5|5|9|6|12|2|4|4|7|9|7|2|5|13|3|6|9|13|5|7|10|2|12|7|8|5|9|2|19|6|16|4|7|14|8|6|13|8|12|11|15|6|13|7|5|5|4|8|6|5|16|6|3|6|8|8|8|10|5|2|9|2|3|5|7|2|6|2|8|7|9|6|6|6|0|7|7|1|1|4|4|6|10|1|0|0|3|6|3|29|37|25|25|23|8|5|3|0|0|0|1</HistCounts>
      </HistItem>
    </Histograms>
    <Metadata>
      <MDI key="BandName">Band_1</MDI>
      <MDI key="RepresentationType">ATHEMATIC</MDI>
      <MDI key="STATISTICS_COVARIANCES">0.001674269424858915,-0.0003402557387548048,-0.0001814720349734641</MDI>
      <MDI key="STATISTICS_EXCLUDEDVALUES"></MDI>
      <MDI key="STATISTICS_MAXIMUM">0.92870372533798</MDI>
      <MDI key="STATISTICS_MEAN">0.86935629598602</MDI>
      <MDI key="STATISTICS_MEDIAN">0.873474</MDI>
      <MDI key="STATISTICS_MINIMUM">0.71850001811981</MDI>
      <MDI key="STATISTICS_SKIPFACTORX">1</MDI>
      <MDI key="STATISTICS_SKIPFACTORY">1</MDI>
      <MDI key="STATISTICS_STDDEV">0.040917837490011</MDI>
    </Metadata>
  </PAMRasterBand>
  <PAMRasterBand band="2">
    <Description>Band_2</Description>
    <Histograms>
      <HistItem>
        <HistMin>0.07150000333786011</HistMin>
        <HistMax>0.2779999971389771</HistMax>
        <BucketCount>256</BucketCount>
        <IncludeOutOfRange>1</IncludeOutOfRange>
        <Approximate>0</Approximate>
        <HistCounts>1|8|8|8|27|17|10|21|22|14|13|18|11|8|14|21|14|19|11|13|17|11|15|17|16|17|15|5|5|7|8|14|14|10|9|7|10|19|7|12|11|18|9|21|7|18|12|15|9|10|17|5|3|19|9|9|6|6|6|6|4|5|10|2|4|11|10|9|7|5|2|4|5|4|5|6|7|3|9|8|7|8|3|9|3|11|7|5|0|1|6|2|4|0|4|2|2|0|3|7|4|1|0|1|1|1|1|4|0|1|2|0|1|0|4|2|0|1|2|2|1|0|2|0|0|4|0|0|1|0|4|0|0|1|2|0|0|2|1|0|0|0|0|2|0|1|1|0|0|1|1|0|1|0|0|1|0|0|0|1|0|1|1|0|0|0|0|0|2|0|0|0|0|0|0|2|0|0|0|0|0|0|0|0|0|1|0|0|0|0|1|0|0|0|0|0|0|0|0|0|0|0|0|0|0|0|0|0|0|0|0|0|0|0|0|0|0|0|0|0|0|0|0|0|0|1|0|0|0|0|0|0|0|0|0|0|0|0|0|0|0|0|0|0|0|0|0|0|0|0|0|0|0|0|0|1</HistCounts>
      </HistItem>
    </Histograms>
    <Metadata>
      <MDI key="BandName">Band_2</MDI>
      <MDI key="RepresentationType">ATHEMATIC</MDI>
      <MDI key="STATISTICS_COVARIANCES">-0.0003402557387548048,0.0007939385051473045,0.0004710548668448239</MDI>
      <MDI key="STATISTICS_EXCLUDEDVALUES"></MDI>
      <MDI key="STATISTICS_MAXIMUM">0.27799999713898</MDI>
      <MDI key="STATISTICS_MEAN">0.10781137275702</MDI>
      <MDI key="STATISTICS_MEDIAN">0.102273</MDI>
      <MDI key="STATISTICS_MINIMUM">0.07150000333786</MDI>
      <MDI key="STATISTICS_SKIPFACTORX">1</MDI>
      <MDI key="STATISTICS_SKIPFACTORY">1</MDI>
      <MDI key="STATISTICS_STDDEV">0.028176914400752</MDI>
    </Metadata>
  </PAMRasterBand>
  <PAMRasterBand band="3">
    <Description>Band_3</Description>
    <Histograms>
      <HistItem>
        <HistMin>0.1257500052452087</HistMin>
        <HistMax>0.25</HistMax>
        <BucketCount>256</BucketCount>
        <IncludeOutOfRange>1</IncludeOutOfRange>
        <Approximate>0</Approximate>
        <HistCounts>1|2|5|4|6|12|17|16|15|24|19|31|20|17|19|17|22|23|8|6|19|11|9|4|17|9|15|2|12|9|11|22|13|12|10|9|15|13|14|8|14|14|15|11|7|15|15|9|13|12|9|13|10|8|16|1|10|7|4|9|2|7|12|10|5|12|4|6|7|10|7|8|6|2|7|7|6|11|2|5|6|4|7|5|0|4|6|4|5|3|2|4|1|6|4|1|1|1|2|4|0|1|0|1|3|1|1|3|3|1|2|0|0|3|2|1|1|0|0|0|1|3|2|2|2|1|1|0|0|0|0|0|0|2|0|0|0|2|1|0|0|1|0|0|1|3|0|2|0|0|0|0|1|0|0|0|0|0|1|1|1|0|0|0|0|0|0|1|0|0|1|2|0|1|0|0|0|0|0|0|0|0|0|0|0|0|1|0|1|0|0|0|0|0|0|0|0|1|0|0|0|0|0|0|0|0|0|0|0|0|0|0|0|0|1|0|0|0|0|0|0|0|0|0|0|0|0|0|0|0|0|0|0|0|0|0|0|0|0|0|0|0|1|0|0|0|0|0|0|0|0|0|0|0|0|1</HistCounts>
      </HistItem>
    </Histograms>
    <Metadata>
      <MDI key="BandName">Band_3</MDI>
      <MDI key="RepresentationType">ATHEMATIC</MDI>
      <MDI key="STATISTICS_COVARIANCES">-0.0001814720349734641,0.0004710548668448239,0.0002849795189483076</MDI>
      <MDI key="STATISTICS_EXCLUDEDVALUES"></MDI>
      <MDI key="STATISTICS_MAXIMUM">0.25</MDI>
      <MDI key="STATISTICS_MEAN">0.14762124262437</MDI>
      <MDI key="STATISTICS_MEDIAN">0.144266</MDI>
      <MDI key="STATISTICS_MINIMUM">0.12575000524521</MDI>
      <MDI key="STATISTICS_SKIPFACTORX">1</MDI>
      <MDI key="STATISTICS_SKIPFACTORY">1</MDI>
      <MDI key="STATISTICS_STDDEV">0.016881336408836</MDI>
    </Metadata>
  </PAMRasterBand>
</PAMDataset>
