<PAMDataset>
  <Metadata>
    <MDI key="DataType">Generic</MDI>
  </Metadata>
  <PAMRasterBand band="1">
    <Description>Band_1</Description>
    <Histograms>
      <HistItem>
        <HistMin>0.7584999799728394</HistMin>
        <HistMax>0.94007408618927</HistMax>
        <BucketCount>256</BucketCount>
        <IncludeOutOfRange>1</IncludeOutOfRange>
        <Approximate>0</Approximate>
        <HistCounts>1|0|0|0|0|0|0|0|0|0|0|0|0|0|2|0|0|0|0|0|0|0|0|0|0|0|0|1|0|0|0|0|0|0|0|0|0|0|2|0|0|0|0|2|0|0|2|0|2|0|0|2|0|2|0|0|0|2|0|0|1|0|0|0|0|2|0|2|1|0|0|2|0|0|0|0|0|0|0|0|0|0|0|0|0|0|0|0|1|1|0|0|0|0|1|0|0|3|1|1|1|1|0|1|0|0|0|0|1|0|1|1|2|1|2|2|3|5|4|4|6|4|1|4|3|3|2|6|5|8|10|7|6|8|2|11|9|3|4|2|4|5|12|2|3|11|10|7|7|14|8|2|5|13|16|12|5|8|11|12|7|10|10|9|7|6|11|10|15|17|18|10|15|10|10|17|15|3|20|15|13|15|7|16|10|23|20|5|9|14|12|9|13|8|16|17|7|22|7|16|9|6|13|8|3|13|7|24|6|10|5|12|10|8|15|3|4|2|7|3|15|5|4|18|3|0|18|90|47|36|44|18|17|16|9|13|3|7|1|1|1|1|1|1|1|0|0|0|0|0|0|0|0|0|0|1</HistCounts>
      </HistItem>
    </Histograms>
    <Metadata>
      <MDI key="BandName">Band_1</MDI>
      <MDI key="RepresentationType">ATHEMATIC</MDI>
      <MDI key="STATISTICS_COVARIANCES">0.0007822482058532693,-0.0001466054454609056,-1.290920490084791e-05</MDI>
      <MDI key="STATISTICS_EXCLUDEDVALUES"></MDI>
      <MDI key="STATISTICS_MAXIMUM">0.94007408618927</MDI>
      <MDI key="STATISTICS_MEAN">0.89065515109895</MDI>
      <MDI key="STATISTICS_MEDIAN">0.892366</MDI>
      <MDI key="STATISTICS_MINIMUM">0.75849997997284</MDI>
      <MDI key="STATISTICS_SKIPFACTORX">1</MDI>
      <MDI key="STATISTICS_SKIPFACTORY">1</MDI>
      <MDI key="STATISTICS_STDDEV">0.027968700467724</MDI>
    </Metadata>
  </PAMRasterBand>
  <PAMRasterBand band="2">
    <Description>Band_2</Description>
    <Histograms>
      <HistItem>
        <HistMin>0.07374999672174454</HistMin>
        <HistMax>0.5557500123977661</HistMax>
        <BucketCount>256</BucketCount>
        <IncludeOutOfRange>1</IncludeOutOfRange>
        <Approximate>0</Approximate>
        <HistCounts>7|18|25|59|63|100|102|102|140|116|139|122|98|60|38|42|21|9|6|11|8|8|10|4|3|3|4|0|1|1|0|0|0|2|0|0|0|0|0|1|0|2|0|0|0|0|1|3|0|0|0|0|0|0|0|1|2|3|2|2|4|0|0|0|4|2|0|0|0|0|2|0|0|1|0|0|0|0|0|0|1|0|0|0|2|1|0|1|0|0|2|0|0|0|0|0|0|1|0|0|0|0|0|0|0|0|1|0|0|0|0|0|0|0|1|0|1|1|0|0|0|0|0|0|0|0|0|0|0|0|0|0|0|0|0|0|0|0|0|0|0|0|0|0|0|0|0|0|0|0|0|0|0|0|0|0|0|0|0|0|0|0|0|0|0|0|0|0|0|0|0|0|0|1|0|0|0|0|0|0|0|0|0|0|0|0|0|0|0|0|0|0|0|0|0|0|0|0|0|0|0|0|0|0|1|0|0|0|0|0|0|0|0|0|0|0|0|0|0|0|0|0|0|0|0|0|0|0|0|0|0|0|0|0|0|0|0|0|0|0|0|0|0|0|0|0|0|0|0|0|0|0|0|0|0|1</HistCounts>
      </HistItem>
    </Histograms>
    <Metadata>
      <MDI key="BandName">Band_2</MDI>
      <MDI key="RepresentationType">ATHEMATIC</MDI>
      <MDI key="STATISTICS_COVARIANCES">-0.0001466054454609056,0.0008063633932469552,0.0005987081066241118</MDI>
      <MDI key="STATISTICS_EXCLUDEDVALUES"></MDI>
      <MDI key="STATISTICS_MAXIMUM">0.55575001239777</MDI>
      <MDI key="STATISTICS_MEAN">0.09633357717704</MDI>
      <MDI key="STATISTICS_MEDIAN">0.090762</MDI>
      <MDI key="STATISTICS_MINIMUM">0.073749996721745</MDI>
      <MDI key="STATISTICS_SKIPFACTORX">1</MDI>
      <MDI key="STATISTICS_SKIPFACTORY">1</MDI>
      <MDI key="STATISTICS_STDDEV">0.02839653840254</MDI>
    </Metadata>
  </PAMRasterBand>
  <PAMRasterBand band="3">
    <Description>Band_3</Description>
    <Histograms>
      <HistItem>
        <HistMin>0.1262499988079071</HistMin>
        <HistMax>0.5567499995231628</HistMax>
        <BucketCount>256</BucketCount>
        <IncludeOutOfRange>1</IncludeOutOfRange>
        <Approximate>0</Approximate>
        <HistCounts>5|10|30|88|117|126|110|98|73|79|95|71|48|102|67|52|39|44|17|12|9|10|6|5|1|4|0|1|0|2|0|1|2|0|1|0|2|2|0|5|3|1|1|8|0|0|0|0|0|0|0|0|0|0|0|0|0|2|0|0|2|0|1|0|0|0|1|0|1|0|0|1|0|0|1|2|1|0|0|0|0|0|0|0|2|0|0|0|0|0|1|0|0|0|0|0|2|0|0|0|0|0|0|0|0|0|0|0|0|0|0|0|0|0|0|0|0|0|0|0|0|0|0|0|0|0|0|0|0|0|0|0|0|0|0|0|0|0|1|0|0|0|0|0|0|0|0|0|0|0|0|0|0|0|0|0|0|0|0|0|0|0|0|0|0|0|0|0|0|1|0|0|0|0|0|0|0|0|0|0|0|0|0|0|0|0|0|0|0|0|0|0|0|0|0|0|0|0|0|0|0|0|0|0|0|0|0|0|0|0|0|0|0|0|0|0|0|0|0|0|0|0|0|0|0|0|0|0|0|0|0|0|0|0|0|0|0|0|0|0|0|0|0|0|0|0|0|0|0|0|0|0|0|0|0|1</HistCounts>
      </HistItem>
    </Histograms>
    <Metadata>
      <MDI key="BandName">Band_3</MDI>
      <MDI key="RepresentationType">ATHEMATIC</MDI>
      <MDI key="STATISTICS_COVARIANCES">-1.290920490084791e-05,0.0005987081066241118,0.0004735731597126583</MDI>
      <MDI key="STATISTICS_EXCLUDEDVALUES"></MDI>
      <MDI key="STATISTICS_MAXIMUM">0.55674999952316</MDI>
      <MDI key="STATISTICS_MEAN">0.1456399047209</MDI>
      <MDI key="STATISTICS_MEDIAN">0.141444</MDI>
      <MDI key="STATISTICS_MINIMUM">0.12624999880791</MDI>
      <MDI key="STATISTICS_SKIPFACTORX">1</MDI>
      <MDI key="STATISTICS_SKIPFACTORY">1</MDI>
      <MDI key="STATISTICS_STDDEV">0.021761736137373</MDI>
    </Metadata>
  </PAMRasterBand>
</PAMDataset>
