<PAMDataset>
  <Metadata>
    <MDI key="DataType">Generic</MDI>
  </Metadata>
  <PAMRasterBand band="1">
    <Description>Band_1</Description>
    <Histograms>
      <HistItem>
        <HistMin>0.659250020980835</HistMin>
        <HistMax>0.933722198009491</HistMax>
        <BucketCount>256</BucketCount>
        <IncludeOutOfRange>1</IncludeOutOfRange>
        <Approximate>0</Approximate>
        <HistCounts>1|0|0|0|0|0|0|0|0|0|0|0|0|0|0|1|0|1|0|0|0|0|0|0|0|0|0|0|0|0|0|0|0|0|0|0|0|0|0|1|1|0|0|0|0|0|0|0|1|0|0|0|0|0|0|0|0|1|0|0|0|0|0|0|1|0|0|0|1|0|0|0|0|0|0|0|1|1|0|0|0|0|0|0|0|0|2|0|1|1|0|0|0|0|0|0|1|1|0|1|0|0|0|0|0|0|0|0|0|0|0|0|0|0|1|0|1|0|3|0|0|2|0|1|0|0|0|0|0|0|1|1|0|0|3|0|1|1|0|1|3|0|0|0|0|0|1|0|0|2|0|2|0|0|1|3|1|0|0|1|3|2|0|0|0|2|2|0|0|1|1|5|0|0|3|0|1|0|0|2|1|0|2|0|1|0|3|1|1|1|6|3|2|1|1|4|2|2|12|4|5|0|6|11|3|1|4|3|0|8|7|8|7|9|10|5|8|12|3|15|4|11|10|12|8|20|10|15|6|15|18|12|7|7|5|15|9|7|14|7|10|10|93|119|125|105|93|98|67|28|19|5|0|1|1|1</HistCounts>
      </HistItem>
    </Histograms>
    <Metadata>
      <MDI key="BandName">Band_1</MDI>
      <MDI key="RepresentationType">ATHEMATIC</MDI>
      <MDI key="STATISTICS_COVARIANCES">0.00109455415737998,-0.0008885990259631705,-0.0005213859055861049</MDI>
      <MDI key="STATISTICS_EXCLUDEDVALUES"></MDI>
      <MDI key="STATISTICS_MAXIMUM">0.93372219800949</MDI>
      <MDI key="STATISTICS_MEAN">0.90762479349886</MDI>
      <MDI key="STATISTICS_MEDIAN">0.920806</MDI>
      <MDI key="STATISTICS_MINIMUM">0.65925002098083</MDI>
      <MDI key="STATISTICS_SKIPFACTORX">1</MDI>
      <MDI key="STATISTICS_SKIPFACTORY">1</MDI>
      <MDI key="STATISTICS_STDDEV">0.033084046871264</MDI>
    </Metadata>
  </PAMRasterBand>
  <PAMRasterBand band="2">
    <Description>Band_2</Description>
    <Histograms>
      <HistItem>
        <HistMin>0.08025000244379044</HistMin>
        <HistMax>0.4132499992847443</HistMax>
        <BucketCount>256</BucketCount>
        <IncludeOutOfRange>1</IncludeOutOfRange>
        <Approximate>0</Approximate>
        <HistCounts>1|4|8|10|21|31|40|66|67|83|103|81|74|104|59|34|47|39|32|22|19|4|12|7|12|4|8|5|5|7|3|4|4|2|2|4|8|4|6|1|6|10|4|6|5|5|3|9|0|3|7|1|3|0|8|8|2|2|2|1|5|2|3|2|1|0|4|0|0|0|0|0|1|2|0|2|1|1|2|0|1|2|2|1|0|2|0|1|1|1|1|1|2|1|2|0|0|1|1|0|2|5|2|1|1|2|2|0|3|2|2|2|0|2|0|1|1|0|0|0|1|0|0|0|0|0|0|1|0|0|1|0|0|0|1|0|1|2|0|0|1|0|1|1|2|0|2|2|0|0|0|0|0|0|0|0|0|0|0|1|0|0|0|0|1|0|0|0|0|0|0|0|0|0|0|0|0|0|1|0|2|0|0|0|0|0|0|0|0|0|0|0|0|0|0|0|0|0|0|0|0|0|0|0|0|0|0|0|0|0|0|0|0|0|0|0|0|0|0|0|0|0|0|0|0|0|0|0|0|0|0|0|0|0|0|0|0|1|0|0|0|0|0|0|0|0|0|0|0|0|0|0|0|0|0|1</HistCounts>
      </HistItem>
    </Histograms>
    <Metadata>
      <MDI key="BandName">Band_2</MDI>
      <MDI key="RepresentationType">ATHEMATIC</MDI>
      <MDI key="STATISTICS_COVARIANCES">-0.0008885990259631705,0.001341637280805799,0.0008183035465052992</MDI>
      <MDI key="STATISTICS_EXCLUDEDVALUES"></MDI>
      <MDI key="STATISTICS_MAXIMUM">0.41324999928474</MDI>
      <MDI key="STATISTICS_MEAN">0.11020179008618</MDI>
      <MDI key="STATISTICS_MEDIAN">0.097226</MDI>
      <MDI key="STATISTICS_MINIMUM">0.08025000244379</MDI>
      <MDI key="STATISTICS_SKIPFACTORX">1</MDI>
      <MDI key="STATISTICS_SKIPFACTORY">1</MDI>
      <MDI key="STATISTICS_STDDEV">0.036628367159973</MDI>
    </Metadata>
  </PAMRasterBand>
  <PAMRasterBand band="3">
    <Description>Band_3</Description>
    <Histograms>
      <HistItem>
        <HistMin>0.1337500065565109</HistMin>
        <HistMax>0.3802500069141388</HistMax>
        <BucketCount>256</BucketCount>
        <IncludeOutOfRange>1</IncludeOutOfRange>
        <Approximate>0</Approximate>
        <HistCounts>4|0|0|4|5|0|3|8|9|11|13|14|18|26|28|55|52|67|68|71|90|87|84|78|52|52|36|20|22|9|8|18|12|5|7|2|3|5|4|6|6|9|6|4|4|4|3|8|10|1|3|5|4|2|1|2|5|3|4|0|1|1|3|0|2|0|1|3|0|1|0|3|0|3|1|0|3|0|2|1|8|1|0|0|0|0|3|3|0|1|0|2|0|0|2|3|1|0|2|1|2|0|0|0|1|2|4|1|1|0|2|1|0|0|0|0|0|1|1|2|1|5|0|0|1|0|0|2|0|1|0|1|0|0|0|0|0|0|1|0|0|1|1|0|0|0|0|0|0|0|0|0|2|0|0|0|0|0|0|0|0|0|0|0|0|0|0|0|0|0|0|0|0|0|0|0|0|0|0|0|0|0|1|0|0|0|0|0|0|0|0|0|0|0|0|0|0|0|0|0|0|0|0|0|0|0|0|0|0|0|0|0|0|0|0|0|0|0|0|0|0|0|0|0|0|0|0|0|0|0|0|0|0|0|0|0|0|0|0|0|0|0|0|0|0|0|0|0|0|0|1|0|0|0|0|1</HistCounts>
      </HistItem>
    </Histograms>
    <Metadata>
      <MDI key="BandName">Band_3</MDI>
      <MDI key="RepresentationType">ATHEMATIC</MDI>
      <MDI key="STATISTICS_COVARIANCES">-0.0005213859055861049,0.0008183035465052992,0.0005260933843400778</MDI>
      <MDI key="STATISTICS_EXCLUDEDVALUES"></MDI>
      <MDI key="STATISTICS_MAXIMUM">0.38025000691414</MDI>
      <MDI key="STATISTICS_MEAN">0.161157241808</MDI>
      <MDI key="STATISTICS_MEDIAN">0.154050</MDI>
      <MDI key="STATISTICS_MINIMUM">0.13375000655651</MDI>
      <MDI key="STATISTICS_SKIPFACTORX">1</MDI>
      <MDI key="STATISTICS_SKIPFACTORY">1</MDI>
      <MDI key="STATISTICS_STDDEV">0.022936725667368</MDI>
    </Metadata>
  </PAMRasterBand>
</PAMDataset>
