<PAMDataset>
  <Metadata>
    <MDI key="DataType">Generic</MDI>
  </Metadata>
  <PAMRasterBand band="1">
    <Description>Band_1</Description>
    <Histograms>
      <HistItem>
        <HistMin>0.1439999938011169</HistMin>
        <HistMax>0.9341852068901062</HistMax>
        <BucketCount>256</BucketCount>
        <IncludeOutOfRange>1</IncludeOutOfRange>
        <Approximate>0</Approximate>
        <HistCounts>1|0|0|0|0|0|0|0|0|0|0|0|0|0|0|0|0|0|0|0|0|0|0|1|0|0|0|0|0|0|0|0|0|0|0|0|0|0|0|1|0|0|0|0|0|0|0|0|0|0|0|0|0|0|0|0|0|0|0|0|0|0|0|0|0|0|0|0|0|0|0|0|0|0|0|0|0|0|0|0|0|0|0|0|0|0|0|0|0|0|0|0|0|0|0|0|0|0|0|0|0|0|0|0|0|0|0|0|0|0|0|0|0|0|0|0|0|0|0|0|0|0|0|0|0|0|0|0|0|0|0|0|0|0|0|0|0|0|0|0|0|0|0|0|0|0|0|0|0|0|0|1|0|0|0|0|0|0|0|0|0|0|1|0|0|0|0|0|0|0|0|0|0|0|0|0|0|2|0|0|1|1|2|1|0|2|0|0|1|5|0|1|1|0|0|1|1|0|1|0|3|2|3|1|2|1|5|2|4|2|2|5|7|5|4|4|6|11|7|8|16|17|28|18|12|36|22|35|38|57|72|60|66|101|84|117|102|116|100|75|68|82|65|57|43|31|37|24|39|26|164|79|25|10|0|1</HistCounts>
      </HistItem>
    </Histograms>
    <Metadata>
      <MDI key="BandName">Band_1</MDI>
      <MDI key="RepresentationType">ATHEMATIC</MDI>
      <MDI key="STATISTICS_COVARIANCES">0.001809756008080241,-0.0003674124584006976,-0.0002161674575777784</MDI>
      <MDI key="STATISTICS_EXCLUDEDVALUES"></MDI>
      <MDI key="STATISTICS_MAXIMUM">0.93418520689011</MDI>
      <MDI key="STATISTICS_MEAN">0.87662737364844</MDI>
      <MDI key="STATISTICS_MEDIAN">0.878407</MDI>
      <MDI key="STATISTICS_MINIMUM">0.14399999380112</MDI>
      <MDI key="STATISTICS_SKIPFACTORX">1</MDI>
      <MDI key="STATISTICS_SKIPFACTORY">1</MDI>
      <MDI key="STATISTICS_STDDEV">0.042541227157667</MDI>
    </Metadata>
  </PAMRasterBand>
  <PAMRasterBand band="2">
    <Description>Band_2</Description>
    <Histograms>
      <HistItem>
        <HistMin>0.0767500028014183</HistMin>
        <HistMax>0.3117499947547913</HistMax>
        <BucketCount>256</BucketCount>
        <IncludeOutOfRange>1</IncludeOutOfRange>
        <Approximate>0</Approximate>
        <HistCounts>1|0|0|0|0|0|0|0|0|0|0|0|0|0|0|0|0|0|1|0|0|0|1|0|0|2|0|0|0|2|0|0|0|0|0|0|0|1|0|0|0|2|1|0|3|7|0|4|6|4|1|2|2|1|3|2|2|8|7|8|8|10|9|3|9|13|14|12|16|21|10|7|12|4|21|16|18|15|17|9|3|11|16|14|12|9|17|23|10|17|19|18|10|22|22|14|16|16|20|15|36|15|18|27|16|30|13|22|7|14|12|19|23|40|26|24|25|12|18|30|29|14|26|29|19|31|31|17|32|29|20|15|27|26|24|14|30|18|30|21|13|30|20|7|20|24|18|19|27|12|21|11|15|18|14|10|12|7|10|13|11|11|4|11|12|8|10|7|4|5|6|7|0|9|11|1|6|1|3|8|6|2|3|2|3|5|0|0|0|1|1|1|0|1|0|1|1|0|0|0|0|1|0|0|0|0|2|0|0|0|0|0|0|1|1|1|0|0|5|0|0|0|0|0|0|0|0|0|0|0|0|0|1|2|0|1|0|1|0|0|1|0|0|1|0|1|0|0|0|0|0|0|0|0|1|1</HistCounts>
      </HistItem>
    </Histograms>
    <Metadata>
      <MDI key="BandName">Band_2</MDI>
      <MDI key="RepresentationType">ATHEMATIC</MDI>
      <MDI key="STATISTICS_COVARIANCES">-0.0003674124584006976,0.0009567332600222713,0.0005564148426257934</MDI>
      <MDI key="STATISTICS_EXCLUDEDVALUES"></MDI>
      <MDI key="STATISTICS_MAXIMUM">0.31174999475479</MDI>
      <MDI key="STATISTICS_MEAN">0.18483218500816</MDI>
      <MDI key="STATISTICS_MEDIAN">0.185495</MDI>
      <MDI key="STATISTICS_MINIMUM">0.076750002801418</MDI>
      <MDI key="STATISTICS_SKIPFACTORX">1</MDI>
      <MDI key="STATISTICS_SKIPFACTORY">1</MDI>
      <MDI key="STATISTICS_STDDEV">0.030931105056597</MDI>
    </Metadata>
  </PAMRasterBand>
  <PAMRasterBand band="3">
    <Description>Band_3</Description>
    <Histograms>
      <HistItem>
        <HistMin>0.1407500058412552</HistMin>
        <HistMax>0.2730000019073486</HistMax>
        <BucketCount>256</BucketCount>
        <IncludeOutOfRange>1</IncludeOutOfRange>
        <Approximate>0</Approximate>
        <HistCounts>1|1|0|0|0|0|0|0|0|0|0|0|0|0|0|0|0|1|0|0|0|0|0|0|2|0|1|2|0|0|0|1|2|0|1|1|2|3|3|4|1|2|8|3|4|3|4|2|3|3|5|4|5|14|12|7|9|9|4|7|10|12|8|11|9|10|7|15|12|8|10|11|11|13|5|8|11|15|15|22|18|19|16|14|9|18|13|10|12|20|37|24|27|18|22|18|18|19|11|20|12|26|12|15|10|29|26|22|16|28|27|23|17|24|24|19|23|28|22|23|31|29|15|29|32|19|20|27|26|16|15|22|21|24|33|29|6|23|17|14|11|23|23|15|11|17|14|19|8|19|14|5|12|13|16|9|13|9|16|6|6|10|8|0|8|9|2|7|6|5|4|9|5|7|8|2|5|1|6|2|4|5|1|5|3|2|3|2|3|1|0|2|0|2|0|0|0|0|0|0|0|2|0|0|0|0|0|0|0|0|1|0|0|0|0|0|0|0|0|0|1|0|0|0|4|0|1|2|0|0|0|0|0|0|1|1|0|0|0|0|0|0|1|1|2|0|1|0|1|0|0|1|1|0|0|1</HistCounts>
      </HistItem>
    </Histograms>
    <Metadata>
      <MDI key="BandName">Band_3</MDI>
      <MDI key="RepresentationType">ATHEMATIC</MDI>
      <MDI key="STATISTICS_COVARIANCES">-0.0002161674575777784,0.0005564148426257934,0.0003351705979452174</MDI>
      <MDI key="STATISTICS_EXCLUDEDVALUES"></MDI>
      <MDI key="STATISTICS_MAXIMUM">0.27300000190735</MDI>
      <MDI key="STATISTICS_MEAN">0.19960236217181</MDI>
      <MDI key="STATISTICS_MEDIAN">0.199874</MDI>
      <MDI key="STATISTICS_MINIMUM">0.14075000584126</MDI>
      <MDI key="STATISTICS_SKIPFACTORX">1</MDI>
      <MDI key="STATISTICS_SKIPFACTORY">1</MDI>
      <MDI key="STATISTICS_STDDEV">0.018307665005271</MDI>
    </Metadata>
  </PAMRasterBand>
</PAMDataset>
