<PAMDataset>
  <Metadata>
    <MDI key="DataType">Generic</MDI>
  </Metadata>
  <PAMRasterBand band="1">
    <Description>Band_1</Description>
    <Histograms>
      <HistItem>
        <HistMin>0.6779999732971191</HistMin>
        <HistMax>0.9309629797935486</HistMax>
        <BucketCount>256</BucketCount>
        <IncludeOutOfRange>1</IncludeOutOfRange>
        <Approximate>0</Approximate>
        <HistCounts>1|0|0|0|0|0|0|0|0|0|0|0|0|0|0|0|0|0|0|0|0|0|0|0|0|0|1|0|2|0|0|0|0|0|0|0|0|0|0|0|0|0|0|0|0|0|0|0|0|1|2|2|0|0|0|0|0|0|0|0|2|0|0|0|1|0|0|0|0|0|0|0|0|0|1|0|0|0|1|0|1|0|0|1|0|0|1|1|5|0|2|5|0|2|1|0|3|0|1|0|2|0|0|1|0|2|0|0|3|0|1|0|0|7|1|0|2|0|2|0|2|0|2|0|0|2|0|1|3|0|4|0|0|0|3|0|2|2|5|9|7|5|5|3|4|4|2|6|5|9|8|14|12|5|13|16|12|15|11|12|6|12|13|12|19|7|11|18|18|13|11|22|14|5|10|14|8|8|10|8|13|9|9|8|16|12|10|7|7|10|18|17|9|9|10|9|11|12|8|12|23|18|10|13|13|13|13|14|11|14|5|12|19|6|13|11|3|1|5|12|2|2|8|6|5|3|5|2|5|3|2|5|2|3|3|7|4|9|2|4|10|7|9|2|49|42|32|30|21|21|10|13|9|11|2|1</HistCounts>
      </HistItem>
    </Histograms>
    <Metadata>
      <MDI key="BandName">Band_1</MDI>
      <MDI key="RepresentationType">ATHEMATIC</MDI>
      <MDI key="STATISTICS_COVARIANCES">0.00167266236230024,-0.0002629917770668909,-4.0271055269439e-05</MDI>
      <MDI key="STATISTICS_EXCLUDEDVALUES"></MDI>
      <MDI key="STATISTICS_MAXIMUM">0.93096297979355</MDI>
      <MDI key="STATISTICS_MEAN">0.8693072984432</MDI>
      <MDI key="STATISTICS_MEDIAN">0.869458</MDI>
      <MDI key="STATISTICS_MINIMUM">0.67799997329712</MDI>
      <MDI key="STATISTICS_SKIPFACTORX">1</MDI>
      <MDI key="STATISTICS_SKIPFACTORY">1</MDI>
      <MDI key="STATISTICS_STDDEV">0.04089819509832</MDI>
    </Metadata>
  </PAMRasterBand>
  <PAMRasterBand band="2">
    <Description>Band_2</Description>
    <Histograms>
      <HistItem>
        <HistMin>0.08124999701976776</HistMin>
        <HistMax>0.3544999957084656</HistMax>
        <BucketCount>256</BucketCount>
        <IncludeOutOfRange>1</IncludeOutOfRange>
        <Approximate>0</Approximate>
        <HistCounts>1|0|0|0|0|0|0|1|1|4|2|7|5|10|6|9|9|13|18|24|30|21|30|33|51|34|39|38|25|26|34|32|24|20|31|23|24|21|27|28|17|21|26|16|12|20|12|2|16|6|5|7|3|3|6|7|5|11|2|9|6|3|11|5|6|11|10|6|11|12|9|14|6|13|7|7|14|2|10|6|12|4|9|1|6|4|2|2|0|4|5|4|3|6|5|3|3|4|4|5|4|8|3|0|4|1|4|0|5|0|2|3|0|3|3|0|4|3|2|1|3|2|1|1|2|3|3|4|2|4|1|0|4|0|1|1|2|0|1|4|1|2|5|3|0|2|2|0|0|1|1|1|1|0|0|0|0|0|3|0|0|1|0|2|0|0|2|1|2|0|0|0|3|1|0|0|0|0|0|0|0|1|1|0|0|0|0|1|0|0|0|0|0|1|1|1|0|0|0|0|0|0|0|0|1|0|0|0|0|0|0|0|0|0|0|0|0|0|0|0|0|0|1|1|0|0|0|0|0|0|1|0|0|0|0|0|0|0|0|0|0|0|0|0|0|0|0|0|0|0|0|0|0|0|0|1</HistCounts>
      </HistItem>
    </Histograms>
    <Metadata>
      <MDI key="BandName">Band_2</MDI>
      <MDI key="RepresentationType">ATHEMATIC</MDI>
      <MDI key="STATISTICS_COVARIANCES">-0.0002629917770668909,0.001491608980216548,0.0008602232309839016</MDI>
      <MDI key="STATISTICS_EXCLUDEDVALUES"></MDI>
      <MDI key="STATISTICS_MAXIMUM">0.35449999570847</MDI>
      <MDI key="STATISTICS_MEAN">0.13615567131359</MDI>
      <MDI key="STATISTICS_MEDIAN">0.121970</MDI>
      <MDI key="STATISTICS_MINIMUM">0.081249997019768</MDI>
      <MDI key="STATISTICS_SKIPFACTORX">1</MDI>
      <MDI key="STATISTICS_SKIPFACTORY">1</MDI>
      <MDI key="STATISTICS_STDDEV">0.038621353940748</MDI>
    </Metadata>
  </PAMRasterBand>
  <PAMRasterBand band="3">
    <Description>Band_3</Description>
    <Histograms>
      <HistItem>
        <HistMin>0.1424999982118607</HistMin>
        <HistMax>0.3084999918937683</HistMax>
        <BucketCount>256</BucketCount>
        <IncludeOutOfRange>1</IncludeOutOfRange>
        <Approximate>0</Approximate>
        <HistCounts>1|0|0|1|0|6|1|6|9|5|3|7|5|11|14|6|19|12|28|34|18|34|21|52|51|15|43|24|44|58|20|36|28|25|39|13|26|10|21|14|8|8|13|9|7|12|9|6|6|11|10|11|3|7|13|1|13|3|11|6|7|6|13|9|21|2|1|4|4|11|8|11|7|8|10|1|15|8|9|7|5|8|8|3|11|3|4|3|4|3|1|4|4|2|1|2|5|6|1|4|1|2|6|2|2|8|2|5|6|1|0|5|4|2|1|2|2|1|0|3|7|2|3|3|2|1|0|1|1|2|2|3|1|5|0|0|1|1|0|0|1|0|1|0|2|0|1|1|0|0|1|1|1|0|0|2|3|0|0|4|0|0|0|1|1|0|0|1|1|0|0|0|0|0|0|1|0|0|1|0|0|0|1|0|0|3|0|1|0|0|0|0|0|1|0|0|0|0|0|0|0|1|0|0|1|0|1|0|0|0|0|0|0|0|0|0|1|0|0|0|0|0|0|0|0|0|0|0|0|0|0|0|0|0|0|0|0|0|0|0|0|0|0|0|0|0|0|0|0|0|0|0|0|0|0|1</HistCounts>
      </HistItem>
    </Histograms>
    <Metadata>
      <MDI key="BandName">Band_3</MDI>
      <MDI key="RepresentationType">ATHEMATIC</MDI>
      <MDI key="STATISTICS_COVARIANCES">-4.0271055269439e-05,0.0008602232309839016,0.0005262615251937921</MDI>
      <MDI key="STATISTICS_EXCLUDEDVALUES"></MDI>
      <MDI key="STATISTICS_MAXIMUM">0.30849999189377</MDI>
      <MDI key="STATISTICS_MEAN">0.17411670532583</MDI>
      <MDI key="STATISTICS_MEDIAN">0.164633</MDI>
      <MDI key="STATISTICS_MINIMUM">0.14249999821186</MDI>
      <MDI key="STATISTICS_SKIPFACTORX">1</MDI>
      <MDI key="STATISTICS_SKIPFACTORY">1</MDI>
      <MDI key="STATISTICS_STDDEV">0.022940390694009</MDI>
    </Metadata>
  </PAMRasterBand>
</PAMDataset>
