<PAMDataset>
  <Metadata>
    <MDI key="DataType">Generic</MDI>
  </Metadata>
  <PAMRasterBand band="1">
    <Description>Band_1</Description>
    <Histograms>
      <HistItem>
        <HistMin>0.4334999918937683</HistMin>
        <HistMax>0.9326481223106384</HistMax>
        <BucketCount>256</BucketCount>
        <IncludeOutOfRange>1</IncludeOutOfRange>
        <Approximate>0</Approximate>
        <HistCounts>2|0|0|0|1|0|1|0|0|0|0|0|0|0|0|0|0|0|0|0|0|0|0|0|0|2|0|1|0|1|0|0|1|0|0|0|0|0|0|2|0|0|0|0|1|0|0|0|0|2|0|0|0|0|0|0|0|1|0|0|0|0|0|1|0|0|0|1|2|0|0|0|0|0|0|2|2|0|2|0|0|0|0|0|0|0|1|0|0|0|0|2|0|0|0|1|0|0|1|0|0|0|1|0|0|0|0|0|1|0|0|0|2|0|0|0|0|2|0|0|2|0|2|3|0|0|1|0|1|0|0|2|0|1|0|1|0|0|2|0|0|0|6|0|4|0|2|1|7|0|1|3|0|1|1|3|2|0|1|2|6|1|0|0|2|1|2|2|5|0|1|1|1|3|0|3|2|4|5|0|2|0|2|2|4|1|0|3|1|0|3|3|0|0|1|1|1|0|1|5|3|0|8|4|3|1|2|0|1|0|0|2|5|6|5|4|3|4|1|1|1|8|0|2|1|1|1|3|4|5|4|5|3|4|2|2|6|5|3|1|3|7|7|10|6|6|5|4|43|115|177|127|79|22|10|1</HistCounts>
      </HistItem>
    </Histograms>
    <Metadata>
      <MDI key="BandName">Band_1</MDI>
      <MDI key="RepresentationType">ATHEMATIC</MDI>
      <MDI key="STATISTICS_COVARIANCES">0.008124986685816699,-0.00327830963023711,-0.001917051855486683</MDI>
      <MDI key="STATISTICS_EXCLUDEDVALUES"></MDI>
      <MDI key="STATISTICS_MAXIMUM">0.93264812231064</MDI>
      <MDI key="STATISTICS_MEAN">0.8789271957084</MDI>
      <MDI key="STATISTICS_MEDIAN">0.920903</MDI>
      <MDI key="STATISTICS_MINIMUM">0.43349999189377</MDI>
      <MDI key="STATISTICS_SKIPFACTORX">1</MDI>
      <MDI key="STATISTICS_SKIPFACTORY">1</MDI>
      <MDI key="STATISTICS_STDDEV">0.090138708032769</MDI>
    </Metadata>
  </PAMRasterBand>
  <PAMRasterBand band="2">
    <Description>Band_2</Description>
    <Histograms>
      <HistItem>
        <HistMin>0.05099999904632568</HistMin>
        <HistMax>0.5120000243186951</HistMax>
        <BucketCount>256</BucketCount>
        <IncludeOutOfRange>1</IncludeOutOfRange>
        <Approximate>0</Approximate>
        <HistCounts>6|2|7|8|22|12|31|31|52|38|49|49|60|47|39|24|37|23|21|17|26|9|23|20|8|11|6|5|11|2|8|3|9|7|4|7|9|2|5|0|5|6|1|4|2|4|1|6|2|0|7|4|2|2|2|1|0|1|1|2|0|4|2|1|5|1|4|0|2|3|0|1|3|2|1|1|0|0|1|1|3|2|0|1|3|1|2|0|1|5|0|3|0|0|0|0|0|0|0|4|2|0|0|2|2|1|0|2|0|0|2|0|0|1|0|2|1|0|0|0|0|0|0|0|1|0|0|0|2|0|2|0|0|0|0|0|0|0|0|2|0|0|0|0|1|0|0|0|0|0|0|0|0|0|0|0|0|0|0|0|0|0|0|0|0|0|2|0|0|0|0|0|0|0|0|0|0|0|0|0|0|0|0|0|0|0|0|0|0|0|0|0|0|0|1|0|0|0|1|0|0|0|1|0|0|0|0|0|0|0|0|0|0|0|0|0|0|0|0|0|0|0|0|0|0|0|0|0|0|0|0|0|0|0|0|0|0|0|0|0|0|0|0|0|0|0|0|0|0|1|0|0|0|0|0|1</HistCounts>
      </HistItem>
    </Histograms>
    <Metadata>
      <MDI key="BandName">Band_2</MDI>
      <MDI key="RepresentationType">ATHEMATIC</MDI>
      <MDI key="STATISTICS_COVARIANCES">-0.00327830963023711,0.002735664323586874,0.001859102184080389</MDI>
      <MDI key="STATISTICS_EXCLUDEDVALUES"></MDI>
      <MDI key="STATISTICS_MAXIMUM">0.5120000243187</MDI>
      <MDI key="STATISTICS_MEAN">0.096391572949759</MDI>
      <MDI key="STATISTICS_MEDIAN">0.076310</MDI>
      <MDI key="STATISTICS_MINIMUM">0.050999999046326</MDI>
      <MDI key="STATISTICS_SKIPFACTORX">1</MDI>
      <MDI key="STATISTICS_SKIPFACTORY">1</MDI>
      <MDI key="STATISTICS_STDDEV">0.052303578496953</MDI>
    </Metadata>
  </PAMRasterBand>
  <PAMRasterBand band="3">
    <Description>Band_3</Description>
    <Histograms>
      <HistItem>
        <HistMin>0.09925000369548798</HistMin>
        <HistMax>0.4839999973773956</HistMax>
        <BucketCount>256</BucketCount>
        <IncludeOutOfRange>1</IncludeOutOfRange>
        <Approximate>0</Approximate>
        <HistCounts>10|11|14|11|7|23|46|61|57|56|62|54|36|40|37|14|22|26|22|16|17|16|19|8|8|10|9|8|9|5|8|5|6|9|12|2|0|7|3|5|6|1|1|0|6|7|2|0|0|4|3|2|4|3|2|2|3|2|3|2|0|6|0|0|0|1|0|0|1|1|5|1|0|0|2|0|2|0|3|1|1|1|1|0|0|3|0|0|0|0|0|2|0|0|0|0|0|0|0|0|0|2|0|2|0|0|0|0|0|0|0|0|0|0|2|0|0|0|0|1|0|0|0|0|0|0|0|0|0|0|0|0|0|0|0|0|0|0|0|1|0|0|0|0|0|0|0|0|0|0|0|0|2|0|0|0|0|0|0|0|0|0|0|0|0|0|0|0|0|0|0|0|0|0|0|2|0|0|0|0|0|0|0|0|0|0|0|0|0|0|0|0|0|0|1|0|0|0|0|0|0|0|0|0|0|0|0|0|0|0|0|0|0|0|0|0|0|0|0|0|0|0|0|0|0|0|0|0|0|0|0|0|0|0|0|0|0|1|0|0|0|0|0|0|0|0|0|0|0|0|0|0|0|0|0|1</HistCounts>
      </HistItem>
    </Histograms>
    <Metadata>
      <MDI key="BandName">Band_3</MDI>
      <MDI key="RepresentationType">ATHEMATIC</MDI>
      <MDI key="STATISTICS_COVARIANCES">-0.001917051855486683,0.001859102184080389,0.001304985412935012</MDI>
      <MDI key="STATISTICS_EXCLUDEDVALUES"></MDI>
      <MDI key="STATISTICS_MAXIMUM">0.4839999973774</MDI>
      <MDI key="STATISTICS_MEAN">0.13035112354025</MDI>
      <MDI key="STATISTICS_MEDIAN">0.117356</MDI>
      <MDI key="STATISTICS_MINIMUM">0.099250003695488</MDI>
      <MDI key="STATISTICS_SKIPFACTORX">1</MDI>
      <MDI key="STATISTICS_SKIPFACTORY">1</MDI>
      <MDI key="STATISTICS_STDDEV">0.036124581837511</MDI>
    </Metadata>
  </PAMRasterBand>
</PAMDataset>
