<PAMDataset>
  <Metadata>
    <MDI key="DataType">Generic</MDI>
  </Metadata>
  <PAMRasterBand band="1">
    <Description>Band_1</Description>
    <Histograms>
      <HistItem>
        <HistMin>0.7835000157356262</HistMin>
        <HistMax>0.9402592778205872</HistMax>
        <BucketCount>256</BucketCount>
        <IncludeOutOfRange>1</IncludeOutOfRange>
        <Approximate>0</Approximate>
        <HistCounts>1|0|0|0|0|0|0|0|0|0|0|0|0|0|0|0|0|0|0|0|0|0|0|0|0|0|0|0|0|0|0|0|0|0|0|0|0|0|0|0|1|0|0|0|0|0|0|0|0|0|0|0|0|0|0|0|0|0|0|0|0|0|0|0|0|0|3|0|0|0|0|2|1|0|0|0|0|0|0|0|0|0|1|0|0|1|0|0|3|1|1|1|0|0|1|2|1|0|2|6|2|0|6|1|0|6|1|0|1|4|3|3|3|8|7|4|1|9|0|5|4|4|10|3|8|8|14|9|16|9|13|8|6|3|11|11|8|15|6|17|19|24|4|20|4|13|13|12|14|4|13|10|11|12|9|12|18|10|10|12|16|16|11|8|5|10|8|7|5|8|14|4|17|7|16|4|6|9|8|10|16|7|6|14|2|0|4|7|8|6|6|2|5|6|3|8|14|6|9|0|4|4|11|3|9|2|2|9|2|4|7|6|5|7|9|10|8|2|10|8|5|8|81|87|81|87|87|84|104|103|97|101|62|49|42|44|31|31|16|17|8|17|6|2|3|2|1|0|0|0|0|0|0|0|0|1</HistCounts>
      </HistItem>
    </Histograms>
    <Metadata>
      <MDI key="BandName">Band_1</MDI>
      <MDI key="RepresentationType">ATHEMATIC</MDI>
      <MDI key="STATISTICS_COVARIANCES">0.0006390565024688159,0.0001000220283625208,0.0001103221672866721</MDI>
      <MDI key="STATISTICS_EXCLUDEDVALUES"></MDI>
      <MDI key="STATISTICS_MAXIMUM">0.94025927782059</MDI>
      <MDI key="STATISTICS_MEAN">0.90570746023302</MDI>
      <MDI key="STATISTICS_MEDIAN">0.920588</MDI>
      <MDI key="STATISTICS_MINIMUM">0.78350001573563</MDI>
      <MDI key="STATISTICS_SKIPFACTORX">1</MDI>
      <MDI key="STATISTICS_SKIPFACTORY">1</MDI>
      <MDI key="STATISTICS_STDDEV">0.025279566896385</MDI>
    </Metadata>
  </PAMRasterBand>
  <PAMRasterBand band="2">
    <Description>Band_2</Description>
    <Histograms>
      <HistItem>
        <HistMin>0.1700000017881393</HistMin>
        <HistMax>0.3479999899864197</HistMax>
        <BucketCount>256</BucketCount>
        <IncludeOutOfRange>1</IncludeOutOfRange>
        <Approximate>0</Approximate>
        <HistCounts>1|0|0|0|0|1|0|0|0|0|0|0|0|0|0|0|0|0|1|0|4|0|0|1|3|3|3|5|4|3|8|8|8|12|25|19|22|18|19|25|35|23|22|28|32|38|33|32|36|41|37|32|24|57|46|46|32|34|61|52|51|39|28|57|60|48|57|30|34|41|41|41|22|43|32|31|25|44|29|22|30|12|19|26|14|19|8|13|19|17|20|12|18|21|8|15|9|9|9|13|9|7|8|9|5|11|9|4|9|10|5|3|5|5|2|1|2|7|2|2|0|3|7|4|2|0|2|7|4|1|3|0|2|1|2|3|1|2|1|2|0|0|2|1|0|3|2|1|2|2|0|0|0|0|4|1|0|1|0|0|1|0|1|0|0|1|0|1|0|0|0|1|0|0|0|2|0|0|0|0|0|0|0|0|0|0|0|0|0|0|0|0|1|0|1|0|0|0|0|0|0|0|0|0|0|0|0|0|0|0|0|0|0|0|0|0|0|0|0|0|0|0|0|0|0|0|0|0|2|0|0|1|0|0|0|0|0|0|0|0|0|0|0|0|0|0|0|0|0|1|0|1|0|0|0|1</HistCounts>
      </HistItem>
    </Histograms>
    <Metadata>
      <MDI key="BandName">Band_2</MDI>
      <MDI key="RepresentationType">ATHEMATIC</MDI>
      <MDI key="STATISTICS_COVARIANCES">0.0001000220283625208,0.0003087319377032312,0.0002051156576870837</MDI>
      <MDI key="STATISTICS_EXCLUDEDVALUES"></MDI>
      <MDI key="STATISTICS_MAXIMUM">0.34799998998642</MDI>
      <MDI key="STATISTICS_MEAN">0.21719584823838</MDI>
      <MDI key="STATISTICS_MEDIAN">0.213976</MDI>
      <MDI key="STATISTICS_MINIMUM">0.17000000178814</MDI>
      <MDI key="STATISTICS_SKIPFACTORX">1</MDI>
      <MDI key="STATISTICS_SKIPFACTORY">1</MDI>
      <MDI key="STATISTICS_STDDEV">0.017570769411248</MDI>
    </Metadata>
  </PAMRasterBand>
  <PAMRasterBand band="3">
    <Description>Band_3</Description>
    <Histograms>
      <HistItem>
        <HistMin>0.2240000069141388</HistMin>
        <HistMax>0.3442499935626984</HistMax>
        <BucketCount>256</BucketCount>
        <IncludeOutOfRange>1</IncludeOutOfRange>
        <Approximate>0</Approximate>
        <HistCounts>1|1|0|0|0|0|0|0|0|0|0|0|0|0|1|0|0|2|0|3|1|4|1|3|1|4|0|6|5|5|6|9|5|12|13|9|12|16|20|15|12|12|25|11|24|32|18|25|12|33|31|19|8|14|28|19|28|30|30|27|32|9|31|27|28|32|37|36|41|40|16|63|36|34|44|49|44|44|44|21|41|40|24|48|29|26|40|11|39|24|30|30|37|34|13|26|18|13|26|13|23|11|13|10|9|15|10|8|13|11|10|17|12|5|4|13|12|5|9|10|3|6|6|4|10|3|4|5|3|7|3|4|5|5|2|4|5|4|3|3|0|0|6|2|2|2|3|0|0|3|1|1|0|1|2|1|4|0|0|0|0|1|0|0|0|0|4|0|0|0|2|0|0|0|1|0|0|0|0|1|0|0|0|0|0|0|0|0|0|0|0|0|0|0|0|0|1|0|0|0|0|0|0|0|0|0|0|0|0|0|0|0|0|0|0|0|0|0|0|0|0|0|0|0|0|0|0|0|0|0|0|2|0|0|1|1|0|0|0|0|0|0|0|0|0|0|0|0|1|0|0|0|0|0|0|1</HistCounts>
      </HistItem>
    </Histograms>
    <Metadata>
      <MDI key="BandName">Band_3</MDI>
      <MDI key="RepresentationType">ATHEMATIC</MDI>
      <MDI key="STATISTICS_COVARIANCES">0.0001103221672866721,0.0002051156576870837,0.0001645818327223697</MDI>
      <MDI key="STATISTICS_EXCLUDEDVALUES"></MDI>
      <MDI key="STATISTICS_MAXIMUM">0.3442499935627</MDI>
      <MDI key="STATISTICS_MEAN">0.26021254490321</MDI>
      <MDI key="STATISTICS_MEDIAN">0.259368</MDI>
      <MDI key="STATISTICS_MINIMUM">0.22400000691414</MDI>
      <MDI key="STATISTICS_SKIPFACTORX">1</MDI>
      <MDI key="STATISTICS_SKIPFACTORY">1</MDI>
      <MDI key="STATISTICS_STDDEV">0.01282894511339</MDI>
    </Metadata>
  </PAMRasterBand>
</PAMDataset>
