<PAMDataset>
  <Metadata>
    <MDI key="DataType">Generic</MDI>
  </Metadata>
  <PAMRasterBand band="1">
    <Description>Band_1</Description>
    <Histograms>
      <HistItem>
        <HistMin>0.328249990940094</HistMin>
        <HistMax>0.9539814591407776</HistMax>
        <BucketCount>256</BucketCount>
        <IncludeOutOfRange>1</IncludeOutOfRange>
        <Approximate>0</Approximate>
        <HistCounts>4|3|4|2|2|1|5|0|2|1|0|2|0|1|0|0|2|1|0|0|3|2|0|1|1|0|0|2|2|1|0|0|0|0|0|2|3|0|1|1|3|0|1|0|0|0|2|0|0|0|1|0|1|0|0|0|1|1|2|3|2|1|2|0|0|0|1|0|0|1|1|0|0|1|1|0|1|2|0|0|0|0|0|1|1|0|1|0|1|2|0|2|1|1|0|0|2|1|0|0|0|2|0|1|2|0|0|1|2|1|1|0|0|1|3|0|0|3|0|0|3|0|2|3|0|0|1|1|1|0|0|1|2|2|0|1|0|1|1|3|0|3|1|1|0|8|2|2|0|0|1|0|1|0|0|1|4|1|5|3|1|1|0|1|2|3|1|1|4|2|4|0|1|0|0|2|2|4|3|0|3|0|3|3|4|2|2|3|6|1|2|10|9|12|4|13|17|9|7|16|10|13|20|20|7|7|10|7|8|8|7|10|6|4|9|2|2|2|4|6|3|5|1|3|4|0|5|2|1|4|0|1|4|6|5|5|0|5|9|3|5|46|87|141|124|136|121|58|20|11|6|6|4|6|0|2</HistCounts>
      </HistItem>
    </Histograms>
    <Metadata>
      <MDI key="BandName">Band_1</MDI>
      <MDI key="RepresentationType">ATHEMATIC</MDI>
      <MDI key="STATISTICS_COVARIANCES">0.01911273441659628,0.002980232561647465,0.003451770388577255</MDI>
      <MDI key="STATISTICS_EXCLUDEDVALUES"></MDI>
      <MDI key="STATISTICS_MAXIMUM">0.95398145914078</MDI>
      <MDI key="STATISTICS_MEAN">0.85095915044915</MDI>
      <MDI key="STATISTICS_MEDIAN">0.922081</MDI>
      <MDI key="STATISTICS_MINIMUM">0.32824999094009</MDI>
      <MDI key="STATISTICS_SKIPFACTORX">1</MDI>
      <MDI key="STATISTICS_SKIPFACTORY">1</MDI>
      <MDI key="STATISTICS_STDDEV">0.13824881343649</MDI>
    </Metadata>
  </PAMRasterBand>
  <PAMRasterBand band="2">
    <Description>Band_2</Description>
    <Histograms>
      <HistItem>
        <HistMin>0.02174999937415123</HistMin>
        <HistMax>0.7102500200271606</HistMax>
        <BucketCount>256</BucketCount>
        <IncludeOutOfRange>1</IncludeOutOfRange>
        <Approximate>0</Approximate>
        <HistCounts>15|13|15|10|6|6|7|16|16|12|14|11|9|12|22|22|33|45|38|32|34|21|31|37|32|32|28|28|27|26|27|28|19|13|11|10|11|7|11|3|10|16|9|8|12|34|24|14|25|12|13|19|21|14|20|16|14|12|16|7|14|7|9|8|6|3|8|8|4|5|8|6|4|4|7|1|1|4|6|1|6|2|7|0|4|1|3|2|2|1|4|5|1|3|2|2|0|1|2|0|0|0|1|0|2|2|4|2|0|0|1|1|1|0|4|0|1|2|0|0|0|2|0|0|0|0|0|0|0|0|0|1|0|0|1|0|0|0|0|1|2|2|0|1|1|0|0|0|0|0|0|0|0|0|0|0|0|0|0|0|0|0|0|0|0|1|1|1|0|0|0|0|0|0|2|1|0|0|0|0|2|0|0|0|0|0|0|0|0|0|1|0|0|0|0|0|0|1|0|0|0|0|0|0|0|0|0|0|0|0|0|2|0|0|0|0|0|0|0|0|0|1|1|0|0|0|0|0|0|0|0|0|0|0|0|0|0|1|0|1|0|0|0|0|0|0|1|0|0|0|0|2|0|0|0|2</HistCounts>
      </HistItem>
    </Histograms>
    <Metadata>
      <MDI key="BandName">Band_2</MDI>
      <MDI key="RepresentationType">ATHEMATIC</MDI>
      <MDI key="STATISTICS_COVARIANCES">0.002980232561647465,0.007849784267608606,0.007085347663033096</MDI>
      <MDI key="STATISTICS_EXCLUDEDVALUES"></MDI>
      <MDI key="STATISTICS_MAXIMUM">0.71025002002716</MDI>
      <MDI key="STATISTICS_MEAN">0.1288113171442</MDI>
      <MDI key="STATISTICS_MEDIAN">0.102750</MDI>
      <MDI key="STATISTICS_MINIMUM">0.021749999374151</MDI>
      <MDI key="STATISTICS_SKIPFACTORX">1</MDI>
      <MDI key="STATISTICS_SKIPFACTORY">1</MDI>
      <MDI key="STATISTICS_STDDEV">0.088599008276665</MDI>
    </Metadata>
  </PAMRasterBand>
  <PAMRasterBand band="3">
    <Description>Band_3</Description>
    <Histograms>
      <HistItem>
        <HistMin>0.05350000038743019</HistMin>
        <HistMax>0.7419999837875366</HistMax>
        <BucketCount>256</BucketCount>
        <IncludeOutOfRange>1</IncludeOutOfRange>
        <Approximate>0</Approximate>
        <HistCounts>12|11|6|5|4|12|7|3|2|4|7|10|5|20|9|17|7|17|8|9|22|30|41|45|30|29|33|31|25|27|41|40|42|29|33|30|20|22|12|11|17|17|16|18|10|30|21|28|16|24|25|18|27|26|11|10|14|5|18|13|9|7|8|8|5|8|3|10|9|7|6|8|6|2|5|3|4|1|2|3|2|1|2|1|4|0|1|2|0|3|1|4|2|1|2|0|1|0|1|1|6|1|2|0|1|0|2|0|1|0|0|1|1|0|0|0|0|1|0|0|0|1|0|0|0|0|0|0|1|1|3|0|0|0|0|0|0|0|0|0|0|0|0|1|0|0|0|2|1|0|0|0|0|0|0|0|0|0|0|0|0|0|0|0|0|0|0|0|0|0|3|0|0|0|0|0|0|2|0|0|0|1|0|0|0|1|0|0|0|0|1|0|0|0|0|0|0|0|0|0|0|0|0|0|0|0|0|0|0|0|0|0|0|1|0|0|0|0|0|0|0|2|0|1|2|0|0|0|0|0|0|0|0|0|0|0|0|0|0|0|0|0|0|1|1|0|2|0|0|0|0|0|0|0|0|2</HistCounts>
      </HistItem>
    </Histograms>
    <Metadata>
      <MDI key="BandName">Band_3</MDI>
      <MDI key="RepresentationType">ATHEMATIC</MDI>
      <MDI key="STATISTICS_COVARIANCES">0.003451770388577255,0.007085347663033096,0.006706001641042179</MDI>
      <MDI key="STATISTICS_EXCLUDEDVALUES"></MDI>
      <MDI key="STATISTICS_MAXIMUM">0.74199998378754</MDI>
      <MDI key="STATISTICS_MEAN">0.16551514024889</MDI>
      <MDI key="STATISTICS_MEDIAN">0.145300</MDI>
      <MDI key="STATISTICS_MINIMUM">0.05350000038743</MDI>
      <MDI key="STATISTICS_SKIPFACTORX">1</MDI>
      <MDI key="STATISTICS_SKIPFACTORY">1</MDI>
      <MDI key="STATISTICS_STDDEV">0.081890180370067</MDI>
    </Metadata>
  </PAMRasterBand>
</PAMDataset>
