<PAMDataset>
  <Metadata>
    <MDI key="DataType">Generic</MDI>
  </Metadata>
  <PAMRasterBand band="1">
    <Description>Band_1</Description>
    <Histograms>
      <HistItem>
        <HistMin>0.4050000011920929</HistMin>
        <HistMax>0.9482407569885254</HistMax>
        <BucketCount>256</BucketCount>
        <IncludeOutOfRange>1</IncludeOutOfRange>
        <Approximate>0</Approximate>
        <HistCounts>1|0|0|0|0|0|0|0|0|0|0|0|0|0|0|0|0|0|0|0|0|0|0|0|0|0|0|0|0|0|0|0|0|0|0|0|0|0|0|0|0|0|0|0|0|0|0|0|0|0|0|1|0|0|0|0|0|0|0|0|0|0|0|0|0|0|0|0|0|0|0|0|0|0|0|0|0|0|0|0|0|0|0|0|0|0|0|0|0|0|0|0|0|0|0|0|0|0|0|0|0|0|1|1|0|0|1|0|0|0|1|0|1|0|0|0|0|1|0|0|3|0|0|3|0|0|0|0|0|0|0|2|1|0|0|1|0|0|1|1|0|0|0|4|1|1|0|0|2|1|0|0|0|2|1|1|0|1|0|1|0|3|5|5|4|6|4|1|4|5|7|4|7|4|2|6|4|4|7|3|7|7|3|6|6|14|6|10|5|3|8|12|9|6|9|9|11|15|13|23|12|9|9|12|11|7|5|19|13|13|13|15|25|18|25|14|10|7|13|8|22|9|16|8|14|13|6|16|10|6|16|8|6|9|10|17|12|11|10|6|11|45|169|178|156|162|158|198|189|80|103|68|19|7|3|1</HistCounts>
      </HistItem>
    </Histograms>
    <Metadata>
      <MDI key="BandName">Band_1</MDI>
      <MDI key="RepresentationType">ATHEMATIC</MDI>
      <MDI key="STATISTICS_COVARIANCES">0.002920788003352412,-0.001003712183510429,-0.000280760724298964</MDI>
      <MDI key="STATISTICS_EXCLUDEDVALUES"></MDI>
      <MDI key="STATISTICS_MAXIMUM">0.94824075698853</MDI>
      <MDI key="STATISTICS_MEAN">0.89915030035566</MDI>
      <MDI key="STATISTICS_MEDIAN">0.922676</MDI>
      <MDI key="STATISTICS_MINIMUM">0.40500000119209</MDI>
      <MDI key="STATISTICS_SKIPFACTORX">1</MDI>
      <MDI key="STATISTICS_SKIPFACTORY">1</MDI>
      <MDI key="STATISTICS_STDDEV">0.054044315180715</MDI>
    </Metadata>
  </PAMRasterBand>
  <PAMRasterBand band="2">
    <Description>Band_2</Description>
    <Histograms>
      <HistItem>
        <HistMin>0.04549999907612801</HistMin>
        <HistMax>0.5385000109672546</HistMax>
        <BucketCount>256</BucketCount>
        <IncludeOutOfRange>1</IncludeOutOfRange>
        <Approximate>0</Approximate>
        <HistCounts>6|10|17|22|18|20|32|32|31|56|32|20|38|32|24|26|30|30|32|50|24|30|39|28|44|24|19|26|28|21|19|28|19|6|32|20|18|25|20|15|8|7|17|7|16|14|16|31|16|24|25|19|13|21|27|27|20|35|26|16|22|27|45|16|24|17|19|16|20|25|18|14|17|27|9|19|22|32|20|12|23|24|14|22|15|11|6|21|6|14|7|11|6|8|10|13|9|8|7|11|10|10|12|6|5|5|10|6|3|6|6|2|3|7|7|5|2|1|0|1|4|5|2|2|4|2|2|3|4|3|1|2|3|1|0|7|1|3|0|3|2|1|1|1|2|2|0|1|0|2|0|2|5|0|2|0|1|0|3|1|2|0|0|2|0|2|1|2|1|1|3|0|0|3|1|1|0|0|1|1|0|3|1|0|1|1|0|0|1|0|2|0|0|0|0|1|0|0|0|1|0|0|0|0|0|0|1|2|0|0|0|0|0|0|2|0|0|4|0|0|0|0|0|0|0|3|1|2|0|0|0|1|0|1|0|0|0|2|0|0|0|0|0|0|0|0|0|0|0|0|0|0|0|0|0|1</HistCounts>
      </HistItem>
    </Histograms>
    <Metadata>
      <MDI key="BandName">Band_2</MDI>
      <MDI key="RepresentationType">ATHEMATIC</MDI>
      <MDI key="STATISTICS_COVARIANCES">-0.001003712183510429,0.005875272398225301,0.003784164891123028</MDI>
      <MDI key="STATISTICS_EXCLUDEDVALUES"></MDI>
      <MDI key="STATISTICS_MAXIMUM">0.53850001096725</MDI>
      <MDI key="STATISTICS_MEAN">0.14777690802555</MDI>
      <MDI key="STATISTICS_MEDIAN">0.138300</MDI>
      <MDI key="STATISTICS_MINIMUM">0.045499999076128</MDI>
      <MDI key="STATISTICS_SKIPFACTORX">1</MDI>
      <MDI key="STATISTICS_SKIPFACTORY">1</MDI>
      <MDI key="STATISTICS_STDDEV">0.076650325493277</MDI>
    </Metadata>
  </PAMRasterBand>
  <PAMRasterBand band="3">
    <Description>Band_3</Description>
    <Histograms>
      <HistItem>
        <HistMin>0.08624999970197678</HistMin>
        <HistMax>0.4670000076293945</HistMax>
        <BucketCount>256</BucketCount>
        <IncludeOutOfRange>1</IncludeOutOfRange>
        <Approximate>0</Approximate>
        <HistCounts>1|0|0|0|1|0|0|0|0|0|0|0|1|0|8|17|25|18|26|18|38|28|28|43|40|29|38|43|48|43|35|40|48|30|48|32|48|31|42|34|50|27|44|28|23|27|27|21|19|20|32|22|16|34|29|27|24|23|39|32|25|28|22|21|24|37|34|30|16|30|39|19|26|27|22|27|25|15|15|8|20|21|19|11|9|9|12|8|6|6|8|5|9|12|15|8|4|9|9|8|6|6|7|8|0|3|6|1|3|5|4|2|4|2|1|2|5|0|0|7|3|1|0|5|4|9|4|3|1|0|1|3|2|1|0|1|0|3|2|1|2|1|1|0|3|0|0|0|2|0|5|0|0|1|2|0|0|0|1|1|0|2|0|1|8|0|0|4|0|1|0|0|2|2|1|0|1|3|0|2|0|0|0|0|0|0|1|0|1|0|0|0|0|1|0|0|0|2|1|2|0|0|0|2|0|1|1|0|0|2|0|0|0|0|3|2|0|1|0|0|0|0|0|0|1|0|1|2|0|0|0|0|0|0|0|0|0|0|0|0|0|0|0|0|1|0|1|0|0|0|0|0|0|0|0|1</HistCounts>
      </HistItem>
    </Histograms>
    <Metadata>
      <MDI key="BandName">Band_3</MDI>
      <MDI key="RepresentationType">ATHEMATIC</MDI>
      <MDI key="STATISTICS_COVARIANCES">-0.000280760724298964,0.003784164891123028,0.002575197425840506</MDI>
      <MDI key="STATISTICS_EXCLUDEDVALUES"></MDI>
      <MDI key="STATISTICS_MAXIMUM">0.46700000762939</MDI>
      <MDI key="STATISTICS_MEAN">0.17077658652275</MDI>
      <MDI key="STATISTICS_MEDIAN">0.159414</MDI>
      <MDI key="STATISTICS_MINIMUM">0.086249999701977</MDI>
      <MDI key="STATISTICS_SKIPFACTORX">1</MDI>
      <MDI key="STATISTICS_SKIPFACTORY">1</MDI>
      <MDI key="STATISTICS_STDDEV">0.050746403082785</MDI>
    </Metadata>
  </PAMRasterBand>
</PAMDataset>
