<PAMDataset>
  <Metadata>
    <MDI key="DataType">Generic</MDI>
  </Metadata>
  <PAMRasterBand band="1">
    <Description>Band_1</Description>
    <Histograms>
      <HistItem>
        <HistMin>0.4379999935626984</HistMin>
        <HistMax>0.9374629855155945</HistMax>
        <BucketCount>256</BucketCount>
        <IncludeOutOfRange>1</IncludeOutOfRange>
        <Approximate>0</Approximate>
        <HistCounts>1|0|0|0|0|0|0|0|0|0|0|0|0|0|0|0|0|0|0|0|0|0|0|0|0|0|0|0|0|0|0|0|0|0|0|0|0|0|0|0|0|0|0|0|0|0|0|0|0|0|0|0|0|0|0|0|0|0|0|0|0|0|0|0|0|0|0|0|1|0|0|2|0|0|0|0|0|0|0|0|0|0|0|0|0|0|0|0|0|0|0|0|0|0|0|1|0|0|0|0|3|0|0|0|0|0|0|0|0|0|0|0|0|0|0|0|0|0|0|1|0|0|0|0|0|0|0|0|0|0|0|0|0|0|1|0|1|2|0|3|2|2|0|0|0|3|0|4|0|2|0|3|0|0|0|3|0|0|0|1|0|0|0|0|1|0|5|2|0|4|3|0|2|1|1|0|4|5|0|3|4|1|2|1|1|4|7|5|2|4|2|0|3|2|3|5|2|3|0|2|2|3|5|2|2|2|3|1|1|5|2|5|3|1|3|1|0|4|1|5|5|3|2|2|5|0|0|3|0|1|2|2|6|5|1|1|5|4|2|2|8|5|7|8|16|6|125|196|197|132|135|102|44|39|6|1</HistCounts>
      </HistItem>
    </Histograms>
    <Metadata>
      <MDI key="BandName">Band_1</MDI>
      <MDI key="RepresentationType">ATHEMATIC</MDI>
      <MDI key="STATISTICS_COVARIANCES">0.002754803446907953,-0.001543603791723729,-0.0008390149195554617</MDI>
      <MDI key="STATISTICS_EXCLUDEDVALUES"></MDI>
      <MDI key="STATISTICS_MAXIMUM">0.93746298551559</MDI>
      <MDI key="STATISTICS_MEAN">0.90549980775655</MDI>
      <MDI key="STATISTICS_MEDIAN">0.923752</MDI>
      <MDI key="STATISTICS_MINIMUM">0.4379999935627</MDI>
      <MDI key="STATISTICS_SKIPFACTORX">1</MDI>
      <MDI key="STATISTICS_SKIPFACTORY">1</MDI>
      <MDI key="STATISTICS_STDDEV">0.052486221495817</MDI>
    </Metadata>
  </PAMRasterBand>
  <PAMRasterBand band="2">
    <Description>Band_2</Description>
    <Histograms>
      <HistItem>
        <HistMin>0.07800000160932541</HistMin>
        <HistMax>0.4555000066757202</HistMax>
        <BucketCount>256</BucketCount>
        <IncludeOutOfRange>1</IncludeOutOfRange>
        <Approximate>0</Approximate>
        <HistCounts>1|0|0|1|0|0|0|2|2|1|1|2|0|3|3|0|2|6|2|10|8|12|11|12|7|13|17|17|20|14|20|18|16|20|26|16|25|14|11|15|18|24|20|20|21|12|24|25|20|23|16|13|9|16|14|10|21|11|10|26|11|14|21|10|12|16|12|21|13|11|6|8|5|11|12|11|10|11|8|6|8|5|5|7|10|6|3|6|6|1|6|2|3|8|8|8|9|1|1|3|2|2|1|3|4|3|8|8|2|2|2|4|3|1|5|4|4|3|3|6|1|3|5|3|1|3|9|0|6|0|1|2|5|2|2|1|1|3|4|1|3|1|3|0|7|0|6|1|2|2|0|3|3|0|2|2|4|2|2|3|0|2|1|1|0|1|4|0|0|3|0|0|0|0|0|1|1|0|1|0|2|0|1|0|0|0|2|1|0|2|0|0|0|0|0|0|2|1|0|0|0|0|0|0|1|1|0|0|0|0|0|1|1|0|2|0|0|0|0|0|3|1|0|1|2|0|0|0|0|1|0|0|0|0|0|1|1|0|0|0|0|0|0|0|1|0|0|0|0|0|0|0|0|0|0|1</HistCounts>
      </HistItem>
    </Histograms>
    <Metadata>
      <MDI key="BandName">Band_2</MDI>
      <MDI key="RepresentationType">ATHEMATIC</MDI>
      <MDI key="STATISTICS_COVARIANCES">-0.001543603791723729,0.003721550582101501,0.002230234389084419</MDI>
      <MDI key="STATISTICS_EXCLUDEDVALUES"></MDI>
      <MDI key="STATISTICS_MAXIMUM">0.45550000667572</MDI>
      <MDI key="STATISTICS_MEAN">0.17624419552384</MDI>
      <MDI key="STATISTICS_MEDIAN">0.159422</MDI>
      <MDI key="STATISTICS_MINIMUM">0.078000001609325</MDI>
      <MDI key="STATISTICS_SKIPFACTORX">1</MDI>
      <MDI key="STATISTICS_SKIPFACTORY">1</MDI>
      <MDI key="STATISTICS_STDDEV">0.061004512801116</MDI>
    </Metadata>
  </PAMRasterBand>
  <PAMRasterBand band="3">
    <Description>Band_3</Description>
    <Histograms>
      <HistItem>
        <HistMin>0.1400000005960464</HistMin>
        <HistMax>0.3865000009536743</HistMax>
        <BucketCount>256</BucketCount>
        <IncludeOutOfRange>1</IncludeOutOfRange>
        <Approximate>0</Approximate>
        <HistCounts>1|0|1|0|0|0|2|0|1|1|0|4|1|1|3|0|0|6|10|6|9|7|5|8|9|13|17|20|17|11|12|13|17|27|16|27|18|14|20|20|15|21|24|12|15|14|28|25|18|25|14|26|18|11|10|13|10|17|13|9|23|18|16|16|15|9|13|9|16|11|11|8|10|9|9|6|9|9|13|9|14|7|4|11|6|5|7|4|8|8|8|6|2|5|8|3|4|9|7|6|1|4|4|2|3|6|6|5|4|6|3|1|1|6|3|2|4|3|3|5|5|9|3|2|0|3|0|1|7|1|2|0|0|6|3|3|1|2|0|1|3|3|1|6|6|5|4|1|1|3|4|5|1|1|1|1|0|1|2|1|0|1|1|0|0|2|1|0|0|1|0|2|0|2|2|0|1|0|0|1|0|0|0|0|1|0|1|0|1|0|0|0|4|0|1|0|0|0|0|0|0|1|0|1|2|0|0|0|0|1|0|1|0|0|1|0|0|0|0|1|0|0|1|0|0|0|0|0|0|0|0|0|0|0|0|0|0|0|0|0|0|0|0|0|0|0|0|0|0|0|0|0|0|0|0|1</HistCounts>
      </HistItem>
    </Histograms>
    <Metadata>
      <MDI key="BandName">Band_3</MDI>
      <MDI key="RepresentationType">ATHEMATIC</MDI>
      <MDI key="STATISTICS_COVARIANCES">-0.0008390149195554617,0.002230234389084419,0.001361840527211569</MDI>
      <MDI key="STATISTICS_EXCLUDEDVALUES"></MDI>
      <MDI key="STATISTICS_MAXIMUM">0.38650000095367</MDI>
      <MDI key="STATISTICS_MEAN">0.20379003189248</MDI>
      <MDI key="STATISTICS_MEDIAN">0.193167</MDI>
      <MDI key="STATISTICS_MINIMUM">0.14000000059605</MDI>
      <MDI key="STATISTICS_SKIPFACTORX">1</MDI>
      <MDI key="STATISTICS_SKIPFACTORY">1</MDI>
      <MDI key="STATISTICS_STDDEV">0.036903123542751</MDI>
    </Metadata>
  </PAMRasterBand>
</PAMDataset>
