<PAMDataset>
  <Metadata>
    <MDI key="DataType">Generic</MDI>
  </Metadata>
  <PAMRasterBand band="1">
    <Description>Band_1</Description>
    <Histograms>
      <HistItem>
        <HistMin>0.5542500019073486</HistMin>
        <HistMax>0.9368333220481873</HistMax>
        <BucketCount>256</BucketCount>
        <IncludeOutOfRange>1</IncludeOutOfRange>
        <Approximate>0</Approximate>
        <HistCounts>2|0|0|0|0|0|0|0|0|0|0|0|0|0|0|0|0|0|0|0|0|0|0|0|0|0|0|0|0|0|0|0|0|0|0|0|0|0|0|1|0|0|0|0|0|0|0|1|0|0|0|2|0|0|0|0|0|0|0|0|0|0|0|0|1|0|0|1|0|0|0|2|1|0|0|0|1|0|0|0|0|0|2|1|2|3|0|0|0|1|3|1|1|2|2|5|5|3|3|1|3|3|2|3|4|5|5|8|6|8|6|5|4|10|4|6|7|7|7|8|6|6|10|4|10|10|10|8|6|5|12|14|8|4|12|9|11|9|17|12|8|14|12|18|6|13|9|14|14|10|15|15|15|12|14|19|16|7|6|15|19|18|21|14|15|9|23|14|24|19|17|19|12|17|16|13|17|27|16|29|27|19|22|11|17|24|17|23|19|29|20|23|30|20|20|23|26|20|23|29|29|20|21|27|32|21|17|22|22|21|23|17|32|37|27|9|15|20|19|29|34|26|27|13|41|29|26|26|23|35|18|26|14|22|33|34|22|25|17|32|35|23|16|57|205|187|94|77|80|60|57|47|16|6|1|1</HistCounts>
      </HistItem>
    </Histograms>
    <Metadata>
      <MDI key="BandName">Band_1</MDI>
      <MDI key="RepresentationType">ATHEMATIC</MDI>
      <MDI key="STATISTICS_COVARIANCES">0.004069148305027485,0.001187545023345347,0.001022899163363774</MDI>
      <MDI key="STATISTICS_EXCLUDEDVALUES"></MDI>
      <MDI key="STATISTICS_MAXIMUM">0.93683332204819</MDI>
      <MDI key="STATISTICS_MEAN">0.85850970569789</MDI>
      <MDI key="STATISTICS_MEDIAN">0.872319</MDI>
      <MDI key="STATISTICS_MINIMUM">0.55425000190735</MDI>
      <MDI key="STATISTICS_SKIPFACTORX">1</MDI>
      <MDI key="STATISTICS_SKIPFACTORY">1</MDI>
      <MDI key="STATISTICS_STDDEV">0.063789876195424</MDI>
    </Metadata>
  </PAMRasterBand>
  <PAMRasterBand band="2">
    <Description>Band_2</Description>
    <Histograms>
      <HistItem>
        <HistMin>0.07150000333786011</HistMin>
        <HistMax>0.6025000214576721</HistMax>
        <BucketCount>256</BucketCount>
        <IncludeOutOfRange>1</IncludeOutOfRange>
        <Approximate>0</Approximate>
        <HistCounts>2|1|1|0|1|0|0|0|0|1|2|1|1|2|2|3|4|6|7|10|11|12|20|38|39|36|49|43|41|43|57|54|46|67|61|57|87|57|60|77|73|63|63|79|64|81|66|69|70|47|60|68|66|74|59|53|61|75|50|54|45|37|46|35|35|39|40|34|32|37|24|21|25|21|11|9|14|20|25|7|9|14|16|15|15|11|7|10|16|14|6|9|15|5|11|13|11|12|5|4|11|11|6|2|11|13|9|0|5|13|2|1|5|6|5|5|4|11|5|6|2|2|1|0|0|0|3|5|4|5|6|4|1|0|0|0|1|2|0|3|1|0|0|1|0|1|0|0|2|0|2|1|0|1|0|0|2|1|3|0|1|0|0|0|0|0|0|1|0|1|0|0|1|2|0|0|0|0|0|0|0|0|3|0|1|0|0|2|0|0|1|3|0|0|0|0|1|0|1|2|0|0|0|1|3|0|0|0|3|0|0|2|1|4|0|1|0|0|1|0|2|1|1|0|0|2|3|0|2|2|3|1|4|2|1|0|2|3|0|0|0|5|0|0|2|0|1|2|0|0|5|1|1|0|2|1</HistCounts>
      </HistItem>
    </Histograms>
    <Metadata>
      <MDI key="BandName">Band_2</MDI>
      <MDI key="RepresentationType">ATHEMATIC</MDI>
      <MDI key="STATISTICS_COVARIANCES">0.001187545023345347,0.005359426993803124,0.00375680497871441</MDI>
      <MDI key="STATISTICS_EXCLUDEDVALUES"></MDI>
      <MDI key="STATISTICS_MAXIMUM">0.60250002145767</MDI>
      <MDI key="STATISTICS_MEAN">0.19191112618544</MDI>
      <MDI key="STATISTICS_MEDIAN">0.173535</MDI>
      <MDI key="STATISTICS_MINIMUM">0.07150000333786</MDI>
      <MDI key="STATISTICS_SKIPFACTORX">1</MDI>
      <MDI key="STATISTICS_SKIPFACTORY">1</MDI>
      <MDI key="STATISTICS_STDDEV">0.07320810743219</MDI>
    </Metadata>
  </PAMRasterBand>
  <PAMRasterBand band="3">
    <Description>Band_3</Description>
    <Histograms>
      <HistItem>
        <HistMin>0.1312499940395355</HistMin>
        <HistMax>0.503000020980835</HistMax>
        <BucketCount>256</BucketCount>
        <IncludeOutOfRange>1</IncludeOutOfRange>
        <Approximate>0</Approximate>
        <HistCounts>1|0|0|1|1|1|1|0|1|1|4|5|4|13|17|16|25|34|47|39|43|63|63|54|66|51|69|95|69|55|81|67|68|74|75|48|93|98|70|95|74|57|91|64|77|63|62|53|60|47|64|52|39|34|47|30|31|26|32|28|29|18|27|22|17|7|17|18|21|11|11|11|11|9|12|10|17|8|6|18|5|15|10|14|15|7|13|5|3|12|15|4|5|12|9|3|9|4|6|1|11|8|6|9|4|8|7|1|4|9|7|2|7|7|1|1|3|3|2|3|1|4|0|3|1|2|4|3|6|1|2|0|0|0|0|2|1|1|1|0|1|0|1|0|1|0|0|1|0|0|0|2|0|2|1|1|0|2|1|0|1|0|0|0|0|1|0|0|0|1|0|3|1|0|2|0|0|1|0|0|0|1|2|0|0|0|1|0|3|0|2|1|2|0|0|2|1|1|0|2|1|0|0|2|0|0|2|1|0|1|0|0|0|2|1|0|2|0|0|5|0|1|2|0|0|6|1|4|2|2|1|2|5|0|1|0|0|0|3|2|0|2|0|0|0|0|1|1|0|0|1|1|0|1|0|1</HistCounts>
      </HistItem>
    </Histograms>
    <Metadata>
      <MDI key="BandName">Band_3</MDI>
      <MDI key="RepresentationType">ATHEMATIC</MDI>
      <MDI key="STATISTICS_COVARIANCES">0.001022899163363774,0.00375680497871441,0.002662500559028893</MDI>
      <MDI key="STATISTICS_EXCLUDEDVALUES"></MDI>
      <MDI key="STATISTICS_MAXIMUM">0.50300002098083</MDI>
      <MDI key="STATISTICS_MEAN">0.20405023954931</MDI>
      <MDI key="STATISTICS_MEDIAN">0.189564</MDI>
      <MDI key="STATISTICS_MINIMUM">0.13124999403954</MDI>
      <MDI key="STATISTICS_SKIPFACTORX">1</MDI>
      <MDI key="STATISTICS_SKIPFACTORY">1</MDI>
      <MDI key="STATISTICS_STDDEV">0.051599424018383</MDI>
    </Metadata>
  </PAMRasterBand>
</PAMDataset>
