<PAMDataset>
  <Metadata>
    <MDI key="DataType">Generic</MDI>
  </Metadata>
  <PAMRasterBand band="1">
    <Description>Band_1</Description>
    <Histograms>
      <HistItem>
        <HistMin>0.7555000185966492</HistMin>
        <HistMax>0.9414629340171814</HistMax>
        <BucketCount>256</BucketCount>
        <IncludeOutOfRange>1</IncludeOutOfRange>
        <Approximate>0</Approximate>
        <HistCounts>1|0|1|0|0|0|0|0|0|0|0|0|0|0|0|0|0|0|0|0|0|0|1|0|0|1|0|0|1|0|0|0|0|0|0|0|0|0|0|0|0|0|0|0|0|0|0|1|1|0|1|0|1|0|0|3|0|2|1|0|0|2|0|2|0|4|0|4|2|4|2|0|0|4|2|0|8|3|4|2|2|2|4|5|0|4|1|3|1|3|6|1|0|0|2|2|0|2|0|2|1|0|1|1|0|0|2|4|2|1|3|2|4|4|2|1|5|0|0|1|0|3|0|5|0|4|1|2|5|1|2|2|0|1|0|2|3|2|0|3|2|1|1|1|2|3|0|2|3|5|0|0|1|0|1|0|2|1|2|0|1|2|2|1|1|0|2|2|0|2|2|1|2|1|0|0|2|0|2|1|2|2|4|3|5|0|1|2|2|2|2|0|1|1|2|1|2|2|0|0|1|2|1|2|0|1|1|0|0|0|0|1|4|0|0|0|1|2|0|3|0|1|2|3|1|3|7|12|9|8|16|4|27|39|58|52|81|73|69|77|102|109|95|71|48|36|23|37|9|8|13|4|8|3|1|1</HistCounts>
      </HistItem>
    </Histograms>
    <Metadata>
      <MDI key="BandName">Band_1</MDI>
      <MDI key="RepresentationType">ATHEMATIC</MDI>
      <MDI key="STATISTICS_COVARIANCES">0.001350741455778558,-0.001866736805129788,-0.001182474240105724</MDI>
      <MDI key="STATISTICS_EXCLUDEDVALUES"></MDI>
      <MDI key="STATISTICS_MAXIMUM">0.94146293401718</MDI>
      <MDI key="STATISTICS_MEAN">0.91390953835116</MDI>
      <MDI key="STATISTICS_MEDIAN">0.929065</MDI>
      <MDI key="STATISTICS_MINIMUM">0.75550001859665</MDI>
      <MDI key="STATISTICS_SKIPFACTORX">1</MDI>
      <MDI key="STATISTICS_SKIPFACTORY">1</MDI>
      <MDI key="STATISTICS_STDDEV">0.036752434691848</MDI>
    </Metadata>
  </PAMRasterBand>
  <PAMRasterBand band="2">
    <Description>Band_2</Description>
    <Histograms>
      <HistItem>
        <HistMin>0.03350000083446503</HistMin>
        <HistMax>0.2849999964237213</HistMax>
        <BucketCount>256</BucketCount>
        <IncludeOutOfRange>1</IncludeOutOfRange>
        <Approximate>0</Approximate>
        <HistCounts>1|0|1|0|0|0|2|2|7|5|9|11|18|14|30|42|28|43|25|43|39|52|60|54|45|60|32|28|33|22|33|30|13|27|23|22|12|21|25|17|17|12|7|5|8|11|0|6|6|2|1|3|2|0|1|4|2|2|1|0|2|5|2|3|4|3|1|1|0|2|0|0|1|2|1|0|0|1|1|3|0|1|2|1|1|1|2|1|1|0|0|0|0|1|1|1|2|0|0|4|0|1|2|0|0|1|0|0|0|1|1|1|1|0|1|0|0|2|0|0|0|1|2|0|0|1|2|2|1|4|0|4|4|4|0|3|4|6|2|4|2|2|3|2|0|2|1|4|0|6|6|5|7|1|4|5|6|5|9|3|8|2|3|2|4|3|8|4|3|4|10|5|7|7|2|2|6|1|3|2|0|2|4|3|3|3|7|8|3|3|5|3|4|3|2|3|0|5|0|0|3|1|1|2|2|1|2|1|1|2|3|0|4|1|0|2|0|0|4|0|3|1|0|0|0|1|0|0|0|0|0|0|1|0|0|0|0|0|0|0|0|0|0|0|0|0|0|0|0|0|0|0|0|0|0|1</HistCounts>
      </HistItem>
    </Histograms>
    <Metadata>
      <MDI key="BandName">Band_2</MDI>
      <MDI key="RepresentationType">ATHEMATIC</MDI>
      <MDI key="STATISTICS_COVARIANCES">-0.001866736805129788,0.003586577929961011,0.002364272023230383</MDI>
      <MDI key="STATISTICS_EXCLUDEDVALUES"></MDI>
      <MDI key="STATISTICS_MAXIMUM">0.28499999642372</MDI>
      <MDI key="STATISTICS_MEAN">0.092452062161804</MDI>
      <MDI key="STATISTICS_MEDIAN">0.062102</MDI>
      <MDI key="STATISTICS_MINIMUM">0.033500000834465</MDI>
      <MDI key="STATISTICS_SKIPFACTORX">1</MDI>
      <MDI key="STATISTICS_SKIPFACTORY">1</MDI>
      <MDI key="STATISTICS_STDDEV">0.05988804496693</MDI>
    </Metadata>
  </PAMRasterBand>
  <PAMRasterBand band="3">
    <Description>Band_3</Description>
    <Histograms>
      <HistItem>
        <HistMin>0.08699999749660492</HistMin>
        <HistMax>0.2800000011920929</HistMax>
        <BucketCount>256</BucketCount>
        <IncludeOutOfRange>1</IncludeOutOfRange>
        <Approximate>0</Approximate>
        <HistCounts>1|0|2|0|1|0|2|1|3|2|7|5|14|13|7|13|13|17|18|36|22|29|47|45|46|50|56|30|45|49|26|21|30|17|27|19|16|29|15|28|14|8|13|14|22|20|14|11|12|8|12|9|6|8|11|8|5|4|1|4|6|4|2|3|6|1|3|3|1|3|3|0|1|0|0|0|1|1|0|1|0|1|1|3|1|1|0|1|1|6|0|1|0|1|1|0|0|0|1|1|0|1|2|0|3|1|1|2|1|0|2|1|0|1|0|0|1|2|1|1|6|1|3|5|2|4|4|3|5|7|1|3|2|7|9|3|8|5|7|5|3|7|2|5|1|1|6|3|2|7|13|1|5|10|4|6|4|5|6|3|4|6|0|7|3|3|7|4|2|4|0|4|6|3|1|12|7|12|2|2|2|0|5|1|1|2|2|0|0|0|0|2|1|0|0|1|2|0|2|0|0|1|0|1|0|0|0|0|0|0|0|0|0|0|0|0|0|0|0|0|0|0|0|0|0|0|0|0|0|0|0|0|0|0|0|0|0|0|0|0|0|0|0|0|0|0|0|0|0|0|0|0|0|0|0|1</HistCounts>
      </HistItem>
    </Histograms>
    <Metadata>
      <MDI key="BandName">Band_3</MDI>
      <MDI key="RepresentationType">ATHEMATIC</MDI>
      <MDI key="STATISTICS_COVARIANCES">-0.001182474240105724,0.002364272023230383,0.001583843103628692</MDI>
      <MDI key="STATISTICS_EXCLUDEDVALUES"></MDI>
      <MDI key="STATISTICS_MAXIMUM">0.28000000119209</MDI>
      <MDI key="STATISTICS_MEAN">0.13247340795747</MDI>
      <MDI key="STATISTICS_MEDIAN">0.112733</MDI>
      <MDI key="STATISTICS_MINIMUM">0.086999997496605</MDI>
      <MDI key="STATISTICS_SKIPFACTORX">1</MDI>
      <MDI key="STATISTICS_SKIPFACTORY">1</MDI>
      <MDI key="STATISTICS_STDDEV">0.039797526350625</MDI>
    </Metadata>
  </PAMRasterBand>
</PAMDataset>
