<PAMDataset>
  <Metadata>
    <MDI key="DataType">Generic</MDI>
  </Metadata>
  <PAMRasterBand band="1">
    <Description>Band_1</Description>
    <Histograms>
      <HistItem>
        <HistMin>0.7982500195503235</HistMin>
        <HistMax>0.9460370540618896</HistMax>
        <BucketCount>256</BucketCount>
        <IncludeOutOfRange>1</IncludeOutOfRange>
        <Approximate>0</Approximate>
        <HistCounts>1|0|0|0|0|0|0|0|0|0|0|0|0|0|0|0|0|0|0|0|0|0|0|0|0|0|0|0|0|0|0|0|0|0|0|0|0|0|0|0|0|0|0|0|0|0|2|0|0|0|0|0|0|0|0|0|0|0|0|0|0|0|0|0|1|0|0|0|0|0|0|0|0|0|0|0|0|0|0|0|0|0|1|0|0|0|0|0|0|0|0|0|0|0|1|0|0|1|0|0|0|0|0|0|0|0|0|0|0|0|0|2|0|0|0|0|0|0|1|0|0|0|0|1|0|0|0|0|0|0|0|0|0|0|0|0|0|0|0|0|0|0|0|0|0|0|0|0|0|1|0|0|0|0|0|0|0|0|0|0|0|0|0|0|0|0|0|0|0|0|0|0|0|0|0|0|0|0|0|0|0|0|0|0|0|0|0|0|0|0|0|1|0|1|1|0|0|0|0|0|0|0|0|0|1|0|0|0|2|0|5|4|9|8|13|17|19|18|24|35|37|35|48|70|31|31|25|24|14|10|27|15|14|11|21|13|12|15|19|22|18|3|13|4|11|8|12|6|10|5|10|6|5|8|4|1</HistCounts>
      </HistItem>
    </Histograms>
    <Metadata>
      <MDI key="BandName">Band_1</MDI>
      <MDI key="RepresentationType">ATHEMATIC</MDI>
      <MDI key="STATISTICS_COVARIANCES">0.0001462605719668357,-0.0002144690121915283,-0.0001302622933730781</MDI>
      <MDI key="STATISTICS_EXCLUDEDVALUES"></MDI>
      <MDI key="STATISTICS_MAXIMUM">0.94603705406189</MDI>
      <MDI key="STATISTICS_MEAN">0.92936535346024</MDI>
      <MDI key="STATISTICS_MEDIAN">0.928650</MDI>
      <MDI key="STATISTICS_MINIMUM">0.79825001955032</MDI>
      <MDI key="STATISTICS_SKIPFACTORX">1</MDI>
      <MDI key="STATISTICS_SKIPFACTORY">1</MDI>
      <MDI key="STATISTICS_STDDEV">0.012093823711583</MDI>
    </Metadata>
  </PAMRasterBand>
  <PAMRasterBand band="2">
    <Description>Band_2</Description>
    <Histograms>
      <HistItem>
        <HistMin>0.07800000160932541</HistMin>
        <HistMax>0.2547500133514404</HistMax>
        <BucketCount>256</BucketCount>
        <IncludeOutOfRange>1</IncludeOutOfRange>
        <Approximate>0</Approximate>
        <HistCounts>1|2|2|3|2|9|16|12|8|9|7|6|4|7|18|11|8|10|11|16|8|7|18|9|18|8|3|4|11|18|6|12|10|14|16|12|14|17|9|17|27|19|19|8|21|12|12|18|10|6|15|20|12|11|11|12|10|5|9|14|12|4|7|5|2|8|3|4|2|1|0|4|1|5|2|2|5|0|0|1|0|0|2|1|1|2|1|0|1|3|1|2|0|0|1|0|0|0|0|0|0|0|0|2|1|2|1|2|0|0|2|0|1|0|0|0|0|0|0|1|2|0|0|0|0|0|2|0|0|0|0|0|0|0|0|0|0|1|1|2|0|0|2|0|0|0|0|1|0|0|0|0|1|0|0|0|1|0|0|0|0|0|0|0|0|1|0|0|0|0|0|0|0|0|0|0|0|0|1|0|0|0|0|0|0|0|0|0|0|0|0|0|1|0|1|0|0|1|0|0|0|0|0|0|0|0|0|0|0|0|0|0|0|0|0|0|0|0|1|1|0|2|1|2|0|0|0|1|0|0|0|0|0|0|1|0|0|0|0|0|0|0|0|0|0|0|0|0|0|0|0|0|0|0|0|2</HistCounts>
      </HistItem>
    </Histograms>
    <Metadata>
      <MDI key="BandName">Band_2</MDI>
      <MDI key="RepresentationType">ATHEMATIC</MDI>
      <MDI key="STATISTICS_COVARIANCES">-0.0002144690121915283,0.000577448595108217,0.0003548386475502645</MDI>
      <MDI key="STATISTICS_EXCLUDEDVALUES"></MDI>
      <MDI key="STATISTICS_MAXIMUM">0.25475001335144</MDI>
      <MDI key="STATISTICS_MEAN">0.10848921330334</MDI>
      <MDI key="STATISTICS_MEDIAN">0.105725</MDI>
      <MDI key="STATISTICS_MINIMUM">0.078000001609325</MDI>
      <MDI key="STATISTICS_SKIPFACTORX">1</MDI>
      <MDI key="STATISTICS_SKIPFACTORY">1</MDI>
      <MDI key="STATISTICS_STDDEV">0.024030160114078</MDI>
    </Metadata>
  </PAMRasterBand>
  <PAMRasterBand band="3">
    <Description>Band_3</Description>
    <Histograms>
      <HistItem>
        <HistMin>0.135000005364418</HistMin>
        <HistMax>0.2517499923706055</HistMax>
        <BucketCount>256</BucketCount>
        <IncludeOutOfRange>1</IncludeOutOfRange>
        <Approximate>0</Approximate>
        <HistCounts>1|1|0|0|1|2|5|1|2|0|4|0|2|5|2|3|3|1|9|9|3|2|4|2|9|7|9|5|13|1|14|9|12|4|12|3|8|10|14|14|14|14|8|12|6|11|11|14|17|17|7|24|19|6|13|16|14|13|23|20|18|19|8|17|19|5|12|17|7|17|11|4|7|8|5|7|5|1|9|9|6|5|4|3|9|3|0|6|2|1|5|1|0|3|0|1|0|0|2|0|0|2|0|2|0|2|0|0|3|2|0|0|0|2|1|2|0|2|1|0|0|2|3|1|0|0|0|0|0|0|0|0|0|3|0|0|0|1|0|0|0|0|1|1|0|0|0|0|0|0|0|0|0|0|0|0|0|0|0|0|0|0|0|0|0|0|0|0|0|0|0|0|0|0|0|0|0|0|0|0|0|0|1|0|0|0|0|0|0|0|1|0|0|0|1|0|0|0|0|0|0|0|0|0|0|0|0|0|0|0|1|0|0|0|0|2|0|0|0|0|0|0|1|0|0|0|0|0|2|0|0|0|4|0|0|0|0|0|1|0|0|0|0|0|0|0|0|0|0|0|0|0|0|0|0|2</HistCounts>
      </HistItem>
    </Histograms>
    <Metadata>
      <MDI key="BandName">Band_3</MDI>
      <MDI key="RepresentationType">ATHEMATIC</MDI>
      <MDI key="STATISTICS_COVARIANCES">-0.0001302622933730781,0.0003548386475502645,0.0002296838337489464</MDI>
      <MDI key="STATISTICS_EXCLUDEDVALUES"></MDI>
      <MDI key="STATISTICS_MAXIMUM">0.25174999237061</MDI>
      <MDI key="STATISTICS_MEAN">0.16136199222679</MDI>
      <MDI key="STATISTICS_MEDIAN">0.159724</MDI>
      <MDI key="STATISTICS_MINIMUM">0.13500000536442</MDI>
      <MDI key="STATISTICS_SKIPFACTORX">1</MDI>
      <MDI key="STATISTICS_SKIPFACTORY">1</MDI>
      <MDI key="STATISTICS_STDDEV">0.015155323610829</MDI>
    </Metadata>
  </PAMRasterBand>
</PAMDataset>
