<PAMDataset>
  <Metadata>
    <MDI key="DataType">Generic</MDI>
  </Metadata>
  <PAMRasterBand band="1">
    <Description>Band_1</Description>
    <Histograms>
      <HistItem>
        <HistMin>0.3770000040531158</HistMin>
        <HistMax>0.9154999852180481</HistMax>
        <BucketCount>256</BucketCount>
        <IncludeOutOfRange>1</IncludeOutOfRange>
        <Approximate>0</Approximate>
        <HistCounts>2|3|2|0|0|2|0|1|0|0|0|2|1|2|0|0|0|1|2|2|3|0|0|1|3|1|1|0|2|2|7|1|1|2|0|2|1|0|1|1|3|1|2|2|3|0|0|1|0|3|3|1|1|4|3|1|0|0|7|1|1|1|2|2|4|4|4|0|3|7|2|1|3|5|9|9|5|5|3|8|8|7|11|3|10|17|14|11|6|3|13|15|11|10|5|25|15|18|7|14|11|11|6|18|7|16|7|15|12|15|14|6|9|12|8|22|19|18|15|11|21|19|18|11|16|10|13|21|13|14|10|14|16|1|9|4|9|6|3|2|4|3|4|2|4|0|1|2|6|0|1|1|4|0|0|2|1|1|3|0|0|0|0|0|0|1|2|3|3|3|4|6|3|5|2|2|2|0|0|0|0|2|2|0|0|1|0|0|0|2|0|1|0|1|0|2|0|0|0|0|0|2|0|0|0|0|0|0|0|0|1|0|0|0|1|0|1|0|0|0|0|1|0|0|0|0|0|0|0|0|0|0|0|0|0|0|0|0|0|0|0|0|0|0|0|0|0|0|0|0|0|0|0|0|0|2</HistCounts>
      </HistItem>
    </Histograms>
    <Metadata>
      <MDI key="BandName">Band_1</MDI>
      <MDI key="RepresentationType">ATHEMATIC</MDI>
      <MDI key="STATISTICS_COVARIANCES">0.005356911836398771,0.001828146272771511,0.001427738785770969</MDI>
      <MDI key="STATISTICS_EXCLUDEDVALUES"></MDI>
      <MDI key="STATISTICS_MAXIMUM">0.91549998521805</MDI>
      <MDI key="STATISTICS_MEAN">0.6004875273194</MDI>
      <MDI key="STATISTICS_MEDIAN">0.605071</MDI>
      <MDI key="STATISTICS_MINIMUM">0.37700000405312</MDI>
      <MDI key="STATISTICS_SKIPFACTORX">1</MDI>
      <MDI key="STATISTICS_SKIPFACTORY">1</MDI>
      <MDI key="STATISTICS_STDDEV">0.073190927281998</MDI>
    </Metadata>
  </PAMRasterBand>
  <PAMRasterBand band="2">
    <Description>Band_2</Description>
    <Histograms>
      <HistItem>
        <HistMin>0.197500005364418</HistMin>
        <HistMax>0.4659999907016754</HistMax>
        <BucketCount>256</BucketCount>
        <IncludeOutOfRange>1</IncludeOutOfRange>
        <Approximate>0</Approximate>
        <HistCounts>2|0|0|0|0|0|0|0|0|0|0|0|0|0|0|0|0|0|0|0|1|0|0|0|0|0|1|3|1|2|3|2|1|3|0|0|1|0|2|0|0|0|0|2|0|6|2|0|0|2|2|0|6|4|1|2|3|2|0|4|4|2|1|1|4|1|3|0|3|2|1|3|1|0|2|1|3|1|2|0|0|0|0|1|0|1|0|1|2|4|5|4|1|1|1|1|5|1|0|4|3|4|4|3|2|0|2|5|4|3|3|2|5|5|0|3|2|4|7|10|4|1|3|9|3|8|5|9|8|10|8|10|10|12|10|6|9|4|13|7|2|10|6|5|11|5|10|8|7|10|12|11|10|2|8|14|7|7|9|13|6|4|8|7|7|12|3|14|6|12|7|10|6|6|3|8|7|8|13|8|15|12|11|12|15|8|11|9|20|10|7|13|9|5|10|5|12|5|10|5|5|8|0|10|2|3|10|4|5|2|1|2|7|1|0|3|2|2|0|4|0|0|1|0|1|1|1|0|2|0|0|0|0|3|2|0|2|1|0|1|1|0|0|0|1|0|0|0|0|0|0|0|2|0|0|1</HistCounts>
      </HistItem>
    </Histograms>
    <Metadata>
      <MDI key="BandName">Band_2</MDI>
      <MDI key="RepresentationType">ATHEMATIC</MDI>
      <MDI key="STATISTICS_COVARIANCES">0.001828146272771511,0.002255439448029778,0.001217247335040127</MDI>
      <MDI key="STATISTICS_EXCLUDEDVALUES"></MDI>
      <MDI key="STATISTICS_MAXIMUM">0.46599999070168</MDI>
      <MDI key="STATISTICS_MEAN">0.35610291052013</MDI>
      <MDI key="STATISTICS_MEDIAN">0.361759</MDI>
      <MDI key="STATISTICS_MINIMUM">0.19750000536442</MDI>
      <MDI key="STATISTICS_SKIPFACTORX">1</MDI>
      <MDI key="STATISTICS_SKIPFACTORY">1</MDI>
      <MDI key="STATISTICS_STDDEV">0.047491467107574</MDI>
    </Metadata>
  </PAMRasterBand>
  <PAMRasterBand band="3">
    <Description>Band_3</Description>
    <Histograms>
      <HistItem>
        <HistMin>0.197500005364418</HistMin>
        <HistMax>0.3804999887943268</HistMax>
        <BucketCount>256</BucketCount>
        <IncludeOutOfRange>1</IncludeOutOfRange>
        <Approximate>0</Approximate>
        <HistCounts>1|0|4|2|1|1|0|0|0|0|1|0|0|0|1|0|0|0|0|1|3|3|1|0|0|5|2|2|1|2|4|6|0|1|1|1|4|1|3|4|2|3|2|1|0|4|2|2|0|2|4|2|1|0|0|0|1|3|0|1|4|1|3|2|3|0|5|2|3|1|2|2|1|5|7|4|4|2|0|3|1|5|6|5|6|2|6|6|4|11|1|8|1|3|5|11|12|6|13|15|11|13|15|14|6|9|12|7|6|4|13|9|11|16|16|7|12|9|9|6|7|7|8|6|8|12|12|14|13|19|13|10|5|4|12|12|12|20|16|13|18|19|17|6|7|10|6|14|17|18|8|5|3|8|4|11|5|3|6|5|3|8|0|8|3|3|3|2|4|1|3|6|0|2|2|3|4|2|2|1|0|0|1|0|1|0|0|2|0|0|2|0|0|0|0|0|0|0|0|0|0|0|0|0|0|0|0|0|0|0|1|0|0|0|0|0|0|0|0|0|0|0|0|0|0|0|0|2|0|0|0|0|0|1|0|0|1|0|0|1|0|0|0|0|0|0|1|0|0|0|2|1|0|0|0|1</HistCounts>
      </HistItem>
    </Histograms>
    <Metadata>
      <MDI key="BandName">Band_3</MDI>
      <MDI key="RepresentationType">ATHEMATIC</MDI>
      <MDI key="STATISTICS_COVARIANCES">0.001427738785770969,0.001217247335040127,0.000769520602225355</MDI>
      <MDI key="STATISTICS_EXCLUDEDVALUES"></MDI>
      <MDI key="STATISTICS_MAXIMUM">0.38049998879433</MDI>
      <MDI key="STATISTICS_MEAN">0.28105561329892</MDI>
      <MDI key="STATISTICS_MEDIAN">0.284335</MDI>
      <MDI key="STATISTICS_MINIMUM">0.19750000536442</MDI>
      <MDI key="STATISTICS_SKIPFACTORX">1</MDI>
      <MDI key="STATISTICS_SKIPFACTORY">1</MDI>
      <MDI key="STATISTICS_STDDEV">0.027740234357794</MDI>
    </Metadata>
  </PAMRasterBand>
</PAMDataset>
