<PAMDataset>
  <Metadata>
    <MDI key="DataType">Generic</MDI>
  </Metadata>
  <PAMRasterBand band="1">
    <Description>Band_1</Description>
    <Histograms>
      <HistItem>
        <HistMin>0.6707500219345093</HistMin>
        <HistMax>0.9242222309112549</HistMax>
        <BucketCount>256</BucketCount>
        <IncludeOutOfRange>1</IncludeOutOfRange>
        <Approximate>0</Approximate>
        <HistCounts>2|0|0|0|0|0|0|0|1|0|0|0|0|0|2|1|0|0|0|0|2|0|1|0|1|0|0|2|2|0|0|0|0|1|0|0|0|0|0|0|2|4|0|0|0|0|0|0|0|0|0|0|1|0|1|1|0|0|1|0|3|1|1|1|3|1|0|1|0|0|0|0|0|1|0|0|0|0|1|0|2|0|0|0|5|0|4|0|4|0|1|0|2|3|3|2|2|2|1|0|0|0|0|0|0|2|3|1|0|1|0|3|1|5|1|2|3|2|3|2|3|4|4|2|1|2|5|0|2|2|6|2|0|3|1|0|4|4|9|6|6|5|6|5|6|3|4|9|3|15|6|15|7|7|7|18|3|13|13|10|13|10|7|19|4|9|13|9|10|8|11|17|17|13|20|21|11|22|12|11|4|22|11|20|19|22|9|28|30|14|26|15|16|20|20|25|13|15|18|21|11|6|19|18|17|17|13|16|8|9|10|6|20|13|12|14|5|15|9|6|4|14|14|10|9|18|3|11|5|6|7|4|7|7|8|0|6|3|0|4|1|6|5|2|3|1|3|2|4|3|12|20|7|5|0|1</HistCounts>
      </HistItem>
    </Histograms>
    <Metadata>
      <MDI key="BandName">Band_1</MDI>
      <MDI key="RepresentationType">ATHEMATIC</MDI>
      <MDI key="STATISTICS_COVARIANCES">0.001671653102046788,-0.0004407341107011689,-0.0001939841834756033</MDI>
      <MDI key="STATISTICS_EXCLUDEDVALUES"></MDI>
      <MDI key="STATISTICS_MAXIMUM">0.92422223091125</MDI>
      <MDI key="STATISTICS_MEAN">0.85180341725849</MDI>
      <MDI key="STATISTICS_MEDIAN">0.856630</MDI>
      <MDI key="STATISTICS_MINIMUM">0.67075002193451</MDI>
      <MDI key="STATISTICS_SKIPFACTORX">1</MDI>
      <MDI key="STATISTICS_SKIPFACTORY">1</MDI>
      <MDI key="STATISTICS_STDDEV">0.040885854547102</MDI>
    </Metadata>
  </PAMRasterBand>
  <PAMRasterBand band="2">
    <Description>Band_2</Description>
    <Histograms>
      <HistItem>
        <HistMin>0.08500000089406967</HistMin>
        <HistMax>0.3055000007152557</HistMax>
        <BucketCount>256</BucketCount>
        <IncludeOutOfRange>1</IncludeOutOfRange>
        <Approximate>0</Approximate>
        <HistCounts>2|1|2|2|4|1|7|6|10|13|11|6|4|17|26|45|46|60|62|61|39|59|47|74|51|46|60|34|58|26|34|23|31|20|24|11|11|23|12|17|7|13|9|23|16|14|10|8|8|12|7|10|7|6|13|5|8|8|5|3|5|4|4|3|2|3|1|2|7|2|5|3|2|4|0|1|0|2|2|1|6|0|0|1|0|3|0|0|0|2|1|2|1|3|3|2|1|3|0|1|1|0|0|0|1|0|1|1|0|1|1|0|0|2|0|0|0|0|0|0|0|0|0|0|0|0|0|0|0|0|0|0|0|0|0|0|0|0|0|1|0|0|0|0|0|0|0|0|2|0|1|1|0|2|1|0|1|1|0|0|0|1|0|1|1|0|0|0|1|0|0|0|0|0|0|0|3|0|0|0|0|0|0|0|2|0|0|2|1|1|0|1|0|0|0|0|0|0|0|0|0|0|1|0|0|0|0|2|0|1|0|0|0|0|0|0|0|0|0|0|0|1|0|0|0|0|0|0|0|0|0|0|0|0|0|0|0|0|0|1|0|0|0|0|0|0|0|0|2|0|0|1|1|0|0|1</HistCounts>
      </HistItem>
    </Histograms>
    <Metadata>
      <MDI key="BandName">Band_2</MDI>
      <MDI key="RepresentationType">ATHEMATIC</MDI>
      <MDI key="STATISTICS_COVARIANCES">-0.0004407341107011689,0.0006907061649677826,0.0004117619647982427</MDI>
      <MDI key="STATISTICS_EXCLUDEDVALUES"></MDI>
      <MDI key="STATISTICS_MAXIMUM">0.30550000071526</MDI>
      <MDI key="STATISTICS_MEAN">0.1147391305319</MDI>
      <MDI key="STATISTICS_MEDIAN">0.106618</MDI>
      <MDI key="STATISTICS_MINIMUM">0.08500000089407</MDI>
      <MDI key="STATISTICS_SKIPFACTORX">1</MDI>
      <MDI key="STATISTICS_SKIPFACTORY">1</MDI>
      <MDI key="STATISTICS_STDDEV">0.026281289256195</MDI>
    </Metadata>
  </PAMRasterBand>
  <PAMRasterBand band="3">
    <Description>Band_3</Description>
    <Histograms>
      <HistItem>
        <HistMin>0.1354999989271164</HistMin>
        <HistMax>0.2750000059604645</HistMax>
        <BucketCount>256</BucketCount>
        <IncludeOutOfRange>1</IncludeOutOfRange>
        <Approximate>0</Approximate>
        <HistCounts>1|1|1|0|0|3|5|2|6|2|10|11|11|9|18|23|24|10|27|22|32|60|38|36|55|35|64|50|50|43|29|69|34|26|37|30|30|37|24|28|18|18|15|22|15|8|16|17|7|11|13|12|9|12|14|8|13|11|12|2|7|2|4|15|6|3|3|3|1|4|2|2|5|6|0|3|3|1|2|4|5|0|3|1|3|2|0|2|1|1|2|1|1|1|0|5|0|0|1|0|0|1|0|2|0|0|3|2|1|0|0|2|2|1|1|2|0|0|0|0|0|0|0|0|0|1|0|0|0|0|0|0|2|0|0|0|0|0|0|0|0|0|0|1|2|3|0|0|0|0|0|1|1|0|1|0|0|1|0|0|0|0|0|1|0|2|0|0|0|0|1|2|0|0|0|1|0|0|1|1|1|0|0|0|0|0|0|0|0|0|1|0|0|1|0|0|0|0|1|0|0|0|0|1|0|0|0|1|0|0|0|0|0|0|0|0|0|0|1|0|0|0|0|0|0|0|0|0|0|0|0|0|0|0|0|0|0|0|0|0|0|0|0|0|2|1|0|1|0|0|0|0|0|1|0|1</HistCounts>
      </HistItem>
    </Histograms>
    <Metadata>
      <MDI key="BandName">Band_3</MDI>
      <MDI key="RepresentationType">ATHEMATIC</MDI>
      <MDI key="STATISTICS_COVARIANCES">-0.0001939841834756033,0.0004117619647982427,0.0002589199318388752</MDI>
      <MDI key="STATISTICS_EXCLUDEDVALUES"></MDI>
      <MDI key="STATISTICS_MAXIMUM">0.27500000596046</MDI>
      <MDI key="STATISTICS_MEAN">0.15674305070492</MDI>
      <MDI key="STATISTICS_MEDIAN">0.152459</MDI>
      <MDI key="STATISTICS_MINIMUM">0.13549999892712</MDI>
      <MDI key="STATISTICS_SKIPFACTORX">1</MDI>
      <MDI key="STATISTICS_SKIPFACTORY">1</MDI>
      <MDI key="STATISTICS_STDDEV">0.016090989150418</MDI>
    </Metadata>
  </PAMRasterBand>
</PAMDataset>
