<PAMDataset>
  <Metadata>
    <MDI key="DataType">Generic</MDI>
  </Metadata>
  <PAMRasterBand band="1">
    <Description>Band_1</Description>
    <Histograms>
      <HistItem>
        <HistMin>0.6949999928474426</HistMin>
        <HistMax>0.9323889017105103</HistMax>
        <BucketCount>256</BucketCount>
        <IncludeOutOfRange>1</IncludeOutOfRange>
        <Approximate>0</Approximate>
        <HistCounts>2|0|0|0|0|0|0|0|0|0|0|0|0|0|0|0|0|0|0|0|0|0|0|0|0|0|0|0|0|0|0|0|0|0|2|0|0|0|0|0|0|0|2|0|0|0|1|1|0|0|0|0|0|1|0|0|0|0|0|0|0|0|0|0|0|0|0|0|0|1|0|0|0|0|0|0|0|1|0|0|0|0|0|0|0|0|1|2|0|0|0|0|0|0|0|2|0|0|0|0|0|2|1|2|1|0|0|6|0|0|0|0|0|0|0|0|0|0|0|0|0|3|1|0|0|0|1|0|1|3|4|0|0|2|1|0|1|0|2|2|0|2|0|4|3|4|0|2|0|2|0|3|1|0|4|2|0|0|1|0|1|1|2|3|0|0|0|1|0|0|0|0|1|1|0|2|0|0|3|1|1|2|6|0|2|2|2|0|5|2|2|2|4|2|4|1|3|3|8|1|6|4|2|7|3|3|5|6|6|8|4|11|6|5|6|0|15|13|7|13|9|8|7|17|7|16|15|10|4|9|9|11|14|11|10|1|9|10|13|7|9|52|100|89|66|30|26|21|31|44|36|14|6|1|3|1</HistCounts>
      </HistItem>
    </Histograms>
    <Metadata>
      <MDI key="BandName">Band_1</MDI>
      <MDI key="RepresentationType">ATHEMATIC</MDI>
      <MDI key="STATISTICS_COVARIANCES">0.001182289576584667,-0.0006751398400080696,-0.000387556527086573</MDI>
      <MDI key="STATISTICS_EXCLUDEDVALUES"></MDI>
      <MDI key="STATISTICS_MAXIMUM">0.93238890171051</MDI>
      <MDI key="STATISTICS_MEAN">0.90357344497096</MDI>
      <MDI key="STATISTICS_MEDIAN">0.919356</MDI>
      <MDI key="STATISTICS_MINIMUM">0.69499999284744</MDI>
      <MDI key="STATISTICS_SKIPFACTORX">1</MDI>
      <MDI key="STATISTICS_SKIPFACTORY">1</MDI>
      <MDI key="STATISTICS_STDDEV">0.034384438000128</MDI>
    </Metadata>
  </PAMRasterBand>
  <PAMRasterBand band="2">
    <Description>Band_2</Description>
    <Histograms>
      <HistItem>
        <HistMin>0.07724999636411667</HistMin>
        <HistMax>0.2622500061988831</HistMax>
        <BucketCount>256</BucketCount>
        <IncludeOutOfRange>1</IncludeOutOfRange>
        <Approximate>0</Approximate>
        <HistCounts>5|10|6|15|11|7|15|11|15|22|5|28|31|32|18|22|11|17|19|16|7|7|15|12|16|14|13|19|18|13|6|11|14|11|12|15|16|13|8|12|6|10|5|13|13|6|9|6|5|7|8|7|8|4|5|14|10|11|17|5|13|4|11|15|7|5|8|13|12|3|6|6|6|9|4|8|14|7|6|3|3|2|4|3|0|2|5|0|2|3|5|0|0|0|1|0|0|0|0|1|1|0|0|0|1|0|2|0|3|0|0|1|1|0|0|0|3|0|0|0|0|0|1|0|0|2|0|0|2|0|0|1|0|0|0|2|0|4|0|0|0|3|0|1|2|1|4|0|3|0|2|0|0|2|1|0|0|1|0|0|0|0|0|1|0|0|1|0|0|0|0|0|0|4|3|0|0|0|1|1|0|0|0|0|0|0|2|0|0|0|0|3|0|0|0|0|0|0|0|0|2|0|0|0|0|0|0|2|0|0|0|0|0|0|0|0|0|0|0|0|0|0|2|1|0|0|0|0|0|0|0|0|2|0|0|0|0|0|0|0|2|0|0|0|0|0|0|0|0|0|0|0|0|0|0|2</HistCounts>
      </HistItem>
    </Histograms>
    <Metadata>
      <MDI key="BandName">Band_2</MDI>
      <MDI key="RepresentationType">ATHEMATIC</MDI>
      <MDI key="STATISTICS_COVARIANCES">-0.0006751398400080696,0.0008736318871584047,0.0005443119793668156</MDI>
      <MDI key="STATISTICS_EXCLUDEDVALUES"></MDI>
      <MDI key="STATISTICS_MAXIMUM">0.26225000619888</MDI>
      <MDI key="STATISTICS_MEAN">0.10994305696848</MDI>
      <MDI key="STATISTICS_MEDIAN">0.101917</MDI>
      <MDI key="STATISTICS_MINIMUM">0.077249996364117</MDI>
      <MDI key="STATISTICS_SKIPFACTORX">1</MDI>
      <MDI key="STATISTICS_SKIPFACTORY">1</MDI>
      <MDI key="STATISTICS_STDDEV">0.029557264541199</MDI>
    </Metadata>
  </PAMRasterBand>
  <PAMRasterBand band="3">
    <Description>Band_3</Description>
    <Histograms>
      <HistItem>
        <HistMin>0.1312499940395355</HistMin>
        <HistMax>0.2557500004768372</HistMax>
        <BucketCount>256</BucketCount>
        <IncludeOutOfRange>1</IncludeOutOfRange>
        <Approximate>0</Approximate>
        <HistCounts>3|4|5|3|6|7|7|9|10|9|9|14|11|14|25|17|18|19|16|18|26|9|17|15|11|13|8|13|10|10|9|19|7|7|5|10|6|16|8|4|10|5|6|3|11|23|20|12|16|11|15|11|7|9|7|7|5|7|12|12|6|8|16|6|16|7|6|7|12|3|14|9|14|5|7|10|17|4|9|9|10|12|6|5|3|6|14|8|4|1|4|2|2|0|0|1|3|1|2|0|1|4|0|0|0|1|0|0|1|0|0|0|1|0|2|0|3|4|0|0|0|0|0|0|0|1|2|0|4|0|0|2|1|2|0|1|1|2|2|3|4|0|1|0|0|2|0|0|0|2|0|0|0|0|0|0|0|0|5|0|3|0|3|0|0|0|0|0|1|0|1|0|0|1|2|0|0|0|0|0|0|0|0|0|0|0|2|0|0|0|0|0|0|0|2|0|0|0|0|2|0|0|0|0|0|0|0|0|0|0|0|0|0|0|0|0|0|2|0|0|2|0|0|0|0|0|0|0|0|0|0|0|0|0|0|0|0|0|2|0|0|0|0|0|0|0|0|0|0|0|0|0|0|0|0|1</HistCounts>
      </HistItem>
    </Histograms>
    <Metadata>
      <MDI key="BandName">Band_3</MDI>
      <MDI key="RepresentationType">ATHEMATIC</MDI>
      <MDI key="STATISTICS_COVARIANCES">-0.000387556527086573,0.0005443119793668156,0.0003501738413433112</MDI>
      <MDI key="STATISTICS_EXCLUDEDVALUES"></MDI>
      <MDI key="STATISTICS_MAXIMUM">0.25575000047684</MDI>
      <MDI key="STATISTICS_MEAN">0.15620354626264</MDI>
      <MDI key="STATISTICS_MEDIAN">0.153221</MDI>
      <MDI key="STATISTICS_MINIMUM">0.13124999403954</MDI>
      <MDI key="STATISTICS_SKIPFACTORX">1</MDI>
      <MDI key="STATISTICS_SKIPFACTORY">1</MDI>
      <MDI key="STATISTICS_STDDEV">0.018712932462426</MDI>
    </Metadata>
  </PAMRasterBand>
</PAMDataset>
