<PAMDataset>
  <Metadata>
    <MDI key="DataType">Generic</MDI>
  </Metadata>
  <PAMRasterBand band="1">
    <Description>Band_1</Description>
    <Histograms>
      <HistItem>
        <HistMin>0.6685000061988831</HistMin>
        <HistMax>0.9229074120521545</HistMax>
        <BucketCount>256</BucketCount>
        <IncludeOutOfRange>1</IncludeOutOfRange>
        <Approximate>0</Approximate>
        <HistCounts>2|0|0|0|0|0|0|0|0|0|0|0|0|0|1|0|0|0|0|0|0|0|0|0|1|0|0|2|0|0|0|0|0|0|0|0|0|0|0|0|0|0|1|0|0|3|0|1|1|1|0|0|0|0|2|0|0|0|0|0|0|0|0|2|0|0|2|0|2|0|0|0|0|0|0|0|0|0|2|0|0|0|0|0|1|0|0|0|0|1|2|0|1|3|0|2|0|2|4|2|1|0|5|4|2|8|1|3|5|6|4|7|2|2|4|4|4|2|0|3|1|1|4|2|6|8|6|9|10|9|8|4|8|11|10|8|11|6|10|6|8|13|4|14|9|7|7|18|6|12|8|8|4|4|3|6|8|12|7|4|4|3|14|4|2|9|11|9|6|11|9|3|1|5|14|1|8|3|6|7|9|10|9|10|4|7|3|5|3|3|5|2|0|4|2|2|5|3|6|2|2|3|3|4|3|5|1|7|6|4|10|4|3|4|2|6|5|5|0|5|1|1|2|3|3|1|4|4|3|4|4|0|2|0|6|3|8|3|8|3|1|1|5|3|8|3|7|3|2|0|3|4|21|10|0|1</HistCounts>
      </HistItem>
    </Histograms>
    <Metadata>
      <MDI key="BandName">Band_1</MDI>
      <MDI key="RepresentationType">ATHEMATIC</MDI>
      <MDI key="STATISTICS_COVARIANCES">0.002168586684158465,0.0004440050420668839,0.0003694349726533443</MDI>
      <MDI key="STATISTICS_EXCLUDEDVALUES"></MDI>
      <MDI key="STATISTICS_MAXIMUM">0.92290741205215</MDI>
      <MDI key="STATISTICS_MEAN">0.83530491204368</MDI>
      <MDI key="STATISTICS_MEDIAN">0.830124</MDI>
      <MDI key="STATISTICS_MINIMUM">0.66850000619888</MDI>
      <MDI key="STATISTICS_SKIPFACTORX">1</MDI>
      <MDI key="STATISTICS_SKIPFACTORY">1</MDI>
      <MDI key="STATISTICS_STDDEV">0.046568086541734</MDI>
    </Metadata>
  </PAMRasterBand>
  <PAMRasterBand band="2">
    <Description>Band_2</Description>
    <Histograms>
      <HistItem>
        <HistMin>0.09175000339746475</HistMin>
        <HistMax>0.2515000104904175</HistMax>
        <BucketCount>256</BucketCount>
        <IncludeOutOfRange>1</IncludeOutOfRange>
        <Approximate>0</Approximate>
        <HistCounts>1|1|0|1|3|2|0|4|1|10|3|8|13|6|10|9|9|9|5|13|14|18|5|15|11|25|16|23|14|28|10|17|16|26|19|19|14|7|9|11|12|20|6|6|13|12|7|11|8|13|6|7|8|4|4|6|11|2|10|11|5|9|9|12|5|8|3|5|7|5|2|14|14|7|6|4|2|8|2|10|3|6|5|0|5|1|1|0|0|0|4|5|1|6|3|1|3|3|1|5|5|3|3|1|3|0|0|0|3|0|1|0|0|2|0|0|1|2|0|0|1|0|1|2|1|0|2|0|1|0|0|0|2|4|2|1|0|0|1|0|0|0|0|0|1|1|0|1|2|0|0|0|0|0|0|0|2|0|1|0|0|1|0|0|0|0|0|0|0|0|0|0|0|0|0|0|0|0|0|0|1|0|0|0|0|0|0|0|0|0|0|0|0|0|0|0|0|0|0|0|0|0|0|0|0|0|0|0|0|0|0|0|0|0|0|0|0|0|0|0|0|0|0|0|0|0|0|1|0|0|0|0|2|0|0|0|0|0|0|0|0|0|0|0|0|0|0|0|0|0|0|0|0|0|1|1</HistCounts>
      </HistItem>
    </Histograms>
    <Metadata>
      <MDI key="BandName">Band_2</MDI>
      <MDI key="RepresentationType">ATHEMATIC</MDI>
      <MDI key="STATISTICS_COVARIANCES">0.0004440050420668839,0.0004237182975210977,0.0002868792811663676</MDI>
      <MDI key="STATISTICS_EXCLUDEDVALUES"></MDI>
      <MDI key="STATISTICS_MAXIMUM">0.25150001049042</MDI>
      <MDI key="STATISTICS_MEAN">0.12237956420517</MDI>
      <MDI key="STATISTICS_MEDIAN">0.116182</MDI>
      <MDI key="STATISTICS_MINIMUM">0.091750003397465</MDI>
      <MDI key="STATISTICS_SKIPFACTORX">1</MDI>
      <MDI key="STATISTICS_SKIPFACTORY">1</MDI>
      <MDI key="STATISTICS_STDDEV">0.02058441880455</MDI>
    </Metadata>
  </PAMRasterBand>
  <PAMRasterBand band="3">
    <Description>Band_3</Description>
    <Histograms>
      <HistItem>
        <HistMin>0.1369999945163727</HistMin>
        <HistMax>0.2419999986886978</HistMax>
        <BucketCount>256</BucketCount>
        <IncludeOutOfRange>1</IncludeOutOfRange>
        <Approximate>0</Approximate>
        <HistCounts>1|0|0|0|0|0|0|5|0|1|5|0|0|3|0|3|2|5|2|5|7|4|2|6|5|3|12|19|5|8|9|6|12|7|18|17|3|25|13|6|24|16|12|31|26|15|23|27|11|24|8|9|11|4|12|10|3|4|9|1|3|13|3|7|9|4|6|5|4|3|5|5|13|2|4|3|7|8|11|4|8|5|4|8|2|5|3|5|15|5|3|11|13|5|8|9|3|4|7|2|4|1|3|7|0|5|1|3|2|5|2|4|0|1|4|1|2|2|3|3|3|0|0|5|0|1|1|0|2|3|2|1|2|0|2|2|1|2|1|2|2|1|1|0|0|0|3|0|0|2|0|0|0|1|2|0|0|0|0|0|0|0|1|0|1|0|0|0|0|0|0|0|1|0|2|0|0|0|0|0|0|1|0|0|0|0|0|0|0|0|0|0|0|0|0|0|0|0|0|0|0|0|0|0|0|0|0|0|0|0|0|0|0|0|0|0|0|0|0|0|0|0|1|0|0|0|0|0|0|0|0|0|0|2|0|0|0|0|0|0|0|0|0|0|0|0|0|0|0|0|0|0|0|0|1|1</HistCounts>
      </HistItem>
    </Histograms>
    <Metadata>
      <MDI key="BandName">Band_3</MDI>
      <MDI key="RepresentationType">ATHEMATIC</MDI>
      <MDI key="STATISTICS_COVARIANCES">0.0003694349726533443,0.0002868792811663676,0.0002021741854445709</MDI>
      <MDI key="STATISTICS_EXCLUDEDVALUES"></MDI>
      <MDI key="STATISTICS_MAXIMUM">0.2419999986887</MDI>
      <MDI key="STATISTICS_MEAN">0.16265047109029</MDI>
      <MDI key="STATISTICS_MEDIAN">0.157176</MDI>
      <MDI key="STATISTICS_MINIMUM">0.13699999451637</MDI>
      <MDI key="STATISTICS_SKIPFACTORX">1</MDI>
      <MDI key="STATISTICS_SKIPFACTORY">1</MDI>
      <MDI key="STATISTICS_STDDEV">0.014218796905666</MDI>
    </Metadata>
  </PAMRasterBand>
</PAMDataset>
