<PAMDataset>
  <Metadata>
    <MDI key="DataType">Generic</MDI>
  </Metadata>
  <PAMRasterBand band="1">
    <Description>Band_1</Description>
    <Histograms>
      <HistItem>
        <HistMin>0.8550000190734863</HistMin>
        <HistMax>0.9326851963996887</HistMax>
        <BucketCount>256</BucketCount>
        <IncludeOutOfRange>1</IncludeOutOfRange>
        <Approximate>0</Approximate>
        <HistCounts>2|0|0|0|0|0|0|0|0|0|0|0|0|0|0|0|0|0|0|0|0|0|0|0|0|0|0|0|0|0|0|0|0|0|0|0|2|0|0|0|0|0|0|0|0|0|0|0|2|0|0|0|0|0|0|0|0|0|0|0|2|0|0|0|2|0|0|0|2|2|0|0|2|0|0|0|0|0|0|0|0|0|0|0|0|0|0|0|0|0|0|0|0|0|0|0|0|0|0|0|0|0|0|1|0|0|0|0|0|0|0|2|0|0|0|0|0|0|0|0|0|0|0|0|0|0|0|0|0|0|0|0|0|0|0|0|0|0|0|0|0|0|0|0|0|0|0|0|0|2|0|0|0|0|0|0|0|0|0|0|0|0|0|0|1|0|0|2|0|0|0|0|2|0|0|0|0|3|0|0|0|0|0|0|0|0|0|0|0|0|0|2|0|1|0|2|0|2|2|1|1|2|2|1|0|0|0|0|0|1|1|0|0|4|9|18|14|10|10|30|24|33|51|44|48|39|48|39|36|42|39|35|22|21|20|26|8|6|10|10|6|7|5|0|0|2|9|7|1|2|5|0|1|1|0|2</HistCounts>
      </HistItem>
    </Histograms>
    <Metadata>
      <MDI key="BandName">Band_1</MDI>
      <MDI key="RepresentationType">ATHEMATIC</MDI>
      <MDI key="STATISTICS_COVARIANCES">7.18832822079686e-05,-0.0002284546153071123,-0.0001260539263473903</MDI>
      <MDI key="STATISTICS_EXCLUDEDVALUES"></MDI>
      <MDI key="STATISTICS_MAXIMUM">0.93268519639969</MDI>
      <MDI key="STATISTICS_MEAN">0.92273157624017</MDI>
      <MDI key="STATISTICS_MEDIAN">0.923850</MDI>
      <MDI key="STATISTICS_MINIMUM">0.85500001907349</MDI>
      <MDI key="STATISTICS_SKIPFACTORX">1</MDI>
      <MDI key="STATISTICS_SKIPFACTORY">1</MDI>
      <MDI key="STATISTICS_STDDEV">0.0084784009228137</MDI>
    </Metadata>
  </PAMRasterBand>
  <PAMRasterBand band="2">
    <Description>Band_2</Description>
    <Histograms>
      <HistItem>
        <HistMin>0.09775000065565109</HistMin>
        <HistMax>0.4149999916553497</HistMax>
        <BucketCount>256</BucketCount>
        <IncludeOutOfRange>1</IncludeOutOfRange>
        <Approximate>0</Approximate>
        <HistCounts>5|0|0|1|6|1|3|5|5|2|0|15|6|5|15|17|11|18|16|18|28|31|12|24|28|26|19|29|16|18|19|18|21|22|16|17|17|8|17|14|16|12|9|13|20|10|13|8|5|10|4|3|2|7|2|5|3|0|2|5|4|6|2|1|4|0|5|4|1|0|0|2|4|2|0|2|4|2|0|0|2|4|2|0|0|1|0|3|0|2|0|0|1|0|0|0|0|0|2|1|0|1|1|0|4|0|2|0|0|1|2|1|0|2|0|0|2|0|0|0|0|1|0|0|0|0|2|0|0|0|0|0|0|0|0|0|0|0|0|0|0|0|0|0|0|0|0|0|0|0|0|0|0|0|0|0|0|0|0|0|0|0|0|0|1|0|0|0|0|0|0|0|0|0|0|0|0|0|0|0|0|0|0|0|0|0|0|0|0|0|0|0|0|0|0|0|0|0|0|0|2|0|0|0|0|0|0|0|0|0|0|0|0|0|0|0|0|0|0|0|0|0|0|0|0|0|0|0|0|0|0|0|0|0|0|0|0|0|0|0|2|0|2|0|0|0|0|0|2|0|0|0|0|0|2|2</HistCounts>
      </HistItem>
    </Histograms>
    <Metadata>
      <MDI key="BandName">Band_2</MDI>
      <MDI key="RepresentationType">ATHEMATIC</MDI>
      <MDI key="STATISTICS_COVARIANCES">-0.0002284546153071123,0.001660370556077412,0.0009430254234727633</MDI>
      <MDI key="STATISTICS_EXCLUDEDVALUES"></MDI>
      <MDI key="STATISTICS_MAXIMUM">0.41499999165535</MDI>
      <MDI key="STATISTICS_MEAN">0.14537705434898</MDI>
      <MDI key="STATISTICS_MEDIAN">0.135074</MDI>
      <MDI key="STATISTICS_MINIMUM">0.097750000655651</MDI>
      <MDI key="STATISTICS_SKIPFACTORX">1</MDI>
      <MDI key="STATISTICS_SKIPFACTORY">1</MDI>
      <MDI key="STATISTICS_STDDEV">0.040747644791784</MDI>
    </Metadata>
  </PAMRasterBand>
  <PAMRasterBand band="3">
    <Description>Band_3</Description>
    <Histograms>
      <HistItem>
        <HistMin>0.1515000015497208</HistMin>
        <HistMax>0.3375000059604645</HistMax>
        <BucketCount>256</BucketCount>
        <IncludeOutOfRange>1</IncludeOutOfRange>
        <Approximate>0</Approximate>
        <HistCounts>1|0|5|0|1|1|2|0|2|2|5|2|8|17|3|13|18|11|21|8|22|31|8|19|11|19|32|15|18|15|14|16|23|15|29|24|11|21|12|16|20|19|10|12|18|2|12|13|7|12|11|17|7|7|6|9|5|4|8|4|3|6|6|1|5|1|1|0|0|2|5|1|0|3|2|0|0|2|7|2|2|1|1|4|0|0|2|1|0|0|0|0|0|2|3|0|2|0|1|1|0|2|0|0|0|2|0|0|2|3|3|1|0|0|0|0|0|0|0|0|2|0|0|0|0|0|2|0|0|0|0|0|0|0|0|0|0|0|0|0|0|0|0|0|0|0|0|0|0|0|0|0|0|0|0|0|1|0|0|0|0|0|0|0|0|0|0|0|0|0|0|0|0|0|0|0|0|0|0|0|0|0|0|0|0|0|0|0|0|0|0|0|0|0|0|0|0|2|0|0|0|0|0|0|0|0|0|0|0|0|0|0|0|0|0|0|0|0|0|0|0|0|0|0|0|0|0|0|0|0|0|0|0|0|0|0|0|2|2|0|0|0|0|0|2|0|2|0|0|0|0|0|0|0|0|2</HistCounts>
      </HistItem>
    </Histograms>
    <Metadata>
      <MDI key="BandName">Band_3</MDI>
      <MDI key="RepresentationType">ATHEMATIC</MDI>
      <MDI key="STATISTICS_COVARIANCES">-0.0001260539263473903,0.0009430254234727633,0.0005447117927293746</MDI>
      <MDI key="STATISTICS_EXCLUDEDVALUES"></MDI>
      <MDI key="STATISTICS_MAXIMUM">0.33750000596046</MDI>
      <MDI key="STATISTICS_MEAN">0.18143584109212</MDI>
      <MDI key="STATISTICS_MEDIAN">0.176300</MDI>
      <MDI key="STATISTICS_MINIMUM">0.15150000154972</MDI>
      <MDI key="STATISTICS_SKIPFACTORX">1</MDI>
      <MDI key="STATISTICS_SKIPFACTORY">1</MDI>
      <MDI key="STATISTICS_STDDEV">0.023339061522036</MDI>
    </Metadata>
  </PAMRasterBand>
</PAMDataset>
