<PAMDataset>
  <Metadata>
    <MDI key="DataType">Generic</MDI>
  </Metadata>
  <PAMRasterBand band="1">
    <Description>Band_1</Description>
    <Histograms>
      <HistItem>
        <HistMin>0.3680000007152557</HistMin>
        <HistMax>0.9379073977470398</HistMax>
        <BucketCount>256</BucketCount>
        <IncludeOutOfRange>1</IncludeOutOfRange>
        <Approximate>0</Approximate>
        <HistCounts>1|5|2|0|4|6|1|0|8|10|10|5|5|5|3|5|3|5|6|7|11|10|7|24|11|25|12|10|12|10|8|19|17|18|9|17|6|11|12|16|7|10|10|6|9|13|6|11|7|3|10|12|11|5|3|8|2|2|3|3|3|5|14|4|13|3|3|5|6|2|8|0|2|0|4|4|1|6|0|7|1|0|1|0|1|2|1|1|4|2|1|1|1|1|0|0|1|1|3|0|1|1|1|1|0|0|0|0|0|0|0|0|3|0|0|1|3|1|0|0|0|0|0|0|0|0|1|2|0|0|0|0|0|0|0|1|0|0|0|0|0|0|0|1|0|0|0|0|0|0|0|1|1|2|0|0|0|2|2|0|0|1|1|0|3|0|0|0|3|3|0|1|0|0|0|1|2|5|0|0|0|0|1|2|0|1|6|2|2|1|1|4|1|0|1|0|1|6|4|1|2|5|1|1|6|7|1|15|14|5|13|8|12|12|10|10|21|11|18|20|18|17|12|18|29|32|17|19|25|26|27|29|19|29|29|28|21|13|9|18|13|19|13|21|22|17|19|152|106|52|20|18|7|5|3|2</HistCounts>
      </HistItem>
    </Histograms>
    <Metadata>
      <MDI key="BandName">Band_1</MDI>
      <MDI key="RepresentationType">ATHEMATIC</MDI>
      <MDI key="STATISTICS_COVARIANCES">0.04313066123792651,-0.01004952821148673,-0.004329680903950372</MDI>
      <MDI key="STATISTICS_EXCLUDEDVALUES"></MDI>
      <MDI key="STATISTICS_MAXIMUM">0.93790739774704</MDI>
      <MDI key="STATISTICS_MEAN">0.73840574419617</MDI>
      <MDI key="STATISTICS_MEDIAN">0.861920</MDI>
      <MDI key="STATISTICS_MINIMUM">0.36800000071526</MDI>
      <MDI key="STATISTICS_SKIPFACTORX">1</MDI>
      <MDI key="STATISTICS_SKIPFACTORY">1</MDI>
      <MDI key="STATISTICS_STDDEV">0.20767922678479</MDI>
    </Metadata>
  </PAMRasterBand>
  <PAMRasterBand band="2">
    <Description>Band_2</Description>
    <Histograms>
      <HistItem>
        <HistMin>0.04224999994039536</HistMin>
        <HistMax>0.4157499969005585</HistMax>
        <BucketCount>256</BucketCount>
        <IncludeOutOfRange>1</IncludeOutOfRange>
        <Approximate>0</Approximate>
        <HistCounts>2|4|0|1|2|10|10|8|16|23|26|23|30|27|20|30|26|23|30|32|43|43|48|38|34|29|40|24|20|25|24|21|31|21|16|13|26|10|16|15|9|8|14|9|4|7|7|10|12|4|11|8|2|10|10|7|4|6|4|8|8|2|6|5|1|3|5|1|2|4|2|0|2|3|2|4|7|10|4|9|6|7|8|5|8|13|19|12|16|12|19|14|15|19|19|21|26|12|12|18|7|7|22|5|16|17|10|16|9|14|12|9|4|14|7|5|4|5|5|12|5|6|5|12|11|2|3|6|8|10|7|5|6|3|6|7|9|2|9|2|1|1|3|0|3|9|4|5|2|2|5|8|0|4|4|0|5|3|0|1|0|3|0|1|1|0|0|1|1|0|2|0|0|1|0|0|0|0|0|0|1|1|1|1|1|0|2|0|0|0|0|0|1|0|0|0|0|1|0|0|0|0|0|0|0|0|0|0|0|0|0|0|0|0|0|1|0|0|0|2|0|1|0|0|0|0|0|0|0|0|0|0|0|0|0|0|0|0|0|0|0|0|0|0|0|0|0|0|0|0|0|0|0|0|0|2</HistCounts>
      </HistItem>
    </Histograms>
    <Metadata>
      <MDI key="BandName">Band_2</MDI>
      <MDI key="RepresentationType">ATHEMATIC</MDI>
      <MDI key="STATISTICS_COVARIANCES">-0.01004952821148673,0.00433897517134915,0.002342300837798678</MDI>
      <MDI key="STATISTICS_EXCLUDEDVALUES"></MDI>
      <MDI key="STATISTICS_MAXIMUM">0.41574999690056</MDI>
      <MDI key="STATISTICS_MEAN">0.13170302113076</MDI>
      <MDI key="STATISTICS_MEDIAN">0.103768</MDI>
      <MDI key="STATISTICS_MINIMUM">0.042249999940395</MDI>
      <MDI key="STATISTICS_SKIPFACTORX">1</MDI>
      <MDI key="STATISTICS_SKIPFACTORY">1</MDI>
      <MDI key="STATISTICS_STDDEV">0.065870897757273</MDI>
    </Metadata>
  </PAMRasterBand>
  <PAMRasterBand band="3">
    <Description>Band_3</Description>
    <Histograms>
      <HistItem>
        <HistMin>0.0885000005364418</HistMin>
        <HistMax>0.3384999930858612</HistMax>
        <BucketCount>256</BucketCount>
        <IncludeOutOfRange>1</IncludeOutOfRange>
        <Approximate>0</Approximate>
        <HistCounts>2|0|0|4|0|0|4|1|1|3|2|3|6|8|19|19|24|17|17|19|24|13|38|32|10|20|41|37|34|46|29|40|39|40|27|22|21|30|15|25|31|21|21|17|19|18|15|15|13|8|6|10|10|11|8|8|11|9|11|23|11|9|15|6|8|10|10|17|11|13|25|15|14|22|23|19|12|21|27|20|12|8|16|9|6|11|17|11|26|6|10|11|9|9|7|14|11|3|11|6|7|8|8|9|9|6|9|5|5|5|3|8|10|7|3|7|9|6|5|4|5|4|2|4|1|5|2|5|2|6|6|2|2|4|5|3|8|1|5|3|2|4|2|2|3|0|3|2|0|0|5|2|1|0|2|2|2|0|0|0|0|2|0|2|1|0|1|1|0|0|4|0|0|0|1|0|0|2|0|2|0|0|0|0|0|1|1|1|0|0|0|0|0|0|0|0|0|0|0|0|0|0|0|0|0|0|1|0|0|0|0|0|0|0|1|0|0|2|0|0|0|0|0|1|0|0|0|0|0|0|0|0|0|0|0|0|0|0|0|0|0|0|0|0|0|0|0|0|0|0|0|0|0|0|0|2</HistCounts>
      </HistItem>
    </Histograms>
    <Metadata>
      <MDI key="BandName">Band_3</MDI>
      <MDI key="RepresentationType">ATHEMATIC</MDI>
      <MDI key="STATISTICS_COVARIANCES">-0.004329680903950372,0.002342300837798678,0.001342820498740615</MDI>
      <MDI key="STATISTICS_EXCLUDEDVALUES"></MDI>
      <MDI key="STATISTICS_MAXIMUM">0.33849999308586</MDI>
      <MDI key="STATISTICS_MEAN">0.14749140798748</MDI>
      <MDI key="STATISTICS_MEDIAN">0.135559</MDI>
      <MDI key="STATISTICS_MINIMUM">0.088500000536442</MDI>
      <MDI key="STATISTICS_SKIPFACTORX">1</MDI>
      <MDI key="STATISTICS_SKIPFACTORY">1</MDI>
      <MDI key="STATISTICS_STDDEV">0.036644515261368</MDI>
    </Metadata>
  </PAMRasterBand>
</PAMDataset>
