<PAMDataset>
  <Metadata>
    <MDI key="DataType">Generic</MDI>
  </Metadata>
  <PAMRasterBand band="1">
    <Description>Band_1</Description>
    <Histograms>
      <HistItem>
        <HistMin>0.7132499814033508</HistMin>
        <HistMax>0.9391481280326843</HistMax>
        <BucketCount>256</BucketCount>
        <IncludeOutOfRange>1</IncludeOutOfRange>
        <Approximate>0</Approximate>
        <HistCounts>1|0|0|0|0|0|0|0|0|0|0|0|0|0|0|0|0|0|0|0|0|0|0|0|1|0|0|0|0|0|0|0|0|0|0|0|1|0|0|0|1|0|0|0|1|0|0|0|0|0|0|0|0|0|0|0|0|0|0|0|0|0|1|0|1|1|0|0|0|0|0|0|0|0|1|1|0|1|0|0|0|0|2|0|1|0|0|0|0|0|0|1|0|0|0|0|0|0|0|0|0|0|0|0|0|0|0|0|0|2|0|0|1|1|0|0|0|2|0|0|1|0|0|0|0|0|2|0|0|0|0|0|0|0|0|1|0|2|0|1|0|2|0|0|3|0|1|1|0|2|0|2|0|0|0|1|2|3|3|1|3|2|0|0|3|2|1|2|2|2|4|1|1|0|1|2|1|2|3|2|4|6|0|2|7|6|3|3|6|2|7|3|2|5|5|8|6|2|4|1|3|1|1|3|8|2|3|6|3|8|3|7|7|5|3|1|2|16|3|8|5|6|13|9|7|4|3|1|6|3|2|14|3|57|69|57|55|25|30|29|38|50|31|40|23|12|6|12|1|1|9|2|0|0|1|2</HistCounts>
      </HistItem>
    </Histograms>
    <Metadata>
      <MDI key="BandName">Band_1</MDI>
      <MDI key="RepresentationType">ATHEMATIC</MDI>
      <MDI key="STATISTICS_COVARIANCES">0.0008863599950240974,-0.000332543801986226,-0.0001994284353158817</MDI>
      <MDI key="STATISTICS_EXCLUDEDVALUES"></MDI>
      <MDI key="STATISTICS_MAXIMUM">0.93914812803268</MDI>
      <MDI key="STATISTICS_MEAN">0.90905555590515</MDI>
      <MDI key="STATISTICS_MEDIAN">0.920545</MDI>
      <MDI key="STATISTICS_MINIMUM">0.71324998140335</MDI>
      <MDI key="STATISTICS_SKIPFACTORX">1</MDI>
      <MDI key="STATISTICS_SKIPFACTORY">1</MDI>
      <MDI key="STATISTICS_STDDEV">0.029771798652821</MDI>
    </Metadata>
  </PAMRasterBand>
  <PAMRasterBand band="2">
    <Description>Band_2</Description>
    <Histograms>
      <HistItem>
        <HistMin>0.03925000131130219</HistMin>
        <HistMax>0.3215000033378601</HistMax>
        <BucketCount>256</BucketCount>
        <IncludeOutOfRange>1</IncludeOutOfRange>
        <Approximate>0</Approximate>
        <HistCounts>1|0|0|0|0|2|0|0|0|1|2|0|3|3|2|3|3|1|1|1|4|7|2|5|11|11|7|8|9|9|25|13|15|13|13|23|15|24|10|24|11|21|22|14|25|18|23|27|23|22|29|17|16|17|19|19|22|15|17|26|11|18|7|14|8|8|6|10|6|11|7|7|9|5|7|3|3|4|1|2|1|5|3|5|5|1|5|2|1|0|3|4|0|1|1|1|0|0|0|1|2|0|0|2|1|0|0|0|0|0|1|0|0|0|1|0|0|0|0|0|0|0|0|3|0|0|0|0|0|0|0|0|0|0|0|1|0|0|0|0|0|0|0|0|0|0|0|0|0|0|0|0|0|1|1|0|0|0|0|1|0|1|1|0|0|0|0|0|0|1|0|0|0|0|0|0|0|0|0|0|0|0|0|0|0|0|0|0|0|0|0|0|0|0|0|0|0|0|0|0|0|0|0|0|0|0|0|2|0|0|0|0|0|0|0|0|1|0|0|0|0|0|0|0|0|0|0|0|0|0|0|0|1|0|0|0|0|0|0|0|0|0|0|0|0|0|0|1|0|0|0|0|0|0|0|2</HistCounts>
      </HistItem>
    </Histograms>
    <Metadata>
      <MDI key="BandName">Band_2</MDI>
      <MDI key="RepresentationType">ATHEMATIC</MDI>
      <MDI key="STATISTICS_COVARIANCES">-0.000332543801986226,0.0008048386919636736,0.0005841659758329818</MDI>
      <MDI key="STATISTICS_EXCLUDEDVALUES"></MDI>
      <MDI key="STATISTICS_MAXIMUM">0.32150000333786</MDI>
      <MDI key="STATISTICS_MEAN">0.096372454831739</MDI>
      <MDI key="STATISTICS_MEDIAN">0.092379</MDI>
      <MDI key="STATISTICS_MINIMUM">0.039250001311302</MDI>
      <MDI key="STATISTICS_SKIPFACTORX">1</MDI>
      <MDI key="STATISTICS_SKIPFACTORY">1</MDI>
      <MDI key="STATISTICS_STDDEV">0.028369679095183</MDI>
    </Metadata>
  </PAMRasterBand>
  <PAMRasterBand band="3">
    <Description>Band_3</Description>
    <Histograms>
      <HistItem>
        <HistMin>0.0925000011920929</HistMin>
        <HistMax>0.2907499969005585</HistMax>
        <BucketCount>256</BucketCount>
        <IncludeOutOfRange>1</IncludeOutOfRange>
        <Approximate>0</Approximate>
        <HistCounts>3|0|0|0|2|0|1|2|2|1|0|1|2|0|3|0|3|4|5|4|5|10|5|6|4|9|9|11|10|5|12|10|11|15|11|12|17|12|16|13|13|12|14|8|18|12|7|15|20|22|29|22|18|21|29|20|10|16|12|24|14|14|13|19|15|12|19|6|8|15|11|12|8|4|6|3|9|6|5|8|6|5|5|5|5|3|7|0|1|0|6|7|0|4|5|4|2|0|1|0|3|2|3|0|1|2|0|1|0|0|0|0|0|0|2|0|1|0|0|0|1|0|0|0|0|0|0|1|0|0|0|0|0|1|2|0|0|0|0|0|0|0|0|1|0|0|0|1|0|0|0|2|0|1|0|0|0|0|1|0|0|0|0|0|0|0|0|0|0|0|0|0|0|0|0|0|0|0|0|0|0|0|0|0|0|0|0|0|0|0|0|0|0|0|0|0|0|0|0|0|0|0|0|1|0|0|0|0|0|0|0|0|0|0|0|0|0|0|0|2|0|0|0|0|0|0|0|0|1|0|0|0|0|0|0|0|0|1|0|0|0|0|0|0|0|0|0|0|0|0|0|0|0|0|0|2</HistCounts>
      </HistItem>
    </Histograms>
    <Metadata>
      <MDI key="BandName">Band_3</MDI>
      <MDI key="RepresentationType">ATHEMATIC</MDI>
      <MDI key="STATISTICS_COVARIANCES">-0.0001994284353158817,0.0005841659758329818,0.0004448979160162342</MDI>
      <MDI key="STATISTICS_EXCLUDEDVALUES"></MDI>
      <MDI key="STATISTICS_MAXIMUM">0.29074999690056</MDI>
      <MDI key="STATISTICS_MEAN">0.13549547519417</MDI>
      <MDI key="STATISTICS_MEDIAN">0.132927</MDI>
      <MDI key="STATISTICS_MINIMUM">0.092500001192093</MDI>
      <MDI key="STATISTICS_SKIPFACTORX">1</MDI>
      <MDI key="STATISTICS_SKIPFACTORY">1</MDI>
      <MDI key="STATISTICS_STDDEV">0.021092603348478</MDI>
    </Metadata>
  </PAMRasterBand>
</PAMDataset>
