<PAMDataset>
  <Metadata>
    <MDI key="DataType">Generic</MDI>
  </Metadata>
  <PAMRasterBand band="1">
    <Description>Band_1</Description>
    <Histograms>
      <HistItem>
        <HistMin>0.6442499756813049</HistMin>
        <HistMax>0.9452407360076904</HistMax>
        <BucketCount>256</BucketCount>
        <IncludeOutOfRange>1</IncludeOutOfRange>
        <Approximate>0</Approximate>
        <HistCounts>1|0|0|0|0|0|0|0|0|0|0|0|0|0|0|0|0|0|0|0|0|0|0|0|0|0|0|0|0|0|0|0|0|0|0|0|0|0|0|0|0|0|0|0|0|0|0|0|0|0|0|0|0|0|0|0|0|0|0|0|0|0|0|0|0|0|0|0|0|0|0|0|0|0|0|0|0|0|0|0|0|0|0|0|0|0|0|0|0|0|0|0|0|0|0|0|1|0|0|1|0|0|0|0|0|1|0|0|0|0|0|0|0|0|0|0|0|1|0|0|0|0|0|1|0|0|0|0|0|1|2|0|0|0|1|1|0|0|0|0|0|0|0|0|0|0|0|0|1|0|0|1|0|0|0|1|1|0|0|0|0|0|0|0|1|0|0|0|1|0|0|0|0|0|0|0|0|2|1|0|0|1|0|0|0|0|0|0|0|1|0|0|0|0|0|0|0|0|1|0|0|0|1|0|0|0|1|0|1|0|1|0|1|2|0|0|2|1|1|1|3|0|2|0|4|0|0|3|1|0|0|1|3|14|22|28|42|56|60|85|137|229|296|333|328|287|212|135|74|46|29|6|3|3|0|2</HistCounts>
      </HistItem>
    </Histograms>
    <Metadata>
      <MDI key="BandName">Band_1</MDI>
      <MDI key="RepresentationType">ATHEMATIC</MDI>
      <MDI key="STATISTICS_COVARIANCES">0.0001789562054267154,-0.0002091476814448768,-0.0001022565247228463</MDI>
      <MDI key="STATISTICS_EXCLUDEDVALUES"></MDI>
      <MDI key="STATISTICS_MAXIMUM">0.94524073600769</MDI>
      <MDI key="STATISTICS_MEAN">0.93027452840205</MDI>
      <MDI key="STATISTICS_MEDIAN">0.931076</MDI>
      <MDI key="STATISTICS_MINIMUM">0.6442499756813</MDI>
      <MDI key="STATISTICS_SKIPFACTORX">1</MDI>
      <MDI key="STATISTICS_SKIPFACTORY">1</MDI>
      <MDI key="STATISTICS_STDDEV">0.013377451380092</MDI>
    </Metadata>
  </PAMRasterBand>
  <PAMRasterBand band="2">
    <Description>Band_2</Description>
    <Histograms>
      <HistItem>
        <HistMin>0.04699999839067459</HistMin>
        <HistMax>0.4002499878406525</HistMax>
        <BucketCount>256</BucketCount>
        <IncludeOutOfRange>1</IncludeOutOfRange>
        <Approximate>0</Approximate>
        <HistCounts>5|3|5|8|11|18|16|20|21|38|45|60|86|69|84|64|99|80|109|102|133|68|109|58|123|111|76|77|47|56|34|60|22|30|46|23|26|23|30|14|25|19|22|16|27|15|11|21|13|15|13|12|13|12|9|9|11|7|12|8|10|1|1|4|2|0|2|1|2|0|1|0|0|0|1|2|1|0|2|2|1|1|0|2|1|2|1|0|2|0|0|0|0|0|0|0|1|3|1|0|1|2|2|0|0|0|1|1|0|0|0|0|1|0|0|0|0|0|0|0|0|1|0|0|0|0|0|2|0|0|0|0|0|0|0|0|1|0|0|0|0|0|0|0|0|2|0|0|0|0|0|0|0|0|0|0|0|0|0|0|0|0|0|0|0|0|0|1|0|0|0|0|0|0|1|0|0|0|0|0|0|0|0|0|0|0|0|0|0|2|0|0|0|0|0|0|0|0|1|0|0|0|0|0|1|1|0|0|0|0|0|2|0|0|0|0|0|1|0|0|0|0|1|0|0|0|0|1|0|0|0|1|0|0|0|0|0|0|0|0|0|0|0|2|0|0|0|2|0|0|0|0|0|1|0|1</HistCounts>
      </HistItem>
    </Histograms>
    <Metadata>
      <MDI key="BandName">Band_2</MDI>
      <MDI key="RepresentationType">ATHEMATIC</MDI>
      <MDI key="STATISTICS_COVARIANCES">-0.0002091476814448768,0.0009865332202977312,0.0006851020515133845</MDI>
      <MDI key="STATISTICS_EXCLUDEDVALUES"></MDI>
      <MDI key="STATISTICS_MAXIMUM">0.40024998784065</MDI>
      <MDI key="STATISTICS_MEAN">0.085117386019112</MDI>
      <MDI key="STATISTICS_MEDIAN">0.077476</MDI>
      <MDI key="STATISTICS_MINIMUM">0.046999998390675</MDI>
      <MDI key="STATISTICS_SKIPFACTORX">1</MDI>
      <MDI key="STATISTICS_SKIPFACTORY">1</MDI>
      <MDI key="STATISTICS_STDDEV">0.031409126385459</MDI>
    </Metadata>
  </PAMRasterBand>
  <PAMRasterBand band="3">
    <Description>Band_3</Description>
    <Histograms>
      <HistItem>
        <HistMin>0.1059999987483025</HistMin>
        <HistMax>0.4117499887943268</HistMax>
        <BucketCount>256</BucketCount>
        <IncludeOutOfRange>1</IncludeOutOfRange>
        <Approximate>0</Approximate>
        <HistCounts>1|6|0|4|4|6|8|7|11|12|19|17|31|35|24|33|33|50|67|46|61|72|65|68|68|73|77|91|69|57|67|72|59|53|45|55|62|72|65|42|46|47|51|45|24|52|32|26|36|20|43|27|19|20|20|20|20|15|14|18|12|16|7|9|7|13|13|9|8|11|6|1|4|10|3|1|4|3|4|2|1|3|0|0|0|1|1|1|0|0|0|0|0|1|0|1|0|0|0|0|0|0|0|2|0|0|0|0|0|0|0|1|1|0|0|0|1|0|0|0|0|0|0|0|0|0|1|0|0|0|0|0|2|0|0|1|0|0|0|0|0|0|1|0|0|0|0|1|0|0|1|0|1|1|0|0|0|0|0|0|0|1|1|1|0|1|0|1|0|0|0|0|1|1|0|0|0|0|0|0|0|0|0|0|0|0|0|0|0|0|0|0|0|0|0|0|0|0|0|0|0|0|0|0|0|0|0|0|0|0|0|0|0|0|0|0|0|0|0|0|0|0|0|0|0|0|0|0|2|0|0|0|0|0|0|0|0|0|0|0|0|0|0|0|0|0|0|0|0|0|0|0|0|0|0|2</HistCounts>
      </HistItem>
    </Histograms>
    <Metadata>
      <MDI key="BandName">Band_3</MDI>
      <MDI key="RepresentationType">ATHEMATIC</MDI>
      <MDI key="STATISTICS_COVARIANCES">-0.0001022565247228463,0.0006851020515133845,0.0005671908935787694</MDI>
      <MDI key="STATISTICS_EXCLUDEDVALUES"></MDI>
      <MDI key="STATISTICS_MAXIMUM">0.41174998879433</MDI>
      <MDI key="STATISTICS_MEAN">0.14816952391275</MDI>
      <MDI key="STATISTICS_MEDIAN">0.143170</MDI>
      <MDI key="STATISTICS_MINIMUM">0.1059999987483</MDI>
      <MDI key="STATISTICS_SKIPFACTORX">1</MDI>
      <MDI key="STATISTICS_SKIPFACTORY">1</MDI>
      <MDI key="STATISTICS_STDDEV">0.023815769850642</MDI>
    </Metadata>
  </PAMRasterBand>
</PAMDataset>
