<PAMDataset>
  <Metadata>
    <MDI key="DataType">Generic</MDI>
  </Metadata>
  <PAMRasterBand band="1">
    <Description>Band_1</Description>
    <Histograms>
      <HistItem>
        <HistMin>0.6589999794960022</HistMin>
        <HistMax>0.9330000281333923</HistMax>
        <BucketCount>256</BucketCount>
        <IncludeOutOfRange>1</IncludeOutOfRange>
        <Approximate>0</Approximate>
        <HistCounts>1|0|0|0|0|0|0|0|0|0|0|0|0|0|0|0|0|0|0|0|0|0|0|0|0|0|0|0|0|0|0|0|0|0|0|0|0|0|0|0|0|0|0|0|0|0|0|0|0|0|0|0|0|0|0|0|0|0|0|0|0|0|0|0|0|0|0|0|0|0|0|0|0|0|0|0|0|0|0|0|0|0|0|0|0|0|0|0|0|0|0|0|0|0|0|0|0|0|0|0|0|0|0|0|0|0|0|0|0|0|0|0|1|0|0|0|0|0|0|0|0|0|0|0|0|0|0|0|0|0|0|0|0|0|0|0|0|0|0|0|0|0|0|0|0|1|0|0|0|0|0|0|0|0|2|0|0|0|0|0|0|0|0|0|0|0|0|0|0|0|0|0|0|0|0|0|0|0|0|0|0|0|1|0|0|0|0|0|0|0|0|0|0|0|0|0|0|0|0|0|0|0|0|0|0|0|0|1|0|0|0|0|0|0|0|0|0|0|3|0|0|1|1|0|2|0|0|1|3|0|1|2|3|0|1|0|3|5|5|1|2|3|7|73|89|110|130|139|88|77|56|23|13|9|4|1</HistCounts>
      </HistItem>
    </Histograms>
    <Metadata>
      <MDI key="BandName">Band_1</MDI>
      <MDI key="RepresentationType">ATHEMATIC</MDI>
      <MDI key="STATISTICS_COVARIANCES">0.0001668932479312872,-0.0001612438112489275,-9.447523869764029e-05</MDI>
      <MDI key="STATISTICS_EXCLUDEDVALUES"></MDI>
      <MDI key="STATISTICS_MAXIMUM">0.93300002813339</MDI>
      <MDI key="STATISTICS_MEAN">0.92294126983866</MDI>
      <MDI key="STATISTICS_MEDIAN">0.923329</MDI>
      <MDI key="STATISTICS_MINIMUM">0.658999979496</MDI>
      <MDI key="STATISTICS_SKIPFACTORX">1</MDI>
      <MDI key="STATISTICS_SKIPFACTORY">1</MDI>
      <MDI key="STATISTICS_STDDEV">0.012918716961498</MDI>
    </Metadata>
  </PAMRasterBand>
  <PAMRasterBand band="2">
    <Description>Band_2</Description>
    <Histograms>
      <HistItem>
        <HistMin>0.05050000175833702</HistMin>
        <HistMax>0.2832500040531158</HistMax>
        <BucketCount>256</BucketCount>
        <IncludeOutOfRange>1</IncludeOutOfRange>
        <Approximate>0</Approximate>
        <HistCounts>2|0|0|1|6|0|2|2|4|4|4|4|6|15|3|5|3|9|13|9|7|4|9|5|16|8|5|17|13|17|9|9|14|18|15|23|25|10|20|15|14|17|12|15|18|9|21|34|9|24|13|10|8|13|8|10|15|8|7|12|11|10|9|5|5|7|9|9|2|7|7|2|5|2|2|3|4|4|6|5|5|2|6|5|4|3|6|5|4|3|3|2|2|5|1|4|2|3|1|0|1|2|4|2|1|3|4|2|0|2|2|4|1|1|0|3|0|1|0|1|0|1|1|0|0|0|0|1|0|0|0|0|1|0|0|1|2|0|0|1|0|1|0|1|0|0|0|0|0|0|0|0|0|0|0|1|0|0|1|0|0|0|0|0|0|1|0|0|0|0|0|0|1|1|0|0|0|0|0|0|0|0|0|0|0|0|0|1|1|0|0|0|0|0|0|0|0|0|0|0|0|0|0|0|0|0|0|0|0|0|0|0|0|0|0|0|0|0|0|2|1|0|0|0|0|0|0|0|0|0|0|0|0|0|0|0|0|0|0|0|0|0|0|0|0|0|0|0|0|0|0|0|0|0|0|1</HistCounts>
      </HistItem>
    </Histograms>
    <Metadata>
      <MDI key="BandName">Band_2</MDI>
      <MDI key="RepresentationType">ATHEMATIC</MDI>
      <MDI key="STATISTICS_COVARIANCES">-0.0001612438112489275,0.0007598165059166578,0.0005068085458639741</MDI>
      <MDI key="STATISTICS_EXCLUDEDVALUES"></MDI>
      <MDI key="STATISTICS_MAXIMUM">0.28325000405312</MDI>
      <MDI key="STATISTICS_MEAN">0.096766512171902</MDI>
      <MDI key="STATISTICS_MEDIAN">0.091574</MDI>
      <MDI key="STATISTICS_MINIMUM">0.050500001758337</MDI>
      <MDI key="STATISTICS_SKIPFACTORX">1</MDI>
      <MDI key="STATISTICS_SKIPFACTORY">1</MDI>
      <MDI key="STATISTICS_STDDEV">0.02756476928829</MDI>
    </Metadata>
  </PAMRasterBand>
  <PAMRasterBand band="3">
    <Description>Band_3</Description>
    <Histograms>
      <HistItem>
        <HistMin>0.09875000268220901</HistMin>
        <HistMax>0.2354999929666519</HistMax>
        <BucketCount>256</BucketCount>
        <IncludeOutOfRange>1</IncludeOutOfRange>
        <Approximate>0</Approximate>
        <HistCounts>1|1|0|0|3|0|6|1|4|3|4|0|8|8|9|2|5|4|5|7|4|11|6|7|9|10|14|12|4|6|9|6|11|13|16|9|12|11|15|16|7|14|5|14|16|18|12|12|17|15|15|19|6|7|13|28|9|10|4|13|11|10|11|9|13|8|10|15|7|4|6|8|9|6|6|10|6|6|4|3|5|5|7|4|3|2|3|4|5|7|6|1|5|2|0|4|2|1|3|1|6|4|3|6|5|3|1|1|1|3|5|4|1|1|1|0|3|5|9|1|0|0|5|1|2|0|0|1|1|3|4|1|0|0|0|0|0|3|0|0|1|0|0|1|0|0|0|0|0|0|2|1|0|0|0|0|0|1|0|0|0|2|0|0|1|0|0|1|0|0|0|0|1|0|0|1|0|0|0|0|0|0|0|1|0|0|1|0|0|0|0|0|0|0|0|0|0|0|0|0|0|1|0|0|0|1|0|0|0|0|0|0|0|0|0|0|0|1|0|0|0|0|0|0|0|0|0|0|0|0|0|0|0|0|0|0|2|0|0|0|0|0|0|0|0|0|0|0|0|0|0|1|0|0|0|1</HistCounts>
      </HistItem>
    </Histograms>
    <Metadata>
      <MDI key="BandName">Band_3</MDI>
      <MDI key="RepresentationType">ATHEMATIC</MDI>
      <MDI key="STATISTICS_COVARIANCES">-9.447523869764029e-05,0.0005068085458639741,0.0003478538212622262</MDI>
      <MDI key="STATISTICS_EXCLUDEDVALUES"></MDI>
      <MDI key="STATISTICS_MAXIMUM">0.23549999296665</MDI>
      <MDI key="STATISTICS_MEAN">0.13020828488873</MDI>
      <MDI key="STATISTICS_MEDIAN">0.126100</MDI>
      <MDI key="STATISTICS_MINIMUM">0.098750002682209</MDI>
      <MDI key="STATISTICS_SKIPFACTORX">1</MDI>
      <MDI key="STATISTICS_SKIPFACTORY">1</MDI>
      <MDI key="STATISTICS_STDDEV">0.018650839693221</MDI>
    </Metadata>
  </PAMRasterBand>
</PAMDataset>
