<PAMDataset>
  <Metadata>
    <MDI key="DataType">Generic</MDI>
  </Metadata>
  <PAMRasterBand band="1">
    <Description>Band_1</Description>
    <Histograms>
      <HistItem>
        <HistMin>0.7082499861717224</HistMin>
        <HistMax>0.938537061214447</HistMax>
        <BucketCount>256</BucketCount>
        <IncludeOutOfRange>1</IncludeOutOfRange>
        <Approximate>0</Approximate>
        <HistCounts>1|0|0|0|0|0|0|0|0|0|0|0|0|0|0|0|0|0|0|0|0|0|0|0|0|0|0|0|0|0|0|0|0|0|0|0|0|0|0|0|0|0|1|1|0|0|1|0|0|0|0|0|0|1|0|0|0|0|0|0|1|0|0|0|0|0|0|0|0|0|2|1|1|2|0|2|0|1|0|0|1|0|0|0|0|0|0|0|1|0|2|0|0|0|0|0|0|1|0|0|0|1|2|0|1|1|2|0|2|0|0|5|0|1|3|0|2|0|0|1|0|1|2|1|1|2|0|3|2|0|0|2|2|1|0|0|0|0|0|2|0|0|1|0|0|2|1|0|0|1|0|1|2|0|1|2|0|1|3|0|0|3|1|3|0|1|1|1|0|3|0|0|1|2|2|0|3|1|6|1|1|1|1|5|6|1|4|4|3|7|5|3|4|3|2|0|1|5|0|2|7|5|2|0|8|5|10|7|5|3|10|6|15|1|5|8|7|8|8|3|6|4|6|6|2|7|6|5|1|3|8|13|8|10|47|101|104|130|135|150|158|79|74|77|49|39|20|18|7|7|5|4|3|0|0|1</HistCounts>
      </HistItem>
    </Histograms>
    <Metadata>
      <MDI key="BandName">Band_1</MDI>
      <MDI key="RepresentationType">ATHEMATIC</MDI>
      <MDI key="STATISTICS_COVARIANCES">0.0007757302207032236,-0.0004185117518448249,-0.0002216321512369838</MDI>
      <MDI key="STATISTICS_EXCLUDEDVALUES"></MDI>
      <MDI key="STATISTICS_MAXIMUM">0.93853706121445</MDI>
      <MDI key="STATISTICS_MEAN">0.91399288237926</MDI>
      <MDI key="STATISTICS_MEDIAN">0.923185</MDI>
      <MDI key="STATISTICS_MINIMUM">0.70824998617172</MDI>
      <MDI key="STATISTICS_SKIPFACTORX">1</MDI>
      <MDI key="STATISTICS_SKIPFACTORY">1</MDI>
      <MDI key="STATISTICS_STDDEV">0.027851933877259</MDI>
    </Metadata>
  </PAMRasterBand>
  <PAMRasterBand band="2">
    <Description>Band_2</Description>
    <Histograms>
      <HistItem>
        <HistMin>0.07325000315904617</HistMin>
        <HistMax>0.3107500076293945</HistMax>
        <BucketCount>256</BucketCount>
        <IncludeOutOfRange>1</IncludeOutOfRange>
        <Approximate>0</Approximate>
        <HistCounts>1|0|0|0|0|0|0|0|1|2|2|0|4|0|3|2|2|7|2|8|8|8|16|21|26|12|20|23|23|17|24|21|25|15|19|10|13|25|14|25|5|12|17|6|15|11|15|10|19|7|12|22|34|29|16|13|17|10|9|18|21|15|26|10|22|9|16|11|17|14|19|15|18|16|17|20|11|11|13|24|7|25|16|10|22|21|17|9|14|10|20|9|15|11|10|10|7|8|3|16|17|6|11|10|8|10|7|11|9|9|12|9|3|13|4|3|3|9|3|6|2|8|6|4|6|5|3|2|8|10|3|2|0|1|2|7|1|3|1|7|4|2|2|1|3|2|3|0|0|2|0|1|0|4|1|0|0|0|2|1|0|1|0|0|0|0|0|1|2|0|0|0|0|0|0|0|0|0|0|0|0|1|0|0|0|2|3|0|0|0|0|0|0|0|0|0|0|0|0|0|0|0|0|0|0|0|1|0|0|0|0|0|2|1|0|0|0|0|1|0|0|0|0|0|3|0|1|0|0|0|1|0|0|0|0|0|0|0|0|0|0|0|1|0|0|1|1|0|0|0|0|0|0|0|0|2</HistCounts>
      </HistItem>
    </Histograms>
    <Metadata>
      <MDI key="BandName">Band_2</MDI>
      <MDI key="RepresentationType">ATHEMATIC</MDI>
      <MDI key="STATISTICS_COVARIANCES">-0.0004185117518448249,0.001162012645548613,0.0007361888112864338</MDI>
      <MDI key="STATISTICS_EXCLUDEDVALUES"></MDI>
      <MDI key="STATISTICS_MAXIMUM">0.31075000762939</MDI>
      <MDI key="STATISTICS_MEAN">0.13817522190842</MDI>
      <MDI key="STATISTICS_MEDIAN">0.132858</MDI>
      <MDI key="STATISTICS_MINIMUM">0.073250003159046</MDI>
      <MDI key="STATISTICS_SKIPFACTORX">1</MDI>
      <MDI key="STATISTICS_SKIPFACTORY">1</MDI>
      <MDI key="STATISTICS_STDDEV">0.034088306580829</MDI>
    </Metadata>
  </PAMRasterBand>
  <PAMRasterBand band="3">
    <Description>Band_3</Description>
    <Histograms>
      <HistItem>
        <HistMin>0.1332499980926514</HistMin>
        <HistMax>0.2677499949932098</HistMax>
        <BucketCount>256</BucketCount>
        <IncludeOutOfRange>1</IncludeOutOfRange>
        <Approximate>0</Approximate>
        <HistCounts>2|0|2|0|0|0|3|0|4|10|6|11|13|11|11|9|27|16|13|16|16|22|17|15|24|10|15|23|9|10|16|12|12|12|2|8|12|10|9|12|10|7|2|12|7|10|10|9|19|6|11|6|14|15|18|5|7|12|18|11|9|12|14|26|14|12|8|5|13|20|6|13|30|27|13|14|12|12|12|19|9|26|17|14|17|7|17|13|20|12|8|16|11|9|14|20|15|15|16|10|19|7|4|5|9|14|10|16|6|16|10|4|11|13|6|13|7|13|9|6|4|4|0|7|5|1|5|12|2|3|5|8|4|9|5|4|9|2|2|2|2|2|2|2|1|8|6|3|2|1|4|2|2|1|2|2|4|0|1|1|1|2|0|1|1|0|0|1|0|0|0|2|0|0|0|0|1|0|0|1|0|1|2|0|0|2|0|0|0|0|0|0|0|0|0|0|0|0|0|0|0|0|2|0|0|1|1|0|0|1|0|0|0|0|0|0|0|0|0|0|0|0|0|1|0|0|0|0|0|1|0|0|0|0|2|1|0|0|0|1|0|0|1|0|0|0|0|0|0|0|3|0|0|0|1|2</HistCounts>
      </HistItem>
    </Histograms>
    <Metadata>
      <MDI key="BandName">Band_3</MDI>
      <MDI key="RepresentationType">ATHEMATIC</MDI>
      <MDI key="STATISTICS_COVARIANCES">-0.0002216321512369838,0.0007361888112864338,0.0004841052736795477</MDI>
      <MDI key="STATISTICS_EXCLUDEDVALUES"></MDI>
      <MDI key="STATISTICS_MAXIMUM">0.26774999499321</MDI>
      <MDI key="STATISTICS_MEAN">0.17147813692066</MDI>
      <MDI key="STATISTICS_MEDIAN">0.171226</MDI>
      <MDI key="STATISTICS_MINIMUM">0.13324999809265</MDI>
      <MDI key="STATISTICS_SKIPFACTORX">1</MDI>
      <MDI key="STATISTICS_SKIPFACTORY">1</MDI>
      <MDI key="STATISTICS_STDDEV">0.022002392453539</MDI>
    </Metadata>
  </PAMRasterBand>
</PAMDataset>
