<PAMDataset>
  <Metadata>
    <MDI key="DataType">Generic</MDI>
  </Metadata>
  <PAMRasterBand band="1">
    <Description>Band_1</Description>
    <Histograms>
      <HistItem>
        <HistMin>0.5820000171661377</HistMin>
        <HistMax>0.9397592544555664</HistMax>
        <BucketCount>256</BucketCount>
        <IncludeOutOfRange>1</IncludeOutOfRange>
        <Approximate>0</Approximate>
        <HistCounts>2|0|0|0|0|0|0|0|0|0|0|0|0|0|0|0|0|0|0|0|0|0|0|0|0|0|0|0|0|0|0|0|0|0|0|0|0|0|0|0|0|0|0|0|0|0|0|0|0|0|0|0|0|0|0|0|0|0|0|0|0|0|0|0|0|0|0|0|0|0|0|0|0|0|0|0|0|0|0|1|0|0|0|0|0|0|0|0|0|0|0|0|0|2|0|0|1|1|0|0|0|0|0|1|0|0|0|0|0|0|0|0|0|0|0|0|0|0|0|0|0|0|0|0|0|0|0|0|0|0|0|0|0|0|0|0|0|1|0|0|0|0|0|0|0|0|0|0|0|0|0|0|0|0|0|0|0|0|0|0|0|0|0|0|0|0|0|0|0|0|0|0|0|0|0|0|0|0|0|0|0|0|0|1|0|0|0|0|1|0|0|0|2|1|0|1|0|0|1|2|1|0|1|0|1|5|0|2|0|2|2|3|2|2|1|1|0|0|4|0|5|3|0|6|2|1|0|2|1|1|2|0|3|3|2|3|1|5|3|0|4|32|41|133|233|240|200|147|71|17|13|2|2|3|2|1</HistCounts>
      </HistItem>
    </Histograms>
    <Metadata>
      <MDI key="BandName">Band_1</MDI>
      <MDI key="RepresentationType">ATHEMATIC</MDI>
      <MDI key="STATISTICS_COVARIANCES">0.0005387190796475908,-0.0003971208454559581,-0.0002042578652609398</MDI>
      <MDI key="STATISTICS_EXCLUDEDVALUES"></MDI>
      <MDI key="STATISTICS_MAXIMUM">0.93975925445557</MDI>
      <MDI key="STATISTICS_MEAN">0.92245512837021</MDI>
      <MDI key="STATISTICS_MEDIAN">0.925729</MDI>
      <MDI key="STATISTICS_MINIMUM">0.58200001716614</MDI>
      <MDI key="STATISTICS_SKIPFACTORX">1</MDI>
      <MDI key="STATISTICS_SKIPFACTORY">1</MDI>
      <MDI key="STATISTICS_STDDEV">0.023210322695895</MDI>
    </Metadata>
  </PAMRasterBand>
  <PAMRasterBand band="2">
    <Description>Band_2</Description>
    <Histograms>
      <HistItem>
        <HistMin>0.08325000107288361</HistMin>
        <HistMax>0.4992499947547913</HistMax>
        <BucketCount>256</BucketCount>
        <IncludeOutOfRange>1</IncludeOutOfRange>
        <Approximate>0</Approximate>
        <HistCounts>1|2|3|6|16|45|59|91|60|101|88|125|69|87|59|50|34|41|23|37|28|19|16|16|7|3|7|4|6|8|11|6|2|4|10|10|2|1|2|2|1|3|0|1|0|0|2|3|4|0|0|3|0|0|1|0|1|1|0|3|1|1|1|3|4|0|1|0|0|2|2|1|0|0|1|0|0|0|0|0|1|0|0|0|0|0|0|2|1|0|0|0|0|0|1|0|1|0|2|1|0|0|1|1|0|1|0|0|0|1|0|0|0|0|1|0|0|0|0|0|0|0|0|0|0|0|0|1|0|0|0|0|1|0|1|0|0|0|0|0|2|0|0|1|0|0|3|0|1|0|0|0|1|0|1|0|0|0|0|1|0|0|0|0|0|0|0|0|0|0|0|0|0|0|0|0|0|0|0|0|0|0|0|0|0|0|0|0|0|0|0|0|0|0|0|0|0|0|0|0|0|0|0|0|0|0|0|0|0|0|0|0|0|0|0|0|0|0|0|0|0|0|0|0|0|0|0|0|0|0|0|0|0|0|0|0|0|0|0|0|0|0|0|0|0|0|0|0|0|0|0|0|0|0|0|1</HistCounts>
      </HistItem>
    </Histograms>
    <Metadata>
      <MDI key="BandName">Band_2</MDI>
      <MDI key="RepresentationType">ATHEMATIC</MDI>
      <MDI key="STATISTICS_COVARIANCES">-0.0003971208454559581,0.001068513651970258,0.0006823728682663003</MDI>
      <MDI key="STATISTICS_EXCLUDEDVALUES"></MDI>
      <MDI key="STATISTICS_MAXIMUM">0.49924999475479</MDI>
      <MDI key="STATISTICS_MEAN">0.11174104949558</MDI>
      <MDI key="STATISTICS_MEDIAN">0.102826</MDI>
      <MDI key="STATISTICS_MINIMUM">0.083250001072884</MDI>
      <MDI key="STATISTICS_SKIPFACTORX">1</MDI>
      <MDI key="STATISTICS_SKIPFACTORY">1</MDI>
      <MDI key="STATISTICS_STDDEV">0.032688127079572</MDI>
    </Metadata>
  </PAMRasterBand>
  <PAMRasterBand band="3">
    <Description>Band_3</Description>
    <Histograms>
      <HistItem>
        <HistMin>0.1372500061988831</HistMin>
        <HistMax>0.4947499930858612</HistMax>
        <BucketCount>256</BucketCount>
        <IncludeOutOfRange>1</IncludeOutOfRange>
        <Approximate>0</Approximate>
        <HistCounts>1|0|2|5|3|8|21|45|110|110|106|131|79|113|77|35|53|50|28|33|15|24|25|12|15|7|19|9|7|7|1|4|4|4|3|4|4|0|2|1|3|0|1|1|1|0|4|4|2|0|2|0|2|0|0|1|1|2|0|0|0|2|1|0|0|0|0|0|0|0|2|0|0|0|1|0|2|1|1|0|1|1|0|0|0|1|0|0|1|0|0|1|0|0|0|0|0|1|2|1|2|0|0|1|1|0|0|0|0|0|1|0|0|0|0|0|0|0|1|0|0|0|0|0|0|0|0|0|0|1|0|0|1|0|0|0|0|0|0|0|0|0|0|0|0|0|0|0|0|0|0|0|0|0|0|0|0|0|0|0|0|0|0|0|0|0|0|0|0|0|0|0|0|0|0|0|0|0|0|0|0|0|0|0|0|0|0|0|0|0|0|0|0|0|0|0|0|0|0|0|0|0|0|0|0|0|0|0|0|0|0|0|0|0|0|0|0|0|0|0|0|0|0|0|0|0|0|0|0|0|0|0|0|0|0|0|0|0|0|0|0|0|0|0|0|0|0|0|0|0|0|0|0|0|0|1</HistCounts>
      </HistItem>
    </Histograms>
    <Metadata>
      <MDI key="BandName">Band_3</MDI>
      <MDI key="RepresentationType">ATHEMATIC</MDI>
      <MDI key="STATISTICS_COVARIANCES">-0.0002042578652609398,0.0006823728682663003,0.0004582819719362269</MDI>
      <MDI key="STATISTICS_EXCLUDEDVALUES"></MDI>
      <MDI key="STATISTICS_MAXIMUM">0.49474999308586</MDI>
      <MDI key="STATISTICS_MEAN">0.16047904816849</MDI>
      <MDI key="STATISTICS_MEDIAN">0.154074</MDI>
      <MDI key="STATISTICS_MINIMUM">0.13725000619888</MDI>
      <MDI key="STATISTICS_SKIPFACTORX">1</MDI>
      <MDI key="STATISTICS_SKIPFACTORY">1</MDI>
      <MDI key="STATISTICS_STDDEV">0.021407521387032</MDI>
    </Metadata>
  </PAMRasterBand>
</PAMDataset>
