<PAMDataset>
  <Metadata>
    <MDI key="DataType">Generic</MDI>
  </Metadata>
  <PAMRasterBand band="1">
    <Description>Band_1</Description>
    <Histograms>
      <HistItem>
        <HistMin>0.4970000088214874</HistMin>
        <HistMax>0.9311481714248657</HistMax>
        <BucketCount>256</BucketCount>
        <IncludeOutOfRange>1</IncludeOutOfRange>
        <Approximate>0</Approximate>
        <HistCounts>2|0|0|0|2|1|0|0|0|0|0|0|0|0|0|0|0|1|0|0|0|1|0|0|0|0|0|0|0|0|0|1|0|0|1|0|0|0|2|0|0|0|0|0|0|0|0|0|0|0|0|0|0|0|0|1|0|0|0|0|0|0|0|0|0|1|0|0|0|0|0|0|0|0|0|0|0|0|0|0|0|0|0|0|0|0|1|0|0|0|0|1|0|0|0|0|0|0|0|2|0|0|0|2|0|0|2|0|0|0|0|0|0|0|0|0|0|0|0|0|1|0|0|0|0|0|0|5|0|0|0|0|0|2|0|2|0|0|2|2|2|2|2|0|2|2|0|4|2|1|0|4|0|2|0|3|0|0|2|1|1|5|2|2|1|0|2|2|0|2|8|1|1|0|2|6|7|3|6|8|3|3|3|7|5|5|15|11|8|16|10|10|7|10|7|11|14|12|6|7|7|16|21|21|12|12|20|30|11|25|17|29|24|21|33|20|18|17|25|19|24|17|26|13|26|26|20|36|21|25|33|19|26|27|32|25|27|20|44|36|29|28|26|29|28|28|35|26|195|281|166|135|46|7|8|2</HistCounts>
      </HistItem>
    </Histograms>
    <Metadata>
      <MDI key="BandName">Band_1</MDI>
      <MDI key="RepresentationType">ATHEMATIC</MDI>
      <MDI key="STATISTICS_COVARIANCES">0.002577396115850889,-0.000168522783690272,9.056951134709926e-05</MDI>
      <MDI key="STATISTICS_EXCLUDEDVALUES"></MDI>
      <MDI key="STATISTICS_MAXIMUM">0.93114817142487</MDI>
      <MDI key="STATISTICS_MEAN">0.88513043315276</MDI>
      <MDI key="STATISTICS_MEDIAN">0.902205</MDI>
      <MDI key="STATISTICS_MINIMUM">0.49700000882149</MDI>
      <MDI key="STATISTICS_SKIPFACTORX">1</MDI>
      <MDI key="STATISTICS_SKIPFACTORY">1</MDI>
      <MDI key="STATISTICS_STDDEV">0.050768061966663</MDI>
    </Metadata>
  </PAMRasterBand>
  <PAMRasterBand band="2">
    <Description>Band_2</Description>
    <Histograms>
      <HistItem>
        <HistMin>0.07249999791383743</HistMin>
        <HistMax>0.3432500064373016</HistMax>
        <BucketCount>256</BucketCount>
        <IncludeOutOfRange>1</IncludeOutOfRange>
        <Approximate>0</Approximate>
        <HistCounts>5|1|1|0|0|2|0|1|0|2|4|3|1|1|5|13|18|27|29|42|41|50|77|81|116|100|122|136|185|119|123|91|129|67|76|63|62|32|53|38|27|20|11|13|21|18|10|8|7|9|11|7|17|6|6|5|6|2|5|3|4|0|0|2|0|4|2|3|2|0|1|0|1|3|0|1|1|0|3|0|2|2|2|1|0|2|0|0|0|6|2|1|1|0|0|1|4|4|0|0|2|2|1|0|0|1|4|3|2|2|1|1|0|2|0|0|1|2|3|1|0|1|0|0|2|0|1|0|2|2|3|1|0|1|0|2|0|1|0|0|0|2|2|0|0|0|1|1|0|2|1|0|0|0|0|0|2|0|0|2|1|0|0|0|2|0|0|1|0|0|0|2|0|0|2|0|2|3|2|2|1|0|2|0|2|0|2|1|1|0|0|0|0|1|0|0|2|0|1|0|3|0|1|0|0|0|0|1|0|0|0|0|0|0|2|0|0|0|2|0|0|0|0|0|0|1|0|0|0|0|0|0|0|1|0|0|0|0|0|0|0|0|0|0|0|1|0|0|0|0|0|0|0|0|0|1</HistCounts>
      </HistItem>
    </Histograms>
    <Metadata>
      <MDI key="BandName">Band_2</MDI>
      <MDI key="RepresentationType">ATHEMATIC</MDI>
      <MDI key="STATISTICS_COVARIANCES">-0.000168522783690272,0.0009128244502300554,0.0007067678949141064</MDI>
      <MDI key="STATISTICS_EXCLUDEDVALUES"></MDI>
      <MDI key="STATISTICS_MAXIMUM">0.3432500064373</MDI>
      <MDI key="STATISTICS_MEAN">0.11149014454568</MDI>
      <MDI key="STATISTICS_MEDIAN">0.103291</MDI>
      <MDI key="STATISTICS_MINIMUM">0.072499997913837</MDI>
      <MDI key="STATISTICS_SKIPFACTORX">1</MDI>
      <MDI key="STATISTICS_SKIPFACTORY">1</MDI>
      <MDI key="STATISTICS_STDDEV">0.030212984795118</MDI>
    </Metadata>
  </PAMRasterBand>
  <PAMRasterBand band="3">
    <Description>Band_3</Description>
    <Histograms>
      <HistItem>
        <HistMin>0.1180000007152557</HistMin>
        <HistMax>0.3835000097751617</HistMax>
        <BucketCount>256</BucketCount>
        <IncludeOutOfRange>1</IncludeOutOfRange>
        <Approximate>0</Approximate>
        <HistCounts>4|1|1|0|0|1|0|1|1|0|0|1|0|2|3|1|1|0|2|5|2|0|4|4|5|13|8|37|30|38|81|76|85|73|121|104|146|152|120|171|123|152|137|93|58|56|44|33|27|13|10|11|14|13|9|3|6|9|4|2|4|8|6|4|0|4|2|0|1|3|3|5|4|3|6|3|1|1|2|4|3|1|3|0|3|1|2|4|0|3|1|0|1|0|1|0|1|1|1|1|3|2|0|2|1|0|4|1|0|0|2|2|2|2|0|0|0|0|0|0|0|0|4|3|0|1|0|0|1|2|5|0|0|2|0|2|3|0|0|4|0|1|0|0|1|0|0|0|0|1|0|0|0|0|2|0|0|0|0|0|0|1|0|0|0|1|0|0|0|0|2|0|1|0|0|0|0|0|0|2|2|1|1|0|0|1|0|0|0|0|0|1|1|1|0|0|2|2|0|1|2|0|0|0|0|0|0|0|1|0|0|0|0|0|2|0|0|0|1|0|0|0|0|0|0|0|0|0|0|0|1|0|0|0|0|0|0|0|0|0|0|0|0|0|0|0|0|0|0|0|0|0|0|0|0|1</HistCounts>
      </HistItem>
    </Histograms>
    <Metadata>
      <MDI key="BandName">Band_3</MDI>
      <MDI key="RepresentationType">ATHEMATIC</MDI>
      <MDI key="STATISTICS_COVARIANCES">9.056951134709926e-05,0.0007067678949141064,0.000588994160930929</MDI>
      <MDI key="STATISTICS_EXCLUDEDVALUES"></MDI>
      <MDI key="STATISTICS_MAXIMUM">0.38350000977516</MDI>
      <MDI key="STATISTICS_MEAN">0.16334275083483</MDI>
      <MDI key="STATISTICS_MEDIAN">0.158606</MDI>
      <MDI key="STATISTICS_MINIMUM">0.11800000071526</MDI>
      <MDI key="STATISTICS_SKIPFACTORX">1</MDI>
      <MDI key="STATISTICS_SKIPFACTORY">1</MDI>
      <MDI key="STATISTICS_STDDEV">0.0242692019014</MDI>
    </Metadata>
  </PAMRasterBand>
</PAMDataset>
