<PAMDataset>
  <Metadata>
    <MDI key="DataType">Generic</MDI>
  </Metadata>
  <PAMRasterBand band="1">
    <Description>Band_1</Description>
    <Histograms>
      <HistItem>
        <HistMin>0.7557500004768372</HistMin>
        <HistMax>0.9310926198959351</HistMax>
        <BucketCount>256</BucketCount>
        <IncludeOutOfRange>1</IncludeOutOfRange>
        <Approximate>0</Approximate>
        <HistCounts>1|0|0|0|0|0|1|0|0|0|0|0|0|0|0|0|0|0|0|0|0|1|0|0|0|0|0|0|0|0|0|1|0|0|0|0|0|0|0|0|0|2|0|0|0|2|0|0|0|0|2|0|0|0|0|0|0|1|0|2|2|0|0|0|0|0|0|0|0|0|0|0|0|0|0|0|0|0|0|0|0|0|2|0|2|0|1|1|0|2|2|0|0|0|0|0|0|0|0|0|0|0|0|0|0|2|1|2|1|0|2|2|0|0|2|1|1|2|1|3|0|0|0|1|1|1|1|1|2|3|1|0|0|2|1|2|3|4|2|3|3|1|3|3|2|3|2|4|0|2|2|3|1|2|0|7|4|5|7|7|1|9|7|7|3|8|6|3|1|8|6|10|9|4|10|11|6|9|8|7|6|4|6|14|7|9|4|7|6|13|9|6|6|9|15|11|6|8|13|9|13|5|11|14|5|16|22|7|4|11|11|12|5|18|12|11|7|17|12|7|15|11|20|16|14|9|12|10|14|15|14|19|10|14|12|19|6|19|33|158|132|131|89|64|35|27|21|16|3|4|3|0|4|2|0|1</HistCounts>
      </HistItem>
    </Histograms>
    <Metadata>
      <MDI key="BandName">Band_1</MDI>
      <MDI key="RepresentationType">ATHEMATIC</MDI>
      <MDI key="STATISTICS_COVARIANCES">0.0006449059154628236,-0.0001250047332857996,-3.76367046218861e-05</MDI>
      <MDI key="STATISTICS_EXCLUDEDVALUES"></MDI>
      <MDI key="STATISTICS_MAXIMUM">0.93109261989594</MDI>
      <MDI key="STATISTICS_MEAN">0.90352016328373</MDI>
      <MDI key="STATISTICS_MEDIAN">0.914590</MDI>
      <MDI key="STATISTICS_MINIMUM">0.75575000047684</MDI>
      <MDI key="STATISTICS_SKIPFACTORX">1</MDI>
      <MDI key="STATISTICS_SKIPFACTORY">1</MDI>
      <MDI key="STATISTICS_STDDEV">0.025394997843332</MDI>
    </Metadata>
  </PAMRasterBand>
  <PAMRasterBand band="2">
    <Description>Band_2</Description>
    <Histograms>
      <HistItem>
        <HistMin>0.08150000125169754</HistMin>
        <HistMax>0.3454999923706055</HistMax>
        <BucketCount>256</BucketCount>
        <IncludeOutOfRange>1</IncludeOutOfRange>
        <Approximate>0</Approximate>
        <HistCounts>1|2|3|2|1|0|5|2|4|2|10|10|4|4|9|17|29|23|28|25|18|45|23|35|54|26|32|30|38|45|37|36|30|24|30|41|32|26|17|31|25|23|30|30|16|19|17|20|15|27|24|15|19|30|12|22|24|15|8|15|5|13|14|19|21|10|13|6|11|9|14|7|6|4|10|9|14|7|3|13|5|9|8|9|7|2|5|7|3|11|1|1|8|6|0|1|6|2|4|3|1|3|2|4|0|5|2|3|0|0|2|3|2|1|0|1|0|2|2|1|2|3|0|0|0|0|0|0|1|0|4|0|2|4|0|2|0|0|1|0|0|0|1|0|0|0|0|0|2|0|0|1|0|0|2|1|0|0|0|0|0|0|0|0|0|3|0|0|0|0|0|0|0|1|0|0|0|0|0|1|0|0|1|0|0|2|0|2|0|2|1|0|0|2|0|0|0|0|0|0|0|0|0|1|0|0|0|0|2|0|0|0|0|1|0|0|0|0|0|0|0|0|0|0|0|0|0|0|0|0|0|0|0|0|0|0|0|0|0|0|0|0|0|0|0|0|1|0|0|0|0|0|0|0|0|4</HistCounts>
      </HistItem>
    </Histograms>
    <Metadata>
      <MDI key="BandName">Band_2</MDI>
      <MDI key="RepresentationType">ATHEMATIC</MDI>
      <MDI key="STATISTICS_COVARIANCES">-0.0001250047332857996,0.001070877932184487,0.0008389411213213363</MDI>
      <MDI key="STATISTICS_EXCLUDEDVALUES"></MDI>
      <MDI key="STATISTICS_MAXIMUM">0.34549999237061</MDI>
      <MDI key="STATISTICS_MEAN">0.13051505851632</MDI>
      <MDI key="STATISTICS_MEDIAN">0.121876</MDI>
      <MDI key="STATISTICS_MINIMUM">0.081500001251698</MDI>
      <MDI key="STATISTICS_SKIPFACTORX">1</MDI>
      <MDI key="STATISTICS_SKIPFACTORY">1</MDI>
      <MDI key="STATISTICS_STDDEV">0.032724271301046</MDI>
    </Metadata>
  </PAMRasterBand>
  <PAMRasterBand band="3">
    <Description>Band_3</Description>
    <Histograms>
      <HistItem>
        <HistMin>0.1357499957084656</HistMin>
        <HistMax>0.3642500042915344</HistMax>
        <BucketCount>256</BucketCount>
        <IncludeOutOfRange>1</IncludeOutOfRange>
        <Approximate>0</Approximate>
        <HistCounts>2|1|3|10|5|18|6|1|19|20|37|27|27|35|41|41|35|43|65|46|42|36|57|37|33|57|30|39|15|40|58|18|28|22|34|26|15|18|17|26|23|17|29|16|24|15|21|18|7|13|6|17|11|18|10|9|19|0|6|16|10|14|8|10|6|5|11|7|6|2|2|4|9|5|1|7|0|4|2|0|1|2|4|3|0|5|2|4|5|1|0|1|1|1|0|1|0|2|0|2|2|0|3|0|4|3|0|0|0|4|0|0|0|1|0|0|1|0|0|0|0|2|0|1|1|0|1|0|2|0|1|1|0|0|0|0|0|0|2|1|0|0|0|0|1|2|0|0|0|0|0|0|1|1|0|0|0|0|0|0|1|0|0|0|0|0|0|0|0|0|0|0|0|0|0|0|0|2|0|0|0|0|0|1|0|0|0|0|4|0|0|0|0|0|0|0|0|0|0|0|0|0|0|0|0|0|0|0|1|2|0|0|2|0|0|0|0|0|0|0|0|0|0|0|0|0|0|0|0|0|0|0|0|0|0|0|0|1|0|0|1|0|0|0|0|0|0|0|0|0|0|0|0|0|0|4</HistCounts>
      </HistItem>
    </Histograms>
    <Metadata>
      <MDI key="BandName">Band_3</MDI>
      <MDI key="RepresentationType">ATHEMATIC</MDI>
      <MDI key="STATISTICS_COVARIANCES">-3.76367046218861e-05,0.0008389411213213363,0.0006990883417344946</MDI>
      <MDI key="STATISTICS_EXCLUDEDVALUES"></MDI>
      <MDI key="STATISTICS_MAXIMUM">0.36425000429153</MDI>
      <MDI key="STATISTICS_MEAN">0.16790826682782</MDI>
      <MDI key="STATISTICS_MEDIAN">0.159944</MDI>
      <MDI key="STATISTICS_MINIMUM">0.13574999570847</MDI>
      <MDI key="STATISTICS_SKIPFACTORX">1</MDI>
      <MDI key="STATISTICS_SKIPFACTORY">1</MDI>
      <MDI key="STATISTICS_STDDEV">0.026440278775658</MDI>
    </Metadata>
  </PAMRasterBand>
</PAMDataset>
