<PAMDataset>
  <Metadata>
    <MDI key="DataType">Generic</MDI>
  </Metadata>
  <PAMRasterBand band="1">
    <Description>Band_1</Description>
    <Histograms>
      <HistItem>
        <HistMin>0.6004999876022339</HistMin>
        <HistMax>0.9288333058357239</HistMax>
        <BucketCount>256</BucketCount>
        <IncludeOutOfRange>1</IncludeOutOfRange>
        <Approximate>0</Approximate>
        <HistCounts>1|0|0|0|0|0|0|0|0|0|0|0|0|0|0|0|0|0|0|0|0|0|0|0|0|0|0|0|0|0|0|0|0|0|0|0|0|0|0|0|0|1|0|0|0|0|0|0|0|0|0|0|0|0|0|0|0|0|0|0|0|0|0|0|0|0|0|0|0|0|0|0|0|0|0|0|0|0|0|0|0|0|0|0|0|0|0|0|0|0|0|1|0|0|0|1|0|0|0|0|0|0|0|0|0|0|0|0|0|1|0|0|0|0|0|0|0|1|0|0|0|0|0|0|0|0|0|0|2|1|0|0|0|0|0|2|0|0|0|0|0|0|0|0|0|0|1|0|0|0|0|0|0|0|0|0|2|1|1|0|0|0|0|2|2|1|1|2|1|0|1|3|3|5|2|2|5|4|4|9|2|2|5|2|5|7|10|8|2|4|4|8|3|14|12|11|9|9|11|9|11|18|8|18|1|12|24|29|12|17|18|9|17|14|18|13|24|12|14|12|15|9|25|13|20|7|20|22|12|8|18|18|29|11|21|8|10|17|25|26|18|14|17|6|5|19|14|19|84|51|39|21|15|16|5|1</HistCounts>
      </HistItem>
    </Histograms>
    <Metadata>
      <MDI key="BandName">Band_1</MDI>
      <MDI key="RepresentationType">ATHEMATIC</MDI>
      <MDI key="STATISTICS_COVARIANCES">0.00107206632589178,-0.0002037094698920437,-8.764573791102283e-05</MDI>
      <MDI key="STATISTICS_EXCLUDEDVALUES"></MDI>
      <MDI key="STATISTICS_MAXIMUM">0.92883330583572</MDI>
      <MDI key="STATISTICS_MEAN">0.88662457986845</MDI>
      <MDI key="STATISTICS_MEDIAN">0.890206</MDI>
      <MDI key="STATISTICS_MINIMUM">0.60049998760223</MDI>
      <MDI key="STATISTICS_SKIPFACTORX">1</MDI>
      <MDI key="STATISTICS_SKIPFACTORY">1</MDI>
      <MDI key="STATISTICS_STDDEV">0.032742423946492</MDI>
    </Metadata>
  </PAMRasterBand>
  <PAMRasterBand band="2">
    <Description>Band_2</Description>
    <Histograms>
      <HistItem>
        <HistMin>0.08574999868869781</HistMin>
        <HistMax>0.2964999973773956</HistMax>
        <BucketCount>256</BucketCount>
        <IncludeOutOfRange>1</IncludeOutOfRange>
        <Approximate>0</Approximate>
        <HistCounts>2|1|2|4|0|2|3|3|0|1|2|0|0|2|8|5|7|1|4|4|1|7|4|5|6|4|17|4|8|16|8|13|20|12|12|26|20|33|27|40|24|26|28|24|20|32|25|28|33|42|28|27|26|23|24|28|23|12|21|15|17|9|9|16|20|18|6|8|13|9|7|13|10|6|8|7|4|4|8|3|11|8|6|3|5|3|3|4|6|2|3|4|3|6|3|1|5|4|5|0|3|2|2|1|1|0|1|0|2|0|0|0|0|3|1|2|0|2|0|1|0|1|0|0|1|0|1|1|0|1|1|1|0|0|2|0|1|1|0|0|2|1|0|0|0|1|0|0|0|0|0|0|0|0|0|0|0|0|0|0|0|0|2|2|0|0|0|0|1|0|0|0|0|0|0|1|0|2|0|1|0|1|0|0|0|0|0|0|0|1|0|0|0|0|0|0|0|0|0|0|1|1|0|0|0|0|0|0|0|1|0|0|0|0|0|0|0|0|0|0|0|0|0|0|0|0|0|0|1|0|0|0|0|0|0|0|0|0|1|0|0|0|0|1|0|0|0|0|0|1|1|0|0|0|0|1</HistCounts>
      </HistItem>
    </Histograms>
    <Metadata>
      <MDI key="BandName">Band_2</MDI>
      <MDI key="RepresentationType">ATHEMATIC</MDI>
      <MDI key="STATISTICS_COVARIANCES">-0.0002037094698920437,0.0005732521920899503,0.000386107538798501</MDI>
      <MDI key="STATISTICS_EXCLUDEDVALUES"></MDI>
      <MDI key="STATISTICS_MAXIMUM">0.2964999973774</MDI>
      <MDI key="STATISTICS_MEAN">0.13085262936187</MDI>
      <MDI key="STATISTICS_MEDIAN">0.126247</MDI>
      <MDI key="STATISTICS_MINIMUM">0.085749998688698</MDI>
      <MDI key="STATISTICS_SKIPFACTORX">1</MDI>
      <MDI key="STATISTICS_SKIPFACTORY">1</MDI>
      <MDI key="STATISTICS_STDDEV">0.023942685565532</MDI>
    </Metadata>
  </PAMRasterBand>
  <PAMRasterBand band="3">
    <Description>Band_3</Description>
    <Histograms>
      <HistItem>
        <HistMin>0.1367499977350235</HistMin>
        <HistMax>0.3052499890327454</HistMax>
        <BucketCount>256</BucketCount>
        <IncludeOutOfRange>1</IncludeOutOfRange>
        <Approximate>0</Approximate>
        <HistCounts>1|0|0|0|0|0|1|1|2|1|5|2|0|1|0|5|1|1|4|1|2|2|6|6|5|5|6|8|4|8|12|11|6|5|15|14|13|32|22|23|20|36|23|30|18|24|36|29|28|31|28|49|40|12|22|42|16|35|20|24|25|13|23|13|14|22|17|11|15|16|5|8|9|15|9|5|8|12|4|3|8|5|2|16|1|7|0|3|4|4|5|7|4|1|2|5|6|7|5|1|3|1|2|2|1|1|1|1|0|1|2|0|2|3|0|1|1|0|1|0|0|3|0|0|0|1|0|2|0|1|0|0|0|0|0|2|0|0|1|0|0|1|0|0|0|0|2|0|0|0|0|0|0|0|0|0|1|0|0|0|0|0|0|0|0|0|0|0|0|0|0|0|0|0|0|0|0|0|0|0|0|0|0|0|0|0|0|0|0|1|0|0|0|0|0|0|0|0|0|0|0|0|0|0|1|0|0|0|0|0|0|0|0|0|0|0|1|0|0|0|0|0|0|0|0|0|0|0|0|0|0|1|0|0|0|0|0|0|0|1|0|1|0|0|0|0|0|0|0|0|0|1|0|0|0|1</HistCounts>
      </HistItem>
    </Histograms>
    <Metadata>
      <MDI key="BandName">Band_3</MDI>
      <MDI key="RepresentationType">ATHEMATIC</MDI>
      <MDI key="STATISTICS_COVARIANCES">-8.764573791102283e-05,0.000386107538798501,0.0002724424974423459</MDI>
      <MDI key="STATISTICS_EXCLUDEDVALUES"></MDI>
      <MDI key="STATISTICS_MAXIMUM">0.30524998903275</MDI>
      <MDI key="STATISTICS_MEAN">0.17407230706767</MDI>
      <MDI key="STATISTICS_MEDIAN">0.171111</MDI>
      <MDI key="STATISTICS_MINIMUM">0.13674999773502</MDI>
      <MDI key="STATISTICS_SKIPFACTORX">1</MDI>
      <MDI key="STATISTICS_SKIPFACTORY">1</MDI>
      <MDI key="STATISTICS_STDDEV">0.016505832225076</MDI>
    </Metadata>
  </PAMRasterBand>
</PAMDataset>
