<PAMDataset>
  <Metadata>
    <MDI key="DataType">Generic</MDI>
  </Metadata>
  <PAMRasterBand band="1">
    <Description>Band_1</Description>
    <Histograms>
      <HistItem>
        <HistMin>0.6987500190734863</HistMin>
        <HistMax>0.9226852059364319</HistMax>
        <BucketCount>256</BucketCount>
        <IncludeOutOfRange>1</IncludeOutOfRange>
        <Approximate>0</Approximate>
        <HistCounts>1|1|1|0|0|1|0|1|0|0|0|3|1|0|1|1|1|1|0|1|0|1|0|0|0|2|3|1|1|1|3|4|0|3|0|2|0|6|4|0|1|4|2|2|4|4|5|3|4|6|0|2|2|1|3|3|1|3|0|5|1|4|3|3|6|0|4|2|4|0|3|0|3|2|4|1|3|2|3|3|3|7|6|1|6|3|6|5|5|4|5|2|9|6|5|8|1|4|6|3|3|8|1|3|8|8|3|15|13|11|11|5|2|6|9|9|13|13|13|14|12|8|8|9|8|13|20|8|18|9|21|17|7|9|20|18|24|8|8|16|30|19|24|21|29|24|30|21|38|14|24|14|32|19|24|24|16|26|23|36|27|25|13|31|18|39|25|28|18|35|24|15|29|28|23|24|26|26|12|21|25|17|18|23|19|23|14|25|14|26|9|19|19|14|15|20|11|16|8|15|18|18|8|12|11|9|10|15|14|17|12|9|10|13|10|2|12|1|9|6|12|10|8|5|0|3|9|2|5|4|1|5|9|0|8|0|9|10|3|8|3|6|4|2|2|2|4|3|0|0|1|4|26|3|0|1</HistCounts>
      </HistItem>
    </Histograms>
    <Metadata>
      <MDI key="BandName">Band_1</MDI>
      <MDI key="RepresentationType">ATHEMATIC</MDI>
      <MDI key="STATISTICS_COVARIANCES">0.001606572403161175,9.350702725756258e-05,8.900790445716534e-05</MDI>
      <MDI key="STATISTICS_EXCLUDEDVALUES"></MDI>
      <MDI key="STATISTICS_MAXIMUM">0.92268520593643</MDI>
      <MDI key="STATISTICS_MEAN">0.83724432711925</MDI>
      <MDI key="STATISTICS_MEDIAN">0.840137</MDI>
      <MDI key="STATISTICS_MINIMUM">0.69875001907349</MDI>
      <MDI key="STATISTICS_SKIPFACTORX">1</MDI>
      <MDI key="STATISTICS_SKIPFACTORY">1</MDI>
      <MDI key="STATISTICS_STDDEV">0.040082070844221</MDI>
    </Metadata>
  </PAMRasterBand>
  <PAMRasterBand band="2">
    <Description>Band_2</Description>
    <Histograms>
      <HistItem>
        <HistMin>0.09025000035762787</HistMin>
        <HistMax>0.2930000126361847</HistMax>
        <BucketCount>256</BucketCount>
        <IncludeOutOfRange>1</IncludeOutOfRange>
        <Approximate>0</Approximate>
        <HistCounts>1|1|0|2|0|0|0|1|0|3|2|4|11|4|4|7|6|5|3|9|9|2|12|12|16|18|9|26|15|20|21|18|15|28|31|23|27|18|39|38|18|28|17|26|24|29|18|24|35|34|30|17|19|29|26|29|21|24|27|31|46|28|17|17|36|27|21|19|36|24|39|34|34|34|25|13|30|31|32|34|25|23|13|31|24|26|30|18|19|23|22|24|12|36|38|25|20|17|18|33|25|18|12|15|31|13|15|12|12|14|11|7|17|11|9|13|10|8|4|8|2|8|4|8|2|4|5|4|4|1|1|0|4|3|1|0|3|4|1|2|0|1|2|0|4|1|2|2|1|2|2|0|2|1|1|0|0|1|0|0|0|0|0|1|1|1|0|0|5|0|0|0|1|0|0|2|1|0|0|1|0|0|0|0|0|0|0|0|1|0|1|0|0|0|1|0|0|0|0|0|0|0|0|0|0|0|0|0|0|1|0|0|0|0|0|0|1|0|0|0|0|0|0|0|0|0|0|0|0|0|0|0|0|0|0|0|0|0|0|0|0|0|0|0|0|0|0|0|0|0|0|0|0|0|0|2</HistCounts>
      </HistItem>
    </Histograms>
    <Metadata>
      <MDI key="BandName">Band_2</MDI>
      <MDI key="RepresentationType">ATHEMATIC</MDI>
      <MDI key="STATISTICS_COVARIANCES">9.350702725756258e-05,0.0005927392600169865,0.0003715963526422544</MDI>
      <MDI key="STATISTICS_EXCLUDEDVALUES"></MDI>
      <MDI key="STATISTICS_MAXIMUM">0.29300001263618</MDI>
      <MDI key="STATISTICS_MEAN">0.14553653682197</MDI>
      <MDI key="STATISTICS_MEDIAN">0.144317</MDI>
      <MDI key="STATISTICS_MINIMUM">0.090250000357628</MDI>
      <MDI key="STATISTICS_SKIPFACTORX">1</MDI>
      <MDI key="STATISTICS_SKIPFACTORY">1</MDI>
      <MDI key="STATISTICS_STDDEV">0.024346237081261</MDI>
    </Metadata>
  </PAMRasterBand>
  <PAMRasterBand band="3">
    <Description>Band_3</Description>
    <Histograms>
      <HistItem>
        <HistMin>0.1377499997615814</HistMin>
        <HistMax>0.3042500019073486</HistMax>
        <BucketCount>256</BucketCount>
        <IncludeOutOfRange>1</IncludeOutOfRange>
        <Approximate>0</Approximate>
        <HistCounts>1|0|0|0|0|0|0|0|3|4|0|0|2|0|2|0|0|4|3|3|4|7|24|9|13|8|13|15|9|19|14|35|33|12|31|33|26|45|34|65|32|35|40|28|39|54|17|51|26|42|28|28|54|47|19|49|23|51|50|38|40|40|54|37|30|38|34|39|26|31|32|60|25|23|33|38|40|20|41|36|35|30|27|30|9|23|21|22|8|30|15|28|8|8|19|15|10|0|10|9|1|5|5|4|7|3|2|1|1|5|0|0|2|2|2|2|1|5|0|1|3|1|0|1|1|0|1|4|1|1|3|0|0|0|0|1|3|0|0|0|0|2|0|2|3|1|0|2|0|0|0|0|0|0|0|0|0|0|0|0|0|0|0|0|3|0|0|0|0|0|1|0|0|1|1|0|0|0|0|0|0|0|0|0|1|0|0|0|0|0|0|1|0|0|0|0|1|0|0|0|0|0|0|0|0|0|0|0|0|0|0|0|0|0|0|0|0|0|0|0|0|0|0|0|0|0|0|0|1|0|0|0|0|0|0|0|0|0|0|0|0|1|0|0|0|0|0|0|0|0|0|0|0|0|0|2</HistCounts>
      </HistItem>
    </Histograms>
    <Metadata>
      <MDI key="BandName">Band_3</MDI>
      <MDI key="RepresentationType">ATHEMATIC</MDI>
      <MDI key="STATISTICS_COVARIANCES">8.900790445716534e-05,0.0003715963526422544,0.0002494228955591008</MDI>
      <MDI key="STATISTICS_EXCLUDEDVALUES"></MDI>
      <MDI key="STATISTICS_MAXIMUM">0.30425000190735</MDI>
      <MDI key="STATISTICS_MEAN">0.17768048551838</MDI>
      <MDI key="STATISTICS_MEDIAN">0.176274</MDI>
      <MDI key="STATISTICS_MINIMUM">0.13774999976158</MDI>
      <MDI key="STATISTICS_SKIPFACTORX">1</MDI>
      <MDI key="STATISTICS_SKIPFACTORY">1</MDI>
      <MDI key="STATISTICS_STDDEV">0.015793128111907</MDI>
    </Metadata>
  </PAMRasterBand>
</PAMDataset>
