<PAMDataset>
  <Metadata>
    <MDI key="DataType">Generic</MDI>
  </Metadata>
  <PAMRasterBand band="1">
    <Description>Band_1</Description>
    <Histograms>
      <HistItem>
        <HistMin>0.6112499833106995</HistMin>
        <HistMax>0.9449814558029175</HistMax>
        <BucketCount>256</BucketCount>
        <IncludeOutOfRange>1</IncludeOutOfRange>
        <Approximate>0</Approximate>
        <HistCounts>1|0|0|0|0|0|0|0|0|0|0|1|0|0|0|0|0|0|0|0|0|0|0|0|0|0|0|0|0|0|0|0|0|0|0|0|0|0|0|0|0|0|0|0|0|0|0|0|0|0|0|0|0|0|0|0|0|0|0|0|0|0|0|0|0|0|0|0|0|0|0|0|0|0|0|0|1|0|0|0|0|0|0|0|0|0|0|0|0|0|0|1|0|0|0|0|1|0|0|0|1|0|0|0|0|0|0|0|0|0|0|0|0|2|0|0|0|1|1|0|0|0|0|0|0|0|0|0|0|2|0|0|0|2|0|1|0|0|1|1|0|0|0|1|0|0|1|0|0|0|0|3|0|0|0|0|2|0|1|2|1|0|0|0|1|5|1|1|1|0|0|1|2|0|3|0|0|0|3|4|0|0|2|0|0|1|0|2|3|2|0|1|1|2|1|2|2|3|0|1|3|2|0|3|2|3|0|2|5|3|3|0|2|5|2|1|2|4|3|2|2|4|4|1|2|5|8|1|3|2|3|5|1|2|1|10|87|128|118|124|139|138|122|115|78|53|50|51|35|23|23|30|40|26|10|2</HistCounts>
      </HistItem>
    </Histograms>
    <Metadata>
      <MDI key="BandName">Band_1</MDI>
      <MDI key="RepresentationType">ATHEMATIC</MDI>
      <MDI key="STATISTICS_COVARIANCES">0.0007140665942522789,-0.0003738354410890031,-0.0002108873200898091</MDI>
      <MDI key="STATISTICS_EXCLUDEDVALUES"></MDI>
      <MDI key="STATISTICS_MAXIMUM">0.94498145580292</MDI>
      <MDI key="STATISTICS_MEAN">0.92175945487364</MDI>
      <MDI key="STATISTICS_MEDIAN">0.926659</MDI>
      <MDI key="STATISTICS_MINIMUM">0.6112499833107</MDI>
      <MDI key="STATISTICS_SKIPFACTORX">1</MDI>
      <MDI key="STATISTICS_SKIPFACTORY">1</MDI>
      <MDI key="STATISTICS_STDDEV">0.026722024516348</MDI>
    </Metadata>
  </PAMRasterBand>
  <PAMRasterBand band="2">
    <Description>Band_2</Description>
    <Histograms>
      <HistItem>
        <HistMin>0.03550000116229057</HistMin>
        <HistMax>0.2447499930858612</HistMax>
        <BucketCount>256</BucketCount>
        <IncludeOutOfRange>1</IncludeOutOfRange>
        <Approximate>0</Approximate>
        <HistCounts>2|2|6|6|7|0|7|7|5|9|5|5|5|10|10|3|5|15|6|14|12|21|15|11|31|25|18|18|32|32|26|33|18|28|25|32|28|28|37|21|24|33|31|32|18|15|28|26|16|19|25|14|25|17|4|20|18|14|18|17|21|9|14|12|9|6|12|14|11|8|9|10|1|4|15|15|10|16|12|6|3|11|4|9|2|17|3|5|10|6|5|7|6|4|3|7|4|1|6|3|1|6|5|3|4|5|6|3|1|6|3|4|1|4|1|1|5|2|4|4|7|3|1|4|4|0|2|0|2|0|1|3|1|1|5|1|0|3|0|5|0|2|0|1|1|2|1|2|4|3|0|1|1|2|1|5|0|0|2|3|0|1|0|0|3|1|0|0|0|2|1|1|0|0|0|1|2|0|0|1|0|1|0|0|1|2|0|0|0|5|0|0|1|3|0|2|0|0|0|0|0|2|0|0|0|0|0|3|0|0|0|0|0|1|1|1|0|0|0|1|2|3|1|1|0|0|1|0|0|0|0|1|0|3|1|0|1|0|1|1|0|0|0|0|3|1|0|0|0|0|0|0|1|0|0|1</HistCounts>
      </HistItem>
    </Histograms>
    <Metadata>
      <MDI key="BandName">Band_2</MDI>
      <MDI key="RepresentationType">ATHEMATIC</MDI>
      <MDI key="STATISTICS_COVARIANCES">-0.0003738354410890031,0.001221579474929779,0.0007986114926753719</MDI>
      <MDI key="STATISTICS_EXCLUDEDVALUES"></MDI>
      <MDI key="STATISTICS_MAXIMUM">0.24474999308586</MDI>
      <MDI key="STATISTICS_MEAN">0.083705300167869</MDI>
      <MDI key="STATISTICS_MEDIAN">0.073247</MDI>
      <MDI key="STATISTICS_MINIMUM">0.035500001162291</MDI>
      <MDI key="STATISTICS_SKIPFACTORX">1</MDI>
      <MDI key="STATISTICS_SKIPFACTORY">1</MDI>
      <MDI key="STATISTICS_STDDEV">0.03495110119767</MDI>
    </Metadata>
  </PAMRasterBand>
  <PAMRasterBand band="3">
    <Description>Band_3</Description>
    <Histograms>
      <HistItem>
        <HistMin>0.0949999988079071</HistMin>
        <HistMax>0.2457499951124191</HistMax>
        <BucketCount>256</BucketCount>
        <IncludeOutOfRange>1</IncludeOutOfRange>
        <Approximate>0</Approximate>
        <HistCounts>1|0|3|0|3|3|1|1|3|1|1|0|2|5|0|4|8|8|8|9|13|19|9|4|32|15|22|25|20|17|33|9|26|21|16|32|22|23|31|35|22|40|26|43|16|21|18|21|26|31|18|15|17|16|21|8|15|19|11|18|12|21|19|17|7|18|13|12|17|16|12|15|14|5|22|16|12|11|18|5|10|5|13|14|4|12|16|13|6|4|10|9|4|9|11|2|8|2|8|5|2|10|2|0|7|5|6|5|8|2|2|1|2|2|4|2|1|3|3|2|4|3|0|5|2|1|2|6|2|3|3|2|4|0|7|1|2|1|6|2|1|0|5|0|2|1|6|0|1|0|5|1|1|3|0|0|2|1|1|2|0|2|0|0|0|1|2|0|1|0|4|1|0|0|1|2|1|0|6|0|1|0|0|0|0|0|0|0|1|0|0|2|0|3|0|1|0|1|1|0|0|1|1|1|0|1|0|1|0|0|0|1|2|0|3|0|1|0|1|1|0|2|1|0|0|1|0|2|0|0|0|0|0|1|0|0|0|0|0|0|1|1|0|0|0|0|0|0|0|0|0|0|0|0|0|1</HistCounts>
      </HistItem>
    </Histograms>
    <Metadata>
      <MDI key="BandName">Band_3</MDI>
      <MDI key="RepresentationType">ATHEMATIC</MDI>
      <MDI key="STATISTICS_COVARIANCES">-0.0002108873200898091,0.0007986114926753719,0.0005529120615383799</MDI>
      <MDI key="STATISTICS_EXCLUDEDVALUES"></MDI>
      <MDI key="STATISTICS_MAXIMUM">0.24574999511242</MDI>
      <MDI key="STATISTICS_MEAN">0.13244348667362</MDI>
      <MDI key="STATISTICS_MEDIAN">0.125741</MDI>
      <MDI key="STATISTICS_MINIMUM">0.094999998807907</MDI>
      <MDI key="STATISTICS_SKIPFACTORX">1</MDI>
      <MDI key="STATISTICS_SKIPFACTORY">1</MDI>
      <MDI key="STATISTICS_STDDEV">0.023514082196386</MDI>
    </Metadata>
  </PAMRasterBand>
</PAMDataset>
