<PAMDataset>
  <Metadata>
    <MDI key="DataType">Generic</MDI>
  </Metadata>
  <PAMRasterBand band="1">
    <Description>Band_1</Description>
    <Histograms>
      <HistItem>
        <HistMin>0.1174999997019768</HistMin>
        <HistMax>0.9385740756988525</HistMax>
        <BucketCount>256</BucketCount>
        <IncludeOutOfRange>1</IncludeOutOfRange>
        <Approximate>0</Approximate>
        <HistCounts>1|0|0|1|0|0|0|0|0|0|0|0|1|0|2|0|0|0|0|0|0|0|0|0|0|0|0|0|0|0|0|0|0|0|0|0|0|0|0|0|0|0|0|0|0|0|0|0|0|0|0|0|0|0|2|0|0|0|0|0|0|0|0|0|0|0|0|0|0|0|0|0|0|0|0|0|0|0|1|0|0|0|0|0|0|0|0|0|0|0|0|0|0|0|0|0|0|0|0|0|0|0|1|0|0|0|0|0|0|0|0|0|0|0|0|0|1|0|0|0|0|0|0|0|0|0|0|0|0|0|0|0|0|0|0|1|0|0|0|0|0|0|0|0|0|0|0|0|0|0|0|0|0|0|1|0|0|0|0|0|0|0|0|5|2|0|1|0|1|2|0|1|4|1|1|4|0|4|3|1|3|2|1|6|0|2|1|1|3|2|1|8|4|2|7|10|8|3|9|8|0|4|3|6|1|2|4|3|6|7|5|7|2|7|3|6|3|3|4|6|1|7|2|3|8|3|2|1|5|0|1|4|11|2|2|3|5|4|13|1|5|6|2|3|8|8|11|0|2|74|202|256|353|83|22|1</HistCounts>
      </HistItem>
    </Histograms>
    <Metadata>
      <MDI key="BandName">Band_1</MDI>
      <MDI key="RepresentationType">ATHEMATIC</MDI>
      <MDI key="STATISTICS_COVARIANCES">0.007523875442345162,-0.003979450485093579,-0.002547587215099715</MDI>
      <MDI key="STATISTICS_EXCLUDEDVALUES"></MDI>
      <MDI key="STATISTICS_MAXIMUM">0.93857407569885</MDI>
      <MDI key="STATISTICS_MEAN">0.89199295224815</MDI>
      <MDI key="STATISTICS_MEDIAN">0.925694</MDI>
      <MDI key="STATISTICS_MINIMUM">0.11749999970198</MDI>
      <MDI key="STATISTICS_SKIPFACTORX">1</MDI>
      <MDI key="STATISTICS_SKIPFACTORY">1</MDI>
      <MDI key="STATISTICS_STDDEV">0.086740275779739</MDI>
    </Metadata>
  </PAMRasterBand>
  <PAMRasterBand band="2">
    <Description>Band_2</Description>
    <Histograms>
      <HistItem>
        <HistMin>0.07349999994039536</HistMin>
        <HistMax>0.5692499876022339</HistMax>
        <BucketCount>256</BucketCount>
        <IncludeOutOfRange>1</IncludeOutOfRange>
        <Approximate>0</Approximate>
        <HistCounts>3|0|0|3|1|5|0|6|4|5|4|3|11|12|7|15|24|15|15|22|27|15|18|26|32|21|31|37|35|32|31|22|37|28|21|19|25|24|10|15|14|19|18|19|11|22|15|17|9|11|21|11|3|5|6|14|6|10|11|11|11|5|6|5|2|7|2|8|9|2|4|3|9|4|7|8|1|8|6|5|2|1|0|6|4|4|1|3|4|2|3|4|1|2|4|3|3|5|6|1|1|4|4|1|8|4|3|1|3|0|1|1|3|2|1|2|4|2|1|5|0|4|1|4|6|2|1|2|3|3|1|3|2|1|4|7|2|3|0|1|5|1|2|0|3|2|3|0|0|1|2|1|1|0|4|6|2|1|2|0|0|1|0|1|2|3|3|3|0|2|0|1|0|0|0|1|2|5|1|1|1|1|2|1|0|0|1|2|1|0|2|4|2|0|4|1|0|2|0|0|1|2|2|1|1|2|0|4|2|1|0|0|3|0|1|0|6|0|2|0|1|1|1|0|0|2|0|0|0|0|0|2|0|2|1|0|1|1|1|0|1|1|0|0|0|2|0|0|0|0|0|0|0|0|0|2</HistCounts>
      </HistItem>
    </Histograms>
    <Metadata>
      <MDI key="BandName">Band_2</MDI>
      <MDI key="RepresentationType">ATHEMATIC</MDI>
      <MDI key="STATISTICS_COVARIANCES">-0.003979450485093579,0.01010550481348102,0.006283992215974082</MDI>
      <MDI key="STATISTICS_EXCLUDEDVALUES"></MDI>
      <MDI key="STATISTICS_MAXIMUM">0.56924998760223</MDI>
      <MDI key="STATISTICS_MEAN">0.19065125130111</MDI>
      <MDI key="STATISTICS_MEDIAN">0.149321</MDI>
      <MDI key="STATISTICS_MINIMUM">0.073499999940395</MDI>
      <MDI key="STATISTICS_SKIPFACTORX">1</MDI>
      <MDI key="STATISTICS_SKIPFACTORY">1</MDI>
      <MDI key="STATISTICS_STDDEV">0.10052613995116</MDI>
    </Metadata>
  </PAMRasterBand>
  <PAMRasterBand band="3">
    <Description>Band_3</Description>
    <Histograms>
      <HistItem>
        <HistMin>0.1262499988079071</HistMin>
        <HistMax>0.4370000064373016</HistMax>
        <BucketCount>256</BucketCount>
        <IncludeOutOfRange>1</IncludeOutOfRange>
        <Approximate>0</Approximate>
        <HistCounts>1|0|0|0|2|0|0|1|0|1|0|4|4|4|5|5|10|13|14|7|13|8|18|14|28|24|30|28|24|30|41|12|15|32|48|32|17|24|11|27|23|25|27|18|26|17|18|14|12|14|18|14|19|11|8|8|9|9|20|12|10|12|1|9|10|7|11|5|3|6|6|8|8|8|5|5|6|8|6|5|3|4|6|3|1|3|4|1|5|0|3|2|1|3|1|1|4|3|0|3|2|1|3|3|10|4|2|6|1|3|3|3|6|0|3|3|5|2|0|2|0|2|3|2|4|9|2|1|4|3|4|2|1|2|2|3|3|1|0|3|3|1|4|0|1|4|2|4|2|2|1|1|1|2|1|2|0|2|1|1|3|1|3|3|1|2|1|1|1|4|1|2|1|3|0|2|1|0|4|2|0|0|2|3|3|2|0|1|0|0|3|1|3|0|2|0|3|0|1|3|0|3|5|2|0|4|1|0|2|1|1|2|0|0|1|0|3|0|0|1|0|2|0|0|0|0|0|0|2|1|0|3|0|0|2|0|1|0|0|0|0|0|2|2|0|1|1|0|1|0|2|0|0|1|0|2</HistCounts>
      </HistItem>
    </Histograms>
    <Metadata>
      <MDI key="BandName">Band_3</MDI>
      <MDI key="RepresentationType">ATHEMATIC</MDI>
      <MDI key="STATISTICS_COVARIANCES">-0.002547587215099715,0.006283992215974082,0.003965702957976608</MDI>
      <MDI key="STATISTICS_EXCLUDEDVALUES"></MDI>
      <MDI key="STATISTICS_MAXIMUM">0.4370000064373</MDI>
      <MDI key="STATISTICS_MEAN">0.20586883978829</MDI>
      <MDI key="STATISTICS_MEDIAN">0.179870</MDI>
      <MDI key="STATISTICS_MINIMUM">0.12624999880791</MDI>
      <MDI key="STATISTICS_SKIPFACTORX">1</MDI>
      <MDI key="STATISTICS_SKIPFACTORY">1</MDI>
      <MDI key="STATISTICS_STDDEV">0.062973827563335</MDI>
    </Metadata>
  </PAMRasterBand>
</PAMDataset>
