<PAMDataset>
  <Metadata>
    <MDI key="DataType">Generic</MDI>
  </Metadata>
  <PAMRasterBand band="1">
    <Description>Band_1</Description>
    <Histograms>
      <HistItem>
        <HistMin>0.6927499771118164</HistMin>
        <HistMax>0.9362592697143555</HistMax>
        <BucketCount>256</BucketCount>
        <IncludeOutOfRange>1</IncludeOutOfRange>
        <Approximate>0</Approximate>
        <HistCounts>1|0|0|0|0|0|0|0|0|0|0|0|0|0|0|0|0|0|0|0|0|0|0|0|0|0|0|0|0|0|0|0|0|0|0|0|0|0|0|0|0|0|0|0|0|0|0|0|0|0|0|0|0|0|0|0|0|0|0|0|1|0|0|4|0|0|0|0|0|0|0|0|0|0|0|0|0|0|0|0|0|0|0|0|0|0|0|0|0|0|0|0|0|0|0|0|0|0|0|0|0|0|0|0|0|0|0|0|0|0|0|0|0|0|0|0|0|0|0|1|0|0|0|0|0|0|1|0|0|0|0|0|0|0|1|0|0|0|0|0|1|0|0|2|0|0|2|5|0|0|0|1|2|0|0|1|2|0|0|4|0|4|1|2|0|0|0|0|0|0|0|2|0|0|0|2|0|0|0|0|0|0|0|0|0|3|0|0|0|0|0|1|0|2|2|1|0|0|2|0|0|2|0|0|0|0|3|1|0|1|0|4|0|0|1|0|0|1|0|1|0|0|0|0|1|1|1|0|1|2|0|1|3|4|1|3|1|2|28|22|23|43|44|69|75|92|93|112|100|65|54|33|14|5|2|1</HistCounts>
      </HistItem>
    </Histograms>
    <Metadata>
      <MDI key="BandName">Band_1</MDI>
      <MDI key="RepresentationType">ATHEMATIC</MDI>
      <MDI key="STATISTICS_COVARIANCES">0.0005283146824898559,-0.00046542206863581,-0.0002758701381939011</MDI>
      <MDI key="STATISTICS_EXCLUDEDVALUES"></MDI>
      <MDI key="STATISTICS_MAXIMUM">0.93625926971436</MDI>
      <MDI key="STATISTICS_MEAN">0.92213908200706</MDI>
      <MDI key="STATISTICS_MEDIAN">0.926710</MDI>
      <MDI key="STATISTICS_MINIMUM">0.69274997711182</MDI>
      <MDI key="STATISTICS_SKIPFACTORX">1</MDI>
      <MDI key="STATISTICS_SKIPFACTORY">1</MDI>
      <MDI key="STATISTICS_STDDEV">0.022985096964987</MDI>
    </Metadata>
  </PAMRasterBand>
  <PAMRasterBand band="2">
    <Description>Band_2</Description>
    <Histograms>
      <HistItem>
        <HistMin>0.04324999824166298</HistMin>
        <HistMax>0.3892500102519989</HistMax>
        <BucketCount>256</BucketCount>
        <IncludeOutOfRange>1</IncludeOutOfRange>
        <Approximate>0</Approximate>
        <HistCounts>25|24|38|39|52|56|35|74|59|103|76|69|38|32|23|21|24|29|13|8|9|3|5|6|4|0|4|0|0|1|3|2|2|3|1|0|0|1|0|2|6|2|5|0|4|4|4|0|0|2|0|0|0|5|5|2|0|0|0|1|1|0|2|2|4|0|0|6|0|0|0|4|2|0|0|0|0|0|0|0|0|0|0|0|0|0|0|0|1|0|0|0|0|1|0|0|0|0|0|0|0|0|0|0|0|0|0|0|0|0|0|4|2|0|0|0|0|0|0|0|0|0|1|0|0|0|0|0|0|0|0|0|0|0|0|0|0|0|0|0|0|0|0|0|0|0|0|0|0|0|1|0|0|0|0|0|0|0|0|0|0|0|0|0|0|0|0|0|0|1|0|0|0|0|0|0|0|0|0|0|0|0|0|0|0|0|0|0|0|0|0|1|0|0|0|0|2|0|0|0|0|0|0|0|0|0|0|0|0|0|0|0|0|0|0|0|0|0|0|0|0|0|0|1|0|0|0|0|0|0|0|0|0|0|0|0|0|0|0|0|0|0|0|0|0|0|0|0|0|0|0|0|0|0|0|1</HistCounts>
      </HistItem>
    </Histograms>
    <Metadata>
      <MDI key="BandName">Band_2</MDI>
      <MDI key="RepresentationType">ATHEMATIC</MDI>
      <MDI key="STATISTICS_COVARIANCES">-0.00046542206863581,0.0009095141214093898,0.0006013385405877175</MDI>
      <MDI key="STATISTICS_EXCLUDEDVALUES"></MDI>
      <MDI key="STATISTICS_MAXIMUM">0.389250010252</MDI>
      <MDI key="STATISTICS_MEAN">0.063570759484969</MDI>
      <MDI key="STATISTICS_MEDIAN">0.055462</MDI>
      <MDI key="STATISTICS_MINIMUM">0.043249998241663</MDI>
      <MDI key="STATISTICS_SKIPFACTORX">1</MDI>
      <MDI key="STATISTICS_SKIPFACTORY">1</MDI>
      <MDI key="STATISTICS_STDDEV">0.030158151823502</MDI>
    </Metadata>
  </PAMRasterBand>
  <PAMRasterBand band="3">
    <Description>Band_3</Description>
    <Histograms>
      <HistItem>
        <HistMin>0.09350000321865082</HistMin>
        <HistMax>0.3622500002384186</HistMax>
        <BucketCount>256</BucketCount>
        <IncludeOutOfRange>1</IncludeOutOfRange>
        <Approximate>0</Approximate>
        <HistCounts>1|0|1|11|25|24|30|52|51|68|49|67|59|68|44|38|20|23|33|39|44|22|29|19|9|21|10|5|1|4|2|3|3|3|3|0|4|2|0|0|5|11|2|5|2|1|2|0|1|8|2|1|0|0|0|2|4|0|0|2|4|0|6|0|0|0|0|0|0|0|0|0|0|0|0|0|0|0|0|0|1|0|0|0|0|1|0|0|0|4|0|0|0|0|0|0|0|0|0|0|0|0|0|0|0|0|0|0|0|0|0|0|0|0|0|0|0|0|0|0|1|0|0|0|1|0|0|2|0|0|0|0|0|0|0|0|0|0|0|1|0|0|0|0|0|0|0|0|0|0|0|0|0|0|0|1|0|0|1|1|0|0|0|0|0|0|0|0|0|0|0|0|0|0|0|0|0|0|0|0|0|0|0|0|0|0|0|0|0|0|0|0|0|0|0|0|0|0|0|0|0|0|0|0|0|0|0|0|0|0|0|0|0|0|0|0|0|0|0|0|0|0|0|0|0|0|0|0|0|0|0|0|0|0|0|0|0|0|0|0|0|1|0|0|0|0|0|0|0|0|0|0|0|0|0|1</HistCounts>
      </HistItem>
    </Histograms>
    <Metadata>
      <MDI key="BandName">Band_3</MDI>
      <MDI key="RepresentationType">ATHEMATIC</MDI>
      <MDI key="STATISTICS_COVARIANCES">-0.0002758701381939011,0.0006013385405877175,0.0004221399917889987</MDI>
      <MDI key="STATISTICS_EXCLUDEDVALUES"></MDI>
      <MDI key="STATISTICS_MAXIMUM">0.36225000023842</MDI>
      <MDI key="STATISTICS_MEAN">0.11289177975316</MDI>
      <MDI key="STATISTICS_MEDIAN">0.107201</MDI>
      <MDI key="STATISTICS_MINIMUM">0.093500003218651</MDI>
      <MDI key="STATISTICS_SKIPFACTORX">1</MDI>
      <MDI key="STATISTICS_SKIPFACTORY">1</MDI>
      <MDI key="STATISTICS_STDDEV">0.02054604564847</MDI>
    </Metadata>
  </PAMRasterBand>
</PAMDataset>
