<PAMDataset>
  <Metadata>
    <MDI key="DataType">Generic</MDI>
  </Metadata>
  <PAMRasterBand band="1">
    <Description>Band_1</Description>
    <Histograms>
      <HistItem>
        <HistMin>0.6467499732971191</HistMin>
        <HistMax>0.9471481442451477</HistMax>
        <BucketCount>256</BucketCount>
        <IncludeOutOfRange>1</IncludeOutOfRange>
        <Approximate>0</Approximate>
        <HistCounts>2|0|0|0|0|1|0|0|0|1|0|1|0|0|0|1|1|0|2|0|0|0|0|0|0|1|0|0|0|0|4|0|0|0|0|0|0|0|0|0|0|0|0|0|0|0|0|0|0|0|0|0|0|0|1|0|0|0|0|0|0|2|0|0|0|0|0|0|0|1|0|0|0|1|2|0|0|0|0|0|1|0|0|2|0|1|0|0|0|0|0|5|1|0|0|0|0|0|0|0|0|0|1|0|0|0|1|0|2|0|0|2|0|2|1|1|0|2|0|0|5|0|0|0|1|3|0|0|3|0|2|0|0|1|0|0|4|2|0|0|1|3|0|2|0|1|0|1|4|0|0|0|2|2|0|0|1|3|2|2|3|3|0|1|1|0|0|2|2|0|0|0|3|3|0|2|5|3|6|2|2|4|3|2|2|3|3|3|4|2|4|2|3|4|4|4|2|0|1|7|7|5|0|3|9|4|8|12|2|3|5|1|14|10|11|4|5|9|5|4|15|8|5|10|9|2|15|8|11|18|13|19|217|262|296|335|236|171|115|87|72|30|27|20|16|12|13|11|8|5|4|12|0|1|0|1</HistCounts>
      </HistItem>
    </Histograms>
    <Metadata>
      <MDI key="BandName">Band_1</MDI>
      <MDI key="RepresentationType">ATHEMATIC</MDI>
      <MDI key="STATISTICS_COVARIANCES">0.001112719223270768,-0.0004445497324595516,-0.0002193830848666067</MDI>
      <MDI key="STATISTICS_EXCLUDEDVALUES"></MDI>
      <MDI key="STATISTICS_MAXIMUM">0.94714814424515</MDI>
      <MDI key="STATISTICS_MEAN">0.91485061088399</MDI>
      <MDI key="STATISTICS_MEDIAN">0.922409</MDI>
      <MDI key="STATISTICS_MINIMUM">0.64674997329712</MDI>
      <MDI key="STATISTICS_SKIPFACTORX">1</MDI>
      <MDI key="STATISTICS_SKIPFACTORY">1</MDI>
      <MDI key="STATISTICS_STDDEV">0.033357446294205</MDI>
    </Metadata>
  </PAMRasterBand>
  <PAMRasterBand band="2">
    <Description>Band_2</Description>
    <Histograms>
      <HistItem>
        <HistMin>0.02899999916553497</HistMin>
        <HistMax>0.6460000276565552</HistMax>
        <BucketCount>256</BucketCount>
        <IncludeOutOfRange>1</IncludeOutOfRange>
        <Approximate>0</Approximate>
        <HistCounts>5|21|51|75|96|177|158|154|127|76|82|71|44|55|60|50|45|54|53|47|64|52|80|72|42|68|50|47|41|35|30|15|17|14|10|14|18|14|10|5|1|14|4|3|3|10|1|3|2|4|5|6|3|4|9|9|6|12|3|7|8|5|2|0|1|4|3|3|0|2|0|3|8|1|0|2|1|5|0|1|1|1|1|0|3|1|0|1|1|1|3|1|1|2|0|1|0|1|0|0|0|0|0|0|0|0|0|0|1|0|0|2|0|0|0|0|1|0|0|0|1|0|1|0|1|1|1|0|0|0|0|0|0|0|0|0|0|0|0|0|0|0|0|0|0|0|1|0|0|0|0|0|0|0|0|0|0|0|0|0|0|0|0|0|0|0|0|0|0|0|0|0|0|0|0|0|0|0|0|0|0|0|0|0|0|0|0|0|0|0|0|0|0|0|0|0|0|0|0|0|0|0|0|0|0|0|0|0|0|0|0|0|0|0|0|0|0|0|0|0|0|0|0|0|0|0|0|0|0|0|0|0|0|0|0|0|0|0|0|0|0|0|0|0|0|0|0|0|0|0|1|0|0|0|0|1</HistCounts>
      </HistItem>
    </Histograms>
    <Metadata>
      <MDI key="BandName">Band_2</MDI>
      <MDI key="RepresentationType">ATHEMATIC</MDI>
      <MDI key="STATISTICS_COVARIANCES">-0.0004445497324595516,0.001889909140025856,0.001317938862913106</MDI>
      <MDI key="STATISTICS_EXCLUDEDVALUES"></MDI>
      <MDI key="STATISTICS_MAXIMUM">0.64600002765656</MDI>
      <MDI key="STATISTICS_MEAN">0.074427135719276</MDI>
      <MDI key="STATISTICS_MEDIAN">0.062875</MDI>
      <MDI key="STATISTICS_MINIMUM">0.028999999165535</MDI>
      <MDI key="STATISTICS_SKIPFACTORX">1</MDI>
      <MDI key="STATISTICS_SKIPFACTORY">1</MDI>
      <MDI key="STATISTICS_STDDEV">0.043473085237027</MDI>
    </Metadata>
  </PAMRasterBand>
  <PAMRasterBand band="3">
    <Description>Band_3</Description>
    <Histograms>
      <HistItem>
        <HistMin>0.07925000041723251</HistMin>
        <HistMax>0.5427500009536743</HistMax>
        <BucketCount>256</BucketCount>
        <IncludeOutOfRange>1</IncludeOutOfRange>
        <Approximate>0</Approximate>
        <HistCounts>12|35|49|87|103|107|157|149|102|81|69|70|65|37|52|63|48|42|51|52|46|51|72|50|76|53|48|46|43|54|38|40|40|33|17|18|17|13|7|10|9|4|3|5|7|7|4|7|11|3|3|8|2|7|3|4|6|6|5|4|1|4|4|6|2|4|2|1|5|3|6|4|0|3|1|3|2|2|2|1|1|0|0|0|0|2|2|0|3|0|0|0|0|0|2|0|1|0|1|0|1|0|1|0|0|0|1|0|0|0|1|1|0|0|0|0|0|1|0|0|0|0|0|0|0|0|0|0|0|0|0|0|0|0|1|0|0|0|0|0|0|0|0|0|0|0|0|0|0|0|0|0|0|0|0|0|0|0|0|0|0|0|0|0|0|0|0|0|0|0|0|0|0|0|0|0|1|0|0|0|0|0|0|0|0|0|0|0|0|0|0|0|0|0|0|0|0|0|0|0|0|0|0|0|0|0|0|0|0|0|0|0|0|0|0|0|0|0|0|0|0|0|0|0|0|0|0|0|0|0|0|0|0|0|0|0|0|0|0|0|0|0|0|0|0|0|0|0|0|0|0|0|0|0|0|1</HistCounts>
      </HistItem>
    </Histograms>
    <Metadata>
      <MDI key="BandName">Band_3</MDI>
      <MDI key="RepresentationType">ATHEMATIC</MDI>
      <MDI key="STATISTICS_COVARIANCES">-0.0002193830848666067,0.001317938862913106,0.0009520986179952308</MDI>
      <MDI key="STATISTICS_EXCLUDEDVALUES"></MDI>
      <MDI key="STATISTICS_MAXIMUM">0.54275000095367</MDI>
      <MDI key="STATISTICS_MEAN">0.11434076645628</MDI>
      <MDI key="STATISTICS_MEDIAN">0.106515</MDI>
      <MDI key="STATISTICS_MINIMUM">0.079250000417233</MDI>
      <MDI key="STATISTICS_SKIPFACTORX">1</MDI>
      <MDI key="STATISTICS_SKIPFACTORY">1</MDI>
      <MDI key="STATISTICS_STDDEV">0.030856095313491</MDI>
    </Metadata>
  </PAMRasterBand>
</PAMDataset>
