<PAMDataset>
  <Metadata>
    <MDI key="DataType">Generic</MDI>
  </Metadata>
  <PAMRasterBand band="1">
    <Description>Band_1</Description>
    <Histograms>
      <HistItem>
        <HistMin>0.75</HistMin>
        <HistMax>0.9512407183647156</HistMax>
        <BucketCount>256</BucketCount>
        <IncludeOutOfRange>1</IncludeOutOfRange>
        <Approximate>0</Approximate>
        <HistCounts>1|0|0|0|0|0|0|0|0|0|0|1|0|0|1|0|0|0|0|0|0|0|1|0|0|0|0|0|0|1|0|0|0|0|0|0|0|0|0|0|0|0|0|0|0|0|0|0|0|0|0|0|0|0|0|0|0|0|0|0|0|0|1|0|0|0|0|0|0|0|0|0|0|0|0|0|0|0|0|0|0|0|0|0|0|0|0|0|0|0|0|0|0|0|0|0|0|0|0|0|0|0|0|0|0|0|0|0|0|0|0|0|0|0|0|0|0|0|0|0|0|0|0|2|0|0|0|0|0|0|0|0|0|1|0|0|0|0|0|0|0|0|0|0|0|1|0|2|0|0|0|0|1|1|0|0|0|0|0|0|0|0|1|0|0|0|0|1|0|0|1|1|2|0|0|0|0|0|1|2|0|1|0|1|0|0|0|0|1|0|0|4|0|0|0|1|0|0|1|1|0|2|0|0|1|0|2|2|1|2|1|2|0|0|2|12|29|35|34|46|64|57|58|62|60|56|70|45|36|41|35|42|33|25|24|15|7|7|3|8|3|4|5|0|0|0|2|0|0|0|0|0|0|0|0|1</HistCounts>
      </HistItem>
    </Histograms>
    <Metadata>
      <MDI key="BandName">Band_1</MDI>
      <MDI key="RepresentationType">ATHEMATIC</MDI>
      <MDI key="STATISTICS_COVARIANCES">0.0002395448974704386,-0.0002686517131911245,-0.0001679606369575196</MDI>
      <MDI key="STATISTICS_EXCLUDEDVALUES"></MDI>
      <MDI key="STATISTICS_MAXIMUM">0.95124071836472</MDI>
      <MDI key="STATISTICS_MEAN">0.92568396917913</MDI>
      <MDI key="STATISTICS_MEDIAN">0.926776</MDI>
      <MDI key="STATISTICS_MINIMUM">0.75</MDI>
      <MDI key="STATISTICS_SKIPFACTORX">1</MDI>
      <MDI key="STATISTICS_SKIPFACTORY">1</MDI>
      <MDI key="STATISTICS_STDDEV">0.015477238043993</MDI>
    </Metadata>
  </PAMRasterBand>
  <PAMRasterBand band="2">
    <Description>Band_2</Description>
    <Histograms>
      <HistItem>
        <HistMin>0.0364999994635582</HistMin>
        <HistMax>0.3867500126361847</HistMax>
        <BucketCount>256</BucketCount>
        <IncludeOutOfRange>1</IncludeOutOfRange>
        <Approximate>0</Approximate>
        <HistCounts>2|0|1|1|1|0|4|8|1|0|5|4|4|5|5|5|7|4|6|8|14|11|10|18|19|21|18|16|28|27|31|20|37|19|39|32|37|36|31|21|29|19|17|13|23|7|12|17|20|11|9|12|9|7|10|8|12|2|8|7|5|8|4|7|4|2|2|2|2|8|5|4|3|4|2|2|7|3|0|1|2|0|2|1|0|2|1|2|4|3|3|0|2|1|1|0|2|0|2|1|2|3|0|2|0|0|1|3|0|1|0|0|0|2|0|0|0|4|1|0|0|1|1|1|0|2|0|1|0|0|1|2|0|1|0|0|1|0|0|0|2|1|0|0|2|0|0|3|0|2|0|1|0|0|0|2|0|0|0|0|0|1|0|0|0|0|0|0|0|0|1|0|0|0|0|0|0|0|0|0|0|0|0|0|0|1|0|0|1|0|2|0|0|0|1|0|0|0|0|1|0|0|0|0|0|0|0|0|0|0|0|0|1|0|0|0|0|0|0|0|0|0|0|0|0|0|0|0|0|0|0|0|0|0|0|0|0|0|0|0|0|0|0|0|0|2|0|0|0|0|0|0|0|0|0|1</HistCounts>
      </HistItem>
    </Histograms>
    <Metadata>
      <MDI key="BandName">Band_2</MDI>
      <MDI key="RepresentationType">ATHEMATIC</MDI>
      <MDI key="STATISTICS_COVARIANCES">-0.0002686517131911245,0.001735943140201277,0.001157649766467415</MDI>
      <MDI key="STATISTICS_EXCLUDEDVALUES"></MDI>
      <MDI key="STATISTICS_MAXIMUM">0.38675001263618</MDI>
      <MDI key="STATISTICS_MEAN">0.0987743020728</MDI>
      <MDI key="STATISTICS_MEDIAN">0.087321</MDI>
      <MDI key="STATISTICS_MINIMUM">0.036499999463558</MDI>
      <MDI key="STATISTICS_SKIPFACTORX">1</MDI>
      <MDI key="STATISTICS_SKIPFACTORY">1</MDI>
      <MDI key="STATISTICS_STDDEV">0.041664650966992</MDI>
    </Metadata>
  </PAMRasterBand>
  <PAMRasterBand band="3">
    <Description>Band_3</Description>
    <Histograms>
      <HistItem>
        <HistMin>0.08799999952316284</HistMin>
        <HistMax>0.3210000097751617</HistMax>
        <BucketCount>256</BucketCount>
        <IncludeOutOfRange>1</IncludeOutOfRange>
        <Approximate>0</Approximate>
        <HistCounts>1|0|0|0|0|0|1|1|0|0|1|0|0|1|0|3|0|0|3|1|2|8|6|6|8|16|11|15|17|18|19|3|15|9|12|28|24|23|44|29|21|32|32|29|46|23|13|22|22|21|14|26|15|9|12|7|11|7|9|17|9|4|9|16|11|5|6|8|10|4|6|3|10|6|6|3|8|6|5|5|3|2|3|4|3|5|3|0|3|4|2|1|2|0|1|1|2|3|1|3|4|3|4|2|1|0|0|1|1|1|0|0|0|1|1|3|1|1|0|2|0|1|1|0|0|1|0|0|1|2|0|2|2|0|0|0|0|0|2|1|1|0|0|0|0|3|2|0|1|1|1|0|0|1|0|0|0|1|0|2|2|0|0|0|0|1|0|0|0|1|0|0|0|0|0|0|2|0|0|0|0|0|0|0|0|0|0|0|2|0|0|0|0|0|0|0|0|0|0|0|0|0|0|0|0|0|0|0|1|0|0|0|1|0|0|0|1|0|0|0|0|1|0|0|0|0|0|0|0|0|0|0|0|0|0|0|0|0|0|0|0|0|1|0|0|0|0|0|2|0|0|0|0|0|0|1</HistCounts>
      </HistItem>
    </Histograms>
    <Metadata>
      <MDI key="BandName">Band_3</MDI>
      <MDI key="RepresentationType">ATHEMATIC</MDI>
      <MDI key="STATISTICS_COVARIANCES">-0.0001679606369575196,0.001157649766467415,0.0008056039866322113</MDI>
      <MDI key="STATISTICS_EXCLUDEDVALUES"></MDI>
      <MDI key="STATISTICS_MAXIMUM">0.32100000977516</MDI>
      <MDI key="STATISTICS_MEAN">0.13752766290242</MDI>
      <MDI key="STATISTICS_MEDIAN">0.128204</MDI>
      <MDI key="STATISTICS_MINIMUM">0.087999999523163</MDI>
      <MDI key="STATISTICS_SKIPFACTORX">1</MDI>
      <MDI key="STATISTICS_SKIPFACTORY">1</MDI>
      <MDI key="STATISTICS_STDDEV">0.028383163788278</MDI>
    </Metadata>
  </PAMRasterBand>
</PAMDataset>
