<PAMDataset>
  <Metadata>
    <MDI key="DataType">Generic</MDI>
  </Metadata>
  <PAMRasterBand band="1">
    <Description>Band_1</Description>
    <Histograms>
      <HistItem>
        <HistMin>0.4165000021457672</HistMin>
        <HistMax>0.933055579662323</HistMax>
        <BucketCount>256</BucketCount>
        <IncludeOutOfRange>1</IncludeOutOfRange>
        <Approximate>0</Approximate>
        <HistCounts>1|0|0|0|0|0|0|0|0|0|0|0|0|0|0|0|0|0|0|0|0|0|0|0|0|0|0|0|1|0|0|0|0|0|0|0|0|0|0|0|0|0|0|0|0|0|0|0|0|0|0|0|0|0|0|0|0|0|0|0|0|0|1|0|0|0|0|0|1|0|2|1|0|0|3|2|0|0|0|2|3|1|1|2|0|0|4|0|1|2|2|0|4|4|0|1|1|4|2|2|0|0|8|2|3|2|5|7|1|6|10|3|6|13|14|4|8|6|8|2|9|9|8|3|7|7|9|12|3|8|5|5|11|5|10|14|15|10|7|5|5|8|13|11|5|9|8|3|14|10|3|8|5|9|10|13|6|8|7|15|8|5|10|6|6|6|8|9|2|13|5|3|8|13|11|6|11|8|5|9|7|9|7|14|12|6|8|6|9|6|10|9|12|11|2|12|8|5|9|10|4|11|10|3|11|6|4|3|7|8|4|5|4|4|12|3|4|3|5|6|8|1|7|2|6|2|7|5|6|2|3|3|15|7|4|0|3|2|9|10|4|4|5|4|2|2|2|7|26|30|33|15|9|3|0|1</HistCounts>
      </HistItem>
    </Histograms>
    <Metadata>
      <MDI key="BandName">Band_1</MDI>
      <MDI key="RepresentationType">ATHEMATIC</MDI>
      <MDI key="STATISTICS_COVARIANCES">0.009072974219131343,0.002466182334061918,0.002389709006316808</MDI>
      <MDI key="STATISTICS_EXCLUDEDVALUES"></MDI>
      <MDI key="STATISTICS_MAXIMUM">0.93305557966232</MDI>
      <MDI key="STATISTICS_MEAN">0.77062228901378</MDI>
      <MDI key="STATISTICS_MEDIAN">0.766948</MDI>
      <MDI key="STATISTICS_MINIMUM">0.41650000214577</MDI>
      <MDI key="STATISTICS_SKIPFACTORX">1</MDI>
      <MDI key="STATISTICS_SKIPFACTORY">1</MDI>
      <MDI key="STATISTICS_STDDEV">0.095252161230763</MDI>
    </Metadata>
  </PAMRasterBand>
  <PAMRasterBand band="2">
    <Description>Band_2</Description>
    <Histograms>
      <HistItem>
        <HistMin>0.06700000166893005</HistMin>
        <HistMax>0.8355000019073486</HistMax>
        <BucketCount>256</BucketCount>
        <IncludeOutOfRange>1</IncludeOutOfRange>
        <Approximate>0</Approximate>
        <HistCounts>1|1|2|7|7|1|3|2|1|0|0|2|9|3|8|10|16|21|32|33|34|42|34|46|38|47|46|44|50|33|30|26|33|23|33|27|10|35|33|21|18|23|16|21|21|12|6|13|4|9|7|7|5|9|16|1|5|11|5|3|4|7|4|7|1|7|4|0|2|4|5|2|8|0|0|0|3|1|3|0|0|1|3|1|1|2|0|1|0|1|3|0|4|0|0|2|0|0|1|2|1|2|1|0|0|0|3|3|0|1|1|2|0|1|2|0|0|1|1|2|0|0|0|0|0|0|1|0|1|0|0|0|0|0|0|0|0|0|0|0|0|0|0|0|0|0|0|2|1|0|0|0|0|0|0|0|0|0|0|0|0|0|2|0|0|0|0|0|0|0|0|0|0|0|0|0|0|0|0|0|0|0|1|0|0|0|0|0|0|0|0|0|0|0|2|0|0|0|0|0|0|0|0|0|1|0|0|0|0|0|0|1|0|0|0|0|0|0|0|0|0|0|0|0|0|0|0|0|0|0|0|0|0|0|2|0|0|0|0|0|0|0|0|0|0|0|0|0|1|0|0|0|0|0|0|2</HistCounts>
      </HistItem>
    </Histograms>
    <Metadata>
      <MDI key="BandName">Band_2</MDI>
      <MDI key="RepresentationType">ATHEMATIC</MDI>
      <MDI key="STATISTICS_COVARIANCES">0.002466182334061918,0.006485571228922044,0.004779602991427709</MDI>
      <MDI key="STATISTICS_EXCLUDEDVALUES"></MDI>
      <MDI key="STATISTICS_MAXIMUM">0.83550000190735</MDI>
      <MDI key="STATISTICS_MEAN">0.17977801332778</MDI>
      <MDI key="STATISTICS_MEDIAN">0.157412</MDI>
      <MDI key="STATISTICS_MINIMUM">0.06700000166893</MDI>
      <MDI key="STATISTICS_SKIPFACTORX">1</MDI>
      <MDI key="STATISTICS_SKIPFACTORY">1</MDI>
      <MDI key="STATISTICS_STDDEV">0.080533044329157</MDI>
    </Metadata>
  </PAMRasterBand>
  <PAMRasterBand band="3">
    <Description>Band_3</Description>
    <Histograms>
      <HistItem>
        <HistMin>0.1152499988675117</HistMin>
        <HistMax>0.734499990940094</HistMax>
        <BucketCount>256</BucketCount>
        <IncludeOutOfRange>1</IncludeOutOfRange>
        <Approximate>0</Approximate>
        <HistCounts>5|8|2|2|3|3|2|10|7|16|27|37|55|37|51|48|63|34|55|38|32|39|44|17|32|26|32|18|39|34|18|26|30|20|11|19|14|8|6|11|11|4|12|7|11|7|6|3|5|8|4|5|10|3|2|3|5|2|5|4|6|6|1|5|0|0|2|1|1|1|3|5|2|0|0|2|2|2|1|0|1|0|3|0|2|2|2|2|0|0|0|1|2|0|0|0|0|0|4|2|1|0|0|0|0|0|0|1|0|0|0|0|1|1|0|0|0|1|0|0|1|0|1|0|0|0|0|0|1|0|0|0|0|2|0|0|0|0|0|0|0|0|0|0|0|0|0|2|0|1|2|0|0|0|0|0|0|0|0|0|0|0|0|0|0|0|0|0|0|0|0|0|0|0|0|0|0|0|0|0|0|0|0|0|0|0|0|0|0|0|0|0|1|0|0|0|0|0|0|0|0|0|0|0|0|0|0|0|0|0|0|0|0|0|0|0|0|0|0|0|0|0|0|0|0|0|0|0|0|0|2|0|0|0|0|0|0|0|0|1|0|0|0|0|0|0|0|0|0|0|0|0|0|0|0|2</HistCounts>
      </HistItem>
    </Histograms>
    <Metadata>
      <MDI key="BandName">Band_3</MDI>
      <MDI key="RepresentationType">ATHEMATIC</MDI>
      <MDI key="STATISTICS_COVARIANCES">0.002389709006316808,0.004779602991427709,0.003640052480352643</MDI>
      <MDI key="STATISTICS_EXCLUDEDVALUES"></MDI>
      <MDI key="STATISTICS_MAXIMUM">0.73449999094009</MDI>
      <MDI key="STATISTICS_MEAN">0.18538285222645</MDI>
      <MDI key="STATISTICS_MEDIAN">0.168675</MDI>
      <MDI key="STATISTICS_MINIMUM">0.11524999886751</MDI>
      <MDI key="STATISTICS_SKIPFACTORX">1</MDI>
      <MDI key="STATISTICS_SKIPFACTORY">1</MDI>
      <MDI key="STATISTICS_STDDEV">0.060332847441113</MDI>
    </Metadata>
  </PAMRasterBand>
</PAMDataset>
