<PAMDataset>
  <Metadata>
    <MDI key="DataType">Generic</MDI>
  </Metadata>
  <PAMRasterBand band="1">
    <Description>Band_1</Description>
    <Histograms>
      <HistItem>
        <HistMin>0.6037499904632568</HistMin>
        <HistMax>0.9431296586990356</HistMax>
        <BucketCount>256</BucketCount>
        <IncludeOutOfRange>1</IncludeOutOfRange>
        <Approximate>0</Approximate>
        <HistCounts>2|0|1|0|0|0|0|0|0|2|0|0|0|0|0|0|0|1|0|0|1|0|0|1|0|0|2|2|2|2|0|0|0|0|0|0|0|0|0|0|2|0|0|0|0|0|0|0|0|0|0|0|0|0|0|1|0|1|0|0|0|0|0|0|1|0|0|0|1|1|0|0|2|0|0|0|0|0|0|0|1|2|0|0|0|0|1|0|0|0|1|0|2|0|0|0|2|0|0|0|0|0|0|0|1|0|0|0|0|1|0|0|1|0|0|0|0|1|0|0|0|0|0|1|0|2|0|0|4|3|0|1|1|0|1|2|5|1|0|0|0|0|0|1|1|5|0|0|6|0|0|2|2|2|2|6|0|0|3|0|3|0|1|1|0|0|2|3|5|2|0|4|0|3|2|1|2|2|2|1|2|3|1|4|3|0|0|3|3|2|2|1|2|1|0|5|6|3|8|5|7|2|2|8|7|7|4|7|7|6|2|6|5|3|2|7|5|5|4|8|8|13|7|10|4|11|7|10|14|16|7|8|14|5|9|11|7|79|163|183|296|475|538|543|600|520|458|419|295|115|71|20|7|5|0|1</HistCounts>
      </HistItem>
    </Histograms>
    <Metadata>
      <MDI key="BandName">Band_1</MDI>
      <MDI key="RepresentationType">ATHEMATIC</MDI>
      <MDI key="STATISTICS_COVARIANCES">0.0008028682630629934,-0.0003551129354055916,-0.000200812441057611</MDI>
      <MDI key="STATISTICS_EXCLUDEDVALUES"></MDI>
      <MDI key="STATISTICS_MAXIMUM">0.94312965869904</MDI>
      <MDI key="STATISTICS_MEAN">0.92269668587079</MDI>
      <MDI key="STATISTICS_MEDIAN">0.927159</MDI>
      <MDI key="STATISTICS_MINIMUM">0.60374999046326</MDI>
      <MDI key="STATISTICS_SKIPFACTORX">1</MDI>
      <MDI key="STATISTICS_SKIPFACTORY">1</MDI>
      <MDI key="STATISTICS_STDDEV">0.028334930087491</MDI>
    </Metadata>
  </PAMRasterBand>
  <PAMRasterBand band="2">
    <Description>Band_2</Description>
    <Histograms>
      <HistItem>
        <HistMin>0.04075000062584877</HistMin>
        <HistMax>0.5040000081062317</HistMax>
        <BucketCount>256</BucketCount>
        <IncludeOutOfRange>1</IncludeOutOfRange>
        <Approximate>0</Approximate>
        <HistCounts>19|72|190|501|580|593|549|541|356|285|216|196|129|127|117|95|62|62|59|46|39|34|27|19|24|19|29|9|13|4|10|14|7|8|9|8|10|4|6|9|2|4|3|5|2|2|1|2|2|3|2|1|6|1|1|6|6|3|4|2|6|2|8|2|0|3|3|3|1|1|3|1|0|0|2|5|0|3|2|3|1|0|0|0|4|3|0|0|0|1|0|2|0|1|2|1|0|0|1|0|0|1|0|1|0|1|0|0|0|1|0|0|0|0|0|0|0|0|0|0|1|0|0|0|0|0|0|0|0|0|0|0|0|0|0|0|0|2|0|0|0|0|0|0|0|0|0|0|0|0|0|0|0|0|0|0|0|0|0|0|0|0|0|0|0|1|0|0|0|0|0|0|0|0|0|0|0|0|0|0|0|0|0|0|0|0|0|0|0|0|0|0|0|0|0|0|0|0|0|0|0|0|0|0|0|0|0|0|0|0|0|0|0|0|0|0|0|0|0|0|0|0|0|0|0|0|0|0|0|0|0|0|0|0|0|0|0|0|0|0|0|0|0|0|0|0|2|0|0|0|0|0|0|0|0|1</HistCounts>
      </HistItem>
    </Histograms>
    <Metadata>
      <MDI key="BandName">Band_2</MDI>
      <MDI key="RepresentationType">ATHEMATIC</MDI>
      <MDI key="STATISTICS_COVARIANCES">-0.0003551129354055916,0.0005272260793314784,0.0003493861382489788</MDI>
      <MDI key="STATISTICS_EXCLUDEDVALUES"></MDI>
      <MDI key="STATISTICS_MAXIMUM">0.50400000810623</MDI>
      <MDI key="STATISTICS_MEAN">0.059562906266028</MDI>
      <MDI key="STATISTICS_MEDIAN">0.053467</MDI>
      <MDI key="STATISTICS_MINIMUM">0.040750000625849</MDI>
      <MDI key="STATISTICS_SKIPFACTORX">1</MDI>
      <MDI key="STATISTICS_SKIPFACTORY">1</MDI>
      <MDI key="STATISTICS_STDDEV">0.022961404123692</MDI>
    </Metadata>
  </PAMRasterBand>
  <PAMRasterBand band="3">
    <Description>Band_3</Description>
    <Histograms>
      <HistItem>
        <HistMin>0.08474999666213989</HistMin>
        <HistMax>0.3835000097751617</HistMax>
        <BucketCount>256</BucketCount>
        <IncludeOutOfRange>1</IncludeOutOfRange>
        <Approximate>0</Approximate>
        <HistCounts>4|5|23|29|67|134|174|219|298|318|406|417|318|372|366|229|261|197|169|130|152|114|62|91|62|60|66|40|27|36|29|24|17|15|24|19|12|15|11|13|7|11|7|9|5|5|6|5|8|2|3|4|0|6|2|13|8|1|0|5|1|2|0|1|2|4|0|5|12|4|6|5|3|0|0|2|3|0|1|2|3|0|1|3|4|1|3|2|1|1|1|3|0|0|2|2|0|1|1|2|1|0|2|0|3|0|0|0|1|0|0|0|0|0|0|0|0|0|0|0|0|0|0|0|0|0|0|0|0|0|0|0|0|2|0|0|0|0|0|0|0|0|0|0|0|0|0|0|0|0|1|0|0|0|0|0|0|0|0|0|0|0|0|0|0|0|0|0|1|0|0|0|0|0|0|0|0|0|0|0|0|0|0|0|0|0|0|0|0|0|0|0|0|0|0|0|0|0|0|0|0|0|0|0|0|0|0|0|0|0|0|0|0|0|0|0|0|0|0|0|0|0|0|0|0|0|0|0|0|0|0|0|0|0|0|0|0|0|0|0|2|0|0|0|0|0|0|0|0|0|0|0|0|0|0|1</HistCounts>
      </HistItem>
    </Histograms>
    <Metadata>
      <MDI key="BandName">Band_3</MDI>
      <MDI key="RepresentationType">ATHEMATIC</MDI>
      <MDI key="STATISTICS_COVARIANCES">-0.000200812441057611,0.0003493861382489788,0.0002496274733402319</MDI>
      <MDI key="STATISTICS_EXCLUDEDVALUES"></MDI>
      <MDI key="STATISTICS_MAXIMUM">0.38350000977516</MDI>
      <MDI key="STATISTICS_MEAN">0.10411950284989</MDI>
      <MDI key="STATISTICS_MEDIAN">0.099980</MDI>
      <MDI key="STATISTICS_MINIMUM">0.08474999666214</MDI>
      <MDI key="STATISTICS_SKIPFACTORX">1</MDI>
      <MDI key="STATISTICS_SKIPFACTORY">1</MDI>
      <MDI key="STATISTICS_STDDEV">0.015799603581743</MDI>
    </Metadata>
  </PAMRasterBand>
</PAMDataset>
