<PAMDataset>
  <Metadata>
    <MDI key="DataType">Generic</MDI>
  </Metadata>
  <PAMRasterBand band="1">
    <Description>Band_1</Description>
    <Histograms>
      <HistItem>
        <HistMin>0.6430000066757202</HistMin>
        <HistMax>0.9356296062469482</HistMax>
        <BucketCount>256</BucketCount>
        <IncludeOutOfRange>1</IncludeOutOfRange>
        <Approximate>0</Approximate>
        <HistCounts>1|0|0|0|0|0|0|0|1|0|0|0|0|0|0|0|0|0|0|0|0|0|0|0|0|0|0|0|0|0|0|0|0|0|1|0|0|0|0|0|0|1|0|0|0|0|0|0|0|1|0|0|0|0|0|0|0|0|0|0|0|0|0|0|0|0|0|0|0|0|0|1|2|0|0|0|0|0|0|0|0|0|2|0|0|0|0|1|0|0|0|0|0|0|0|0|2|0|0|1|0|0|0|0|0|0|1|0|1|0|1|0|2|0|0|0|0|1|0|0|2|1|2|5|0|0|0|1|0|0|2|0|1|0|0|0|0|5|6|1|1|0|2|0|4|1|3|1|3|0|2|5|0|3|1|0|1|2|4|5|3|1|3|5|9|3|4|4|6|2|3|4|8|3|9|3|5|3|5|1|0|6|5|4|6|1|12|5|7|5|4|1|1|9|11|3|13|11|13|7|9|13|3|7|9|8|8|6|21|4|15|4|6|5|4|12|10|2|10|7|14|17|11|9|7|4|8|19|17|7|8|5|8|12|9|14|11|11|18|9|9|83|93|92|71|60|43|39|31|33|16|3|2|1|0|1</HistCounts>
      </HistItem>
    </Histograms>
    <Metadata>
      <MDI key="BandName">Band_1</MDI>
      <MDI key="RepresentationType">ATHEMATIC</MDI>
      <MDI key="STATISTICS_COVARIANCES">0.001620796064815149,2.777415447357486e-05,4.899514016538355e-05</MDI>
      <MDI key="STATISTICS_EXCLUDEDVALUES"></MDI>
      <MDI key="STATISTICS_MAXIMUM">0.93562960624695</MDI>
      <MDI key="STATISTICS_MEAN">0.89486495575905</MDI>
      <MDI key="STATISTICS_MEDIAN">0.913826</MDI>
      <MDI key="STATISTICS_MINIMUM">0.64300000667572</MDI>
      <MDI key="STATISTICS_SKIPFACTORX">1</MDI>
      <MDI key="STATISTICS_SKIPFACTORY">1</MDI>
      <MDI key="STATISTICS_STDDEV">0.040259111575085</MDI>
    </Metadata>
  </PAMRasterBand>
  <PAMRasterBand band="2">
    <Description>Band_2</Description>
    <Histograms>
      <HistItem>
        <HistMin>0.05225000157952309</HistMin>
        <HistMax>0.3560000061988831</HistMax>
        <BucketCount>256</BucketCount>
        <IncludeOutOfRange>1</IncludeOutOfRange>
        <Approximate>0</Approximate>
        <HistCounts>4|6|5|8|10|10|12|14|10|25|24|13|11|24|35|35|31|32|32|21|46|18|29|27|45|29|31|32|26|31|36|38|45|16|18|23|26|23|12|30|21|18|11|21|15|19|15|8|6|13|10|15|6|4|11|8|7|3|4|2|4|7|1|1|2|2|4|0|4|1|0|7|0|1|0|3|1|1|1|2|0|5|1|1|1|1|2|0|1|0|1|0|0|1|0|0|1|0|1|0|0|1|3|1|0|1|2|0|1|1|0|0|0|0|0|2|2|0|0|0|0|0|0|1|0|0|1|0|3|0|0|0|0|0|1|0|2|0|0|0|0|0|0|0|0|1|0|0|0|0|0|0|0|0|0|1|0|1|0|1|1|0|0|1|0|0|0|0|0|0|0|0|0|0|1|0|1|0|0|0|0|0|0|0|0|0|0|0|0|0|0|0|0|0|0|0|0|0|0|0|0|0|0|0|0|0|0|0|0|0|0|0|0|0|0|0|0|0|0|0|0|0|0|0|0|0|0|0|0|0|0|0|0|0|0|0|0|0|0|0|0|0|0|0|0|0|0|1|0|0|0|0|0|0|0|1</HistCounts>
      </HistItem>
    </Histograms>
    <Metadata>
      <MDI key="BandName">Band_2</MDI>
      <MDI key="RepresentationType">ATHEMATIC</MDI>
      <MDI key="STATISTICS_COVARIANCES">2.777415447357486e-05,0.0008133361000029186,0.0005024519726851481</MDI>
      <MDI key="STATISTICS_EXCLUDEDVALUES"></MDI>
      <MDI key="STATISTICS_MAXIMUM">0.35600000619888</MDI>
      <MDI key="STATISTICS_MEAN">0.090885200047493</MDI>
      <MDI key="STATISTICS_MEDIAN">0.085603</MDI>
      <MDI key="STATISTICS_MINIMUM">0.052250001579523</MDI>
      <MDI key="STATISTICS_SKIPFACTORX">1</MDI>
      <MDI key="STATISTICS_SKIPFACTORY">1</MDI>
      <MDI key="STATISTICS_STDDEV">0.028519048020629</MDI>
    </Metadata>
  </PAMRasterBand>
  <PAMRasterBand band="3">
    <Description>Band_3</Description>
    <Histograms>
      <HistItem>
        <HistMin>0.1007499992847443</HistMin>
        <HistMax>0.2994999885559082</HistMax>
        <BucketCount>256</BucketCount>
        <IncludeOutOfRange>1</IncludeOutOfRange>
        <Approximate>0</Approximate>
        <HistCounts>1|0|0|0|3|1|7|0|12|10|2|15|13|11|15|25|13|27|24|20|31|32|29|34|32|29|38|32|23|20|43|29|42|34|41|24|22|30|22|23|28|30|22|27|17|15|14|8|13|15|9|11|13|16|3|16|12|11|12|14|9|4|7|7|5|2|6|2|2|6|6|4|0|4|1|4|0|2|5|0|2|2|2|1|2|1|2|0|1|0|1|0|1|4|2|1|5|1|0|3|2|1|1|0|1|0|1|0|0|2|0|0|0|1|0|0|0|0|1|1|0|0|1|0|1|0|0|1|1|0|1|0|2|0|0|1|0|0|0|0|0|0|0|0|1|0|0|0|0|1|0|0|0|0|2|0|0|0|0|0|0|1|0|0|1|0|0|0|0|0|0|1|0|0|0|0|0|0|0|0|0|0|0|0|0|0|0|0|0|0|0|0|0|0|0|0|0|0|0|0|0|0|0|0|0|0|0|0|0|0|0|0|0|0|0|0|0|0|0|0|0|0|0|0|0|0|0|0|0|0|0|0|0|0|0|0|0|0|0|0|0|0|0|0|0|0|0|1|0|0|0|0|0|0|0|1</HistCounts>
      </HistItem>
    </Histograms>
    <Metadata>
      <MDI key="BandName">Band_3</MDI>
      <MDI key="RepresentationType">ATHEMATIC</MDI>
      <MDI key="STATISTICS_COVARIANCES">4.899514016538355e-05,0.0005024519726851481,0.0003337507921532172</MDI>
      <MDI key="STATISTICS_EXCLUDEDVALUES"></MDI>
      <MDI key="STATISTICS_MAXIMUM">0.29949998855591</MDI>
      <MDI key="STATISTICS_MEAN">0.13039559992552</MDI>
      <MDI key="STATISTICS_MEDIAN">0.126471</MDI>
      <MDI key="STATISTICS_MINIMUM">0.10074999928474</MDI>
      <MDI key="STATISTICS_SKIPFACTORX">1</MDI>
      <MDI key="STATISTICS_SKIPFACTORY">1</MDI>
      <MDI key="STATISTICS_STDDEV">0.018268847586895</MDI>
    </Metadata>
  </PAMRasterBand>
</PAMDataset>
