<PAMDataset>
  <Metadata>
    <MDI key="DataType">Generic</MDI>
  </Metadata>
  <PAMRasterBand band="1">
    <Description>Band_1</Description>
    <Histograms>
      <HistItem>
        <HistMin>0.7082499861717224</HistMin>
        <HistMax>0.933722198009491</HistMax>
        <BucketCount>256</BucketCount>
        <IncludeOutOfRange>1</IncludeOutOfRange>
        <Approximate>0</Approximate>
        <HistCounts>1|0|0|0|0|0|0|0|0|0|0|0|0|2|0|0|0|0|0|1|0|0|0|0|0|0|0|0|0|0|0|0|0|0|0|0|1|1|0|0|1|2|1|1|1|0|0|0|0|0|1|1|0|0|1|1|0|2|0|0|3|2|1|1|1|0|2|2|0|0|3|4|1|1|2|7|4|1|2|2|3|2|3|3|0|7|6|3|0|3|2|5|4|1|2|5|4|6|6|4|2|2|3|6|4|1|4|4|2|1|5|0|3|4|1|5|2|4|1|7|2|6|6|1|9|4|7|3|7|0|4|7|9|6|3|5|0|7|1|11|4|6|3|7|11|11|10|10|10|7|15|6|22|9|14|10|11|13|6|14|21|4|16|10|16|20|6|9|5|16|13|18|12|12|7|10|12|8|8|6|7|5|11|5|9|8|16|11|8|8|12|6|3|12|4|3|2|8|2|8|7|7|2|6|5|0|4|0|3|2|5|1|2|5|3|5|3|3|2|0|2|5|0|0|3|0|2|4|1|4|2|3|0|2|1|1|7|2|3|18|20|16|9|13|12|7|5|5|5|6|4|3|0|6|4|1</HistCounts>
      </HistItem>
    </Histograms>
    <Metadata>
      <MDI key="BandName">Band_1</MDI>
      <MDI key="RepresentationType">ATHEMATIC</MDI>
      <MDI key="STATISTICS_COVARIANCES">0.001856792126383418,0.001818322157045303,0.001696027984802156</MDI>
      <MDI key="STATISTICS_EXCLUDEDVALUES"></MDI>
      <MDI key="STATISTICS_MAXIMUM">0.93372219800949</MDI>
      <MDI key="STATISTICS_MEAN">0.85428727203186</MDI>
      <MDI key="STATISTICS_MEDIAN">0.853260</MDI>
      <MDI key="STATISTICS_MINIMUM">0.70824998617172</MDI>
      <MDI key="STATISTICS_SKIPFACTORX">1</MDI>
      <MDI key="STATISTICS_SKIPFACTORY">1</MDI>
      <MDI key="STATISTICS_STDDEV">0.043090510862409</MDI>
    </Metadata>
  </PAMRasterBand>
  <PAMRasterBand band="2">
    <Description>Band_2</Description>
    <Histograms>
      <HistItem>
        <HistMin>0.09724999964237213</HistMin>
        <HistMax>0.5592499971389771</HistMax>
        <BucketCount>256</BucketCount>
        <IncludeOutOfRange>1</IncludeOutOfRange>
        <Approximate>0</Approximate>
        <HistCounts>8|9|25|22|29|12|19|27|20|12|28|29|18|14|15|12|30|17|13|21|41|21|36|15|17|21|23|19|28|16|9|22|37|17|7|25|23|20|15|14|10|10|9|8|12|8|2|13|3|3|0|2|8|5|5|2|5|0|1|4|0|3|4|7|5|1|2|5|0|0|5|2|1|1|0|2|1|2|0|5|1|3|3|1|2|1|0|2|4|2|5|1|2|2|2|1|2|3|4|0|2|2|4|1|1|0|2|0|0|1|1|0|3|3|0|0|0|0|1|1|1|1|3|1|0|4|1|0|0|0|0|0|0|1|1|0|0|0|3|0|2|1|1|2|0|2|0|0|0|2|0|0|0|0|2|0|2|2|2|0|1|1|1|0|0|0|3|1|1|1|3|0|0|1|1|2|1|1|0|0|1|0|0|0|2|0|0|2|0|0|0|1|0|0|2|2|0|2|0|0|0|0|0|0|0|0|0|0|0|0|0|0|0|2|0|0|0|3|0|0|0|0|0|0|0|0|0|0|0|0|3|0|0|0|0|1|2|0|0|0|0|0|0|0|0|0|0|0|0|0|0|0|0|0|0|2</HistCounts>
      </HistItem>
    </Histograms>
    <Metadata>
      <MDI key="BandName">Band_2</MDI>
      <MDI key="RepresentationType">ATHEMATIC</MDI>
      <MDI key="STATISTICS_COVARIANCES">0.001818322157045303,0.006150893619847321,0.00546715483478838</MDI>
      <MDI key="STATISTICS_EXCLUDEDVALUES"></MDI>
      <MDI key="STATISTICS_MAXIMUM">0.55924999713898</MDI>
      <MDI key="STATISTICS_MEAN">0.16917649713326</MDI>
      <MDI key="STATISTICS_MEDIAN">0.144356</MDI>
      <MDI key="STATISTICS_MINIMUM">0.097249999642372</MDI>
      <MDI key="STATISTICS_SKIPFACTORX">1</MDI>
      <MDI key="STATISTICS_SKIPFACTORY">1</MDI>
      <MDI key="STATISTICS_STDDEV">0.078427633011888</MDI>
    </Metadata>
  </PAMRasterBand>
  <PAMRasterBand band="3">
    <Description>Band_3</Description>
    <Histograms>
      <HistItem>
        <HistMin>0.1432500034570694</HistMin>
        <HistMax>0.5625</HistMax>
        <BucketCount>256</BucketCount>
        <IncludeOutOfRange>1</IncludeOutOfRange>
        <Approximate>0</Approximate>
        <HistCounts>11|31|32|32|30|27|31|30|17|27|32|24|32|33|25|42|36|38|29|20|21|27|45|22|31|15|27|24|10|14|17|9|8|3|2|6|4|3|5|1|1|7|0|10|1|2|6|4|0|0|7|6|0|8|0|0|5|1|3|2|0|2|3|3|0|2|1|2|1|1|0|5|2|1|4|4|6|3|0|2|0|5|2|0|1|3|1|0|3|4|2|2|0|3|2|1|1|2|1|0|1|0|3|2|0|1|2|3|1|0|0|1|0|3|1|1|0|1|0|0|0|1|0|2|1|2|0|0|2|0|0|0|3|2|1|2|1|0|0|0|2|1|0|2|1|0|0|1|2|0|2|1|0|0|2|1|0|1|0|2|1|0|0|1|2|0|1|1|0|0|4|0|0|2|0|0|2|1|0|0|0|0|1|0|0|1|0|0|0|0|2|0|0|1|2|0|0|0|0|0|0|0|0|0|0|0|1|0|0|0|0|0|0|0|2|0|0|0|0|0|1|0|1|0|0|0|4|0|2|0|0|0|0|0|0|0|0|0|0|0|1|0|0|0|0|0|0|0|0|0|0|0|0|0|0|2</HistCounts>
      </HistItem>
    </Histograms>
    <Metadata>
      <MDI key="BandName">Band_3</MDI>
      <MDI key="RepresentationType">ATHEMATIC</MDI>
      <MDI key="STATISTICS_COVARIANCES">0.001696027984802156,0.00546715483478838,0.00497893444544299</MDI>
      <MDI key="STATISTICS_EXCLUDEDVALUES"></MDI>
      <MDI key="STATISTICS_MAXIMUM">0.5625</MDI>
      <MDI key="STATISTICS_MEAN">0.1982406985062</MDI>
      <MDI key="STATISTICS_MEDIAN">0.172844</MDI>
      <MDI key="STATISTICS_MINIMUM">0.14325000345707</MDI>
      <MDI key="STATISTICS_SKIPFACTORX">1</MDI>
      <MDI key="STATISTICS_SKIPFACTORY">1</MDI>
      <MDI key="STATISTICS_STDDEV">0.070561564930513</MDI>
    </Metadata>
  </PAMRasterBand>
</PAMDataset>
