<PAMDataset>
  <Metadata>
    <MDI key="DataType">Generic</MDI>
  </Metadata>
  <PAMRasterBand band="1">
    <Description>Band_1</Description>
    <Histograms>
      <HistItem>
        <HistMin>0.4077500104904175</HistMin>
        <HistMax>0.9481481313705444</HistMax>
        <BucketCount>256</BucketCount>
        <IncludeOutOfRange>1</IncludeOutOfRange>
        <Approximate>0</Approximate>
        <HistCounts>1|0|0|0|0|0|0|0|0|0|0|0|0|0|0|0|0|0|0|0|0|0|0|1|2|0|0|0|0|0|0|0|0|0|0|0|0|0|0|0|0|0|0|0|0|0|0|0|0|0|0|0|0|0|1|0|0|0|0|0|0|0|0|0|0|0|0|0|0|0|0|0|0|0|0|0|0|0|0|0|0|0|0|0|0|0|0|0|0|0|0|0|0|0|0|0|0|0|0|0|0|0|0|0|0|0|0|0|0|0|0|0|0|0|1|0|2|0|0|0|0|0|0|1|0|0|0|0|0|1|0|0|0|0|0|0|0|0|0|0|2|0|3|0|0|0|0|0|0|0|0|0|0|0|2|0|1|0|2|0|0|0|0|1|0|0|0|0|0|0|0|0|0|1|0|0|0|0|1|0|0|0|0|0|2|0|1|2|0|0|0|0|1|1|0|0|0|0|1|2|1|0|1|3|2|0|0|0|1|1|1|4|0|0|3|1|1|2|1|2|1|0|2|1|8|0|2|0|3|2|3|4|3|1|5|3|7|4|6|10|9|46|211|469|464|288|170|110|40|29|15|11|5|2|0|2</HistCounts>
      </HistItem>
    </Histograms>
    <Metadata>
      <MDI key="BandName">Band_1</MDI>
      <MDI key="RepresentationType">ATHEMATIC</MDI>
      <MDI key="STATISTICS_COVARIANCES">0.001104748762180368,-0.001016755550740502,-0.0006748889096777711</MDI>
      <MDI key="STATISTICS_EXCLUDEDVALUES"></MDI>
      <MDI key="STATISTICS_MAXIMUM">0.94814813137054</MDI>
      <MDI key="STATISTICS_MEAN">0.92107679300493</MDI>
      <MDI key="STATISTICS_MEDIAN">0.924837</MDI>
      <MDI key="STATISTICS_MINIMUM">0.40775001049042</MDI>
      <MDI key="STATISTICS_SKIPFACTORX">1</MDI>
      <MDI key="STATISTICS_SKIPFACTORY">1</MDI>
      <MDI key="STATISTICS_STDDEV">0.033237761088563</MDI>
    </Metadata>
  </PAMRasterBand>
  <PAMRasterBand band="2">
    <Description>Band_2</Description>
    <Histograms>
      <HistItem>
        <HistMin>0.05274999886751175</HistMin>
        <HistMax>0.7697499990463257</HistMax>
        <BucketCount>256</BucketCount>
        <IncludeOutOfRange>1</IncludeOutOfRange>
        <Approximate>0</Approximate>
        <HistCounts>3|4|16|40|53|60|77|117|131|129|124|134|112|89|89|83|82|57|71|54|45|41|45|29|23|18|14|31|23|7|9|10|13|7|4|8|8|4|4|8|6|3|4|0|3|0|1|2|4|2|1|3|0|1|1|3|1|0|0|3|2|2|1|3|2|2|1|0|1|0|0|0|0|0|0|1|1|1|3|2|1|2|0|1|0|1|4|2|4|1|2|1|2|0|0|3|3|0|2|1|2|0|1|0|1|0|1|1|1|0|1|3|0|0|0|0|1|0|0|0|2|0|1|0|0|0|1|0|0|0|0|0|0|0|0|1|0|0|0|2|0|0|0|2|0|0|0|0|1|0|2|0|0|0|0|0|0|0|1|0|0|0|0|0|0|0|0|0|0|0|0|0|0|1|0|0|0|0|0|0|0|0|0|0|0|0|0|0|0|0|0|0|0|0|0|0|0|0|0|0|0|0|0|0|0|0|0|0|0|0|0|0|0|0|0|0|0|0|0|0|0|0|0|0|0|0|0|0|0|0|0|0|0|0|0|0|0|0|0|0|0|0|0|0|0|0|0|0|0|0|0|0|0|0|0|1</HistCounts>
      </HistItem>
    </Histograms>
    <Metadata>
      <MDI key="BandName">Band_2</MDI>
      <MDI key="RepresentationType">ATHEMATIC</MDI>
      <MDI key="STATISTICS_COVARIANCES">-0.001016755550740502,0.002973000073375651,0.002111144050058729</MDI>
      <MDI key="STATISTICS_EXCLUDEDVALUES"></MDI>
      <MDI key="STATISTICS_MAXIMUM">0.76974999904633</MDI>
      <MDI key="STATISTICS_MEAN">0.10345898156474</MDI>
      <MDI key="STATISTICS_MEDIAN">0.086491</MDI>
      <MDI key="STATISTICS_MINIMUM">0.052749998867512</MDI>
      <MDI key="STATISTICS_SKIPFACTORX">1</MDI>
      <MDI key="STATISTICS_SKIPFACTORY">1</MDI>
      <MDI key="STATISTICS_STDDEV">0.054525224193722</MDI>
    </Metadata>
  </PAMRasterBand>
  <PAMRasterBand band="3">
    <Description>Band_3</Description>
    <Histograms>
      <HistItem>
        <HistMin>0.1019999980926514</HistMin>
        <HistMax>0.6042500138282776</HistMax>
        <BucketCount>256</BucketCount>
        <IncludeOutOfRange>1</IncludeOutOfRange>
        <Approximate>0</Approximate>
        <HistCounts>8|10|39|45|73|88|95|118|103|120|104|118|112|74|84|100|69|69|55|67|53|31|36|23|25|16|18|22|16|13|12|7|3|8|7|5|7|3|4|10|2|3|3|3|6|0|1|1|0|0|1|2|2|0|2|2|2|0|5|2|7|0|1|2|2|0|1|0|2|0|3|1|1|2|4|0|1|2|1|2|0|0|3|6|3|4|3|0|0|3|0|2|1|1|0|0|1|4|0|3|1|0|0|1|0|0|0|1|0|0|0|0|0|0|0|0|1|0|2|0|0|0|1|0|0|0|0|0|0|0|0|0|3|0|0|0|0|0|0|0|0|0|0|0|0|0|0|0|0|0|0|0|0|0|0|0|0|0|0|1|1|1|2|0|0|2|0|0|0|0|0|0|0|0|0|0|0|0|1|0|0|0|0|0|0|0|0|0|0|0|0|0|1|0|0|0|0|0|0|0|0|0|0|0|0|0|0|0|0|0|0|0|0|0|0|0|0|0|0|0|0|0|0|0|0|0|0|0|0|0|0|0|0|0|0|0|0|0|0|0|0|0|0|0|0|0|0|0|0|0|0|0|0|0|0|1</HistCounts>
      </HistItem>
    </Histograms>
    <Metadata>
      <MDI key="BandName">Band_3</MDI>
      <MDI key="RepresentationType">ATHEMATIC</MDI>
      <MDI key="STATISTICS_COVARIANCES">-0.0006748889096777711,0.002111144050058729,0.001552856461940932</MDI>
      <MDI key="STATISTICS_EXCLUDEDVALUES"></MDI>
      <MDI key="STATISTICS_MAXIMUM">0.60425001382828</MDI>
      <MDI key="STATISTICS_MEAN">0.13681372309667</MDI>
      <MDI key="STATISTICS_MEDIAN">0.125635</MDI>
      <MDI key="STATISTICS_MINIMUM">0.10199999809265</MDI>
      <MDI key="STATISTICS_SKIPFACTORX">1</MDI>
      <MDI key="STATISTICS_SKIPFACTORY">1</MDI>
      <MDI key="STATISTICS_STDDEV">0.039406299774794</MDI>
    </Metadata>
  </PAMRasterBand>
</PAMDataset>
