<PAMDataset>
  <Metadata>
    <MDI key="DataType">Generic</MDI>
  </Metadata>
  <PAMRasterBand band="1">
    <Description>Band_1</Description>
    <Histograms>
      <HistItem>
        <HistMin>0.7384999990463257</HistMin>
        <HistMax>0.9214074015617371</HistMax>
        <BucketCount>256</BucketCount>
        <IncludeOutOfRange>1</IncludeOutOfRange>
        <Approximate>0</Approximate>
        <HistCounts>1|0|0|0|0|0|0|0|0|0|0|0|0|0|0|0|0|0|0|0|0|0|0|0|0|0|0|0|0|0|0|0|0|0|0|0|0|0|0|0|0|0|0|2|1|0|0|1|0|0|0|0|2|1|0|0|2|2|1|2|0|0|0|1|1|2|4|2|3|1|2|1|2|2|0|2|6|3|6|2|2|3|3|4|2|5|4|8|7|9|11|1|12|11|13|12|11|12|6|8|9|9|6|9|11|9|7|1|11|5|7|11|10|12|5|2|3|8|4|7|8|7|4|7|7|2|4|5|5|3|7|7|5|3|8|7|1|2|4|2|3|4|2|2|0|3|6|2|4|6|0|1|1|1|2|3|2|7|1|2|4|0|5|3|2|3|0|4|2|3|6|2|4|1|4|2|2|2|1|9|3|3|3|3|5|1|1|5|1|3|0|1|0|5|5|0|2|6|1|3|0|5|4|0|3|2|0|5|3|0|1|8|3|0|2|5|4|3|2|5|1|2|7|6|1|2|3|2|0|1|3|3|0|2|3|0|0|3|1|0|0|2|3|2|6|2|0|2|3|0|0|2|2|3|4|1</HistCounts>
      </HistItem>
    </Histograms>
    <Metadata>
      <MDI key="BandName">Band_1</MDI>
      <MDI key="RepresentationType">ATHEMATIC</MDI>
      <MDI key="STATISTICS_COVARIANCES">0.001373576589476635,-8.714913100371637e-05,-1.270904558824552e-06</MDI>
      <MDI key="STATISTICS_EXCLUDEDVALUES"></MDI>
      <MDI key="STATISTICS_MAXIMUM">0.92140740156174</MDI>
      <MDI key="STATISTICS_MEAN">0.83814274751749</MDI>
      <MDI key="STATISTICS_MEDIAN">0.826726</MDI>
      <MDI key="STATISTICS_MINIMUM">0.73849999904633</MDI>
      <MDI key="STATISTICS_SKIPFACTORX">1</MDI>
      <MDI key="STATISTICS_SKIPFACTORY">1</MDI>
      <MDI key="STATISTICS_STDDEV">0.037061794202071</MDI>
    </Metadata>
  </PAMRasterBand>
  <PAMRasterBand band="2">
    <Description>Band_2</Description>
    <Histograms>
      <HistItem>
        <HistMin>0.1652500033378601</HistMin>
        <HistMax>0.2157499939203262</HistMax>
        <BucketCount>256</BucketCount>
        <IncludeOutOfRange>1</IncludeOutOfRange>
        <Approximate>0</Approximate>
        <HistCounts>1|0|0|0|0|0|0|0|2|0|2|0|0|1|0|1|1|3|0|0|3|3|0|1|0|1|2|3|0|6|2|1|1|0|1|3|0|0|0|2|1|0|2|0|3|4|1|2|0|2|4|3|0|1|2|2|4|0|0|1|3|7|0|3|6|2|0|0|4|12|1|8|0|6|2|8|0|5|10|4|3|0|1|6|4|11|0|9|7|3|2|0|5|5|3|5|0|6|7|4|5|0|7|8|2|0|4|3|2|3|0|8|4|4|8|0|7|3|8|9|0|9|3|3|6|0|3|8|3|0|4|5|2|7|0|6|16|7|10|0|2|9|7|2|0|7|6|10|4|0|5|7|4|0|7|5|9|7|0|5|3|7|3|0|6|4|8|2|0|6|4|10|10|0|5|7|6|6|0|4|4|6|0|4|2|4|8|0|3|10|1|5|0|6|1|2|5|0|5|0|3|7|0|2|1|4|0|3|0|4|1|0|5|2|3|1|0|2|6|2|3|0|2|1|1|3|0|0|2|0|0|3|1|1|0|0|1|1|0|0|0|0|0|0|0|0|0|0|0|0|0|0|0|0|0|3</HistCounts>
      </HistItem>
    </Histograms>
    <Metadata>
      <MDI key="BandName">Band_2</MDI>
      <MDI key="RepresentationType">ATHEMATIC</MDI>
      <MDI key="STATISTICS_COVARIANCES">-8.714913100371637e-05,0.0001102014858858229,8.069984779930248e-05</MDI>
      <MDI key="STATISTICS_EXCLUDEDVALUES"></MDI>
      <MDI key="STATISTICS_MAXIMUM">0.21574999392033</MDI>
      <MDI key="STATISTICS_MEAN">0.19076092889319</MDI>
      <MDI key="STATISTICS_MEDIAN">0.191589</MDI>
      <MDI key="STATISTICS_MINIMUM">0.16525000333786</MDI>
      <MDI key="STATISTICS_SKIPFACTORX">1</MDI>
      <MDI key="STATISTICS_SKIPFACTORY">1</MDI>
      <MDI key="STATISTICS_STDDEV">0.010497689549888</MDI>
    </Metadata>
  </PAMRasterBand>
  <PAMRasterBand band="3">
    <Description>Band_3</Description>
    <Histograms>
      <HistItem>
        <HistMin>0.2047500014305115</HistMin>
        <HistMax>0.2517499923706055</HistMax>
        <BucketCount>256</BucketCount>
        <IncludeOutOfRange>1</IncludeOutOfRange>
        <Approximate>0</Approximate>
        <HistCounts>1|0|0|0|0|0|0|0|0|0|0|0|0|0|2|0|0|0|0|0|0|0|0|0|0|0|0|0|1|0|0|0|0|0|0|0|1|0|0|0|1|0|1|3|0|0|3|0|4|0|3|0|2|0|6|3|0|0|2|2|0|3|1|1|0|0|3|2|0|0|1|4|0|3|7|3|0|1|8|0|3|3|5|0|9|0|4|0|3|3|1|0|6|6|4|0|0|1|0|4|10|1|0|4|2|8|0|9|2|3|0|6|3|5|0|7|13|0|8|7|4|0|6|6|5|0|5|2|9|0|6|0|3|0|5|1|13|0|6|8|0|5|10|7|0|3|6|2|0|10|8|6|0|4|3|3|0|8|9|0|8|6|7|0|5|15|6|0|3|3|9|0|4|5|7|0|10|6|0|8|10|8|0|11|9|11|0|13|10|15|0|9|4|6|0|9|6|0|4|13|6|0|12|6|9|0|9|5|2|0|3|8|4|0|4|7|0|9|3|5|0|3|2|1|0|4|3|1|0|0|2|1|0|0|1|0|0|0|1|0|3|0|0|0|2|0|0|0|0|0|0|0|0|0|0|1</HistCounts>
      </HistItem>
    </Histograms>
    <Metadata>
      <MDI key="BandName">Band_3</MDI>
      <MDI key="RepresentationType">ATHEMATIC</MDI>
      <MDI key="STATISTICS_COVARIANCES">-1.270904558824552e-06,8.069984779930248e-05,8.021964512754085e-05</MDI>
      <MDI key="STATISTICS_EXCLUDEDVALUES"></MDI>
      <MDI key="STATISTICS_MAXIMUM">0.25174999237061</MDI>
      <MDI key="STATISTICS_MEAN">0.23245765032664</MDI>
      <MDI key="STATISTICS_MEDIAN">0.233687</MDI>
      <MDI key="STATISTICS_MINIMUM">0.20475000143051</MDI>
      <MDI key="STATISTICS_SKIPFACTORX">1</MDI>
      <MDI key="STATISTICS_SKIPFACTORY">1</MDI>
      <MDI key="STATISTICS_STDDEV">0.0089565420295749</MDI>
    </Metadata>
  </PAMRasterBand>
</PAMDataset>
