<PAMDataset>
  <Metadata>
    <MDI key="DataType">Generic</MDI>
  </Metadata>
  <PAMRasterBand band="1">
    <Description>Band_1</Description>
    <Histograms>
      <HistItem>
        <HistMin>0.7417500019073486</HistMin>
        <HistMax>0.937833309173584</HistMax>
        <BucketCount>256</BucketCount>
        <IncludeOutOfRange>1</IncludeOutOfRange>
        <Approximate>0</Approximate>
        <HistCounts>1|0|1|0|0|0|0|0|0|0|0|0|0|0|2|0|0|0|0|0|1|0|0|0|1|0|0|0|0|0|0|0|0|3|0|0|0|1|0|0|0|0|0|0|0|0|0|1|0|0|0|0|1|0|0|0|0|0|0|0|0|0|0|0|0|0|1|0|0|0|0|0|0|0|0|0|0|0|1|0|0|0|2|0|0|0|0|0|0|2|0|0|1|0|0|1|1|1|0|0|1|1|1|0|0|0|2|0|0|2|0|1|0|1|0|0|0|1|0|0|1|0|1|0|0|1|0|0|0|1|0|3|0|1|0|2|0|0|1|1|4|1|0|1|1|2|1|2|1|1|1|1|3|0|0|0|2|2|2|1|0|2|3|0|1|1|1|3|1|2|4|1|1|2|2|2|0|6|2|0|3|5|4|0|3|0|6|2|2|0|5|2|6|2|2|0|3|1|4|4|12|0|1|5|8|1|5|3|5|7|5|3|7|13|6|1|5|2|5|4|6|2|5|2|3|4|3|6|7|9|3|18|71|54|76|36|39|28|17|30|15|24|15|12|10|1|3|6|1|2|1|2|3|0|0|1</HistCounts>
      </HistItem>
    </Histograms>
    <Metadata>
      <MDI key="BandName">Band_1</MDI>
      <MDI key="RepresentationType">ATHEMATIC</MDI>
      <MDI key="STATISTICS_COVARIANCES">0.0009616042371537918,-0.0008734682191713397,-0.0005835242923087921</MDI>
      <MDI key="STATISTICS_EXCLUDEDVALUES"></MDI>
      <MDI key="STATISTICS_MAXIMUM">0.93783330917358</MDI>
      <MDI key="STATISTICS_MEAN">0.90704426753073</MDI>
      <MDI key="STATISTICS_MEDIAN">0.920147</MDI>
      <MDI key="STATISTICS_MINIMUM">0.74175000190735</MDI>
      <MDI key="STATISTICS_SKIPFACTORX">1</MDI>
      <MDI key="STATISTICS_SKIPFACTORY">1</MDI>
      <MDI key="STATISTICS_STDDEV">0.031009744229093</MDI>
    </Metadata>
  </PAMRasterBand>
  <PAMRasterBand band="2">
    <Description>Band_2</Description>
    <Histograms>
      <HistItem>
        <HistMin>0.08375000208616257</HistMin>
        <HistMax>0.3652499914169312</HistMax>
        <BucketCount>256</BucketCount>
        <IncludeOutOfRange>1</IncludeOutOfRange>
        <Approximate>0</Approximate>
        <HistCounts>3|0|0|0|4|7|15|14|6|14|9|20|45|27|44|35|48|29|42|38|37|41|29|17|28|23|19|25|10|11|10|10|6|6|3|5|2|1|0|2|0|2|2|0|1|3|2|4|2|0|0|2|0|0|0|0|0|0|0|0|0|1|0|0|0|0|0|0|0|0|0|1|0|0|0|0|2|0|2|0|0|0|0|0|1|1|0|0|0|1|0|1|0|0|0|1|0|0|2|0|1|0|1|0|1|0|3|0|0|0|0|1|0|0|0|0|0|0|1|0|0|0|1|0|0|0|0|0|0|2|0|0|0|1|0|0|0|1|1|0|0|0|0|0|0|1|2|0|0|1|0|0|0|0|0|0|0|0|0|1|0|0|0|0|2|0|0|0|0|0|2|2|0|1|0|0|0|2|0|0|2|1|1|0|0|0|1|0|0|0|0|1|2|1|1|1|0|0|0|0|1|2|1|1|0|0|0|0|1|0|1|0|1|0|0|0|1|0|1|0|1|0|0|0|0|0|0|0|0|0|0|1|0|0|0|0|1|0|0|0|0|0|0|1|0|0|0|0|1|0|0|0|0|0|0|1</HistCounts>
      </HistItem>
    </Histograms>
    <Metadata>
      <MDI key="BandName">Band_2</MDI>
      <MDI key="RepresentationType">ATHEMATIC</MDI>
      <MDI key="STATISTICS_COVARIANCES">-0.0008734682191713397,0.00217731926400988,0.001549518870687575</MDI>
      <MDI key="STATISTICS_EXCLUDEDVALUES"></MDI>
      <MDI key="STATISTICS_MAXIMUM">0.36524999141693</MDI>
      <MDI key="STATISTICS_MEAN">0.11865272368129</MDI>
      <MDI key="STATISTICS_MEDIAN">0.104725</MDI>
      <MDI key="STATISTICS_MINIMUM">0.083750002086163</MDI>
      <MDI key="STATISTICS_SKIPFACTORX">1</MDI>
      <MDI key="STATISTICS_SKIPFACTORY">1</MDI>
      <MDI key="STATISTICS_STDDEV">0.046661753760547</MDI>
    </Metadata>
  </PAMRasterBand>
  <PAMRasterBand band="3">
    <Description>Band_3</Description>
    <Histograms>
      <HistItem>
        <HistMin>0.1330000013113022</HistMin>
        <HistMax>0.3417499959468842</HistMax>
        <BucketCount>256</BucketCount>
        <IncludeOutOfRange>1</IncludeOutOfRange>
        <Approximate>0</Approximate>
        <HistCounts>1|0|2|0|1|4|4|14|10|18|30|14|31|56|62|43|38|42|54|35|36|54|29|16|13|12|8|10|12|13|5|5|3|1|2|5|1|0|1|1|1|0|4|0|1|1|2|4|1|0|1|2|0|0|0|0|0|0|1|0|0|0|2|0|0|0|0|0|1|1|0|0|0|0|2|1|0|1|1|1|0|2|0|0|0|0|0|0|1|1|1|2|0|0|1|1|0|0|0|0|0|0|0|1|0|0|0|0|0|0|0|0|2|1|0|0|0|1|0|1|0|0|0|0|0|0|0|0|0|1|0|0|1|0|0|3|0|0|0|0|0|0|0|2|0|1|0|0|0|0|0|0|0|0|0|0|0|0|0|0|0|0|0|0|1|1|2|0|0|1|0|2|1|0|0|0|0|1|0|2|0|0|1|0|0|0|2|0|0|0|1|0|0|0|1|0|1|0|2|1|1|1|1|1|0|1|0|0|0|0|2|0|0|0|1|0|0|0|0|0|0|1|1|0|0|0|1|0|0|0|0|0|0|0|0|0|0|0|0|0|0|0|0|0|0|1|0|1|0|0|0|0|0|0|0|1</HistCounts>
      </HistItem>
    </Histograms>
    <Metadata>
      <MDI key="BandName">Band_3</MDI>
      <MDI key="RepresentationType">ATHEMATIC</MDI>
      <MDI key="STATISTICS_COVARIANCES">-0.0005835242923087921,0.001549518870687575,0.001113588945888038</MDI>
      <MDI key="STATISTICS_EXCLUDEDVALUES"></MDI>
      <MDI key="STATISTICS_MAXIMUM">0.34174999594688</MDI>
      <MDI key="STATISTICS_MEAN">0.15746887117122</MDI>
      <MDI key="STATISTICS_MEDIAN">0.147735</MDI>
      <MDI key="STATISTICS_MINIMUM">0.1330000013113</MDI>
      <MDI key="STATISTICS_SKIPFACTORX">1</MDI>
      <MDI key="STATISTICS_SKIPFACTORY">1</MDI>
      <MDI key="STATISTICS_STDDEV">0.03337048015669</MDI>
    </Metadata>
  </PAMRasterBand>
</PAMDataset>
