<PAMDataset>
  <Metadata>
    <MDI key="DataType">Generic</MDI>
  </Metadata>
  <PAMRasterBand band="1">
    <Description>Band_1</Description>
    <Histograms>
      <HistItem>
        <HistMin>0.7717499732971191</HistMin>
        <HistMax>0.9378888607025146</HistMax>
        <BucketCount>256</BucketCount>
        <IncludeOutOfRange>1</IncludeOutOfRange>
        <Approximate>0</Approximate>
        <HistCounts>5|0|0|0|0|0|0|0|0|0|0|1|0|0|0|0|0|0|0|0|0|0|0|0|0|1|0|0|0|0|0|0|0|0|0|0|0|0|0|0|0|0|2|0|2|0|0|0|0|0|0|0|0|0|0|0|1|2|0|0|0|0|0|0|0|0|0|0|0|0|0|0|0|0|0|0|1|0|2|0|0|0|0|0|0|0|0|0|0|0|0|0|0|0|0|0|0|0|1|0|0|0|1|0|1|2|2|0|0|0|0|0|0|0|0|0|0|0|0|2|2|0|0|0|1|0|1|0|0|0|0|0|0|0|0|0|0|0|1|0|3|0|0|0|1|2|2|0|2|2|1|2|0|2|2|3|4|1|0|1|8|1|1|2|2|1|2|1|1|2|0|7|3|1|3|2|0|3|3|6|4|5|1|3|4|5|5|1|4|6|9|5|5|8|0|4|3|4|1|5|4|9|6|2|7|7|6|7|2|4|4|5|8|3|11|5|7|9|1|10|7|7|5|6|7|6|5|50|100|124|104|115|124|137|169|191|190|156|163|124|103|69|51|26|24|10|15|7|6|4|12|2|5|2|0|1</HistCounts>
      </HistItem>
    </Histograms>
    <Metadata>
      <MDI key="BandName">Band_1</MDI>
      <MDI key="RepresentationType">ATHEMATIC</MDI>
      <MDI key="STATISTICS_COVARIANCES">0.0002589461600170165,-9.583064519158242e-05,-3.404460566782479e-05</MDI>
      <MDI key="STATISTICS_EXCLUDEDVALUES"></MDI>
      <MDI key="STATISTICS_MAXIMUM">0.93788886070251</MDI>
      <MDI key="STATISTICS_MEAN">0.92051722877028</MDI>
      <MDI key="STATISTICS_MEDIAN">0.924207</MDI>
      <MDI key="STATISTICS_MINIMUM">0.77174997329712</MDI>
      <MDI key="STATISTICS_SKIPFACTORX">1</MDI>
      <MDI key="STATISTICS_SKIPFACTORY">1</MDI>
      <MDI key="STATISTICS_STDDEV">0.016091804125611</MDI>
    </Metadata>
  </PAMRasterBand>
  <PAMRasterBand band="2">
    <Description>Band_2</Description>
    <Histograms>
      <HistItem>
        <HistMin>0.03599999845027924</HistMin>
        <HistMax>0.2745000123977661</HistMax>
        <BucketCount>256</BucketCount>
        <IncludeOutOfRange>1</IncludeOutOfRange>
        <Approximate>0</Approximate>
        <HistCounts>1|1|0|2|6|4|4|3|10|5|14|7|8|12|18|31|25|39|30|23|36|50|39|35|45|41|72|52|42|61|47|75|67|46|35|43|47|52|26|45|48|55|23|33|29|54|32|48|21|41|17|25|35|40|25|38|35|24|33|40|22|18|26|21|17|8|22|21|20|16|14|22|13|19|19|17|4|10|8|7|10|12|3|7|2|4|5|2|1|2|4|4|3|7|2|0|1|0|8|0|3|0|4|3|0|0|1|1|0|0|0|2|0|0|0|2|0|0|0|2|0|0|0|0|1|0|0|0|0|0|0|0|0|2|0|0|0|0|0|0|0|0|1|1|0|7|0|0|2|0|3|0|0|1|2|3|2|1|0|3|3|1|0|1|0|0|0|1|2|0|1|4|0|0|1|6|2|0|0|4|0|0|0|2|2|0|4|0|2|0|0|0|0|1|4|3|3|0|1|4|2|4|0|1|2|0|4|1|2|0|0|0|0|0|0|0|0|0|0|0|0|3|1|0|4|0|2|0|3|0|2|0|0|0|0|0|0|0|0|2|0|0|0|0|2|0|0|1|1|0|0|0|0|0|0|2</HistCounts>
      </HistItem>
    </Histograms>
    <Metadata>
      <MDI key="BandName">Band_2</MDI>
      <MDI key="RepresentationType">ATHEMATIC</MDI>
      <MDI key="STATISTICS_COVARIANCES">-9.583064519158242e-05,0.001217553329205521,0.0008590039228291482</MDI>
      <MDI key="STATISTICS_EXCLUDEDVALUES"></MDI>
      <MDI key="STATISTICS_MAXIMUM">0.27450001239777</MDI>
      <MDI key="STATISTICS_MEAN">0.082128081355939</MDI>
      <MDI key="STATISTICS_MEDIAN">0.073412</MDI>
      <MDI key="STATISTICS_MINIMUM">0.035999998450279</MDI>
      <MDI key="STATISTICS_SKIPFACTORX">1</MDI>
      <MDI key="STATISTICS_SKIPFACTORY">1</MDI>
      <MDI key="STATISTICS_STDDEV">0.034893456825106</MDI>
    </Metadata>
  </PAMRasterBand>
  <PAMRasterBand band="3">
    <Description>Band_3</Description>
    <Histograms>
      <HistItem>
        <HistMin>0.08025000244379044</HistMin>
        <HistMax>0.2622500061988831</HistMax>
        <BucketCount>256</BucketCount>
        <IncludeOutOfRange>1</IncludeOutOfRange>
        <Approximate>0</Approximate>
        <HistCounts>1|1|1|2|1|4|1|5|0|3|2|3|18|9|14|18|4|24|11|23|11|25|19|51|39|26|36|23|46|30|42|47|47|56|22|52|49|70|47|50|57|37|46|41|48|38|45|42|19|32|32|40|25|29|29|20|33|33|30|35|46|28|15|25|32|25|37|19|19|27|17|29|10|21|24|14|20|14|19|14|23|19|9|12|12|10|12|16|10|3|2|7|15|2|3|3|3|6|2|6|4|5|6|0|4|3|0|6|5|0|2|0|0|2|2|0|0|0|0|0|1|0|0|1|0|0|0|0|0|0|0|0|0|0|2|1|2|2|0|0|0|4|1|0|2|3|1|1|4|1|4|1|6|0|3|0|1|0|1|1|0|2|0|1|0|4|1|2|0|2|5|3|0|2|0|1|6|1|0|4|0|2|4|3|0|0|0|1|0|2|0|1|2|2|0|3|0|0|3|0|0|0|1|0|0|0|0|0|0|4|0|0|2|0|0|0|0|3|0|0|0|0|0|0|0|0|0|2|2|1|0|0|0|0|0|0|2|0|0|0|0|0|2|0|0|0|0|0|0|0|0|0|0|0|0|2</HistCounts>
      </HistItem>
    </Histograms>
    <Metadata>
      <MDI key="BandName">Band_3</MDI>
      <MDI key="RepresentationType">ATHEMATIC</MDI>
      <MDI key="STATISTICS_COVARIANCES">-3.404460566782479e-05,0.0008590039228291482,0.0006255217381283221</MDI>
      <MDI key="STATISTICS_EXCLUDEDVALUES"></MDI>
      <MDI key="STATISTICS_MAXIMUM">0.26225000619888</MDI>
      <MDI key="STATISTICS_MEAN">0.1194253286734</MDI>
      <MDI key="STATISTICS_MEDIAN">0.113081</MDI>
      <MDI key="STATISTICS_MINIMUM">0.08025000244379</MDI>
      <MDI key="STATISTICS_SKIPFACTORX">1</MDI>
      <MDI key="STATISTICS_SKIPFACTORY">1</MDI>
      <MDI key="STATISTICS_STDDEV">0.02501043258579</MDI>
    </Metadata>
  </PAMRasterBand>
</PAMDataset>
