<PAMDataset>
  <Metadata>
    <MDI key="DataType">Generic</MDI>
  </Metadata>
  <PAMRasterBand band="1">
    <Description>Band_1</Description>
    <Histograms>
      <HistItem>
        <HistMin>0.6570000052452087</HistMin>
        <HistMax>0.934425950050354</HistMax>
        <BucketCount>256</BucketCount>
        <IncludeOutOfRange>1</IncludeOutOfRange>
        <Approximate>0</Approximate>
        <HistCounts>1|0|0|1|0|0|0|0|0|0|0|0|0|0|0|0|1|2|0|0|0|0|0|0|1|1|0|0|0|1|0|0|0|1|1|0|0|0|0|1|0|0|0|0|0|0|0|0|0|0|0|0|0|0|0|0|0|0|0|0|0|0|0|0|0|1|0|0|0|1|2|2|2|0|0|0|2|0|0|2|0|0|0|1|1|0|2|1|0|0|2|1|0|1|0|2|2|1|1|1|1|0|3|3|1|0|0|1|0|3|1|0|1|1|0|4|1|2|0|6|1|3|6|6|2|4|2|1|7|3|1|4|5|1|6|1|2|1|1|2|0|2|1|3|0|0|2|3|0|1|4|6|3|2|2|1|4|0|7|2|5|7|7|0|3|4|4|5|2|3|5|2|0|7|9|7|8|17|6|5|2|5|8|6|10|8|6|15|10|4|15|15|10|14|16|16|11|8|9|10|18|7|9|8|5|8|9|11|7|9|9|5|5|8|9|7|5|10|9|2|8|9|8|5|9|2|4|3|6|3|9|5|2|4|1|2|1|1|9|3|1|13|68|47|45|36|29|22|18|14|6|8|6|2|0|1</HistCounts>
      </HistItem>
    </Histograms>
    <Metadata>
      <MDI key="BandName">Band_1</MDI>
      <MDI key="RepresentationType">ATHEMATIC</MDI>
      <MDI key="STATISTICS_COVARIANCES">0.002509133237021272,0.0006534294797953497,0.0005980079265264478</MDI>
      <MDI key="STATISTICS_EXCLUDEDVALUES"></MDI>
      <MDI key="STATISTICS_MAXIMUM">0.93442595005035</MDI>
      <MDI key="STATISTICS_MEAN">0.87427668574901</MDI>
      <MDI key="STATISTICS_MEDIAN">0.880029</MDI>
      <MDI key="STATISTICS_MINIMUM">0.65700000524521</MDI>
      <MDI key="STATISTICS_SKIPFACTORX">1</MDI>
      <MDI key="STATISTICS_SKIPFACTORY">1</MDI>
      <MDI key="STATISTICS_STDDEV">0.050091249106219</MDI>
    </Metadata>
  </PAMRasterBand>
  <PAMRasterBand band="2">
    <Description>Band_2</Description>
    <Histograms>
      <HistItem>
        <HistMin>0.08224999904632568</HistMin>
        <HistMax>0.3197500109672546</HistMax>
        <BucketCount>256</BucketCount>
        <IncludeOutOfRange>1</IncludeOutOfRange>
        <Approximate>0</Approximate>
        <HistCounts>1|0|0|0|0|0|0|0|0|0|0|0|0|2|0|0|0|1|0|4|0|0|0|0|0|0|0|1|0|0|1|0|0|0|1|1|0|1|1|3|0|1|0|2|9|4|0|1|3|2|1|6|7|5|2|11|4|9|8|16|11|10|10|18|10|13|22|20|10|8|13|13|10|9|10|15|8|11|9|11|5|1|8|6|10|10|7|10|5|7|7|5|6|16|6|11|10|5|8|16|12|12|6|12|15|10|10|6|11|8|4|7|10|13|3|7|16|10|7|12|9|9|6|4|6|8|3|6|10|6|6|6|1|6|10|8|5|4|3|5|10|8|4|5|12|2|5|6|5|2|9|4|5|2|5|3|4|5|4|2|8|6|4|4|5|2|3|3|1|3|2|2|5|0|0|2|3|0|0|3|1|3|4|1|0|0|2|3|0|0|0|1|1|2|1|0|0|0|4|0|0|1|1|2|3|1|2|0|1|1|1|0|2|0|0|1|0|0|3|0|1|3|3|1|0|0|0|0|0|2|0|2|2|0|2|1|0|1|0|1|0|1|0|0|1|0|0|0|0|0|0|0|0|0|0|2</HistCounts>
      </HistItem>
    </Histograms>
    <Metadata>
      <MDI key="BandName">Band_2</MDI>
      <MDI key="RepresentationType">ATHEMATIC</MDI>
      <MDI key="STATISTICS_COVARIANCES">0.0006534294797953497,0.001611979261556168,0.001100224116917933</MDI>
      <MDI key="STATISTICS_EXCLUDEDVALUES"></MDI>
      <MDI key="STATISTICS_MAXIMUM">0.31975001096725</MDI>
      <MDI key="STATISTICS_MEAN">0.18164093949594</MDI>
      <MDI key="STATISTICS_MEDIAN">0.176319</MDI>
      <MDI key="STATISTICS_MINIMUM">0.082249999046326</MDI>
      <MDI key="STATISTICS_SKIPFACTORX">1</MDI>
      <MDI key="STATISTICS_SKIPFACTORY">1</MDI>
      <MDI key="STATISTICS_STDDEV">0.040149461535071</MDI>
    </Metadata>
  </PAMRasterBand>
  <PAMRasterBand band="3">
    <Description>Band_3</Description>
    <Histograms>
      <HistItem>
        <HistMin>0.1330000013113022</HistMin>
        <HistMax>0.3002499938011169</HistMax>
        <BucketCount>256</BucketCount>
        <IncludeOutOfRange>1</IncludeOutOfRange>
        <Approximate>0</Approximate>
        <HistCounts>1|0|0|0|0|0|0|0|0|0|0|0|2|0|0|0|0|0|4|0|0|0|0|0|0|2|1|2|1|1|1|0|1|1|0|1|2|1|6|0|0|2|0|4|5|4|8|1|4|9|3|7|10|7|5|10|17|21|7|30|13|4|13|16|11|14|5|15|16|6|15|6|11|12|8|10|14|9|11|10|2|12|6|9|2|16|9|7|10|12|15|10|2|14|13|7|28|13|9|13|7|11|7|3|10|8|6|11|3|12|13|10|5|10|3|7|6|8|6|6|8|10|0|10|6|2|11|4|6|5|6|7|3|9|8|1|4|3|3|4|2|7|5|10|7|7|3|7|0|6|0|0|0|0|3|1|4|7|2|0|3|4|1|5|2|1|1|3|1|4|8|4|3|1|0|0|5|2|0|0|1|0|0|0|1|1|0|3|0|0|2|1|1|0|0|5|0|1|2|2|1|0|1|1|0|0|0|0|2|1|2|0|1|2|0|0|1|0|1|0|3|1|0|1|1|2|0|0|1|1|0|0|0|0|3|0|0|0|2|1|0|0|0|1|0|1|0|0|0|0|0|0|0|0|0|2</HistCounts>
      </HistItem>
    </Histograms>
    <Metadata>
      <MDI key="BandName">Band_3</MDI>
      <MDI key="RepresentationType">ATHEMATIC</MDI>
      <MDI key="STATISTICS_COVARIANCES">0.0005980079265264478,0.001100224116917933,0.0007796299807643355</MDI>
      <MDI key="STATISTICS_EXCLUDEDVALUES"></MDI>
      <MDI key="STATISTICS_MAXIMUM">0.30024999380112</MDI>
      <MDI key="STATISTICS_MEAN">0.1984793865555</MDI>
      <MDI key="STATISTICS_MEDIAN">0.193997</MDI>
      <MDI key="STATISTICS_MINIMUM">0.1330000013113</MDI>
      <MDI key="STATISTICS_SKIPFACTORX">1</MDI>
      <MDI key="STATISTICS_SKIPFACTORY">1</MDI>
      <MDI key="STATISTICS_STDDEV">0.027921854894765</MDI>
    </Metadata>
  </PAMRasterBand>
</PAMDataset>
