<PAMDataset>
  <Metadata>
    <MDI key="DataType">Generic</MDI>
  </Metadata>
  <PAMRasterBand band="1">
    <Description>Band_1</Description>
    <Histograms>
      <HistItem>
        <HistMin>0.6480000019073486</HistMin>
        <HistMax>0.9391666650772095</HistMax>
        <BucketCount>256</BucketCount>
        <IncludeOutOfRange>1</IncludeOutOfRange>
        <Approximate>0</Approximate>
        <HistCounts>1|1|0|0|0|2|0|0|0|1|0|0|0|0|0|0|0|0|0|0|0|0|0|0|0|0|0|0|0|0|0|0|0|0|0|0|0|0|0|0|1|0|0|0|0|0|0|0|1|0|0|0|0|0|0|0|0|0|0|0|0|0|0|0|0|0|0|0|0|0|1|0|0|0|0|1|0|0|0|0|0|0|0|0|0|0|0|0|0|0|0|0|0|0|0|0|0|0|0|0|0|0|0|0|0|0|0|0|0|0|0|0|1|0|0|1|0|0|0|1|2|1|0|0|0|0|2|2|0|1|1|0|3|2|0|0|1|3|1|3|3|1|5|5|8|6|7|2|0|2|5|4|7|10|7|7|5|4|9|1|10|9|13|9|9|10|7|8|6|9|11|8|17|8|9|5|12|6|9|16|12|10|5|18|21|13|10|13|17|11|13|14|8|17|8|6|8|17|6|20|16|17|22|12|21|17|21|7|12|21|12|22|17|17|22|21|14|21|17|20|15|14|28|19|18|17|19|19|15|33|6|17|13|15|18|15|12|10|154|131|87|89|104|103|103|95|38|47|41|35|40|26|24|13|9|1</HistCounts>
      </HistItem>
    </Histograms>
    <Metadata>
      <MDI key="BandName">Band_1</MDI>
      <MDI key="RepresentationType">ATHEMATIC</MDI>
      <MDI key="STATISTICS_COVARIANCES">0.001357229143512603,-4.32338502531627e-05,3.784655283015771e-05</MDI>
      <MDI key="STATISTICS_EXCLUDEDVALUES"></MDI>
      <MDI key="STATISTICS_MAXIMUM">0.93916666507721</MDI>
      <MDI key="STATISTICS_MEAN">0.89838173801267</MDI>
      <MDI key="STATISTICS_MEDIAN">0.915188</MDI>
      <MDI key="STATISTICS_MINIMUM">0.64800000190735</MDI>
      <MDI key="STATISTICS_SKIPFACTORX">1</MDI>
      <MDI key="STATISTICS_SKIPFACTORY">1</MDI>
      <MDI key="STATISTICS_STDDEV">0.036840590976701</MDI>
    </Metadata>
  </PAMRasterBand>
  <PAMRasterBand band="2">
    <Description>Band_2</Description>
    <Histograms>
      <HistItem>
        <HistMin>0.06925000250339508</HistMin>
        <HistMax>0.2949999868869781</HistMax>
        <BucketCount>256</BucketCount>
        <IncludeOutOfRange>1</IncludeOutOfRange>
        <Approximate>0</Approximate>
        <HistCounts>2|3|0|0|0|1|0|5|2|13|8|25|56|38|77|65|97|101|124|85|135|88|123|93|107|119|67|83|72|93|47|45|34|54|35|37|26|19|23|23|33|15|25|32|21|11|8|3|10|11|8|3|5|5|7|9|3|3|2|6|3|4|1|3|4|1|2|5|3|3|4|0|3|1|0|1|7|5|2|0|0|2|0|0|0|0|0|0|10|0|3|4|2|1|2|3|0|2|0|0|0|0|0|0|0|1|0|0|1|3|1|0|2|0|0|0|1|1|0|1|0|1|0|0|1|1|0|0|0|1|0|2|0|0|0|1|0|0|0|2|2|1|1|1|1|0|1|0|0|0|0|0|1|0|0|2|0|1|0|0|0|0|0|0|0|0|0|0|0|0|0|0|0|0|0|0|0|0|0|0|0|1|0|0|0|0|0|0|0|0|0|0|0|0|0|0|0|0|0|0|0|0|0|0|0|0|0|0|0|0|0|0|2|0|0|0|0|0|0|0|0|1|0|0|0|0|0|0|0|0|0|0|0|0|0|0|0|0|0|0|0|0|0|0|0|0|0|0|0|0|0|0|0|0|0|1</HistCounts>
      </HistItem>
    </Histograms>
    <Metadata>
      <MDI key="BandName">Band_2</MDI>
      <MDI key="RepresentationType">ATHEMATIC</MDI>
      <MDI key="STATISTICS_COVARIANCES">-4.32338502531627e-05,0.0003109418371872451,0.0002163858874136039</MDI>
      <MDI key="STATISTICS_EXCLUDEDVALUES"></MDI>
      <MDI key="STATISTICS_MAXIMUM">0.29499998688698</MDI>
      <MDI key="STATISTICS_MEAN">0.094967823882511</MDI>
      <MDI key="STATISTICS_MEDIAN">0.090497</MDI>
      <MDI key="STATISTICS_MINIMUM">0.069250002503395</MDI>
      <MDI key="STATISTICS_SKIPFACTORX">1</MDI>
      <MDI key="STATISTICS_SKIPFACTORY">1</MDI>
      <MDI key="STATISTICS_STDDEV">0.017633542956174</MDI>
    </Metadata>
  </PAMRasterBand>
  <PAMRasterBand band="3">
    <Description>Band_3</Description>
    <Histograms>
      <HistItem>
        <HistMin>0.1217499971389771</HistMin>
        <HistMax>0.2827500104904175</HistMax>
        <BucketCount>256</BucketCount>
        <IncludeOutOfRange>1</IncludeOutOfRange>
        <Approximate>0</Approximate>
        <HistCounts>6|8|11|11|18|44|37|58|57|66|44|90|75|70|73|122|64|101|88|103|82|51|101|62|91|52|49|46|38|23|48|32|39|24|42|20|33|21|23|17|23|15|33|20|6|18|6|14|7|19|4|13|4|6|3|3|1|7|3|3|4|7|11|1|0|0|4|0|4|2|5|1|5|1|0|1|4|0|7|0|2|5|2|0|1|2|0|2|0|4|0|0|1|0|0|2|0|0|0|0|0|2|0|0|1|1|0|0|1|1|2|0|0|2|3|0|0|0|0|2|1|0|0|4|0|1|0|0|0|1|2|0|0|0|1|2|0|0|0|0|0|1|0|0|0|0|1|0|1|0|0|0|1|0|0|0|0|1|0|0|0|0|0|0|0|0|0|0|0|0|0|0|0|1|0|0|0|0|0|0|0|0|0|0|0|0|0|0|0|0|1|0|0|0|0|0|1|0|0|0|0|0|0|0|0|0|0|0|0|0|0|0|0|0|0|0|0|0|0|0|0|0|0|0|0|0|0|0|0|0|0|0|0|0|0|0|0|0|0|0|0|0|0|0|0|0|0|0|0|0|0|0|0|0|0|1</HistCounts>
      </HistItem>
    </Histograms>
    <Metadata>
      <MDI key="BandName">Band_3</MDI>
      <MDI key="RepresentationType">ATHEMATIC</MDI>
      <MDI key="STATISTICS_COVARIANCES">3.784655283015771e-05,0.0002163858874136039,0.0001616639676491713</MDI>
      <MDI key="STATISTICS_EXCLUDEDVALUES"></MDI>
      <MDI key="STATISTICS_MAXIMUM">0.28275001049042</MDI>
      <MDI key="STATISTICS_MEAN">0.13772237517261</MDI>
      <MDI key="STATISTICS_MEDIAN">0.134377</MDI>
      <MDI key="STATISTICS_MINIMUM">0.12174999713898</MDI>
      <MDI key="STATISTICS_SKIPFACTORX">1</MDI>
      <MDI key="STATISTICS_SKIPFACTORY">1</MDI>
      <MDI key="STATISTICS_STDDEV">0.012714714611393</MDI>
    </Metadata>
  </PAMRasterBand>
</PAMDataset>
