<PAMDataset>
  <Metadata>
    <MDI key="DataType">Generic</MDI>
  </Metadata>
  <PAMRasterBand band="1">
    <Description>Band_1</Description>
    <Histograms>
      <HistItem>
        <HistMin>0.4617500007152557</HistMin>
        <HistMax>0.9279259443283081</HistMax>
        <BucketCount>256</BucketCount>
        <IncludeOutOfRange>1</IncludeOutOfRange>
        <Approximate>0</Approximate>
        <HistCounts>1|0|0|0|0|0|0|0|0|0|0|0|0|0|0|0|0|0|0|0|1|0|0|0|0|0|0|0|0|0|0|0|0|0|0|0|0|0|0|0|0|0|0|0|0|1|0|0|0|0|0|0|0|0|0|0|0|0|2|0|0|0|0|1|0|0|0|1|0|0|0|0|0|0|0|0|0|0|0|0|0|0|0|0|0|0|0|0|0|0|0|0|0|0|0|3|0|0|2|1|0|0|2|0|1|1|2|0|0|0|0|2|3|0|3|3|3|3|0|0|1|1|2|0|3|3|2|2|6|0|1|9|13|4|8|1|3|5|5|6|4|4|5|10|4|13|14|20|13|15|12|19|17|26|19|16|22|27|21|34|29|24|30|36|21|40|52|39|31|33|45|41|32|28|25|40|45|28|30|39|42|26|40|24|39|32|38|28|29|30|22|33|28|18|29|37|25|23|27|28|28|27|25|20|28|18|25|17|20|35|25|22|22|10|12|16|16|22|14|17|21|17|16|11|15|13|11|19|11|8|12|11|7|4|11|2|1|10|1|1|0|3|2|1|1|1|2|1|2|1|10|10|3|7|1|1</HistCounts>
      </HistItem>
    </Histograms>
    <Metadata>
      <MDI key="BandName">Band_1</MDI>
      <MDI key="RepresentationType">ATHEMATIC</MDI>
      <MDI key="STATISTICS_COVARIANCES">0.002631929625579042,-0.00060170379567131,-0.0004152868985524859</MDI>
      <MDI key="STATISTICS_EXCLUDEDVALUES"></MDI>
      <MDI key="STATISTICS_MAXIMUM">0.92792594432831</MDI>
      <MDI key="STATISTICS_MEAN">0.79744418021158</MDI>
      <MDI key="STATISTICS_MEDIAN">0.794472</MDI>
      <MDI key="STATISTICS_MINIMUM">0.46175000071526</MDI>
      <MDI key="STATISTICS_SKIPFACTORX">1</MDI>
      <MDI key="STATISTICS_SKIPFACTORY">1</MDI>
      <MDI key="STATISTICS_STDDEV">0.051302335478797</MDI>
    </Metadata>
  </PAMRasterBand>
  <PAMRasterBand band="2">
    <Description>Band_2</Description>
    <Histograms>
      <HistItem>
        <HistMin>0.06424999982118607</HistMin>
        <HistMax>0.5339999794960022</HistMax>
        <BucketCount>256</BucketCount>
        <IncludeOutOfRange>1</IncludeOutOfRange>
        <Approximate>0</Approximate>
        <HistCounts>2|1|5|6|10|17|37|28|56|48|79|70|82|122|106|89|105|84|84|97|76|68|41|41|59|49|46|54|34|40|44|49|45|32|29|27|27|37|22|23|18|11|15|22|20|31|29|16|15|14|18|19|8|14|10|9|7|10|13|7|9|11|8|2|11|3|2|9|3|0|0|4|4|2|3|0|0|0|1|0|0|0|0|0|2|0|1|1|0|0|1|3|2|0|0|0|2|0|0|0|0|0|0|0|0|0|0|0|0|0|0|0|0|0|0|0|0|1|0|0|1|1|0|0|1|0|1|0|0|0|1|3|0|0|0|0|0|0|0|0|0|0|0|1|0|0|0|1|0|1|0|0|0|0|0|0|0|0|0|0|0|0|0|0|0|0|0|1|0|0|0|0|0|0|0|0|0|0|0|0|0|0|0|0|0|0|0|0|0|0|0|0|0|0|0|0|0|0|0|0|0|0|0|0|0|0|0|0|0|0|0|1|0|0|0|0|0|0|0|0|0|0|2|0|0|0|0|0|0|0|0|0|0|0|0|0|0|0|0|0|0|0|0|0|0|0|0|0|0|0|0|0|0|0|0|2</HistCounts>
      </HistItem>
    </Histograms>
    <Metadata>
      <MDI key="BandName">Band_2</MDI>
      <MDI key="RepresentationType">ATHEMATIC</MDI>
      <MDI key="STATISTICS_COVARIANCES">-0.00060170379567131,0.001313956538866319,0.0009731167098275717</MDI>
      <MDI key="STATISTICS_EXCLUDEDVALUES"></MDI>
      <MDI key="STATISTICS_MAXIMUM">0.533999979496</MDI>
      <MDI key="STATISTICS_MEAN">0.11300683056935</MDI>
      <MDI key="STATISTICS_MEDIAN">0.101093</MDI>
      <MDI key="STATISTICS_MINIMUM">0.064249999821186</MDI>
      <MDI key="STATISTICS_SKIPFACTORX">1</MDI>
      <MDI key="STATISTICS_SKIPFACTORY">1</MDI>
      <MDI key="STATISTICS_STDDEV">0.036248538437657</MDI>
    </Metadata>
  </PAMRasterBand>
  <PAMRasterBand band="3">
    <Description>Band_3</Description>
    <Histograms>
      <HistItem>
        <HistMin>0.09600000083446503</HistMin>
        <HistMax>0.4584999978542328</HistMax>
        <BucketCount>256</BucketCount>
        <IncludeOutOfRange>1</IncludeOutOfRange>
        <Approximate>0</Approximate>
        <HistCounts>3|4|5|7|10|20|31|49|51|60|95|90|92|129|130|87|105|88|79|73|69|51|45|50|39|56|46|62|53|41|53|30|26|35|27|24|23|28|17|30|21|14|23|27|19|19|22|11|17|11|12|7|17|8|13|10|14|13|16|3|3|7|7|5|5|0|4|5|2|0|1|0|1|0|1|0|0|0|2|0|0|1|0|2|1|0|3|0|0|0|0|2|0|0|0|0|0|0|0|0|1|1|0|0|1|0|0|0|0|0|0|0|0|0|0|0|0|1|3|0|0|0|0|0|0|0|0|0|1|0|0|0|0|0|0|0|0|0|0|0|0|0|0|0|0|0|0|0|0|0|1|0|0|0|0|0|0|0|1|0|0|0|0|0|0|0|0|0|0|0|0|0|1|0|0|0|0|0|0|0|0|0|0|0|0|0|0|0|0|0|0|0|0|1|0|0|0|0|0|0|0|0|0|0|0|0|0|0|0|0|0|0|0|0|0|0|1|0|0|0|0|0|0|0|0|0|0|0|0|2|0|0|0|0|0|0|0|0|0|0|0|0|0|0|0|0|0|0|0|0|0|0|0|0|0|2</HistCounts>
      </HistItem>
    </Histograms>
    <Metadata>
      <MDI key="BandName">Band_3</MDI>
      <MDI key="RepresentationType">ATHEMATIC</MDI>
      <MDI key="STATISTICS_COVARIANCES">-0.0004152868985524859,0.0009731167098275717,0.0007376441297794204</MDI>
      <MDI key="STATISTICS_EXCLUDEDVALUES"></MDI>
      <MDI key="STATISTICS_MAXIMUM">0.45849999785423</MDI>
      <MDI key="STATISTICS_MEAN">0.13165773443812</MDI>
      <MDI key="STATISTICS_MEDIAN">0.123010</MDI>
      <MDI key="STATISTICS_MINIMUM">0.096000000834465</MDI>
      <MDI key="STATISTICS_SKIPFACTORX">1</MDI>
      <MDI key="STATISTICS_SKIPFACTORY">1</MDI>
      <MDI key="STATISTICS_STDDEV">0.027159604742695</MDI>
    </Metadata>
  </PAMRasterBand>
</PAMDataset>
