<PAMDataset>
  <Metadata>
    <MDI key="DataType">Generic</MDI>
  </Metadata>
  <PAMRasterBand band="1">
    <Description>Band_1</Description>
    <Histograms>
      <HistItem>
        <HistMin>0.5807499885559082</HistMin>
        <HistMax>0.9225555658340454</HistMax>
        <BucketCount>256</BucketCount>
        <IncludeOutOfRange>1</IncludeOutOfRange>
        <Approximate>0</Approximate>
        <HistCounts>1|0|0|0|0|0|0|0|0|0|0|0|0|0|0|0|0|0|0|0|0|0|0|0|0|0|0|0|0|0|0|0|0|0|0|0|0|0|1|1|0|0|0|0|0|0|0|0|2|0|1|0|0|0|1|1|0|0|0|0|0|1|1|0|1|0|0|0|0|0|0|0|1|1|0|1|0|0|3|2|1|1|0|1|1|3|2|2|0|1|0|2|6|1|0|1|2|4|3|3|3|2|4|1|0|3|1|3|2|1|4|4|3|3|2|0|2|2|6|3|1|3|3|1|4|3|4|3|5|10|2|5|10|3|3|12|11|4|12|13|9|5|6|3|11|14|8|7|7|22|16|12|22|13|15|10|16|39|26|25|40|37|44|44|21|49|49|42|56|49|40|50|60|66|59|58|52|58|29|46|44|50|44|42|45|45|37|34|47|30|46|30|33|44|35|35|34|38|32|35|26|26|15|22|19|29|18|17|12|20|16|15|18|13|15|9|10|11|5|18|7|9|6|14|6|8|7|0|5|10|7|5|1|3|1|2|3|1|0|4|0|0|1|0|1|2|2|0|0|0|0|0|0|2|0|1</HistCounts>
      </HistItem>
    </Histograms>
    <Metadata>
      <MDI key="BandName">Band_1</MDI>
      <MDI key="RepresentationType">ATHEMATIC</MDI>
      <MDI key="STATISTICS_COVARIANCES">0.001338819744669345,-0.0001707819236180834,-5.529890617648192e-05</MDI>
      <MDI key="STATISTICS_EXCLUDEDVALUES"></MDI>
      <MDI key="STATISTICS_MAXIMUM">0.92255556583405</MDI>
      <MDI key="STATISTICS_MEAN">0.817681258022</MDI>
      <MDI key="STATISTICS_MEDIAN">0.818003</MDI>
      <MDI key="STATISTICS_MINIMUM">0.58074998855591</MDI>
      <MDI key="STATISTICS_SKIPFACTORX">1</MDI>
      <MDI key="STATISTICS_SKIPFACTORY">1</MDI>
      <MDI key="STATISTICS_STDDEV">0.036589885824765</MDI>
    </Metadata>
  </PAMRasterBand>
  <PAMRasterBand band="2">
    <Description>Band_2</Description>
    <Histograms>
      <HistItem>
        <HistMin>0.08799999952316284</HistMin>
        <HistMax>0.2764999866485596</HistMax>
        <BucketCount>256</BucketCount>
        <IncludeOutOfRange>1</IncludeOutOfRange>
        <Approximate>0</Approximate>
        <HistCounts>1|1|0|0|2|0|6|1|2|5|10|7|18|9|16|27|15|24|20|36|29|33|30|37|29|30|39|34|36|36|26|34|44|47|39|38|50|47|41|52|51|55|43|81|60|43|49|62|34|61|56|49|38|47|44|56|38|54|44|38|37|27|42|46|24|42|36|26|20|17|13|30|16|16|10|17|12|7|12|14|15|9|5|5|5|7|0|3|10|4|10|8|4|12|4|7|3|5|2|2|6|9|4|1|4|2|5|2|4|4|5|2|1|0|2|5|1|1|0|3|3|1|2|0|0|1|1|3|3|0|2|0|3|1|3|0|2|4|1|0|0|0|2|0|0|1|0|1|2|1|1|1|1|0|0|0|0|0|1|1|1|1|1|0|0|0|0|0|0|0|0|0|0|0|0|1|0|3|0|2|1|1|0|3|0|0|1|1|0|1|1|0|1|0|0|0|0|0|0|0|0|0|1|0|2|1|0|1|0|0|0|0|0|2|0|0|0|0|0|0|0|1|1|0|0|0|0|0|0|0|0|0|0|0|0|0|1|0|0|0|0|0|0|0|0|0|0|0|0|0|0|0|0|0|0|1</HistCounts>
      </HistItem>
    </Histograms>
    <Metadata>
      <MDI key="BandName">Band_2</MDI>
      <MDI key="RepresentationType">ATHEMATIC</MDI>
      <MDI key="STATISTICS_COVARIANCES">-0.0001707819236180834,0.0004226183215174966,0.0002580955256173479</MDI>
      <MDI key="STATISTICS_EXCLUDEDVALUES"></MDI>
      <MDI key="STATISTICS_MAXIMUM">0.27649998664856</MDI>
      <MDI key="STATISTICS_MEAN">0.12563562340189</MDI>
      <MDI key="STATISTICS_MEDIAN">0.122743</MDI>
      <MDI key="STATISTICS_MINIMUM">0.087999999523163</MDI>
      <MDI key="STATISTICS_SKIPFACTORX">1</MDI>
      <MDI key="STATISTICS_SKIPFACTORY">1</MDI>
      <MDI key="STATISTICS_STDDEV">0.020557682785701</MDI>
    </Metadata>
  </PAMRasterBand>
  <PAMRasterBand band="3">
    <Description>Band_3</Description>
    <Histograms>
      <HistItem>
        <HistMin>0.1340000033378601</HistMin>
        <HistMax>0.2714999914169312</HistMax>
        <BucketCount>256</BucketCount>
        <IncludeOutOfRange>1</IncludeOutOfRange>
        <Approximate>0</Approximate>
        <HistCounts>2|0|0|1|2|0|2|5|2|5|8|11|11|9|16|25|28|16|42|44|45|35|31|29|36|62|36|52|41|39|52|44|38|42|52|50|53|52|98|60|57|63|62|59|78|53|44|58|37|46|59|60|44|57|45|43|44|48|32|36|26|35|14|32|14|17|17|14|18|12|16|9|13|12|8|6|15|2|9|6|6|3|11|1|4|10|5|11|5|3|6|2|3|0|4|2|1|1|4|1|4|6|7|0|5|1|0|1|1|6|3|7|0|0|1|0|4|3|3|1|0|2|0|2|0|2|0|1|0|0|1|0|0|0|1|0|0|0|0|0|0|0|2|1|0|4|0|1|3|2|0|1|1|0|1|0|0|0|1|0|1|1|0|1|0|0|0|1|0|2|0|0|0|0|0|0|0|0|0|1|0|0|0|0|0|0|0|1|2|0|0|0|0|0|1|0|0|0|0|0|0|0|0|0|0|0|0|0|0|0|0|0|0|0|0|0|1|0|0|0|0|0|0|0|0|0|0|0|0|0|0|0|0|0|0|0|0|0|0|0|0|0|0|0|0|0|0|0|0|0|0|0|0|0|0|1</HistCounts>
      </HistItem>
    </Histograms>
    <Metadata>
      <MDI key="BandName">Band_3</MDI>
      <MDI key="RepresentationType">ATHEMATIC</MDI>
      <MDI key="STATISTICS_COVARIANCES">-5.529890617648192e-05,0.0002580955256173479,0.0001627126126116844</MDI>
      <MDI key="STATISTICS_EXCLUDEDVALUES"></MDI>
      <MDI key="STATISTICS_MAXIMUM">0.27149999141693</MDI>
      <MDI key="STATISTICS_MEAN">0.15870947208645</MDI>
      <MDI key="STATISTICS_MEDIAN">0.156647</MDI>
      <MDI key="STATISTICS_MINIMUM">0.13400000333786</MDI>
      <MDI key="STATISTICS_SKIPFACTORX">1</MDI>
      <MDI key="STATISTICS_SKIPFACTORY">1</MDI>
      <MDI key="STATISTICS_STDDEV">0.01275588541073</MDI>
    </Metadata>
  </PAMRasterBand>
</PAMDataset>
