<PAMDataset>
  <Metadata>
    <MDI key="DataType">Generic</MDI>
  </Metadata>
  <PAMRasterBand band="1">
    <Description>Band_1</Description>
    <Histograms>
      <HistItem>
        <HistMin>0.6380000114440918</HistMin>
        <HistMax>0.9397222399711609</HistMax>
        <BucketCount>256</BucketCount>
        <IncludeOutOfRange>1</IncludeOutOfRange>
        <Approximate>0</Approximate>
        <HistCounts>1|0|0|0|0|0|0|0|0|0|0|0|1|0|0|0|0|0|0|0|0|0|0|0|0|0|1|0|0|0|0|0|0|0|0|0|0|0|0|0|0|1|0|1|0|0|0|0|0|0|0|0|0|0|0|0|0|0|0|0|0|1|0|0|0|1|0|0|0|0|0|0|0|0|0|1|1|0|0|0|0|1|0|0|1|0|0|1|0|0|0|0|0|0|0|0|0|1|0|0|1|0|0|0|0|0|0|0|0|0|0|0|2|4|0|0|1|1|4|0|1|1|0|2|0|0|1|0|1|0|0|1|1|2|2|2|0|3|2|1|1|0|0|0|1|1|6|2|1|1|0|0|1|3|7|3|6|7|9|8|7|8|3|5|6|7|4|12|12|7|7|10|9|11|13|15|12|8|13|11|6|13|9|7|22|7|9|9|10|3|7|7|5|10|6|14|8|6|4|6|10|7|8|27|7|1|12|3|14|11|2|3|5|6|9|8|8|5|3|4|5|6|4|8|4|0|1|1|3|3|0|3|0|5|3|0|1|7|19|19|18|19|31|34|38|90|92|39|33|24|16|20|9|8|10|1</HistCounts>
      </HistItem>
    </Histograms>
    <Metadata>
      <MDI key="BandName">Band_1</MDI>
      <MDI key="RepresentationType">ATHEMATIC</MDI>
      <MDI key="STATISTICS_COVARIANCES">0.002116387997329096,-0.0006082175679413216,-0.0003449554022893817</MDI>
      <MDI key="STATISTICS_EXCLUDEDVALUES"></MDI>
      <MDI key="STATISTICS_MAXIMUM">0.93972223997116</MDI>
      <MDI key="STATISTICS_MEAN">0.88743662368664</MDI>
      <MDI key="STATISTICS_MEDIAN">0.893576</MDI>
      <MDI key="STATISTICS_MINIMUM">0.63800001144409</MDI>
      <MDI key="STATISTICS_SKIPFACTORX">1</MDI>
      <MDI key="STATISTICS_SKIPFACTORY">1</MDI>
      <MDI key="STATISTICS_STDDEV">0.046004217168963</MDI>
    </Metadata>
  </PAMRasterBand>
  <PAMRasterBand band="2">
    <Description>Band_2</Description>
    <Histograms>
      <HistItem>
        <HistMin>0.08449999988079071</HistMin>
        <HistMax>0.2897500097751617</HistMax>
        <BucketCount>256</BucketCount>
        <IncludeOutOfRange>1</IncludeOutOfRange>
        <Approximate>0</Approximate>
        <HistCounts>8|8|4|4|14|9|6|10|7|17|12|11|15|17|9|23|25|18|22|19|26|24|35|29|24|12|24|36|29|28|30|27|40|37|22|29|55|25|14|29|18|20|20|13|13|17|13|16|8|11|13|8|6|10|8|5|8|4|7|5|4|3|7|7|5|1|2|2|5|4|3|1|1|1|0|1|2|5|3|2|1|2|0|2|1|0|1|2|0|3|0|3|2|2|2|3|2|0|0|2|0|1|0|0|5|0|1|0|2|0|0|0|1|0|0|0|0|0|0|1|0|0|0|0|0|0|0|0|0|0|0|0|1|0|0|0|0|1|0|0|2|0|1|0|0|0|0|1|1|1|1|0|0|0|0|1|1|0|1|1|0|3|0|2|0|0|0|0|1|0|0|0|1|0|0|0|0|0|0|0|0|0|0|0|0|0|0|2|0|0|0|0|0|0|0|0|0|0|0|0|1|0|0|0|0|0|0|0|0|0|0|0|0|0|0|0|0|0|0|0|0|0|0|0|0|0|0|0|0|0|0|0|0|0|0|0|0|0|0|0|0|0|0|0|0|0|0|0|0|0|0|0|0|0|0|1</HistCounts>
      </HistItem>
    </Histograms>
    <Metadata>
      <MDI key="BandName">Band_2</MDI>
      <MDI key="RepresentationType">ATHEMATIC</MDI>
      <MDI key="STATISTICS_COVARIANCES">-0.0006082175679413216,0.0004577546964217399,0.0002654948676221659</MDI>
      <MDI key="STATISTICS_EXCLUDEDVALUES"></MDI>
      <MDI key="STATISTICS_MAXIMUM">0.28975000977516</MDI>
      <MDI key="STATISTICS_MEAN">0.11377886260254</MDI>
      <MDI key="STATISTICS_MEDIAN">0.110257</MDI>
      <MDI key="STATISTICS_MINIMUM">0.084499999880791</MDI>
      <MDI key="STATISTICS_SKIPFACTORX">1</MDI>
      <MDI key="STATISTICS_SKIPFACTORY">1</MDI>
      <MDI key="STATISTICS_STDDEV">0.0213952026497</MDI>
    </Metadata>
  </PAMRasterBand>
  <PAMRasterBand band="3">
    <Description>Band_3</Description>
    <Histograms>
      <HistItem>
        <HistMin>0.1410000026226044</HistMin>
        <HistMax>0.2730000019073486</HistMax>
        <BucketCount>256</BucketCount>
        <IncludeOutOfRange>1</IncludeOutOfRange>
        <Approximate>0</Approximate>
        <HistCounts>8|4|3|1|5|5|5|11|7|12|10|8|11|11|16|23|15|23|7|30|13|17|14|22|17|39|6|35|44|25|20|31|29|27|39|31|32|32|32|15|20|23|36|25|17|19|16|15|19|17|22|6|9|10|9|7|18|3|8|11|10|4|9|8|0|2|7|5|5|4|2|3|3|4|2|2|5|0|0|4|3|1|0|0|2|1|0|2|2|2|1|2|1|1|2|2|0|1|0|2|0|1|0|0|1|1|0|2|0|0|0|1|0|0|1|0|0|0|0|0|0|2|0|0|0|1|0|1|1|0|0|0|0|0|0|1|0|0|0|0|0|1|0|2|0|1|1|0|0|2|0|0|1|0|0|0|0|0|0|0|0|2|0|0|0|0|0|1|0|1|0|0|0|0|0|1|0|0|0|0|0|0|0|0|1|0|0|0|0|0|0|0|0|0|0|0|0|0|0|0|0|0|0|0|0|0|0|0|1|0|0|0|0|0|0|0|0|0|0|0|0|0|0|0|0|0|0|0|0|0|0|0|0|0|0|0|0|0|0|0|0|0|0|0|0|0|0|0|0|0|0|0|0|0|0|1</HistCounts>
      </HistItem>
    </Histograms>
    <Metadata>
      <MDI key="BandName">Band_3</MDI>
      <MDI key="RepresentationType">ATHEMATIC</MDI>
      <MDI key="STATISTICS_COVARIANCES">-0.0003449554022893817,0.0002654948676221659,0.0001632512075480402</MDI>
      <MDI key="STATISTICS_EXCLUDEDVALUES"></MDI>
      <MDI key="STATISTICS_MAXIMUM">0.27300000190735</MDI>
      <MDI key="STATISTICS_MEAN">0.1609698639762</MDI>
      <MDI key="STATISTICS_MEDIAN">0.158600</MDI>
      <MDI key="STATISTICS_MINIMUM">0.1410000026226</MDI>
      <MDI key="STATISTICS_SKIPFACTORX">1</MDI>
      <MDI key="STATISTICS_SKIPFACTORY">1</MDI>
      <MDI key="STATISTICS_STDDEV">0.0127769795941</MDI>
    </Metadata>
  </PAMRasterBand>
</PAMDataset>
