<PAMDataset>
  <Metadata>
    <MDI key="DataType">Generic</MDI>
  </Metadata>
  <PAMRasterBand band="1">
    <Description>Band_1</Description>
    <Histograms>
      <HistItem>
        <HistMin>0.363999992609024</HistMin>
        <HistMax>0.9261481761932373</HistMax>
        <BucketCount>256</BucketCount>
        <IncludeOutOfRange>1</IncludeOutOfRange>
        <Approximate>0</Approximate>
        <HistCounts>1|0|3|1|1|0|0|1|0|0|0|0|2|1|0|0|0|0|1|0|0|2|0|0|0|2|0|0|0|0|0|0|0|0|0|0|0|0|0|0|0|0|0|0|0|0|0|0|0|0|0|1|0|0|0|1|0|0|0|0|0|1|0|0|0|0|1|0|0|0|0|3|0|1|1|2|0|4|0|0|3|0|0|0|6|0|3|0|1|2|1|0|1|0|0|0|0|6|1|0|0|2|3|0|0|0|0|1|0|0|2|1|0|1|0|2|0|0|0|0|0|1|1|0|0|2|1|0|0|1|0|1|2|0|0|0|0|1|0|2|2|0|0|1|2|0|0|0|2|1|1|3|1|0|2|1|2|2|0|5|6|4|11|7|6|5|11|2|8|9|7|7|8|7|6|5|3|12|9|6|8|4|5|7|11|4|4|11|4|8|3|14|2|12|3|14|13|11|6|10|11|12|13|7|15|11|6|11|12|13|6|14|8|10|11|13|4|12|13|5|4|15|5|7|2|7|8|7|5|10|5|5|11|8|16|12|6|4|10|7|4|7|8|0|1|3|7|0|2|2|1|1|23|6|2|1</HistCounts>
      </HistItem>
    </Histograms>
    <Metadata>
      <MDI key="BandName">Band_1</MDI>
      <MDI key="RepresentationType">ATHEMATIC</MDI>
      <MDI key="STATISTICS_COVARIANCES">0.01023258896159915,-0.0007287643916100549,4.003938636293003e-05</MDI>
      <MDI key="STATISTICS_EXCLUDEDVALUES"></MDI>
      <MDI key="STATISTICS_MAXIMUM">0.92614817619324</MDI>
      <MDI key="STATISTICS_MEAN">0.78853683558377</MDI>
      <MDI key="STATISTICS_MEDIAN">0.807105</MDI>
      <MDI key="STATISTICS_MINIMUM">0.36399999260902</MDI>
      <MDI key="STATISTICS_SKIPFACTORX">1</MDI>
      <MDI key="STATISTICS_SKIPFACTORY">1</MDI>
      <MDI key="STATISTICS_STDDEV">0.10115626012066</MDI>
    </Metadata>
  </PAMRasterBand>
  <PAMRasterBand band="2">
    <Description>Band_2</Description>
    <Histograms>
      <HistItem>
        <HistMin>0.09425000101327896</HistMin>
        <HistMax>0.2962499856948853</HistMax>
        <BucketCount>256</BucketCount>
        <IncludeOutOfRange>1</IncludeOutOfRange>
        <Approximate>0</Approximate>
        <HistCounts>2|0|0|0|0|1|0|0|0|0|0|0|1|0|0|0|0|0|0|0|0|0|2|0|0|2|0|0|1|4|0|5|4|2|1|3|5|3|6|6|3|7|3|3|5|0|6|12|13|7|12|8|6|7|3|9|11|12|11|17|14|9|15|15|14|16|15|16|6|8|16|15|15|12|6|7|12|10|11|16|14|10|5|14|6|12|9|14|12|7|4|9|4|3|2|6|7|3|4|5|4|6|5|6|1|5|8|3|4|4|3|6|6|2|3|4|0|0|3|2|2|0|1|0|2|1|3|2|0|6|5|1|0|4|2|1|1|0|0|2|4|2|5|0|6|5|0|7|6|3|1|1|2|1|3|4|0|6|1|3|5|1|0|0|0|0|1|1|3|0|5|0|1|0|0|1|0|0|4|0|0|0|0|1|0|2|0|0|1|2|0|0|2|0|1|0|0|0|1|0|1|4|1|0|1|0|0|0|0|0|0|0|1|0|3|0|0|0|0|0|2|1|0|1|1|1|2|0|0|0|0|0|0|1|0|0|0|0|0|0|0|0|0|0|0|0|0|0|2|0|0|0|0|0|0|2</HistCounts>
      </HistItem>
    </Histograms>
    <Metadata>
      <MDI key="BandName">Band_2</MDI>
      <MDI key="RepresentationType">ATHEMATIC</MDI>
      <MDI key="STATISTICS_COVARIANCES">-0.0007287643916100549,0.001109385601788063,0.0006361766567442703</MDI>
      <MDI key="STATISTICS_EXCLUDEDVALUES"></MDI>
      <MDI key="STATISTICS_MAXIMUM">0.29624998569489</MDI>
      <MDI key="STATISTICS_MEAN">0.16369606036128</MDI>
      <MDI key="STATISTICS_MEDIAN">0.154454</MDI>
      <MDI key="STATISTICS_MINIMUM">0.094250001013279</MDI>
      <MDI key="STATISTICS_SKIPFACTORX">1</MDI>
      <MDI key="STATISTICS_SKIPFACTORY">1</MDI>
      <MDI key="STATISTICS_STDDEV">0.033307440637012</MDI>
    </Metadata>
  </PAMRasterBand>
  <PAMRasterBand band="3">
    <Description>Band_3</Description>
    <Histograms>
      <HistItem>
        <HistMin>0.1437499970197678</HistMin>
        <HistMax>0.2660000026226044</HistMax>
        <BucketCount>256</BucketCount>
        <IncludeOutOfRange>1</IncludeOutOfRange>
        <Approximate>0</Approximate>
        <HistCounts>2|1|0|0|0|0|0|0|0|0|2|0|0|0|0|0|0|0|4|1|0|0|0|0|2|5|0|3|2|0|3|2|3|0|3|0|0|7|2|1|6|6|4|1|8|10|4|3|4|8|4|6|11|11|4|7|4|11|11|12|3|8|10|5|11|10|15|10|6|15|18|7|1|10|8|8|8|11|8|5|5|14|13|9|5|5|17|15|4|9|13|8|19|12|7|6|17|3|3|5|13|20|6|5|4|8|4|3|12|6|3|8|4|9|3|7|3|3|6|2|0|0|3|6|6|1|0|3|2|2|5|4|4|0|5|1|0|0|1|2|3|4|3|0|4|0|4|1|1|1|4|3|0|1|1|3|1|1|2|4|1|2|3|2|0|3|1|1|2|2|0|2|0|1|5|4|0|0|3|0|2|0|0|1|0|0|0|0|1|0|0|3|0|0|0|0|0|0|2|0|0|0|1|0|0|5|0|0|0|1|2|0|0|0|0|0|0|0|1|0|0|1|2|2|0|0|0|0|1|0|0|2|0|0|1|0|0|0|1|0|1|0|0|0|0|0|0|0|0|0|2|0|0|0|0|2</HistCounts>
      </HistItem>
    </Histograms>
    <Metadata>
      <MDI key="BandName">Band_3</MDI>
      <MDI key="RepresentationType">ATHEMATIC</MDI>
      <MDI key="STATISTICS_COVARIANCES">4.003938636293003e-05,0.0006361766567442703,0.0004111976085235987</MDI>
      <MDI key="STATISTICS_EXCLUDEDVALUES"></MDI>
      <MDI key="STATISTICS_MAXIMUM">0.2660000026226</MDI>
      <MDI key="STATISTICS_MEAN">0.18791848493345</MDI>
      <MDI key="STATISTICS_MEDIAN">0.184979</MDI>
      <MDI key="STATISTICS_MINIMUM">0.14374999701977</MDI>
      <MDI key="STATISTICS_SKIPFACTORX">1</MDI>
      <MDI key="STATISTICS_SKIPFACTORY">1</MDI>
      <MDI key="STATISTICS_STDDEV">0.020278008001862</MDI>
    </Metadata>
  </PAMRasterBand>
</PAMDataset>
