<PAMDataset>
  <Metadata>
    <MDI key="DataType">Generic</MDI>
  </Metadata>
  <PAMRasterBand band="1">
    <Description>Band_1</Description>
    <Histograms>
      <HistItem>
        <HistMin>0.6589999794960022</HistMin>
        <HistMax>0.9388518333435059</HistMax>
        <BucketCount>256</BucketCount>
        <IncludeOutOfRange>1</IncludeOutOfRange>
        <Approximate>0</Approximate>
        <HistCounts>1|0|0|0|0|0|0|0|0|0|0|0|0|0|0|0|1|0|0|0|0|0|0|0|0|0|0|0|0|0|0|0|0|0|0|0|1|0|0|0|0|0|0|0|0|0|0|0|0|0|0|0|0|0|0|0|0|0|0|0|0|0|0|0|0|0|0|0|0|0|0|1|0|0|0|0|0|0|0|0|0|0|0|0|0|0|1|0|0|0|0|0|0|0|0|0|0|0|0|0|0|0|0|0|0|0|0|0|0|0|0|0|0|0|0|0|0|1|0|0|0|0|1|0|0|0|0|0|1|0|1|1|0|0|0|0|0|0|1|0|0|1|0|0|0|0|0|0|0|4|0|1|1|0|0|1|2|2|1|0|1|0|0|1|4|2|0|0|0|0|0|3|5|1|1|1|0|0|1|0|0|1|0|2|0|0|1|0|2|2|0|1|0|0|0|0|2|0|0|3|0|1|2|0|0|0|2|4|1|0|0|2|0|1|1|0|0|0|3|3|0|1|6|1|0|1|1|3|2|4|6|0|3|6|1|0|0|1|24|39|41|74|69|91|104|165|182|291|262|194|109|41|33|12|5|1</HistCounts>
      </HistItem>
    </Histograms>
    <Metadata>
      <MDI key="BandName">Band_1</MDI>
      <MDI key="RepresentationType">ATHEMATIC</MDI>
      <MDI key="STATISTICS_COVARIANCES">0.0003966750557646265,-0.0001134029486405001,-4.804752592678423e-05</MDI>
      <MDI key="STATISTICS_EXCLUDEDVALUES"></MDI>
      <MDI key="STATISTICS_MAXIMUM">0.93885183334351</MDI>
      <MDI key="STATISTICS_MEAN">0.92582603389028</MDI>
      <MDI key="STATISTICS_MEDIAN">0.930072</MDI>
      <MDI key="STATISTICS_MINIMUM">0.658999979496</MDI>
      <MDI key="STATISTICS_SKIPFACTORX">1</MDI>
      <MDI key="STATISTICS_SKIPFACTORY">1</MDI>
      <MDI key="STATISTICS_STDDEV">0.019916702934086</MDI>
    </Metadata>
  </PAMRasterBand>
  <PAMRasterBand band="2">
    <Description>Band_2</Description>
    <Histograms>
      <HistItem>
        <HistMin>0.07325000315904617</HistMin>
        <HistMax>0.6757500171661377</HistMax>
        <BucketCount>256</BucketCount>
        <IncludeOutOfRange>1</IncludeOutOfRange>
        <Approximate>0</Approximate>
        <HistCounts>7|30|145|181|205|179|211|187|131|117|78|71|57|32|40|12|14|15|11|17|15|4|3|6|2|3|3|5|7|2|4|5|4|3|3|4|2|3|0|3|4|1|0|1|2|2|1|3|0|0|0|0|1|0|0|0|0|0|0|1|0|0|0|0|2|0|3|0|0|0|0|1|0|0|0|1|0|0|0|0|0|0|1|0|0|1|0|0|0|1|0|0|0|0|0|0|0|0|0|0|0|0|0|0|0|0|0|0|0|0|0|0|0|0|0|0|0|0|0|0|0|0|0|0|0|0|0|0|0|0|0|0|0|0|0|0|0|0|0|0|0|0|0|0|0|0|0|0|0|0|0|0|0|0|0|0|0|0|0|0|0|0|0|0|0|0|0|0|0|0|0|0|0|0|1|0|0|2|0|0|0|0|0|0|0|0|0|0|0|0|0|0|0|0|0|0|0|0|0|0|0|0|0|0|0|0|0|0|0|0|0|0|0|0|0|0|0|0|0|0|0|0|0|0|0|0|0|0|0|0|0|0|0|0|0|0|0|0|0|0|0|0|0|0|0|0|0|0|0|0|0|0|0|0|0|1</HistCounts>
      </HistItem>
    </Histograms>
    <Metadata>
      <MDI key="BandName">Band_2</MDI>
      <MDI key="RepresentationType">ATHEMATIC</MDI>
      <MDI key="STATISTICS_COVARIANCES">-0.0001134029486405001,0.0008163495429081075,0.000598437730301512</MDI>
      <MDI key="STATISTICS_EXCLUDEDVALUES"></MDI>
      <MDI key="STATISTICS_MAXIMUM">0.67575001716614</MDI>
      <MDI key="STATISTICS_MEAN">0.094974338187198</MDI>
      <MDI key="STATISTICS_MEDIAN">0.087426</MDI>
      <MDI key="STATISTICS_MINIMUM">0.073250003159046</MDI>
      <MDI key="STATISTICS_SKIPFACTORX">1</MDI>
      <MDI key="STATISTICS_SKIPFACTORY">1</MDI>
      <MDI key="STATISTICS_STDDEV">0.028571831283768</MDI>
    </Metadata>
  </PAMRasterBand>
  <PAMRasterBand band="3">
    <Description>Band_3</Description>
    <Histograms>
      <HistItem>
        <HistMin>0.1270000040531158</HistMin>
        <HistMax>0.5885000228881836</HistMax>
        <BucketCount>256</BucketCount>
        <IncludeOutOfRange>1</IncludeOutOfRange>
        <Approximate>0</Approximate>
        <HistCounts>5|30|45|122|177|137|158|177|232|173|98|83|70|70|53|30|32|18|17|14|14|5|5|4|6|11|3|0|1|4|2|2|1|2|4|8|2|4|1|1|1|3|2|4|0|0|0|1|2|0|0|0|2|0|0|0|1|0|1|1|1|3|0|0|0|0|0|1|0|0|0|0|0|1|0|1|0|1|0|0|0|0|0|0|0|0|0|0|0|0|0|0|0|0|0|0|0|0|0|0|0|0|0|0|0|0|0|0|0|0|0|0|0|0|0|0|0|0|0|0|0|0|0|0|0|0|0|0|0|0|0|0|0|0|0|0|0|0|0|0|0|0|0|0|0|0|0|0|0|0|0|0|0|0|0|0|0|0|0|0|1|0|0|0|0|0|0|0|0|0|0|0|0|0|0|0|0|0|0|0|0|0|0|0|0|2|0|0|0|0|0|0|0|0|0|0|0|0|0|0|0|0|0|0|0|0|0|0|0|0|0|0|0|0|0|0|0|0|0|0|0|0|0|0|0|0|0|0|0|0|0|0|0|0|0|0|0|0|0|0|0|0|0|0|0|0|0|0|0|0|0|0|0|0|0|1</HistCounts>
      </HistItem>
    </Histograms>
    <Metadata>
      <MDI key="BandName">Band_3</MDI>
      <MDI key="RepresentationType">ATHEMATIC</MDI>
      <MDI key="STATISTICS_COVARIANCES">-4.804752592678423e-05,0.000598437730301512,0.0004502881654797183</MDI>
      <MDI key="STATISTICS_EXCLUDEDVALUES"></MDI>
      <MDI key="STATISTICS_MAXIMUM">0.58850002288818</MDI>
      <MDI key="STATISTICS_MEAN">0.14551796345116</MDI>
      <MDI key="STATISTICS_MEDIAN">0.141478</MDI>
      <MDI key="STATISTICS_MINIMUM">0.12700000405312</MDI>
      <MDI key="STATISTICS_SKIPFACTORX">1</MDI>
      <MDI key="STATISTICS_SKIPFACTORY">1</MDI>
      <MDI key="STATISTICS_STDDEV">0.021219994474074</MDI>
    </Metadata>
  </PAMRasterBand>
</PAMDataset>
