<PAMDataset>
  <Metadata>
    <MDI key="DataType">Generic</MDI>
  </Metadata>
  <PAMRasterBand band="1">
    <Description>Band_1</Description>
    <Histograms>
      <HistItem>
        <HistMin>0.7684999704360962</HistMin>
        <HistMax>0.9397962689399719</HistMax>
        <BucketCount>256</BucketCount>
        <IncludeOutOfRange>1</IncludeOutOfRange>
        <Approximate>0</Approximate>
        <HistCounts>1|0|0|0|0|0|1|0|2|0|0|0|0|0|0|0|0|0|0|0|0|0|0|0|0|0|1|0|0|0|0|0|0|0|2|1|0|0|0|0|0|0|0|0|0|3|1|0|1|3|2|0|3|2|2|1|4|0|2|8|2|3|2|5|3|3|3|3|6|2|3|2|0|1|2|3|5|2|4|3|4|3|1|6|3|1|2|2|0|3|11|3|1|2|2|2|1|4|4|3|5|5|7|5|8|3|5|5|1|7|9|3|6|4|9|2|9|3|4|5|2|8|10|13|3|4|2|7|12|6|7|8|11|5|6|9|10|7|8|6|2|4|10|2|7|11|4|14|18|6|7|15|12|9|12|6|5|9|6|6|9|13|3|14|11|19|13|10|20|9|15|11|8|11|10|9|17|12|9|12|13|12|8|18|17|5|10|18|9|15|17|10|20|18|10|16|6|21|11|14|19|14|10|16|9|15|19|10|14|15|7|22|11|22|5|8|18|8|14|5|9|20|12|12|14|59|110|79|61|77|48|30|32|23|17|16|34|34|44|35|27|24|15|12|7|5|3|3|4|2|2|1|0|0|0|1</HistCounts>
      </HistItem>
    </Histograms>
    <Metadata>
      <MDI key="BandName">Band_1</MDI>
      <MDI key="RepresentationType">ATHEMATIC</MDI>
      <MDI key="STATISTICS_COVARIANCES">0.001115504751941112,-0.0003736217581733758,-0.0001594595434411859</MDI>
      <MDI key="STATISTICS_EXCLUDEDVALUES"></MDI>
      <MDI key="STATISTICS_MAXIMUM">0.93979626893997</MDI>
      <MDI key="STATISTICS_MEAN">0.89457836526862</MDI>
      <MDI key="STATISTICS_MEDIAN">0.903522</MDI>
      <MDI key="STATISTICS_MINIMUM">0.7684999704361</MDI>
      <MDI key="STATISTICS_SKIPFACTORX">1</MDI>
      <MDI key="STATISTICS_SKIPFACTORY">1</MDI>
      <MDI key="STATISTICS_STDDEV">0.03339917292301</MDI>
    </Metadata>
  </PAMRasterBand>
  <PAMRasterBand band="2">
    <Description>Band_2</Description>
    <Histograms>
      <HistItem>
        <HistMin>0.07975000143051147</HistMin>
        <HistMax>0.3192499876022339</HistMax>
        <BucketCount>256</BucketCount>
        <IncludeOutOfRange>1</IncludeOutOfRange>
        <Approximate>0</Approximate>
        <HistCounts>3|0|0|0|1|2|0|3|2|0|1|0|2|0|0|2|0|1|2|0|8|3|4|9|7|6|1|11|8|8|8|13|5|11|11|8|8|12|5|8|10|6|11|7|16|7|5|13|4|7|4|8|6|6|7|5|8|0|6|4|8|4|10|9|8|0|8|18|13|11|6|13|7|18|8|17|18|10|15|21|20|18|8|12|17|26|13|13|14|18|14|16|18|27|11|22|28|18|14|25|14|18|7|17|19|15|17|23|25|30|7|7|24|16|15|11|15|17|15|7|14|19|17|9|12|15|5|8|18|9|12|10|17|18|17|16|14|15|8|5|18|13|19|6|11|5|16|13|9|16|13|10|7|15|14|10|21|13|11|12|21|18|14|18|8|8|14|20|24|18|16|24|10|10|9|15|13|19|19|16|6|6|10|17|11|5|12|7|4|3|8|1|7|3|5|8|6|2|3|4|0|0|3|4|1|4|4|1|0|2|1|1|2|2|3|1|1|2|1|3|0|2|1|0|0|0|2|0|0|0|3|1|0|0|0|0|0|0|0|1|0|0|0|0|0|0|0|0|0|0|0|0|0|0|0|1</HistCounts>
      </HistItem>
    </Histograms>
    <Metadata>
      <MDI key="BandName">Band_2</MDI>
      <MDI key="RepresentationType">ATHEMATIC</MDI>
      <MDI key="STATISTICS_COVARIANCES">-0.0003736217581733758,0.002038968352491638,0.001237326592149199</MDI>
      <MDI key="STATISTICS_EXCLUDEDVALUES"></MDI>
      <MDI key="STATISTICS_MAXIMUM">0.31924998760223</MDI>
      <MDI key="STATISTICS_MEAN">0.18764149658466</MDI>
      <MDI key="STATISTICS_MEDIAN">0.184942</MDI>
      <MDI key="STATISTICS_MINIMUM">0.079750001430511</MDI>
      <MDI key="STATISTICS_SKIPFACTORX">1</MDI>
      <MDI key="STATISTICS_SKIPFACTORY">1</MDI>
      <MDI key="STATISTICS_STDDEV">0.045154937188436</MDI>
    </Metadata>
  </PAMRasterBand>
  <PAMRasterBand band="3">
    <Description>Band_3</Description>
    <Histograms>
      <HistItem>
        <HistMin>0.1369999945163727</HistMin>
        <HistMax>0.2870000004768372</HistMax>
        <BucketCount>256</BucketCount>
        <IncludeOutOfRange>1</IncludeOutOfRange>
        <Approximate>0</Approximate>
        <HistCounts>2|0|0|0|0|0|1|0|0|0|0|0|0|0|3|0|5|2|0|9|1|1|9|1|5|6|2|3|8|3|4|9|4|11|2|5|14|6|6|10|5|8|22|10|9|9|15|4|14|8|6|16|4|8|2|9|6|9|10|18|7|4|13|11|6|19|5|4|18|5|26|16|4|12|12|7|17|16|8|15|9|6|20|6|8|25|19|19|15|10|24|19|20|18|17|17|24|20|18|15|17|13|24|17|16|19|12|23|20|17|15|11|19|15|13|19|13|8|16|16|11|18|10|9|20|17|16|9|7|18|21|6|14|27|10|11|19|15|13|12|16|21|10|6|19|7|12|8|9|13|27|10|8|16|11|24|4|11|25|15|8|22|16|10|14|13|19|16|16|11|20|10|13|6|15|19|5|10|19|16|12|11|19|5|11|7|5|5|4|8|5|2|4|1|3|6|5|1|7|4|0|3|4|0|3|2|0|0|1|2|0|2|3|1|2|2|4|0|1|0|2|0|1|1|3|0|0|0|0|2|0|2|1|0|0|0|0|0|2|0|0|0|0|0|0|0|1|0|0|0|0|0|0|0|0|1</HistCounts>
      </HistItem>
    </Histograms>
    <Metadata>
      <MDI key="BandName">Band_3</MDI>
      <MDI key="RepresentationType">ATHEMATIC</MDI>
      <MDI key="STATISTICS_COVARIANCES">-0.0001594595434411859,0.001237326592149199,0.0007671258858392299</MDI>
      <MDI key="STATISTICS_EXCLUDEDVALUES"></MDI>
      <MDI key="STATISTICS_MAXIMUM">0.28700000047684</MDI>
      <MDI key="STATISTICS_MEAN">0.20448537416199</MDI>
      <MDI key="STATISTICS_MEDIAN">0.203471</MDI>
      <MDI key="STATISTICS_MINIMUM">0.13699999451637</MDI>
      <MDI key="STATISTICS_SKIPFACTORX">1</MDI>
      <MDI key="STATISTICS_SKIPFACTORY">1</MDI>
      <MDI key="STATISTICS_STDDEV">0.027697037492108</MDI>
    </Metadata>
  </PAMRasterBand>
</PAMDataset>
