<PAMDataset>
  <Metadata>
    <MDI key="DataType">Generic</MDI>
  </Metadata>
  <PAMRasterBand band="1">
    <Description>Band_1</Description>
    <Histograms>
      <HistItem>
        <HistMin>0.6504999995231628</HistMin>
        <HistMax>0.9337037205696106</HistMax>
        <BucketCount>256</BucketCount>
        <IncludeOutOfRange>1</IncludeOutOfRange>
        <Approximate>0</Approximate>
        <HistCounts>1|0|0|0|0|0|0|0|0|0|0|0|0|0|0|0|0|0|0|0|1|0|0|0|0|0|1|0|0|0|0|0|0|0|0|0|0|0|1|0|0|0|0|2|0|1|0|2|0|0|0|0|1|0|0|0|1|0|3|0|1|0|0|0|0|0|0|0|0|0|0|2|0|4|7|1|1|1|1|6|0|0|1|0|0|1|9|4|1|3|4|0|2|2|3|3|3|11|1|6|3|2|5|8|12|1|10|4|7|7|12|1|6|13|9|11|4|5|5|9|5|10|10|5|12|8|12|12|5|10|13|26|8|11|14|15|10|19|24|8|14|21|6|12|20|10|18|11|8|25|12|19|18|13|13|16|12|20|21|18|13|16|8|13|7|18|10|11|15|9|7|12|8|11|10|11|12|20|9|6|14|10|11|6|9|7|10|10|6|8|6|8|14|6|9|10|5|7|4|10|13|12|4|8|13|4|5|12|5|8|3|4|10|8|12|9|4|7|11|5|5|7|11|11|6|6|5|1|2|3|4|5|7|8|2|4|4|11|3|6|2|7|15|47|41|24|27|9|13|8|10|6|3|4|2|2</HistCounts>
      </HistItem>
    </Histograms>
    <Metadata>
      <MDI key="BandName">Band_1</MDI>
      <MDI key="RepresentationType">ATHEMATIC</MDI>
      <MDI key="STATISTICS_COVARIANCES">0.002778085286580261,-0.0002944391116941047,-9.058300365104665e-05</MDI>
      <MDI key="STATISTICS_EXCLUDEDVALUES"></MDI>
      <MDI key="STATISTICS_MAXIMUM">0.93370372056961</MDI>
      <MDI key="STATISTICS_MEAN">0.84023292591523</MDI>
      <MDI key="STATISTICS_MEDIAN">0.832639</MDI>
      <MDI key="STATISTICS_MINIMUM">0.65049999952316</MDI>
      <MDI key="STATISTICS_SKIPFACTORX">1</MDI>
      <MDI key="STATISTICS_SKIPFACTORY">1</MDI>
      <MDI key="STATISTICS_STDDEV">0.052707544873388</MDI>
    </Metadata>
  </PAMRasterBand>
  <PAMRasterBand band="2">
    <Description>Band_2</Description>
    <Histograms>
      <HistItem>
        <HistMin>0.08325000107288361</HistMin>
        <HistMax>0.3432500064373016</HistMax>
        <BucketCount>256</BucketCount>
        <IncludeOutOfRange>1</IncludeOutOfRange>
        <Approximate>0</Approximate>
        <HistCounts>2|0|0|0|8|4|6|5|25|23|28|25|53|33|45|50|65|73|69|50|60|42|57|59|35|49|54|26|36|33|32|34|24|16|18|23|15|24|28|27|17|21|21|15|22|20|17|14|18|19|13|12|20|14|8|10|6|8|6|7|7|2|7|8|2|5|3|2|3|1|0|0|0|0|2|2|1|3|1|0|0|1|3|2|2|1|5|1|0|1|1|0|1|1|0|2|1|3|2|0|2|4|0|0|2|0|0|1|0|0|0|0|3|3|0|0|1|0|0|0|0|1|0|0|0|1|0|0|0|0|0|0|0|0|0|0|0|0|0|0|0|0|0|0|0|0|0|0|0|1|0|2|0|0|0|0|0|0|0|0|2|0|0|0|0|0|0|0|0|0|0|0|0|0|2|1|0|0|0|0|1|0|0|0|1|0|0|1|0|0|0|1|0|0|0|0|0|0|0|0|0|2|0|0|0|0|0|0|0|0|0|0|0|0|0|0|0|0|0|0|0|0|0|0|0|0|0|0|0|0|0|0|0|0|0|0|0|0|0|0|1|0|0|0|0|0|0|0|0|0|0|0|0|0|0|1</HistCounts>
      </HistItem>
    </Histograms>
    <Metadata>
      <MDI key="BandName">Band_2</MDI>
      <MDI key="RepresentationType">ATHEMATIC</MDI>
      <MDI key="STATISTICS_COVARIANCES">-0.0002944391116941047,0.0005867329711335813,0.000362953773026332</MDI>
      <MDI key="STATISTICS_EXCLUDEDVALUES"></MDI>
      <MDI key="STATISTICS_MAXIMUM">0.3432500064373</MDI>
      <MDI key="STATISTICS_MEAN">0.11541762394423</MDI>
      <MDI key="STATISTICS_MEDIAN">0.108740</MDI>
      <MDI key="STATISTICS_MINIMUM">0.083250001072884</MDI>
      <MDI key="STATISTICS_SKIPFACTORX">1</MDI>
      <MDI key="STATISTICS_SKIPFACTORY">1</MDI>
      <MDI key="STATISTICS_STDDEV">0.0242225715219</MDI>
    </Metadata>
  </PAMRasterBand>
  <PAMRasterBand band="3">
    <Description>Band_3</Description>
    <Histograms>
      <HistItem>
        <HistMin>0.1330000013113022</HistMin>
        <HistMax>0.289249986410141</HistMax>
        <BucketCount>256</BucketCount>
        <IncludeOutOfRange>1</IncludeOutOfRange>
        <Approximate>0</Approximate>
        <HistCounts>1|0|3|2|13|2|9|8|31|18|23|35|28|16|22|50|32|35|28|57|47|33|71|51|64|36|59|32|44|35|40|31|25|44|26|30|19|33|24|33|11|17|36|18|26|22|22|19|12|21|16|23|11|20|9|13|8|12|5|13|4|5|5|5|7|4|7|4|3|1|2|2|0|3|2|2|3|2|0|1|2|1|3|1|2|1|0|1|1|1|1|1|1|3|2|2|0|1|0|2|2|2|1|2|4|0|2|0|0|1|0|0|1|0|0|0|1|3|0|0|0|0|2|1|1|0|0|0|0|0|0|0|0|0|0|0|0|0|1|0|0|0|0|0|1|0|1|0|0|0|0|0|0|0|0|0|0|0|0|0|0|3|0|0|0|0|0|0|0|0|0|0|0|2|0|0|0|0|0|1|0|0|1|0|0|0|0|1|0|0|0|0|1|0|0|0|0|0|2|0|0|0|0|0|2|0|0|0|0|0|0|0|0|0|0|0|0|0|0|0|1|0|0|0|0|0|0|0|0|0|0|0|0|0|0|0|0|0|0|0|0|0|0|0|0|0|0|1|0|0|0|0|0|0|0|1</HistCounts>
      </HistItem>
    </Histograms>
    <Metadata>
      <MDI key="BandName">Band_3</MDI>
      <MDI key="RepresentationType">ATHEMATIC</MDI>
      <MDI key="STATISTICS_COVARIANCES">-9.058300365104665e-05,0.000362953773026332,0.0002373246605456725</MDI>
      <MDI key="STATISTICS_EXCLUDEDVALUES"></MDI>
      <MDI key="STATISTICS_MAXIMUM">0.28924998641014</MDI>
      <MDI key="STATISTICS_MEAN">0.1540436819466</MDI>
      <MDI key="STATISTICS_MEDIAN">0.150157</MDI>
      <MDI key="STATISTICS_MINIMUM">0.1330000013113</MDI>
      <MDI key="STATISTICS_SKIPFACTORX">1</MDI>
      <MDI key="STATISTICS_SKIPFACTORY">1</MDI>
      <MDI key="STATISTICS_STDDEV">0.01540534519398</MDI>
    </Metadata>
  </PAMRasterBand>
</PAMDataset>
