<PAMDataset>
  <Metadata>
    <MDI key="DataType">Generic</MDI>
  </Metadata>
  <PAMRasterBand band="1">
    <Description>Band_1</Description>
    <Histograms>
      <HistItem>
        <HistMin>0.6535000205039978</HistMin>
        <HistMax>0.9343518614768982</HistMax>
        <BucketCount>256</BucketCount>
        <IncludeOutOfRange>1</IncludeOutOfRange>
        <Approximate>0</Approximate>
        <HistCounts>1|0|0|0|0|0|0|0|0|0|0|0|0|0|0|0|0|0|0|0|0|0|0|0|0|0|0|0|0|0|0|0|0|0|0|0|0|0|0|0|0|0|0|0|0|0|0|0|0|0|0|0|0|0|0|0|0|0|0|0|0|0|0|0|0|0|0|0|0|0|0|0|0|0|0|0|0|0|0|0|0|0|0|0|0|0|0|0|0|0|0|0|0|0|0|0|0|0|0|0|0|0|0|0|0|0|0|0|0|0|0|0|0|0|0|0|0|0|0|0|0|0|0|0|0|0|0|0|0|0|0|0|1|0|0|0|0|0|0|0|0|0|3|0|0|0|0|0|0|0|1|0|0|1|0|1|0|1|2|0|0|3|1|4|2|1|5|2|3|4|4|6|2|3|4|6|1|4|0|9|9|1|8|2|9|8|4|9|4|6|10|4|9|7|3|8|4|3|11|8|4|3|11|5|5|3|4|11|7|2|4|3|5|8|11|4|5|6|12|9|5|3|5|5|8|3|2|6|5|5|5|5|6|6|4|5|5|3|7|4|5|11|97|78|88|59|28|29|20|9|9|4|0|0|2|1</HistCounts>
      </HistItem>
    </Histograms>
    <Metadata>
      <MDI key="BandName">Band_1</MDI>
      <MDI key="RepresentationType">ATHEMATIC</MDI>
      <MDI key="STATISTICS_COVARIANCES">0.000927259469706558,-0.0001565868747317599,-1.589079488514024e-05</MDI>
      <MDI key="STATISTICS_EXCLUDEDVALUES"></MDI>
      <MDI key="STATISTICS_MAXIMUM">0.9343518614769</MDI>
      <MDI key="STATISTICS_MEAN">0.89959071128349</MDI>
      <MDI key="STATISTICS_MEDIAN">0.918933</MDI>
      <MDI key="STATISTICS_MINIMUM">0.653500020504</MDI>
      <MDI key="STATISTICS_SKIPFACTORX">1</MDI>
      <MDI key="STATISTICS_SKIPFACTORY">1</MDI>
      <MDI key="STATISTICS_STDDEV">0.030450935448793</MDI>
    </Metadata>
  </PAMRasterBand>
  <PAMRasterBand band="2">
    <Description>Band_2</Description>
    <Histograms>
      <HistItem>
        <HistMin>0.05974999815225601</HistMin>
        <HistMax>0.3795000016689301</HistMax>
        <BucketCount>256</BucketCount>
        <IncludeOutOfRange>1</IncludeOutOfRange>
        <Approximate>0</Approximate>
        <HistCounts>1|2|4|5|8|1|9|0|9|13|10|9|9|12|15|15|20|31|25|28|23|36|22|27|22|14|28|25|25|24|17|16|15|15|23|28|23|26|22|16|15|11|21|10|17|14|12|11|3|5|7|3|12|2|5|0|7|2|3|2|1|3|2|2|0|0|0|0|0|2|1|0|0|0|1|0|0|1|0|0|0|1|0|0|0|1|0|0|0|0|0|0|0|0|0|0|0|0|0|0|0|0|0|0|0|0|0|0|1|0|0|0|0|0|0|0|0|0|0|0|0|0|0|0|0|0|0|0|1|0|0|0|1|0|0|0|0|0|0|0|0|0|0|0|0|0|0|0|0|0|0|0|0|2|0|0|0|0|0|0|0|0|0|0|0|0|0|0|0|0|0|0|0|0|0|0|0|0|0|0|0|0|0|0|0|2|0|0|0|0|0|0|0|0|0|0|0|0|0|0|0|0|0|0|0|0|0|0|0|0|0|0|0|0|0|0|0|0|0|0|0|0|0|0|0|0|0|0|0|0|0|2|0|0|0|0|0|0|0|0|0|0|0|0|0|0|0|0|0|0|0|0|0|0|0|2</HistCounts>
      </HistItem>
    </Histograms>
    <Metadata>
      <MDI key="BandName">Band_2</MDI>
      <MDI key="RepresentationType">ATHEMATIC</MDI>
      <MDI key="STATISTICS_COVARIANCES">-0.0001565868747317599,0.0007982756897193028,0.0005759430930768753</MDI>
      <MDI key="STATISTICS_EXCLUDEDVALUES"></MDI>
      <MDI key="STATISTICS_MAXIMUM">0.37950000166893</MDI>
      <MDI key="STATISTICS_MEAN">0.09906852475944</MDI>
      <MDI key="STATISTICS_MEDIAN">0.094860</MDI>
      <MDI key="STATISTICS_MINIMUM">0.059749998152256</MDI>
      <MDI key="STATISTICS_SKIPFACTORX">1</MDI>
      <MDI key="STATISTICS_SKIPFACTORY">1</MDI>
      <MDI key="STATISTICS_STDDEV">0.02825377301741</MDI>
    </Metadata>
  </PAMRasterBand>
  <PAMRasterBand band="3">
    <Description>Band_3</Description>
    <Histograms>
      <HistItem>
        <HistMin>0.1054999977350235</HistMin>
        <HistMax>0.3617500066757202</HistMax>
        <BucketCount>256</BucketCount>
        <IncludeOutOfRange>1</IncludeOutOfRange>
        <Approximate>0</Approximate>
        <HistCounts>2|1|1|0|4|4|4|5|5|11|12|16|16|16|11|27|24|26|29|41|44|23|33|25|28|21|19|28|20|17|20|23|28|19|28|18|23|15|19|26|18|16|15|12|7|9|10|5|5|1|4|4|2|0|1|0|0|0|1|0|0|0|3|2|0|0|0|0|1|0|0|1|0|0|0|0|0|0|0|1|0|0|0|0|0|0|0|1|0|0|0|0|0|0|0|0|0|0|0|0|0|0|0|0|0|0|0|0|1|0|1|0|0|0|0|0|0|0|0|0|0|0|0|0|0|0|0|0|0|0|0|0|0|0|0|0|0|0|0|0|0|0|0|0|0|0|0|0|0|0|0|0|0|0|0|0|2|0|0|0|0|0|0|0|0|0|0|0|0|0|0|0|0|0|0|0|0|0|0|0|0|0|0|0|0|0|0|0|0|2|0|0|0|0|0|0|0|0|0|0|0|0|0|0|2|0|0|0|0|0|0|0|0|0|0|0|0|0|0|0|0|0|0|0|0|0|0|0|0|0|0|0|0|0|0|0|0|0|0|0|0|0|0|0|0|0|0|0|0|0|0|0|0|0|0|2</HistCounts>
      </HistItem>
    </Histograms>
    <Metadata>
      <MDI key="BandName">Band_3</MDI>
      <MDI key="RepresentationType">ATHEMATIC</MDI>
      <MDI key="STATISTICS_COVARIANCES">-1.589079488514024e-05,0.0005759430930768753,0.0004426496588533749</MDI>
      <MDI key="STATISTICS_EXCLUDEDVALUES"></MDI>
      <MDI key="STATISTICS_MAXIMUM">0.36175000667572</MDI>
      <MDI key="STATISTICS_MEAN">0.13472357717679</MDI>
      <MDI key="STATISTICS_MEDIAN">0.131627</MDI>
      <MDI key="STATISTICS_MINIMUM">0.10549999773502</MDI>
      <MDI key="STATISTICS_SKIPFACTORX">1</MDI>
      <MDI key="STATISTICS_SKIPFACTORY">1</MDI>
      <MDI key="STATISTICS_STDDEV">0.02103924092864</MDI>
    </Metadata>
  </PAMRasterBand>
</PAMDataset>
