<PAMDataset>
  <Metadata>
    <MDI key="DataType">Generic</MDI>
  </Metadata>
  <PAMRasterBand band="1">
    <Description>Band_1</Description>
    <Histograms>
      <HistItem>
        <HistMin>0.578499972820282</HistMin>
        <HistMax>0.9294999837875366</HistMax>
        <BucketCount>256</BucketCount>
        <IncludeOutOfRange>1</IncludeOutOfRange>
        <Approximate>0</Approximate>
        <HistCounts>1|0|0|0|0|0|0|0|0|0|0|0|0|0|0|0|0|0|0|0|0|0|0|0|0|0|0|0|0|0|0|0|0|0|0|0|1|1|0|0|0|0|0|0|0|0|0|0|0|2|0|0|0|0|1|0|0|0|0|0|0|2|0|1|0|0|0|2|2|0|1|5|0|4|2|0|0|1|0|3|0|5|1|6|8|6|3|6|2|2|7|5|6|3|11|7|8|8|7|6|7|7|14|5|12|9|7|17|10|9|4|11|15|5|15|9|8|7|15|13|7|5|15|8|13|14|7|6|12|6|22|5|12|12|7|9|10|4|8|12|18|13|7|8|12|6|5|6|8|7|7|10|3|2|5|2|7|7|6|6|5|1|4|3|7|1|3|2|2|4|6|2|4|4|1|2|4|5|1|5|4|3|0|5|1|2|3|2|0|6|2|7|2|4|0|3|4|3|4|1|8|1|1|1|0|1|3|2|0|1|4|6|3|1|4|0|5|1|2|5|4|1|6|3|2|2|3|0|1|7|6|6|3|6|0|5|7|8|1|2|5|1|5|7|3|11|4|5|31|44|54|25|3|0|2|1</HistCounts>
      </HistItem>
    </Histograms>
    <Metadata>
      <MDI key="BandName">Band_1</MDI>
      <MDI key="RepresentationType">ATHEMATIC</MDI>
      <MDI key="STATISTICS_COVARIANCES">0.006144898904627541,-0.0002542515443025353,1.47007014118303e-05</MDI>
      <MDI key="STATISTICS_EXCLUDEDVALUES"></MDI>
      <MDI key="STATISTICS_MAXIMUM">0.92949998378754</MDI>
      <MDI key="STATISTICS_MEAN">0.79920135474397</MDI>
      <MDI key="STATISTICS_MEDIAN">0.772582</MDI>
      <MDI key="STATISTICS_MINIMUM">0.57849997282028</MDI>
      <MDI key="STATISTICS_SKIPFACTORX">1</MDI>
      <MDI key="STATISTICS_SKIPFACTORY">1</MDI>
      <MDI key="STATISTICS_STDDEV">0.078389405563683</MDI>
    </Metadata>
  </PAMRasterBand>
  <PAMRasterBand band="2">
    <Description>Band_2</Description>
    <Histograms>
      <HistItem>
        <HistMin>0.0925000011920929</HistMin>
        <HistMax>0.4580000042915344</HistMax>
        <BucketCount>256</BucketCount>
        <IncludeOutOfRange>1</IncludeOutOfRange>
        <Approximate>0</Approximate>
        <HistCounts>2|0|3|4|3|7|8|10|23|16|24|12|12|18|19|12|30|36|22|32|36|28|31|21|43|35|15|35|21|19|26|19|33|19|26|19|13|14|17|19|18|9|10|13|7|10|18|5|17|9|7|3|1|12|8|6|3|3|5|6|1|6|8|1|5|5|4|6|1|5|5|0|7|5|1|10|7|2|0|0|2|4|0|0|0|2|0|2|1|1|1|0|1|3|4|0|1|0|2|0|1|1|0|3|2|3|0|0|0|1|2|0|0|0|1|0|0|5|0|0|1|0|0|3|3|3|2|2|0|0|0|3|0|2|0|2|0|0|1|1|1|0|0|0|0|0|0|0|0|0|0|0|0|0|2|0|0|0|0|0|0|0|1|0|0|0|0|0|0|0|0|2|0|0|0|0|0|1|0|0|0|0|0|0|2|0|0|0|0|0|0|0|0|0|2|0|0|0|0|0|0|0|0|0|0|0|0|0|0|0|0|0|0|1|1|0|1|0|2|0|0|0|0|0|0|0|0|0|0|0|0|0|0|0|0|0|0|0|1|0|0|0|0|2|0|0|1|0|0|0|0|0|0|1|0|1</HistCounts>
      </HistItem>
    </Histograms>
    <Metadata>
      <MDI key="BandName">Band_2</MDI>
      <MDI key="RepresentationType">ATHEMATIC</MDI>
      <MDI key="STATISTICS_COVARIANCES">-0.0002542515443025353,0.002413450887763194,0.001645873719088623</MDI>
      <MDI key="STATISTICS_EXCLUDEDVALUES"></MDI>
      <MDI key="STATISTICS_MAXIMUM">0.45800000429153</MDI>
      <MDI key="STATISTICS_MEAN">0.14794749784565</MDI>
      <MDI key="STATISTICS_MEDIAN">0.134067</MDI>
      <MDI key="STATISTICS_MINIMUM">0.092500001192093</MDI>
      <MDI key="STATISTICS_SKIPFACTORX">1</MDI>
      <MDI key="STATISTICS_SKIPFACTORY">1</MDI>
      <MDI key="STATISTICS_STDDEV">0.049126885589901</MDI>
    </Metadata>
  </PAMRasterBand>
  <PAMRasterBand band="3">
    <Description>Band_3</Description>
    <Histograms>
      <HistItem>
        <HistMin>0.1307500004768372</HistMin>
        <HistMax>0.4110000133514404</HistMax>
        <BucketCount>256</BucketCount>
        <IncludeOutOfRange>1</IncludeOutOfRange>
        <Approximate>0</Approximate>
        <HistCounts>2|2|1|2|6|7|14|13|14|13|10|18|27|23|21|39|33|32|31|32|33|36|27|24|24|29|21|37|32|25|31|15|16|13|26|27|19|26|21|7|26|13|14|8|9|12|8|13|9|7|8|3|3|2|3|8|3|8|1|14|9|3|2|5|4|4|0|4|0|1|1|1|1|0|1|4|2|1|1|4|1|1|2|1|1|1|5|1|3|1|1|1|1|2|0|1|0|1|1|0|1|0|0|3|1|2|2|4|1|0|0|0|0|0|2|0|2|0|3|1|0|0|1|0|0|0|0|0|0|0|0|0|0|1|0|0|0|0|0|2|0|0|1|0|0|0|0|0|0|0|0|0|0|0|0|0|0|1|0|2|0|0|0|0|0|0|0|0|0|1|0|0|0|0|0|0|0|0|0|0|0|1|2|0|0|0|0|0|0|0|0|0|0|0|0|0|0|0|0|0|0|0|0|0|0|1|0|0|0|0|0|2|1|0|0|0|0|0|0|1|0|0|0|0|0|0|1|0|0|0|0|0|0|0|0|1|0|3|0|0|0|0|0|0|0|0|0|0|0|0|0|0|0|0|0|1</HistCounts>
      </HistItem>
    </Histograms>
    <Metadata>
      <MDI key="BandName">Band_3</MDI>
      <MDI key="RepresentationType">ATHEMATIC</MDI>
      <MDI key="STATISTICS_COVARIANCES">1.47007014118303e-05,0.001645873719088623,0.001146921541243357</MDI>
      <MDI key="STATISTICS_EXCLUDEDVALUES"></MDI>
      <MDI key="STATISTICS_MAXIMUM">0.41100001335144</MDI>
      <MDI key="STATISTICS_MEAN">0.16932260920897</MDI>
      <MDI key="STATISTICS_MEDIAN">0.160424</MDI>
      <MDI key="STATISTICS_MINIMUM">0.13075000047684</MDI>
      <MDI key="STATISTICS_SKIPFACTORX">1</MDI>
      <MDI key="STATISTICS_SKIPFACTORY">1</MDI>
      <MDI key="STATISTICS_STDDEV">0.033866230100845</MDI>
    </Metadata>
  </PAMRasterBand>
</PAMDataset>
