<PAMDataset>
  <Metadata>
    <MDI key="DataType">Generic</MDI>
  </Metadata>
  <PAMRasterBand band="1">
    <Description>Band_1</Description>
    <Histograms>
      <HistItem>
        <HistMin>0.5747500061988831</HistMin>
        <HistMax>0.9278703927993774</HistMax>
        <BucketCount>256</BucketCount>
        <IncludeOutOfRange>1</IncludeOutOfRange>
        <Approximate>0</Approximate>
        <HistCounts>1|0|0|0|0|0|0|0|0|0|0|0|0|0|0|0|2|0|0|0|0|0|0|0|0|0|0|0|0|0|1|0|0|0|0|0|0|0|0|0|0|0|0|0|0|2|0|0|0|0|0|0|0|0|0|0|0|0|0|0|0|0|0|1|0|2|0|0|0|0|2|0|0|0|2|0|0|2|2|0|0|0|0|0|0|0|0|0|0|0|0|0|0|0|0|0|1|0|1|0|1|0|3|0|1|0|0|0|1|0|2|0|0|2|0|2|3|3|0|0|3|0|2|2|5|5|1|3|3|5|2|5|3|2|2|2|4|2|1|4|5|2|3|0|4|12|2|3|9|10|7|11|12|6|6|6|11|5|2|4|6|16|0|2|4|6|10|5|10|9|11|8|13|6|15|6|4|8|6|13|12|4|10|5|10|12|10|8|10|7|5|13|9|3|5|5|4|7|5|11|6|8|7|12|9|1|3|5|6|5|3|1|1|6|1|2|3|3|4|3|2|4|1|3|2|2|0|1|2|3|1|3|3|0|1|3|0|0|3|4|5|5|3|2|3|5|5|5|6|21|33|10|8|2|0|1</HistCounts>
      </HistItem>
    </Histograms>
    <Metadata>
      <MDI key="BandName">Band_1</MDI>
      <MDI key="RepresentationType">ATHEMATIC</MDI>
      <MDI key="STATISTICS_COVARIANCES">0.003390957000296233,-0.00115006684288569,-0.0006289480303998954</MDI>
      <MDI key="STATISTICS_EXCLUDEDVALUES"></MDI>
      <MDI key="STATISTICS_MAXIMUM">0.92787039279938</MDI>
      <MDI key="STATISTICS_MEAN">0.82827556855986</MDI>
      <MDI key="STATISTICS_MEDIAN">0.824011</MDI>
      <MDI key="STATISTICS_MINIMUM">0.57475000619888</MDI>
      <MDI key="STATISTICS_SKIPFACTORX">1</MDI>
      <MDI key="STATISTICS_SKIPFACTORY">1</MDI>
      <MDI key="STATISTICS_STDDEV">0.058231924236592</MDI>
    </Metadata>
  </PAMRasterBand>
  <PAMRasterBand band="2">
    <Description>Band_2</Description>
    <Histograms>
      <HistItem>
        <HistMin>0.07699999958276749</HistMin>
        <HistMax>0.3802500069141388</HistMax>
        <BucketCount>256</BucketCount>
        <IncludeOutOfRange>1</IncludeOutOfRange>
        <Approximate>0</Approximate>
        <HistCounts>1|0|0|0|0|1|0|0|0|1|0|0|0|0|0|0|0|0|0|0|1|0|2|0|0|0|0|0|1|0|0|0|1|4|1|2|2|2|4|0|0|1|7|1|8|5|3|9|9|5|13|25|15|8|14|17|11|13|13|20|30|8|18|17|17|6|11|21|6|10|9|16|18|22|4|12|20|20|7|18|26|8|3|14|3|26|3|10|3|9|6|17|9|10|4|2|6|7|3|6|3|4|0|6|4|3|4|0|2|0|4|1|0|2|4|0|1|2|0|2|0|0|1|0|2|0|0|0|0|2|0|0|0|0|0|0|0|1|0|2|0|2|1|2|1|0|1|1|0|1|1|0|0|0|1|4|1|0|0|0|0|0|0|1|0|1|0|0|1|0|0|1|0|0|0|1|0|0|0|2|0|0|0|0|0|0|0|0|0|0|1|0|0|0|0|0|0|0|0|0|2|0|0|0|0|0|0|0|0|0|0|0|0|1|0|0|0|0|0|0|1|0|0|0|0|0|0|0|0|0|0|0|0|0|0|0|0|1|0|0|0|0|0|0|0|0|0|0|0|2|0|0|0|0|0|1</HistCounts>
      </HistItem>
    </Histograms>
    <Metadata>
      <MDI key="BandName">Band_2</MDI>
      <MDI key="RepresentationType">ATHEMATIC</MDI>
      <MDI key="STATISTICS_COVARIANCES">-0.00115006684288569,0.001175400479258403,0.000751426504482011</MDI>
      <MDI key="STATISTICS_EXCLUDEDVALUES"></MDI>
      <MDI key="STATISTICS_MAXIMUM">0.38025000691414</MDI>
      <MDI key="STATISTICS_MEAN">0.16683311594317</MDI>
      <MDI key="STATISTICS_MEDIAN">0.161434</MDI>
      <MDI key="STATISTICS_MINIMUM">0.076999999582767</MDI>
      <MDI key="STATISTICS_SKIPFACTORX">1</MDI>
      <MDI key="STATISTICS_SKIPFACTORY">1</MDI>
      <MDI key="STATISTICS_STDDEV">0.0342841140947</MDI>
    </Metadata>
  </PAMRasterBand>
  <PAMRasterBand band="3">
    <Description>Band_3</Description>
    <Histograms>
      <HistItem>
        <HistMin>0.1382499933242798</HistMin>
        <HistMax>0.3392499983310699</HistMax>
        <BucketCount>256</BucketCount>
        <IncludeOutOfRange>1</IncludeOutOfRange>
        <Approximate>0</Approximate>
        <HistCounts>2|1|0|0|0|0|0|3|0|0|0|0|0|0|0|0|1|3|2|3|0|3|2|3|2|3|3|2|3|3|5|1|7|3|9|10|3|15|9|13|15|15|13|16|23|19|19|13|10|9|28|17|12|15|18|12|12|13|21|17|17|24|11|23|14|14|11|13|10|17|11|18|4|10|5|7|7|6|11|6|5|1|9|4|7|2|4|1|8|0|5|1|0|1|0|1|4|4|0|0|2|0|1|2|0|0|0|0|0|0|0|0|0|1|1|2|0|0|1|0|1|0|0|1|0|2|0|0|1|1|0|0|1|1|0|0|1|0|2|0|2|0|0|1|1|0|1|1|0|0|0|0|0|0|1|1|0|0|0|0|0|0|0|1|0|0|0|0|1|0|0|0|0|0|0|0|0|1|0|0|0|0|2|0|0|0|0|0|0|0|0|0|0|0|0|0|0|0|0|0|1|0|0|0|0|0|0|0|0|0|0|0|0|0|0|0|0|0|1|0|0|0|0|0|0|0|0|0|0|0|0|0|1|0|0|0|0|0|0|0|0|0|0|0|0|0|0|0|0|0|0|0|0|1|1|1</HistCounts>
      </HistItem>
    </Histograms>
    <Metadata>
      <MDI key="BandName">Band_3</MDI>
      <MDI key="RepresentationType">ATHEMATIC</MDI>
      <MDI key="STATISTICS_COVARIANCES">-0.0006289480303998954,0.000751426504482011,0.0004931077610341097</MDI>
      <MDI key="STATISTICS_EXCLUDEDVALUES"></MDI>
      <MDI key="STATISTICS_MAXIMUM">0.33924999833107</MDI>
      <MDI key="STATISTICS_MEAN">0.18610951768761</MDI>
      <MDI key="STATISTICS_MEDIAN">0.183179</MDI>
      <MDI key="STATISTICS_MINIMUM">0.13824999332428</MDI>
      <MDI key="STATISTICS_SKIPFACTORX">1</MDI>
      <MDI key="STATISTICS_SKIPFACTORY">1</MDI>
      <MDI key="STATISTICS_STDDEV">0.022206029835027</MDI>
    </Metadata>
  </PAMRasterBand>
</PAMDataset>
