<PAMDataset>
  <Metadata>
    <MDI key="DataType">Generic</MDI>
  </Metadata>
  <PAMRasterBand band="1">
    <Description>Band_1</Description>
    <Histograms>
      <HistItem>
        <HistMin>0.6727499961853027</HistMin>
        <HistMax>0.9308703541755676</HistMax>
        <BucketCount>256</BucketCount>
        <IncludeOutOfRange>1</IncludeOutOfRange>
        <Approximate>0</Approximate>
        <HistCounts>1|0|0|0|0|1|0|0|0|1|1|0|1|0|0|0|1|0|0|0|2|2|0|0|0|1|1|0|0|0|0|0|0|0|0|1|0|1|2|0|0|1|0|0|0|0|0|0|3|0|0|0|0|0|0|0|0|0|2|0|2|1|0|0|0|0|0|2|2|0|2|1|2|0|0|0|0|1|2|0|0|1|2|2|1|1|1|1|1|2|3|0|0|2|0|0|4|2|2|3|3|1|1|3|3|1|2|1|5|0|7|5|7|7|6|2|4|7|7|16|9|16|22|9|3|17|8|10|9|9|12|13|15|12|15|9|9|8|14|6|11|14|15|21|11|16|13|16|12|7|21|15|20|14|11|13|14|10|13|29|13|14|9|17|20|17|14|13|8|19|11|14|10|4|14|11|16|5|10|11|16|6|20|9|8|10|10|9|8|7|4|4|9|7|9|4|10|3|10|11|5|6|5|5|10|6|14|9|7|13|6|5|7|20|7|5|6|8|10|6|8|8|4|9|4|10|7|8|7|13|10|9|3|3|8|2|4|10|8|9|7|3|12|6|92|112|113|126|86|73|51|93|67|29|9|1</HistCounts>
      </HistItem>
    </Histograms>
    <Metadata>
      <MDI key="BandName">Band_1</MDI>
      <MDI key="RepresentationType">ATHEMATIC</MDI>
      <MDI key="STATISTICS_COVARIANCES">0.002789145803507973,-0.0010814620688684,-0.0005878290786484357</MDI>
      <MDI key="STATISTICS_EXCLUDEDVALUES"></MDI>
      <MDI key="STATISTICS_MAXIMUM">0.93087035417557</MDI>
      <MDI key="STATISTICS_MEAN">0.87156265263595</MDI>
      <MDI key="STATISTICS_MEDIAN">0.881271</MDI>
      <MDI key="STATISTICS_MINIMUM">0.6727499961853</MDI>
      <MDI key="STATISTICS_SKIPFACTORX">1</MDI>
      <MDI key="STATISTICS_SKIPFACTORY">1</MDI>
      <MDI key="STATISTICS_STDDEV">0.052812364115877</MDI>
    </Metadata>
  </PAMRasterBand>
  <PAMRasterBand band="2">
    <Description>Band_2</Description>
    <Histograms>
      <HistItem>
        <HistMin>0.07349999994039536</HistMin>
        <HistMax>0.3899999856948853</HistMax>
        <BucketCount>256</BucketCount>
        <IncludeOutOfRange>1</IncludeOutOfRange>
        <Approximate>0</Approximate>
        <HistCounts>4|0|9|27|53|69|76|91|84|96|72|68|67|52|55|47|37|40|27|18|28|21|23|17|10|10|17|13|8|19|24|22|20|32|47|35|50|33|49|52|43|45|46|44|48|38|30|25|28|23|25|18|19|29|29|18|14|20|17|16|10|7|7|7|8|11|16|1|5|3|5|2|6|3|2|4|1|3|2|2|1|2|1|2|0|8|2|2|0|0|1|0|0|0|0|0|0|1|0|0|0|0|0|0|0|0|0|1|1|0|0|0|0|0|0|0|0|0|1|0|1|0|0|0|0|3|0|1|1|1|0|0|4|5|1|1|0|0|1|2|0|0|0|1|0|0|0|0|0|0|1|0|0|0|0|0|1|0|2|0|0|0|0|0|1|0|0|0|0|0|0|0|0|0|1|0|0|0|0|0|0|0|2|7|2|0|2|0|1|0|3|0|0|0|0|0|0|0|1|0|0|0|0|0|0|0|0|0|0|0|0|0|0|0|0|0|0|0|0|0|0|0|0|0|0|1|0|0|0|1|0|0|2|0|0|1|0|0|0|0|0|0|0|1|0|0|1|0|0|0|1|0|0|1|0|2</HistCounts>
      </HistItem>
    </Histograms>
    <Metadata>
      <MDI key="BandName">Band_2</MDI>
      <MDI key="RepresentationType">ATHEMATIC</MDI>
      <MDI key="STATISTICS_COVARIANCES">-0.0010814620688684,0.001426117407254976,0.0009613522238565167</MDI>
      <MDI key="STATISTICS_EXCLUDEDVALUES"></MDI>
      <MDI key="STATISTICS_MAXIMUM">0.38999998569489</MDI>
      <MDI key="STATISTICS_MEAN">0.11371231375884</MDI>
      <MDI key="STATISTICS_MEDIAN">0.109494</MDI>
      <MDI key="STATISTICS_MINIMUM">0.073499999940395</MDI>
      <MDI key="STATISTICS_SKIPFACTORX">1</MDI>
      <MDI key="STATISTICS_SKIPFACTORY">1</MDI>
      <MDI key="STATISTICS_STDDEV">0.037763969696723</MDI>
    </Metadata>
  </PAMRasterBand>
  <PAMRasterBand band="3">
    <Description>Band_3</Description>
    <Histograms>
      <HistItem>
        <HistMin>0.1247500032186508</HistMin>
        <HistMax>0.3689999878406525</HistMax>
        <BucketCount>256</BucketCount>
        <IncludeOutOfRange>1</IncludeOutOfRange>
        <Approximate>0</Approximate>
        <HistCounts>7|2|5|4|0|1|11|16|10|39|57|53|61|81|81|80|97|50|64|62|78|68|55|36|45|45|44|57|61|35|63|71|38|55|59|35|48|55|39|33|31|18|33|24|31|34|27|20|21|20|12|21|17|7|8|8|6|15|4|5|7|3|3|4|5|1|2|5|4|4|3|1|0|2|0|0|2|4|1|2|0|2|3|0|1|1|0|0|0|0|0|0|0|0|0|0|0|0|0|0|0|0|1|0|1|1|0|0|0|0|0|0|0|1|0|0|0|0|0|0|0|0|1|0|2|0|2|5|2|1|1|1|0|0|2|0|0|2|0|1|0|1|0|0|0|0|0|1|0|0|0|0|0|0|2|0|0|0|0|0|0|0|0|0|1|0|0|0|0|0|1|0|0|0|0|0|0|1|0|1|2|0|3|2|3|0|0|2|0|0|1|1|0|1|1|0|0|0|0|0|0|0|0|0|0|0|0|0|0|0|0|0|0|0|0|0|0|0|0|0|0|0|1|1|0|0|0|0|0|2|0|0|0|0|1|0|0|0|0|0|0|0|0|0|0|0|0|1|1|0|0|2|0|0|0|2</HistCounts>
      </HistItem>
    </Histograms>
    <Metadata>
      <MDI key="BandName">Band_3</MDI>
      <MDI key="RepresentationType">ATHEMATIC</MDI>
      <MDI key="STATISTICS_COVARIANCES">-0.0005878290786484357,0.0009613522238565167,0.0006802640571673435</MDI>
      <MDI key="STATISTICS_EXCLUDEDVALUES"></MDI>
      <MDI key="STATISTICS_MAXIMUM">0.36899998784065</MDI>
      <MDI key="STATISTICS_MEAN">0.1551019937244</MDI>
      <MDI key="STATISTICS_MEDIAN">0.149654</MDI>
      <MDI key="STATISTICS_MINIMUM">0.12475000321865</MDI>
      <MDI key="STATISTICS_SKIPFACTORX">1</MDI>
      <MDI key="STATISTICS_SKIPFACTORY">1</MDI>
      <MDI key="STATISTICS_STDDEV">0.026081872194445</MDI>
    </Metadata>
  </PAMRasterBand>
</PAMDataset>
