<PAMDataset>
  <Metadata>
    <MDI key="DataType">Generic</MDI>
  </Metadata>
  <PAMRasterBand band="1">
    <Description>Band_1</Description>
    <Histograms>
      <HistItem>
        <HistMin>0.6890000104904175</HistMin>
        <HistMax>0.9342963099479675</HistMax>
        <BucketCount>256</BucketCount>
        <IncludeOutOfRange>1</IncludeOutOfRange>
        <Approximate>0</Approximate>
        <HistCounts>1|0|0|0|0|0|0|0|0|0|0|0|0|0|0|1|1|0|0|0|0|0|1|0|0|0|0|0|0|0|2|0|0|2|0|0|0|0|0|0|0|0|0|1|0|1|2|2|0|0|0|2|0|1|0|0|3|0|0|0|3|2|0|0|0|0|1|0|0|0|0|1|0|2|0|0|1|1|1|0|0|2|0|1|4|2|0|3|0|0|0|0|0|0|0|2|0|0|0|2|0|3|0|1|0|0|0|1|0|1|0|2|1|1|0|2|0|1|2|2|1|1|0|2|0|0|0|0|2|0|0|0|0|2|2|2|3|3|0|1|1|2|0|3|1|2|0|3|2|0|7|2|5|2|3|2|6|4|7|4|5|5|4|5|2|8|3|3|8|3|6|1|3|5|9|10|6|6|4|11|3|11|7|10|12|12|6|12|10|10|7|8|7|14|19|13|16|9|10|7|17|12|11|10|14|10|11|13|14|12|6|19|14|15|13|18|11|8|13|7|9|8|13|13|7|18|12|15|10|7|7|9|11|11|14|17|9|10|12|9|126|112|79|38|30|31|47|26|25|21|9|1|4|1|1|1</HistCounts>
      </HistItem>
    </Histograms>
    <Metadata>
      <MDI key="BandName">Band_1</MDI>
      <MDI key="RepresentationType">ATHEMATIC</MDI>
      <MDI key="STATISTICS_COVARIANCES">0.001580494125806134,-0.0009731154326235459,-0.0005430935155341656</MDI>
      <MDI key="STATISTICS_EXCLUDEDVALUES"></MDI>
      <MDI key="STATISTICS_MAXIMUM">0.93429630994797</MDI>
      <MDI key="STATISTICS_MEAN">0.8919316982834</MDI>
      <MDI key="STATISTICS_MEDIAN">0.903514</MDI>
      <MDI key="STATISTICS_MINIMUM">0.68900001049042</MDI>
      <MDI key="STATISTICS_SKIPFACTORX">1</MDI>
      <MDI key="STATISTICS_SKIPFACTORY">1</MDI>
      <MDI key="STATISTICS_STDDEV">0.039755428884696</MDI>
    </Metadata>
  </PAMRasterBand>
  <PAMRasterBand band="2">
    <Description>Band_2</Description>
    <Histograms>
      <HistItem>
        <HistMin>0.08574999868869781</HistMin>
        <HistMax>0.3622500002384186</HistMax>
        <BucketCount>256</BucketCount>
        <IncludeOutOfRange>1</IncludeOutOfRange>
        <Approximate>0</Approximate>
        <HistCounts>4|0|2|2|0|2|2|2|2|3|4|2|6|4|9|5|9|8|8|5|25|21|15|29|31|25|47|30|37|36|34|22|27|25|30|31|27|9|15|22|34|21|20|18|13|12|24|25|24|17|15|11|15|30|26|19|16|15|17|10|17|17|11|16|12|18|14|10|12|9|17|10|4|15|10|5|17|9|9|9|10|6|2|4|4|6|2|1|5|6|5|2|4|4|5|4|1|4|3|3|5|5|4|4|3|5|7|2|3|4|2|3|0|6|2|0|1|2|1|3|0|2|1|0|2|0|4|3|1|0|2|5|2|2|0|0|3|0|2|1|0|0|1|0|0|2|2|1|2|0|3|0|1|1|0|2|2|0|0|0|0|1|3|1|0|0|0|0|0|1|0|1|2|0|0|2|0|0|0|1|0|0|1|0|0|2|2|0|2|4|1|2|1|0|2|0|0|0|3|1|0|0|1|1|0|0|0|1|0|1|0|0|1|0|0|0|0|2|0|0|0|0|0|0|0|0|0|0|0|0|0|0|0|0|0|0|0|0|0|0|0|0|0|0|0|0|0|0|0|0|0|0|0|0|0|1</HistCounts>
      </HistItem>
    </Histograms>
    <Metadata>
      <MDI key="BandName">Band_2</MDI>
      <MDI key="RepresentationType">ATHEMATIC</MDI>
      <MDI key="STATISTICS_COVARIANCES">-0.0009731154326235459,0.001545811341050766,0.0009759808948865018</MDI>
      <MDI key="STATISTICS_EXCLUDEDVALUES"></MDI>
      <MDI key="STATISTICS_MAXIMUM">0.36225000023842</MDI>
      <MDI key="STATISTICS_MEAN">0.14514445945529</MDI>
      <MDI key="STATISTICS_MEDIAN">0.134544</MDI>
      <MDI key="STATISTICS_MINIMUM">0.085749998688698</MDI>
      <MDI key="STATISTICS_SKIPFACTORX">1</MDI>
      <MDI key="STATISTICS_SKIPFACTORY">1</MDI>
      <MDI key="STATISTICS_STDDEV">0.039316807360857</MDI>
    </Metadata>
  </PAMRasterBand>
  <PAMRasterBand band="3">
    <Description>Band_3</Description>
    <Histograms>
      <HistItem>
        <HistMin>0.1369999945163727</HistMin>
        <HistMax>0.3100000023841858</HistMax>
        <BucketCount>256</BucketCount>
        <IncludeOutOfRange>1</IncludeOutOfRange>
        <Approximate>0</Approximate>
        <HistCounts>1|0|4|0|0|0|0|3|0|2|2|2|8|0|4|4|4|1|10|10|7|20|24|27|20|46|43|30|36|34|35|18|36|24|23|38|23|23|16|23|26|9|31|15|21|14|17|23|17|17|12|19|17|8|27|9|17|12|12|15|15|18|10|20|13|3|7|19|16|5|13|15|3|5|17|14|11|14|6|11|8|5|7|4|10|7|11|2|12|6|6|4|9|2|8|4|4|3|8|5|1|0|2|3|0|11|10|5|1|7|6|2|4|8|8|2|1|4|0|2|2|3|1|4|2|2|1|1|0|1|0|1|0|2|3|3|1|1|1|0|2|1|2|0|2|1|0|2|1|0|2|3|1|0|1|1|0|0|2|1|4|2|0|0|0|2|1|0|0|0|2|0|0|0|0|0|2|2|0|1|3|0|3|3|4|0|0|1|0|0|2|0|0|1|0|0|0|0|0|1|0|2|0|2|0|0|0|1|0|0|0|0|1|0|1|2|0|0|0|0|0|0|0|0|0|0|0|0|0|0|0|0|0|0|0|0|0|0|0|0|0|0|0|0|0|0|0|0|0|0|0|0|0|0|0|1</HistCounts>
      </HistItem>
    </Histograms>
    <Metadata>
      <MDI key="BandName">Band_3</MDI>
      <MDI key="RepresentationType">ATHEMATIC</MDI>
      <MDI key="STATISTICS_COVARIANCES">-0.0005430935155341656,0.0009759808948865018,0.0006326980758238356</MDI>
      <MDI key="STATISTICS_EXCLUDEDVALUES"></MDI>
      <MDI key="STATISTICS_MAXIMUM">0.31000000238419</MDI>
      <MDI key="STATISTICS_MEAN">0.17615329700615</MDI>
      <MDI key="STATISTICS_MEDIAN">0.168886</MDI>
      <MDI key="STATISTICS_MINIMUM">0.13699999451637</MDI>
      <MDI key="STATISTICS_SKIPFACTORX">1</MDI>
      <MDI key="STATISTICS_SKIPFACTORY">1</MDI>
      <MDI key="STATISTICS_STDDEV">0.025153490330843</MDI>
    </Metadata>
  </PAMRasterBand>
</PAMDataset>
