<PAMDataset>
  <Metadata>
    <MDI key="DataType">Generic</MDI>
  </Metadata>
  <PAMRasterBand band="1">
    <Description>Band_1</Description>
    <Histograms>
      <HistItem>
        <HistMin>0.7799999713897705</HistMin>
        <HistMax>0.9451851844787598</HistMax>
        <BucketCount>256</BucketCount>
        <IncludeOutOfRange>1</IncludeOutOfRange>
        <Approximate>0</Approximate>
        <HistCounts>1|0|0|0|0|0|0|0|0|0|0|0|0|0|0|0|0|0|0|0|0|0|0|0|0|0|0|0|0|0|0|0|0|0|0|0|0|0|0|0|0|0|0|0|0|0|0|0|0|0|0|0|0|0|0|0|0|0|0|0|1|0|0|0|0|0|0|0|0|0|0|0|0|0|0|0|0|0|0|0|0|0|0|0|0|0|0|0|0|0|0|0|0|0|1|0|0|0|0|0|0|0|0|0|0|0|0|0|0|0|0|0|0|0|0|0|0|0|0|0|0|0|0|0|0|0|0|0|0|0|2|0|0|0|0|0|0|0|0|0|0|0|0|0|0|0|0|2|1|1|0|0|0|3|0|0|0|0|0|0|0|0|0|0|0|0|2|0|1|1|0|2|0|0|0|0|0|0|0|0|0|0|2|0|0|0|0|1|0|0|0|0|0|0|0|0|1|0|1|1|1|0|0|0|0|0|0|0|0|0|0|0|0|0|0|0|3|1|1|2|2|2|6|8|4|4|4|6|7|3|10|26|17|22|39|34|29|48|38|49|40|67|61|70|105|80|98|69|53|45|34|8|6|2|5|1</HistCounts>
      </HistItem>
    </Histograms>
    <Metadata>
      <MDI key="BandName">Band_1</MDI>
      <MDI key="RepresentationType">ATHEMATIC</MDI>
      <MDI key="STATISTICS_COVARIANCES">0.0001066441275208445,-0.0003030075831774238,-0.0001929338226426508</MDI>
      <MDI key="STATISTICS_EXCLUDEDVALUES"></MDI>
      <MDI key="STATISTICS_MAXIMUM">0.94518518447876</MDI>
      <MDI key="STATISTICS_MEAN">0.93538149886451</MDI>
      <MDI key="STATISTICS_MEDIAN">0.937412</MDI>
      <MDI key="STATISTICS_MINIMUM">0.77999997138977</MDI>
      <MDI key="STATISTICS_SKIPFACTORX">1</MDI>
      <MDI key="STATISTICS_SKIPFACTORY">1</MDI>
      <MDI key="STATISTICS_STDDEV">0.010326864360533</MDI>
    </Metadata>
  </PAMRasterBand>
  <PAMRasterBand band="2">
    <Description>Band_2</Description>
    <Histograms>
      <HistItem>
        <HistMin>0.03474999964237213</HistMin>
        <HistMax>0.3137499988079071</HistMax>
        <BucketCount>256</BucketCount>
        <IncludeOutOfRange>1</IncludeOutOfRange>
        <Approximate>0</Approximate>
        <HistCounts>4|1|10|15|23|37|37|52|39|69|63|38|57|57|53|66|50|63|24|36|17|21|19|21|17|11|11|10|5|2|7|2|9|4|7|3|3|1|0|4|7|0|2|0|2|2|3|1|3|1|0|0|2|3|3|0|0|2|0|0|1|3|1|1|2|3|0|0|1|0|1|1|1|2|1|0|2|0|3|3|0|1|1|3|7|3|1|2|0|2|5|4|0|0|2|1|1|0|0|1|4|0|1|1|4|2|2|0|0|3|0|2|0|0|2|0|0|2|0|3|0|2|1|0|0|0|2|0|0|0|0|0|0|0|2|0|0|0|1|1|1|0|0|0|1|0|0|0|0|0|0|1|0|0|0|0|1|0|0|1|0|1|0|0|0|1|0|1|1|1|0|0|0|0|0|1|0|0|2|0|5|0|0|0|0|1|0|2|0|0|0|1|0|2|0|0|1|0|0|0|0|1|1|0|0|2|0|0|0|2|0|0|0|0|1|0|0|1|0|0|0|0|1|0|0|0|0|0|0|0|0|0|0|0|2|1|0|0|0|0|0|0|0|0|0|0|1|0|0|0|0|0|0|0|0|2</HistCounts>
      </HistItem>
    </Histograms>
    <Metadata>
      <MDI key="BandName">Band_2</MDI>
      <MDI key="RepresentationType">ATHEMATIC</MDI>
      <MDI key="STATISTICS_COVARIANCES">-0.0003030075831774238,0.001892305224354932,0.001212906891104389</MDI>
      <MDI key="STATISTICS_EXCLUDEDVALUES"></MDI>
      <MDI key="STATISTICS_MAXIMUM">0.31374999880791</MDI>
      <MDI key="STATISTICS_MEAN">0.065613536141169</MDI>
      <MDI key="STATISTICS_MEDIAN">0.051162</MDI>
      <MDI key="STATISTICS_MINIMUM">0.034749999642372</MDI>
      <MDI key="STATISTICS_SKIPFACTORX">1</MDI>
      <MDI key="STATISTICS_SKIPFACTORY">1</MDI>
      <MDI key="STATISTICS_STDDEV">0.043500634758069</MDI>
    </Metadata>
  </PAMRasterBand>
  <PAMRasterBand band="3">
    <Description>Band_3</Description>
    <Histograms>
      <HistItem>
        <HistMin>0.08425000309944153</HistMin>
        <HistMax>0.2899999916553497</HistMax>
        <BucketCount>256</BucketCount>
        <IncludeOutOfRange>1</IncludeOutOfRange>
        <Approximate>0</Approximate>
        <HistCounts>2|0|2|0|1|3|4|4|6|2|6|4|8|12|9|15|19|16|28|19|34|24|20|32|30|31|38|29|23|27|57|35|39|36|37|49|35|31|17|35|17|13|15|16|12|10|12|12|7|8|9|8|3|4|5|3|5|3|3|2|6|1|3|1|1|5|1|2|0|1|1|1|3|0|1|5|1|0|2|3|0|0|1|9|0|2|0|5|0|7|1|0|2|6|2|0|3|0|1|6|1|3|0|0|0|1|0|1|1|0|4|1|2|1|0|3|2|0|0|0|0|1|0|0|0|0|0|0|0|0|2|0|1|0|0|0|0|0|0|0|2|1|0|2|0|0|0|0|0|0|0|0|1|0|0|0|0|1|0|0|0|0|1|0|0|2|1|0|0|1|0|1|2|0|0|1|0|0|0|0|0|0|0|0|0|0|0|2|0|0|0|2|0|1|3|2|0|0|1|0|1|0|1|1|0|0|0|0|0|0|1|1|1|1|0|0|0|0|0|2|0|0|0|0|0|0|1|0|0|0|0|2|0|0|0|0|0|0|0|0|0|0|0|0|0|0|0|0|0|0|0|0|0|0|0|2</HistCounts>
      </HistItem>
    </Histograms>
    <Metadata>
      <MDI key="BandName">Band_3</MDI>
      <MDI key="RepresentationType">ATHEMATIC</MDI>
      <MDI key="STATISTICS_COVARIANCES">-0.0001929338226426508,0.001212906891104389,0.0008173912611118342</MDI>
      <MDI key="STATISTICS_EXCLUDEDVALUES"></MDI>
      <MDI key="STATISTICS_MAXIMUM">0.28999999165535</MDI>
      <MDI key="STATISTICS_MEAN">0.11797354493875</MDI>
      <MDI key="STATISTICS_MEDIAN">0.110070</MDI>
      <MDI key="STATISTICS_MINIMUM">0.084250003099442</MDI>
      <MDI key="STATISTICS_SKIPFACTORX">1</MDI>
      <MDI key="STATISTICS_SKIPFACTORY">1</MDI>
      <MDI key="STATISTICS_STDDEV">0.028590055283469</MDI>
    </Metadata>
  </PAMRasterBand>
</PAMDataset>
