<PAMDataset>
  <Metadata>
    <MDI key="DataType">Generic</MDI>
  </Metadata>
  <PAMRasterBand band="1">
    <Description>Band_1</Description>
    <Histograms>
      <HistItem>
        <HistMin>0.6002500057220459</HistMin>
        <HistMax>0.9457407593727112</HistMax>
        <BucketCount>256</BucketCount>
        <IncludeOutOfRange>1</IncludeOutOfRange>
        <Approximate>0</Approximate>
        <HistCounts>1|0|0|0|0|0|0|0|0|0|0|0|0|1|0|0|0|0|0|0|0|0|0|0|0|0|0|0|0|0|1|0|0|0|1|0|0|1|0|0|0|0|0|0|0|1|1|0|0|1|0|0|1|0|0|0|0|0|1|0|0|0|0|0|0|0|0|0|0|0|0|0|0|0|0|0|0|0|1|0|0|0|0|0|0|0|0|0|0|0|0|0|0|0|0|0|0|0|0|0|0|0|0|0|0|0|0|0|0|0|0|0|0|0|0|0|0|0|0|0|0|0|0|0|0|0|0|0|0|0|0|0|0|0|0|0|0|0|0|0|0|0|0|0|0|0|0|0|0|0|0|0|0|0|0|0|0|0|0|0|0|0|1|0|0|0|0|0|0|1|0|0|0|0|0|0|0|1|1|2|0|0|1|0|1|0|0|0|1|0|2|0|1|1|2|0|0|0|1|2|0|4|1|2|1|1|0|0|0|0|1|0|0|0|2|1|0|2|1|0|0|0|0|1|0|0|4|3|2|1|0|0|0|2|3|0|19|32|51|78|140|157|93|38|44|27|10|14|10|10|6|6|0|1|0|1</HistCounts>
      </HistItem>
    </Histograms>
    <Metadata>
      <MDI key="BandName">Band_1</MDI>
      <MDI key="RepresentationType">ATHEMATIC</MDI>
      <MDI key="STATISTICS_COVARIANCES">0.001184037290018777,-0.0009539503596667874,-0.0004966837082407077</MDI>
      <MDI key="STATISTICS_EXCLUDEDVALUES"></MDI>
      <MDI key="STATISTICS_MAXIMUM">0.94574075937271</MDI>
      <MDI key="STATISTICS_MEAN">0.92103280242822</MDI>
      <MDI key="STATISTICS_MEDIAN">0.926773</MDI>
      <MDI key="STATISTICS_MINIMUM">0.60025000572205</MDI>
      <MDI key="STATISTICS_SKIPFACTORX">1</MDI>
      <MDI key="STATISTICS_SKIPFACTORY">1</MDI>
      <MDI key="STATISTICS_STDDEV">0.034409842923483</MDI>
    </Metadata>
  </PAMRasterBand>
  <PAMRasterBand band="2">
    <Description>Band_2</Description>
    <Histograms>
      <HistItem>
        <HistMin>0.02749999985098839</HistMin>
        <HistMax>0.3650000095367432</HistMax>
        <BucketCount>256</BucketCount>
        <IncludeOutOfRange>1</IncludeOutOfRange>
        <Approximate>0</Approximate>
        <HistCounts>2|3|6|7|8|8|7|7|14|5|16|8|9|9|8|6|18|15|8|10|28|19|22|26|18|19|21|14|19|25|21|19|14|9|16|7|13|23|9|17|12|6|20|12|13|15|10|19|5|8|10|16|2|8|6|5|3|5|1|1|1|1|2|2|4|2|0|1|0|0|0|0|2|1|3|0|0|0|1|0|1|4|0|0|0|0|0|1|4|0|2|2|0|1|0|1|1|0|1|1|1|2|3|0|0|0|0|0|1|0|2|0|0|0|1|1|0|0|1|0|1|0|0|1|2|1|0|0|0|0|1|2|2|3|0|0|1|0|0|0|0|0|0|0|2|0|0|2|0|1|0|3|0|0|0|0|0|0|0|0|0|0|1|0|0|0|0|1|0|0|1|0|0|0|0|0|2|0|0|0|0|0|0|1|0|1|0|0|0|0|1|0|0|0|0|1|0|0|0|0|1|1|0|0|2|0|1|0|0|0|0|0|0|0|0|0|0|0|0|0|0|0|0|0|0|0|0|0|0|0|0|0|0|0|0|0|0|0|0|0|0|0|0|0|0|0|0|0|0|0|0|0|0|0|0|1</HistCounts>
      </HistItem>
    </Histograms>
    <Metadata>
      <MDI key="BandName">Band_2</MDI>
      <MDI key="RepresentationType">ATHEMATIC</MDI>
      <MDI key="STATISTICS_COVARIANCES">-0.0009539503596667874,0.001963451127661067,0.001188771594464068</MDI>
      <MDI key="STATISTICS_EXCLUDEDVALUES"></MDI>
      <MDI key="STATISTICS_MAXIMUM">0.36500000953674</MDI>
      <MDI key="STATISTICS_MEAN">0.078927318304124</MDI>
      <MDI key="STATISTICS_MEDIAN">0.067206</MDI>
      <MDI key="STATISTICS_MINIMUM">0.027499999850988</MDI>
      <MDI key="STATISTICS_SKIPFACTORX">1</MDI>
      <MDI key="STATISTICS_SKIPFACTORY">1</MDI>
      <MDI key="STATISTICS_STDDEV">0.044310846614131</MDI>
    </Metadata>
  </PAMRasterBand>
  <PAMRasterBand band="3">
    <Description>Band_3</Description>
    <Histograms>
      <HistItem>
        <HistMin>0.08574999868869781</HistMin>
        <HistMax>0.3459999859333038</HistMax>
        <BucketCount>256</BucketCount>
        <IncludeOutOfRange>1</IncludeOutOfRange>
        <Approximate>0</Approximate>
        <HistCounts>1|0|0|2|3|3|5|5|9|9|11|13|17|8|9|21|26|17|24|18|25|17|30|21|21|12|18|24|23|13|12|19|9|10|23|12|24|21|9|10|17|14|5|14|12|5|11|17|8|4|12|8|11|1|9|2|1|3|2|3|4|5|2|4|0|1|2|0|1|1|0|1|1|3|1|0|3|1|0|0|2|2|0|1|3|4|0|1|0|0|0|0|0|0|1|3|0|0|0|0|3|1|1|1|0|0|0|0|0|1|4|0|0|3|0|0|1|2|0|0|0|0|1|1|2|0|3|0|0|0|0|0|1|0|0|0|1|0|2|0|0|0|1|0|1|2|0|2|0|1|0|1|0|0|1|0|0|0|0|0|0|0|0|0|0|0|0|0|0|0|0|0|0|0|0|0|0|0|0|0|0|0|0|0|0|0|0|0|0|0|0|0|0|0|0|0|0|0|0|0|0|0|0|0|0|0|0|0|0|0|0|0|0|0|0|0|0|0|0|0|0|0|0|0|0|0|0|0|0|0|0|0|0|0|0|0|0|0|0|0|0|0|0|0|0|0|0|0|0|0|0|0|0|0|0|1</HistCounts>
      </HistItem>
    </Histograms>
    <Metadata>
      <MDI key="BandName">Band_3</MDI>
      <MDI key="RepresentationType">ATHEMATIC</MDI>
      <MDI key="STATISTICS_COVARIANCES">-0.0004966837082407077,0.001188771594464068,0.0007508191105241431</MDI>
      <MDI key="STATISTICS_EXCLUDEDVALUES"></MDI>
      <MDI key="STATISTICS_MAXIMUM">0.3459999859333</MDI>
      <MDI key="STATISTICS_MEAN">0.12278038871131</MDI>
      <MDI key="STATISTICS_MEDIAN">0.115347</MDI>
      <MDI key="STATISTICS_MINIMUM">0.085749998688698</MDI>
      <MDI key="STATISTICS_SKIPFACTORX">1</MDI>
      <MDI key="STATISTICS_SKIPFACTORY">1</MDI>
      <MDI key="STATISTICS_STDDEV">0.027401078637969</MDI>
    </Metadata>
  </PAMRasterBand>
</PAMDataset>
