<PAMDataset>
  <Metadata>
    <MDI key="DataType">Generic</MDI>
  </Metadata>
  <PAMRasterBand band="1">
    <Description>Band_1</Description>
    <Histograms>
      <HistItem>
        <HistMin>0.862500011920929</HistMin>
        <HistMax>0.945555567741394</HistMax>
        <BucketCount>256</BucketCount>
        <IncludeOutOfRange>1</IncludeOutOfRange>
        <Approximate>0</Approximate>
        <HistCounts>2|0|0|0|0|0|0|0|0|0|0|0|0|0|0|0|0|0|0|0|0|0|1|0|0|0|0|0|0|0|0|0|0|0|0|0|0|0|0|0|0|0|0|0|0|0|0|1|0|0|0|0|0|0|0|0|0|0|0|0|0|0|0|0|0|0|0|0|0|0|0|0|0|0|0|0|0|0|0|0|0|0|0|0|0|0|0|0|0|0|0|0|0|0|0|2|0|1|0|0|0|0|0|0|0|0|0|0|0|0|0|0|0|0|0|0|0|0|0|0|0|0|1|0|0|0|0|0|0|0|0|2|0|0|0|1|0|0|0|0|2|0|0|0|0|0|0|0|0|0|0|0|0|0|0|0|0|0|0|0|0|0|0|1|0|0|0|0|0|0|0|1|0|0|1|0|1|5|5|6|2|7|16|19|9|12|15|17|9|21|26|12|32|34|33|35|26|22|31|26|40|24|38|17|33|14|13|17|31|7|19|18|20|12|16|15|11|17|17|15|16|15|13|12|15|12|13|13|10|8|8|15|8|3|7|7|5|2|11|6|5|4|3|2|2|0|2|1|1|2|0|0|0|0|0|2</HistCounts>
      </HistItem>
    </Histograms>
    <Metadata>
      <MDI key="BandName">Band_1</MDI>
      <MDI key="RepresentationType">ATHEMATIC</MDI>
      <MDI key="STATISTICS_COVARIANCES">4.753744088097143e-05,-0.0001016299108645853,-5.405587611286753e-05</MDI>
      <MDI key="STATISTICS_EXCLUDEDVALUES"></MDI>
      <MDI key="STATISTICS_MAXIMUM">0.94555556774139</MDI>
      <MDI key="STATISTICS_MEAN">0.92916960112284</MDI>
      <MDI key="STATISTICS_MEDIAN">0.928293</MDI>
      <MDI key="STATISTICS_MINIMUM">0.86250001192093</MDI>
      <MDI key="STATISTICS_SKIPFACTORX">1</MDI>
      <MDI key="STATISTICS_SKIPFACTORY">1</MDI>
      <MDI key="STATISTICS_STDDEV">0.0068947400879925</MDI>
    </Metadata>
  </PAMRasterBand>
  <PAMRasterBand band="2">
    <Description>Band_2</Description>
    <Histograms>
      <HistItem>
        <HistMin>0.03700000047683716</HistMin>
        <HistMax>0.2932499945163727</HistMax>
        <BucketCount>256</BucketCount>
        <IncludeOutOfRange>1</IncludeOutOfRange>
        <Approximate>0</Approximate>
        <HistCounts>2|0|3|9|1|8|2|1|9|3|2|3|5|2|8|5|5|4|4|1|6|14|14|13|25|23|9|16|23|34|20|30|28|25|19|24|22|26|23|10|15|27|23|19|13|19|21|14|17|9|22|15|19|24|18|14|16|8|13|12|15|14|7|7|10|14|6|8|10|12|13|6|4|7|2|1|1|3|5|2|1|2|7|1|0|2|5|0|6|6|2|1|2|0|0|2|1|5|0|1|1|0|0|2|0|1|0|0|4|1|1|0|0|1|0|0|1|0|0|2|0|0|0|1|0|1|0|1|1|0|0|2|0|0|0|0|0|0|0|0|0|0|0|0|0|1|0|3|0|0|0|0|0|0|0|1|0|0|2|2|0|0|0|0|0|0|0|0|1|0|0|1|0|1|2|0|0|0|0|0|0|0|0|0|0|0|0|0|0|1|0|0|0|0|0|0|0|1|0|0|0|0|0|1|0|0|0|0|0|0|0|0|0|0|0|0|0|0|0|0|3|0|0|0|0|0|0|0|0|0|0|0|0|0|1|0|0|0|0|0|0|0|1|0|0|0|0|0|0|0|0|0|0|0|1|1</HistCounts>
      </HistItem>
    </Histograms>
    <Metadata>
      <MDI key="BandName">Band_2</MDI>
      <MDI key="RepresentationType">ATHEMATIC</MDI>
      <MDI key="STATISTICS_COVARIANCES">-0.0001016299108645853,0.0009293443930414549,0.0006410084635063777</MDI>
      <MDI key="STATISTICS_EXCLUDEDVALUES"></MDI>
      <MDI key="STATISTICS_MAXIMUM">0.29324999451637</MDI>
      <MDI key="STATISTICS_MEAN">0.08513828263436</MDI>
      <MDI key="STATISTICS_MEDIAN">0.079206</MDI>
      <MDI key="STATISTICS_MINIMUM">0.037000000476837</MDI>
      <MDI key="STATISTICS_SKIPFACTORX">1</MDI>
      <MDI key="STATISTICS_SKIPFACTORY">1</MDI>
      <MDI key="STATISTICS_STDDEV">0.030485150369343</MDI>
    </Metadata>
  </PAMRasterBand>
  <PAMRasterBand band="3">
    <Description>Band_3</Description>
    <Histograms>
      <HistItem>
        <HistMin>0.09200000017881393</HistMin>
        <HistMax>0.2822499871253967</HistMax>
        <BucketCount>256</BucketCount>
        <IncludeOutOfRange>1</IncludeOutOfRange>
        <Approximate>0</Approximate>
        <HistCounts>1|4|1|1|0|2|3|6|6|5|2|0|3|2|2|2|6|10|2|5|8|2|8|11|15|12|8|13|28|18|16|9|15|14|16|28|16|19|20|30|30|22|24|15|25|20|28|18|19|21|24|24|11|8|11|21|12|21|21|14|14|11|12|6|14|21|7|12|6|22|5|6|16|9|8|2|6|2|9|9|5|9|5|5|1|2|4|2|2|1|4|3|2|0|2|1|1|2|0|2|0|0|1|3|0|1|0|1|0|2|2|0|0|0|0|2|1|1|0|0|0|2|0|1|2|2|0|0|0|0|0|2|0|0|0|0|0|0|1|2|1|0|0|0|2|0|0|0|0|0|0|0|1|0|0|0|0|0|0|0|0|0|0|0|0|0|0|0|0|1|1|1|0|2|0|0|0|0|0|0|0|1|0|0|1|0|0|0|0|0|0|0|0|1|0|0|2|0|0|0|1|1|0|0|0|0|0|0|0|0|0|0|0|0|0|0|0|0|0|0|0|0|0|0|0|0|0|1|0|0|0|1|0|0|0|0|0|0|0|0|0|0|0|0|0|0|0|0|0|0|0|1|0|0|0|1</HistCounts>
      </HistItem>
    </Histograms>
    <Metadata>
      <MDI key="BandName">Band_3</MDI>
      <MDI key="RepresentationType">ATHEMATIC</MDI>
      <MDI key="STATISTICS_COVARIANCES">-5.405587611286753e-05,0.0006410084635063777,0.0004703324290161023</MDI>
      <MDI key="STATISTICS_EXCLUDEDVALUES"></MDI>
      <MDI key="STATISTICS_MAXIMUM">0.2822499871254</MDI>
      <MDI key="STATISTICS_MEAN">0.13063780834768</MDI>
      <MDI key="STATISTICS_MEDIAN">0.126320</MDI>
      <MDI key="STATISTICS_MINIMUM">0.092000000178814</MDI>
      <MDI key="STATISTICS_SKIPFACTORX">1</MDI>
      <MDI key="STATISTICS_SKIPFACTORY">1</MDI>
      <MDI key="STATISTICS_STDDEV">0.021687148937011</MDI>
    </Metadata>
  </PAMRasterBand>
</PAMDataset>
