<PAMDataset>
  <Metadata>
    <MDI key="DataType">Generic</MDI>
  </Metadata>
  <PAMRasterBand band="1">
    <Description>Band_1</Description>
    <Histograms>
      <HistItem>
        <HistMin>0.5554999709129333</HistMin>
        <HistMax>0.9392592310905457</HistMax>
        <BucketCount>256</BucketCount>
        <IncludeOutOfRange>1</IncludeOutOfRange>
        <Approximate>0</Approximate>
        <HistCounts>1|0|0|0|0|0|0|0|0|0|0|0|1|0|0|0|0|0|0|0|1|0|0|0|0|0|0|0|0|1|0|0|0|0|0|0|0|0|0|0|0|0|0|0|0|0|0|0|0|0|0|0|0|0|0|0|0|0|0|0|0|0|0|0|0|0|0|0|0|0|0|0|0|2|0|0|0|0|0|0|1|0|0|0|1|4|0|0|0|0|0|0|1|0|0|0|1|0|0|1|1|0|0|1|0|0|0|0|1|0|1|0|0|0|1|0|0|1|0|0|0|0|1|0|0|2|0|0|0|0|0|0|0|0|0|0|0|0|0|0|0|0|1|0|0|0|0|0|0|0|0|0|0|0|0|0|0|0|0|0|0|0|0|0|0|0|0|0|0|1|0|0|2|0|0|1|1|0|0|0|0|0|0|0|0|0|0|0|0|1|0|0|0|0|1|0|0|0|0|0|1|7|2|2|2|0|1|0|1|2|3|0|0|3|6|6|4|4|7|5|6|2|1|8|8|14|6|9|14|21|6|7|12|14|9|18|8|10|15|31|16|25|207|347|235|136|89|51|49|28|17|24|8|4|3|2</HistCounts>
      </HistItem>
    </Histograms>
    <Metadata>
      <MDI key="BandName">Band_1</MDI>
      <MDI key="RepresentationType">ATHEMATIC</MDI>
      <MDI key="STATISTICS_COVARIANCES">0.001086586270442704,-0.0004539313493680451,-0.0002465229522182121</MDI>
      <MDI key="STATISTICS_EXCLUDEDVALUES"></MDI>
      <MDI key="STATISTICS_MAXIMUM">0.93925923109055</MDI>
      <MDI key="STATISTICS_MEAN">0.91508948286991</MDI>
      <MDI key="STATISTICS_MEDIAN">0.921200</MDI>
      <MDI key="STATISTICS_MINIMUM">0.55549997091293</MDI>
      <MDI key="STATISTICS_SKIPFACTORX">1</MDI>
      <MDI key="STATISTICS_SKIPFACTORY">1</MDI>
      <MDI key="STATISTICS_STDDEV">0.032963408052607</MDI>
    </Metadata>
  </PAMRasterBand>
  <PAMRasterBand band="2">
    <Description>Band_2</Description>
    <Histograms>
      <HistItem>
        <HistMin>0.0430000014603138</HistMin>
        <HistMax>0.3472500145435333</HistMax>
        <BucketCount>256</BucketCount>
        <IncludeOutOfRange>1</IncludeOutOfRange>
        <Approximate>0</Approximate>
        <HistCounts>3|5|3|18|18|23|40|34|45|51|43|53|60|53|79|44|60|51|54|38|42|30|68|57|61|49|47|43|34|31|25|22|17|25|25|18|18|12|14|8|8|10|9|9|6|4|4|4|1|4|5|1|0|0|3|0|3|3|3|1|2|1|0|0|0|4|0|2|0|0|2|2|2|0|1|0|1|0|0|2|0|0|0|0|0|1|0|2|1|0|0|0|0|0|1|0|0|0|0|1|0|2|2|0|0|0|0|0|0|0|0|0|1|0|0|0|0|1|0|0|0|1|1|1|1|0|1|2|1|0|0|0|0|1|0|1|1|1|0|0|1|0|0|0|0|0|0|1|0|0|0|0|0|0|0|0|0|0|0|0|0|0|0|0|1|0|0|0|0|1|0|0|0|0|0|0|0|0|0|0|0|0|0|0|0|0|0|0|0|0|0|0|0|0|0|0|0|0|0|0|0|0|0|0|0|0|0|0|0|0|0|0|0|0|0|0|0|0|0|0|0|0|0|0|0|0|0|0|0|0|0|0|0|0|0|0|0|0|0|0|0|0|0|0|0|0|0|0|0|0|0|0|0|0|0|2</HistCounts>
      </HistItem>
    </Histograms>
    <Metadata>
      <MDI key="BandName">Band_2</MDI>
      <MDI key="RepresentationType">ATHEMATIC</MDI>
      <MDI key="STATISTICS_COVARIANCES">-0.0004539313493680451,0.0005521520322101408,0.0003624237303092885</MDI>
      <MDI key="STATISTICS_EXCLUDEDVALUES"></MDI>
      <MDI key="STATISTICS_MAXIMUM">0.34725001454353</MDI>
      <MDI key="STATISTICS_MEAN">0.070913275179167</MDI>
      <MDI key="STATISTICS_MEDIAN">0.065670</MDI>
      <MDI key="STATISTICS_MINIMUM">0.043000001460314</MDI>
      <MDI key="STATISTICS_SKIPFACTORX">1</MDI>
      <MDI key="STATISTICS_SKIPFACTORY">1</MDI>
      <MDI key="STATISTICS_STDDEV">0.023497915486488</MDI>
    </Metadata>
  </PAMRasterBand>
  <PAMRasterBand band="3">
    <Description>Band_3</Description>
    <Histograms>
      <HistItem>
        <HistMin>0.09049999713897705</HistMin>
        <HistMax>0.2989999949932098</HistMax>
        <BucketCount>256</BucketCount>
        <IncludeOutOfRange>1</IncludeOutOfRange>
        <Approximate>0</Approximate>
        <HistCounts>8|7|3|12|13|19|18|35|39|41|40|56|50|42|70|29|67|43|71|43|43|35|55|53|39|46|36|37|35|43|34|33|33|26|27|25|24|11|24|6|17|10|14|13|8|9|5|8|8|4|5|6|3|7|0|3|1|3|2|1|0|2|0|0|3|0|1|0|0|0|0|2|0|1|1|0|0|3|0|4|3|0|1|0|0|0|2|1|1|0|0|0|0|0|0|0|0|0|0|0|0|1|2|1|0|0|0|0|1|1|0|1|4|2|1|1|1|0|0|0|0|0|0|1|1|0|1|0|0|1|0|0|0|0|0|0|0|0|0|0|0|0|0|0|0|0|0|0|1|0|1|0|0|0|0|0|0|0|0|0|0|0|0|0|0|0|0|0|0|0|0|0|0|0|0|0|0|1|0|0|0|0|0|0|0|0|0|0|0|0|0|0|0|0|0|0|0|0|0|0|0|0|0|0|0|0|0|0|0|0|0|0|0|0|0|0|0|0|0|0|0|0|0|0|0|0|0|0|0|0|0|0|0|0|0|0|0|0|0|0|0|0|0|0|0|0|0|0|0|0|0|0|0|0|0|2</HistCounts>
      </HistItem>
    </Histograms>
    <Metadata>
      <MDI key="BandName">Band_3</MDI>
      <MDI key="RepresentationType">ATHEMATIC</MDI>
      <MDI key="STATISTICS_COVARIANCES">-0.0002465229522182121,0.0003624237303092885,0.0002549774477088366</MDI>
      <MDI key="STATISTICS_EXCLUDEDVALUES"></MDI>
      <MDI key="STATISTICS_MAXIMUM">0.29899999499321</MDI>
      <MDI key="STATISTICS_MEAN">0.1110331073105</MDI>
      <MDI key="STATISTICS_MEDIAN">0.107671</MDI>
      <MDI key="STATISTICS_MINIMUM">0.090499997138977</MDI>
      <MDI key="STATISTICS_SKIPFACTORX">1</MDI>
      <MDI key="STATISTICS_SKIPFACTORY">1</MDI>
      <MDI key="STATISTICS_STDDEV">0.015968013267431</MDI>
    </Metadata>
  </PAMRasterBand>
</PAMDataset>
