<PAMDataset>
  <Metadata>
    <MDI key="DataType">Generic</MDI>
  </Metadata>
  <PAMRasterBand band="1">
    <Description>Band_1</Description>
    <Histograms>
      <HistItem>
        <HistMin>0.6322500109672546</HistMin>
        <HistMax>0.9284259080886841</HistMax>
        <BucketCount>256</BucketCount>
        <IncludeOutOfRange>1</IncludeOutOfRange>
        <Approximate>0</Approximate>
        <HistCounts>1|0|1|0|0|1|0|0|1|0|0|0|0|0|0|1|0|0|3|0|0|0|0|0|0|0|1|0|2|2|1|0|0|0|2|0|0|0|0|0|3|0|2|2|2|0|0|0|2|5|0|0|1|3|1|4|0|2|2|4|0|0|4|3|2|1|1|3|4|0|0|4|1|3|0|2|2|1|3|1|2|1|0|0|2|2|1|1|3|0|0|2|1|1|5|2|1|3|5|4|6|0|1|6|7|1|5|3|2|3|9|8|2|11|4|2|7|7|11|11|6|10|6|5|16|3|6|5|8|8|15|9|5|16|9|6|8|16|12|10|11|10|21|13|20|17|9|4|16|16|15|16|6|12|14|8|13|15|10|18|8|11|11|9|13|12|14|16|6|12|11|14|10|17|11|12|20|10|16|20|10|12|21|11|25|8|6|17|19|11|10|8|11|14|15|7|21|12|17|11|17|15|19|7|23|7|12|14|14|5|13|6|13|14|4|8|11|14|6|8|6|9|8|8|9|10|10|7|6|2|8|2|8|6|5|9|7|4|9|13|3|9|6|10|3|7|3|26|85|58|54|37|13|5|4|2</HistCounts>
      </HistItem>
    </Histograms>
    <Metadata>
      <MDI key="BandName">Band_1</MDI>
      <MDI key="RepresentationType">ATHEMATIC</MDI>
      <MDI key="STATISTICS_COVARIANCES">0.003587493334923141,-0.0009053352661865994,-0.0003977620016481975</MDI>
      <MDI key="STATISTICS_EXCLUDEDVALUES"></MDI>
      <MDI key="STATISTICS_MAXIMUM">0.92842590808868</MDI>
      <MDI key="STATISTICS_MEAN">0.8406447320151</MDI>
      <MDI key="STATISTICS_MEDIAN">0.842477</MDI>
      <MDI key="STATISTICS_MINIMUM">0.63225001096725</MDI>
      <MDI key="STATISTICS_SKIPFACTORX">1</MDI>
      <MDI key="STATISTICS_SKIPFACTORY">1</MDI>
      <MDI key="STATISTICS_STDDEV">0.059895687114542</MDI>
    </Metadata>
  </PAMRasterBand>
  <PAMRasterBand band="2">
    <Description>Band_2</Description>
    <Histograms>
      <HistItem>
        <HistMin>0.09350000321865082</HistMin>
        <HistMax>0.3499999940395355</HistMax>
        <BucketCount>256</BucketCount>
        <IncludeOutOfRange>1</IncludeOutOfRange>
        <Approximate>0</Approximate>
        <HistCounts>1|2|2|2|2|2|5|5|16|19|26|25|24|21|28|27|18|20|14|26|13|19|9|13|8|14|10|11|11|6|12|5|7|10|10|7|12|10|2|7|13|2|14|14|18|8|14|17|13|14|19|21|17|23|22|31|25|40|16|26|28|24|38|27|16|21|32|29|32|44|34|41|30|21|30|31|27|15|22|29|27|19|22|13|22|18|21|12|8|17|11|8|14|10|8|10|13|9|10|6|8|6|4|6|7|13|9|6|3|5|1|4|5|3|2|4|5|1|3|4|4|3|4|0|1|4|4|3|2|0|2|2|1|2|3|0|0|1|0|1|1|2|0|1|0|2|0|2|0|0|0|0|0|2|2|1|1|4|1|2|2|0|1|0|0|0|0|0|0|2|0|2|3|2|1|0|0|2|4|1|0|0|0|0|1|2|0|1|0|2|0|0|0|1|0|0|0|0|0|0|1|0|0|0|0|0|0|0|1|0|0|0|1|1|0|0|0|1|0|0|0|1|0|0|0|0|0|0|0|0|0|1|0|0|0|0|0|0|0|0|0|0|0|0|0|0|0|0|0|0|0|0|0|0|0|1</HistCounts>
      </HistItem>
    </Histograms>
    <Metadata>
      <MDI key="BandName">Band_2</MDI>
      <MDI key="RepresentationType">ATHEMATIC</MDI>
      <MDI key="STATISTICS_COVARIANCES">-0.0009053352661865994,0.001233283339722584,0.0007323094846726592</MDI>
      <MDI key="STATISTICS_EXCLUDEDVALUES"></MDI>
      <MDI key="STATISTICS_MAXIMUM">0.34999999403954</MDI>
      <MDI key="STATISTICS_MEAN">0.15634078862192</MDI>
      <MDI key="STATISTICS_MEDIAN">0.156871</MDI>
      <MDI key="STATISTICS_MINIMUM">0.093500003218651</MDI>
      <MDI key="STATISTICS_SKIPFACTORX">1</MDI>
      <MDI key="STATISTICS_SKIPFACTORY">1</MDI>
      <MDI key="STATISTICS_STDDEV">0.035118134058099</MDI>
    </Metadata>
  </PAMRasterBand>
  <PAMRasterBand band="3">
    <Description>Band_3</Description>
    <Histograms>
      <HistItem>
        <HistMin>0.1427499949932098</HistMin>
        <HistMax>0.3127500116825104</HistMax>
        <BucketCount>256</BucketCount>
        <IncludeOutOfRange>1</IncludeOutOfRange>
        <Approximate>0</Approximate>
        <HistCounts>1|0|4|0|5|5|3|12|15|21|16|12|21|20|15|14|11|15|16|22|17|19|18|19|24|8|10|9|17|7|17|7|8|6|19|20|20|20|9|14|20|8|18|18|13|33|28|10|23|34|18|30|37|20|37|24|31|43|51|25|26|33|24|46|39|36|39|30|9|21|30|19|32|29|25|21|20|10|26|13|5|14|15|10|17|14|5|13|3|8|9|9|8|14|4|8|5|10|5|6|4|6|8|4|3|7|4|1|7|4|2|5|4|1|2|2|1|3|1|2|2|3|0|1|0|1|1|2|0|1|3|0|1|1|0|3|0|1|1|1|7|2|1|0|1|2|0|0|1|0|0|2|0|2|0|0|2|2|0|0|4|1|0|0|0|0|1|3|1|0|2|1|1|0|0|1|0|0|0|0|0|0|0|0|0|0|1|0|0|0|0|0|0|1|0|0|1|3|0|1|0|1|0|0|0|0|0|1|0|1|0|0|0|0|0|0|0|0|0|0|0|0|0|1|0|0|0|0|0|0|0|0|0|0|0|0|0|0|0|0|0|0|0|0|0|0|0|0|0|0|0|0|0|0|0|1</HistCounts>
      </HistItem>
    </Histograms>
    <Metadata>
      <MDI key="BandName">Band_3</MDI>
      <MDI key="RepresentationType">ATHEMATIC</MDI>
      <MDI key="STATISTICS_COVARIANCES">-0.0003977620016481975,0.0007323094846726592,0.0004502770039557587</MDI>
      <MDI key="STATISTICS_EXCLUDEDVALUES"></MDI>
      <MDI key="STATISTICS_MAXIMUM">0.31275001168251</MDI>
      <MDI key="STATISTICS_MEAN">0.18137863951268</MDI>
      <MDI key="STATISTICS_MEDIAN">0.180750</MDI>
      <MDI key="STATISTICS_MINIMUM">0.14274999499321</MDI>
      <MDI key="STATISTICS_SKIPFACTORX">1</MDI>
      <MDI key="STATISTICS_SKIPFACTORY">1</MDI>
      <MDI key="STATISTICS_STDDEV">0.021219731476995</MDI>
    </Metadata>
  </PAMRasterBand>
</PAMDataset>
