<PAMDataset>
  <Metadata>
    <MDI key="DataType">Generic</MDI>
  </Metadata>
  <PAMRasterBand band="1">
    <Description>Band_1</Description>
    <Histograms>
      <HistItem>
        <HistMin>0.7139999866485596</HistMin>
        <HistMax>0.9328333139419556</HistMax>
        <BucketCount>256</BucketCount>
        <IncludeOutOfRange>1</IncludeOutOfRange>
        <Approximate>0</Approximate>
        <HistCounts>1|0|0|0|0|0|0|0|0|0|0|0|0|0|0|0|0|0|0|0|0|0|0|0|0|0|0|0|0|0|0|0|0|0|0|0|1|0|1|0|0|0|0|0|0|0|0|0|0|0|0|0|0|1|0|0|0|0|0|0|0|0|1|0|0|0|2|0|0|0|1|0|0|0|0|0|0|0|0|0|0|0|0|0|1|0|0|0|0|0|0|0|0|1|0|0|0|0|0|0|0|0|0|0|0|1|0|2|0|0|0|0|0|0|0|0|0|0|0|0|0|0|1|1|1|0|0|0|0|0|0|0|0|1|0|0|3|0|0|2|0|0|2|1|0|3|2|2|0|0|4|1|0|0|1|0|1|3|4|3|1|0|3|4|1|0|6|2|7|5|3|7|0|4|7|1|5|12|3|9|5|4|7|11|11|3|2|9|8|11|11|5|9|11|5|8|15|1|13|3|5|6|9|9|10|11|9|9|18|5|6|5|9|5|15|10|6|15|4|13|8|9|4|6|16|14|8|5|8|12|7|15|8|12|12|11|9|6|6|9|121|130|155|133|108|92|54|35|12|4|4|4|1|0|1|1</HistCounts>
      </HistItem>
    </Histograms>
    <Metadata>
      <MDI key="BandName">Band_1</MDI>
      <MDI key="RepresentationType">ATHEMATIC</MDI>
      <MDI key="STATISTICS_COVARIANCES">0.0006449047724563884,-0.0005400833019235398,-0.0002964904577214696</MDI>
      <MDI key="STATISTICS_EXCLUDEDVALUES"></MDI>
      <MDI key="STATISTICS_MAXIMUM">0.93283331394196</MDI>
      <MDI key="STATISTICS_MEAN">0.90698809850216</MDI>
      <MDI key="STATISTICS_MEDIAN">0.919961</MDI>
      <MDI key="STATISTICS_MINIMUM">0.71399998664856</MDI>
      <MDI key="STATISTICS_SKIPFACTORX">1</MDI>
      <MDI key="STATISTICS_SKIPFACTORY">1</MDI>
      <MDI key="STATISTICS_STDDEV">0.025394975338763</MDI>
    </Metadata>
  </PAMRasterBand>
  <PAMRasterBand band="2">
    <Description>Band_2</Description>
    <Histograms>
      <HistItem>
        <HistMin>0.08325000107288361</HistMin>
        <HistMax>0.3630000054836273</HistMax>
        <BucketCount>256</BucketCount>
        <IncludeOutOfRange>1</IncludeOutOfRange>
        <Approximate>0</Approximate>
        <HistCounts>1|0|0|0|0|0|1|1|0|0|0|0|1|0|0|1|0|0|0|0|5|1|1|2|1|1|4|0|1|2|3|7|15|14|19|35|22|35|28|41|27|36|27|33|30|27|32|24|32|32|38|33|23|33|28|19|20|26|31|27|23|20|19|17|20|18|30|19|9|30|16|16|24|19|25|16|17|26|19|26|23|18|16|11|15|9|5|14|5|6|6|2|5|2|1|6|3|1|2|3|3|4|2|3|4|1|1|0|1|2|1|2|0|0|2|2|1|2|0|1|0|0|0|5|1|1|2|0|3|2|0|3|0|0|0|0|0|0|1|1|0|1|0|0|1|0|0|1|6|0|1|0|0|0|3|0|0|2|3|3|1|1|0|1|0|1|3|1|3|1|0|0|3|1|1|2|0|1|1|0|1|0|0|0|1|3|2|1|2|0|0|1|0|0|0|0|0|0|1|0|0|2|3|0|0|1|0|0|0|0|0|0|0|0|1|0|0|0|1|0|0|0|0|0|0|0|0|0|0|0|0|0|0|0|0|1|1|0|0|0|0|0|0|0|0|0|1|0|0|0|0|0|0|0|0|2</HistCounts>
      </HistItem>
    </Histograms>
    <Metadata>
      <MDI key="BandName">Band_2</MDI>
      <MDI key="RepresentationType">ATHEMATIC</MDI>
      <MDI key="STATISTICS_COVARIANCES">-0.0005400833019235398,0.001212222607298904,0.0007526851098814425</MDI>
      <MDI key="STATISTICS_EXCLUDEDVALUES"></MDI>
      <MDI key="STATISTICS_MAXIMUM">0.36300000548363</MDI>
      <MDI key="STATISTICS_MEAN">0.15404383343458</MDI>
      <MDI key="STATISTICS_MEDIAN">0.145782</MDI>
      <MDI key="STATISTICS_MINIMUM">0.083250001072884</MDI>
      <MDI key="STATISTICS_SKIPFACTORX">1</MDI>
      <MDI key="STATISTICS_SKIPFACTORY">1</MDI>
      <MDI key="STATISTICS_STDDEV">0.034816987338064</MDI>
    </Metadata>
  </PAMRasterBand>
  <PAMRasterBand band="3">
    <Description>Band_3</Description>
    <Histograms>
      <HistItem>
        <HistMin>0.1347499936819077</HistMin>
        <HistMax>0.3240000009536743</HistMax>
        <BucketCount>256</BucketCount>
        <IncludeOutOfRange>1</IncludeOutOfRange>
        <Approximate>0</Approximate>
        <HistCounts>1|0|0|0|0|0|0|0|0|0|0|2|0|0|0|0|1|0|1|0|0|0|0|1|2|0|3|4|1|0|5|2|4|15|14|11|10|34|34|30|35|27|39|41|26|38|36|33|25|39|32|39|25|30|39|29|20|26|34|25|32|24|28|20|25|32|24|28|16|35|16|21|34|27|21|22|21|13|15|10|12|10|11|6|7|4|9|7|7|8|2|1|4|3|4|3|1|3|2|4|0|1|4|2|2|2|4|2|1|2|2|1|0|4|2|3|1|1|1|2|1|1|0|0|3|0|1|1|2|0|3|1|1|1|0|0|0|0|3|0|0|2|0|0|1|0|1|2|1|1|2|1|1|0|0|2|4|0|3|0|1|0|1|0|1|1|0|1|5|1|0|0|1|1|2|1|0|0|2|2|0|3|1|0|0|0|3|0|0|0|0|0|0|3|0|1|0|0|0|0|0|0|1|1|0|0|0|1|0|0|0|0|0|0|0|0|0|0|0|0|0|0|0|1|0|0|1|0|0|0|1|0|0|0|0|0|0|0|0|0|0|0|0|0|0|0|0|0|0|0|0|0|0|0|0|2</HistCounts>
      </HistItem>
    </Histograms>
    <Metadata>
      <MDI key="BandName">Band_3</MDI>
      <MDI key="RepresentationType">ATHEMATIC</MDI>
      <MDI key="STATISTICS_COVARIANCES">-0.0002964904577214696,0.0007526851098814425,0.0004836750366681685</MDI>
      <MDI key="STATISTICS_EXCLUDEDVALUES"></MDI>
      <MDI key="STATISTICS_MAXIMUM">0.32400000095367</MDI>
      <MDI key="STATISTICS_MEAN">0.18231016668677</MDI>
      <MDI key="STATISTICS_MEDIAN">0.177053</MDI>
      <MDI key="STATISTICS_MINIMUM">0.13474999368191</MDI>
      <MDI key="STATISTICS_SKIPFACTORX">1</MDI>
      <MDI key="STATISTICS_SKIPFACTORY">1</MDI>
      <MDI key="STATISTICS_STDDEV">0.021992613229632</MDI>
    </Metadata>
  </PAMRasterBand>
</PAMDataset>
