<PAMDataset>
  <Metadata>
    <MDI key="DataType">Generic</MDI>
  </Metadata>
  <PAMRasterBand band="1">
    <Description>Band_1</Description>
    <Histograms>
      <HistItem>
        <HistMin>0.6830000281333923</HistMin>
        <HistMax>0.930814802646637</HistMax>
        <BucketCount>256</BucketCount>
        <IncludeOutOfRange>1</IncludeOutOfRange>
        <Approximate>0</Approximate>
        <HistCounts>1|0|0|0|0|0|0|0|0|0|0|0|0|0|0|1|0|0|0|0|0|0|0|0|0|0|1|0|0|0|1|0|0|2|1|0|0|0|0|0|0|0|0|1|0|0|1|0|0|1|0|1|3|0|0|1|0|1|0|0|0|0|0|0|1|0|2|0|0|0|0|2|1|0|0|1|0|0|0|0|1|0|0|0|1|0|0|0|3|0|1|0|0|0|2|0|1|0|2|0|0|1|1|0|0|0|0|0|0|1|0|0|0|1|0|0|0|0|0|0|0|0|1|1|1|0|1|1|0|1|0|0|1|0|1|4|0|0|1|2|1|6|2|0|3|2|3|3|3|2|2|4|0|0|0|0|4|1|1|5|2|3|0|1|2|6|2|2|2|5|3|2|3|0|4|3|8|8|2|4|1|1|10|5|16|11|2|3|8|13|11|14|7|12|9|2|11|4|10|12|9|10|8|7|4|4|10|5|9|12|15|3|3|10|1|5|8|4|13|5|3|5|3|5|12|1|7|10|2|8|1|10|8|5|5|3|0|4|12|3|10|5|3|29|68|74|50|30|50|35|25|17|17|4|2|1</HistCounts>
      </HistItem>
    </Histograms>
    <Metadata>
      <MDI key="BandName">Band_1</MDI>
      <MDI key="RepresentationType">ATHEMATIC</MDI>
      <MDI key="STATISTICS_COVARIANCES">0.001741574086246669,-0.0009751785610840153,-0.0005566402759484221</MDI>
      <MDI key="STATISTICS_EXCLUDEDVALUES"></MDI>
      <MDI key="STATISTICS_MAXIMUM">0.93081480264664</MDI>
      <MDI key="STATISTICS_MEAN">0.89002298466733</MDI>
      <MDI key="STATISTICS_MEDIAN">0.902632</MDI>
      <MDI key="STATISTICS_MINIMUM">0.68300002813339</MDI>
      <MDI key="STATISTICS_SKIPFACTORX">1</MDI>
      <MDI key="STATISTICS_SKIPFACTORY">1</MDI>
      <MDI key="STATISTICS_STDDEV">0.041732170878672</MDI>
    </Metadata>
  </PAMRasterBand>
  <PAMRasterBand band="2">
    <Description>Band_2</Description>
    <Histograms>
      <HistItem>
        <HistMin>0.08600000292062759</HistMin>
        <HistMax>0.3317500054836273</HistMax>
        <BucketCount>256</BucketCount>
        <IncludeOutOfRange>1</IncludeOutOfRange>
        <Approximate>0</Approximate>
        <HistCounts>2|2|6|14|28|44|38|47|60|65|76|39|43|25|31|33|20|17|18|12|6|23|17|16|7|10|13|6|11|12|16|8|3|3|15|15|9|12|4|6|4|5|1|6|4|0|2|7|5|3|2|1|7|3|1|0|1|0|2|1|3|0|0|3|2|0|2|0|0|0|4|0|0|3|1|0|1|0|0|2|0|1|0|0|0|0|0|0|0|1|1|0|1|0|0|0|0|0|0|1|0|2|0|0|0|0|0|2|1|0|0|0|0|0|0|1|0|1|0|2|0|1|0|2|0|0|0|2|0|0|0|0|0|3|0|0|1|0|0|0|0|0|2|2|0|3|2|1|0|0|0|3|1|2|2|1|2|2|1|1|0|3|0|1|2|1|0|2|1|3|0|2|0|0|0|0|3|1|0|0|0|0|0|0|1|0|0|3|0|0|0|0|1|2|0|1|0|0|0|0|2|0|0|0|0|0|0|0|0|0|0|0|0|0|0|0|0|0|0|0|0|0|0|0|0|0|0|0|0|0|0|0|0|0|0|0|0|0|0|0|0|0|0|1|0|0|1|0|3|0|0|0|0|0|0|1</HistCounts>
      </HistItem>
    </Histograms>
    <Metadata>
      <MDI key="BandName">Band_2</MDI>
      <MDI key="RepresentationType">ATHEMATIC</MDI>
      <MDI key="STATISTICS_COVARIANCES">-0.0009751785610840153,0.00164821035883443,0.001036993319626088</MDI>
      <MDI key="STATISTICS_EXCLUDEDVALUES"></MDI>
      <MDI key="STATISTICS_MAXIMUM">0.33175000548363</MDI>
      <MDI key="STATISTICS_MEAN">0.11481786083983</MDI>
      <MDI key="STATISTICS_MEDIAN">0.099492</MDI>
      <MDI key="STATISTICS_MINIMUM">0.086000002920628</MDI>
      <MDI key="STATISTICS_SKIPFACTORX">1</MDI>
      <MDI key="STATISTICS_SKIPFACTORY">1</MDI>
      <MDI key="STATISTICS_STDDEV">0.040598157086676</MDI>
    </Metadata>
  </PAMRasterBand>
  <PAMRasterBand band="3">
    <Description>Band_3</Description>
    <Histograms>
      <HistItem>
        <HistMin>0.1457500010728836</HistMin>
        <HistMax>0.3215000033378601</HistMax>
        <BucketCount>256</BucketCount>
        <IncludeOutOfRange>1</IncludeOutOfRange>
        <Approximate>0</Approximate>
        <HistCounts>7|5|6|38|36|61|55|66|39|55|39|57|23|23|32|22|15|23|16|16|9|21|22|18|7|11|7|11|9|5|9|7|4|5|12|16|5|2|12|7|11|8|4|1|0|2|4|5|0|2|3|5|3|0|1|3|0|1|1|2|4|1|0|2|1|2|0|0|0|0|0|1|0|0|2|0|0|3|1|3|2|1|0|2|0|0|0|1|0|0|1|0|0|0|0|2|2|0|0|0|1|0|0|0|1|0|0|0|0|1|0|0|2|0|2|0|0|2|0|0|0|0|0|1|2|1|0|0|2|2|2|1|5|0|5|1|1|3|0|1|3|2|1|3|0|1|2|3|0|0|0|2|0|1|1|0|0|0|0|0|0|1|1|5|0|0|1|0|0|0|2|0|0|0|0|0|0|0|0|0|0|0|0|0|0|0|0|0|0|0|0|0|0|0|0|0|0|0|0|0|2|0|0|0|0|0|0|0|0|0|0|0|0|0|0|0|0|0|0|0|0|0|0|0|0|1|0|0|0|0|0|0|0|0|0|0|0|1|0|0|0|0|0|0|0|0|0|0|0|0|0|0|0|1|0|1</HistCounts>
      </HistItem>
    </Histograms>
    <Metadata>
      <MDI key="BandName">Band_3</MDI>
      <MDI key="RepresentationType">ATHEMATIC</MDI>
      <MDI key="STATISTICS_COVARIANCES">-0.0005566402759484221,0.001036993319626088,0.0006641382298111677</MDI>
      <MDI key="STATISTICS_EXCLUDEDVALUES"></MDI>
      <MDI key="STATISTICS_MAXIMUM">0.32150000333786</MDI>
      <MDI key="STATISTICS_MEAN">0.16462159443996</MDI>
      <MDI key="STATISTICS_MEDIAN">0.154710</MDI>
      <MDI key="STATISTICS_MINIMUM">0.14575000107288</MDI>
      <MDI key="STATISTICS_SKIPFACTORX">1</MDI>
      <MDI key="STATISTICS_SKIPFACTORY">1</MDI>
      <MDI key="STATISTICS_STDDEV">0.025770879492388</MDI>
    </Metadata>
  </PAMRasterBand>
</PAMDataset>
