<PAMDataset>
  <Metadata>
    <MDI key="DataType">Generic</MDI>
  </Metadata>
  <PAMRasterBand band="1">
    <Description>Band_1</Description>
    <Histograms>
      <HistItem>
        <HistMin>0.6154999732971191</HistMin>
        <HistMax>0.9289629459381104</HistMax>
        <BucketCount>256</BucketCount>
        <IncludeOutOfRange>1</IncludeOutOfRange>
        <Approximate>0</Approximate>
        <HistCounts>1|0|0|0|0|0|0|0|0|0|0|0|1|0|0|0|0|0|0|0|0|0|0|0|0|0|0|0|0|0|0|0|0|0|0|0|0|0|0|0|0|0|0|0|0|0|0|0|0|0|0|0|0|0|0|1|0|0|0|0|0|0|0|1|0|0|0|0|0|1|0|0|0|0|0|1|0|0|0|1|0|0|2|1|0|0|1|0|0|0|0|2|0|0|1|0|0|1|0|0|0|0|0|0|1|0|0|0|0|0|0|0|1|0|0|1|0|2|0|0|1|0|3|1|1|4|2|0|1|0|5|4|1|1|1|1|2|1|4|0|2|1|4|4|1|1|3|5|7|4|6|4|8|8|8|2|3|2|9|7|6|6|6|6|4|10|7|2|7|5|8|8|11|6|12|12|13|8|12|11|7|8|8|14|12|9|15|12|5|7|8|11|21|7|7|10|10|5|3|5|8|9|9|8|10|10|12|11|7|4|19|7|19|4|10|13|10|6|6|8|10|10|5|7|10|4|7|5|9|6|2|9|3|13|1|2|8|5|6|14|1|2|5|5|0|3|7|16|44|31|23|14|3|0|2|1</HistCounts>
      </HistItem>
    </Histograms>
    <Metadata>
      <MDI key="BandName">Band_1</MDI>
      <MDI key="RepresentationType">ATHEMATIC</MDI>
      <MDI key="STATISTICS_COVARIANCES">0.002109648309360394,-0.0007419131019683031,-0.0003712774784000878</MDI>
      <MDI key="STATISTICS_EXCLUDEDVALUES"></MDI>
      <MDI key="STATISTICS_MAXIMUM">0.92896294593811</MDI>
      <MDI key="STATISTICS_MEAN">0.85888995007219</MDI>
      <MDI key="STATISTICS_MEDIAN">0.860124</MDI>
      <MDI key="STATISTICS_MINIMUM">0.61549997329712</MDI>
      <MDI key="STATISTICS_SKIPFACTORX">1</MDI>
      <MDI key="STATISTICS_SKIPFACTORY">1</MDI>
      <MDI key="STATISTICS_STDDEV">0.045930907996254</MDI>
    </Metadata>
  </PAMRasterBand>
  <PAMRasterBand band="2">
    <Description>Band_2</Description>
    <Histograms>
      <HistItem>
        <HistMin>0.08950000256299973</HistMin>
        <HistMax>0.3732500076293945</HistMax>
        <BucketCount>256</BucketCount>
        <IncludeOutOfRange>1</IncludeOutOfRange>
        <Approximate>0</Approximate>
        <HistCounts>3|2|5|10|11|19|16|33|35|25|38|47|38|38|54|35|18|53|42|44|24|40|45|19|29|9|31|13|16|11|11|9|19|14|6|5|6|4|2|6|5|2|3|3|5|1|5|0|2|1|2|5|1|0|1|0|2|1|0|1|0|1|0|1|2|1|0|1|0|0|0|0|0|0|0|0|1|0|0|1|0|0|0|0|0|0|1|0|0|0|2|2|2|1|2|3|0|2|0|1|3|0|1|2|0|0|0|2|0|0|0|0|0|0|0|0|0|0|0|0|0|1|0|0|0|0|0|0|0|0|0|0|0|0|0|0|0|0|0|0|0|1|0|0|0|0|0|0|0|0|0|1|0|0|0|0|0|0|0|0|1|0|1|0|0|1|0|0|2|0|0|0|0|0|0|1|0|0|0|0|0|0|0|0|0|0|0|0|0|0|0|0|0|0|0|0|0|0|0|0|0|0|0|0|0|0|0|0|0|0|0|0|0|0|0|0|0|0|0|0|0|0|0|0|0|0|1|0|0|0|0|0|0|0|1|0|0|0|0|0|0|0|0|0|0|0|0|0|0|0|0|0|0|0|0|1</HistCounts>
      </HistItem>
    </Histograms>
    <Metadata>
      <MDI key="BandName">Band_2</MDI>
      <MDI key="RepresentationType">ATHEMATIC</MDI>
      <MDI key="STATISTICS_COVARIANCES">-0.0007419131019683031,0.0007157692100054297,0.0003973687914077359</MDI>
      <MDI key="STATISTICS_EXCLUDEDVALUES"></MDI>
      <MDI key="STATISTICS_MAXIMUM">0.37325000762939</MDI>
      <MDI key="STATISTICS_MEAN">0.11542879272602</MDI>
      <MDI key="STATISTICS_MEDIAN">0.109529</MDI>
      <MDI key="STATISTICS_MINIMUM">0.089500002563</MDI>
      <MDI key="STATISTICS_SKIPFACTORX">1</MDI>
      <MDI key="STATISTICS_SKIPFACTORY">1</MDI>
      <MDI key="STATISTICS_STDDEV">0.026753863459423</MDI>
    </Metadata>
  </PAMRasterBand>
  <PAMRasterBand band="3">
    <Description>Band_3</Description>
    <Histograms>
      <HistItem>
        <HistMin>0.1379999965429306</HistMin>
        <HistMax>0.3039999902248383</HistMax>
        <BucketCount>256</BucketCount>
        <IncludeOutOfRange>1</IncludeOutOfRange>
        <Approximate>0</Approximate>
        <HistCounts>2|3|3|6|6|7|9|7|20|23|14|35|30|45|43|27|38|44|46|48|23|52|22|29|34|25|34|15|22|21|18|22|18|15|10|11|7|3|11|4|7|5|4|4|3|3|8|1|3|5|0|4|1|3|6|1|0|3|2|1|2|1|5|0|1|0|3|1|0|1|0|0|1|0|1|0|1|0|0|0|0|0|0|1|0|0|1|2|1|1|2|0|1|1|2|0|2|1|0|1|1|2|2|0|1|2|0|0|0|0|0|0|0|0|0|0|0|0|0|0|0|0|1|0|0|0|0|0|1|0|0|0|0|0|0|0|0|0|0|0|0|0|0|1|0|0|0|0|0|0|3|0|0|0|0|0|0|0|0|0|0|1|0|0|0|2|0|0|0|0|0|0|0|0|0|0|0|0|0|0|0|0|0|0|0|0|0|0|0|0|0|0|0|0|0|0|0|0|0|0|0|0|0|0|0|0|0|0|0|0|0|1|0|0|0|0|0|0|0|0|1|0|0|0|0|0|0|0|0|0|0|0|0|0|0|0|0|0|0|0|0|0|0|0|0|0|0|0|0|0|0|0|0|0|0|1</HistCounts>
      </HistItem>
    </Histograms>
    <Metadata>
      <MDI key="BandName">Band_3</MDI>
      <MDI key="RepresentationType">ATHEMATIC</MDI>
      <MDI key="STATISTICS_COVARIANCES">-0.0003712774784000878,0.0003973687914077359,0.0002296013639741677</MDI>
      <MDI key="STATISTICS_EXCLUDEDVALUES"></MDI>
      <MDI key="STATISTICS_MAXIMUM">0.30399999022484</MDI>
      <MDI key="STATISTICS_MEAN">0.15524896808638</MDI>
      <MDI key="STATISTICS_MEDIAN">0.151671</MDI>
      <MDI key="STATISTICS_MINIMUM">0.13799999654293</MDI>
      <MDI key="STATISTICS_SKIPFACTORX">1</MDI>
      <MDI key="STATISTICS_SKIPFACTORY">1</MDI>
      <MDI key="STATISTICS_STDDEV">0.015152602547885</MDI>
    </Metadata>
  </PAMRasterBand>
</PAMDataset>
