<PAMDataset>
  <Metadata>
    <MDI key="DataType">Generic</MDI>
  </Metadata>
  <PAMRasterBand band="1">
    <Description>Band_1</Description>
    <Histograms>
      <HistItem>
        <HistMin>0.7494999766349792</HistMin>
        <HistMax>0.9416851997375488</HistMax>
        <BucketCount>256</BucketCount>
        <IncludeOutOfRange>1</IncludeOutOfRange>
        <Approximate>0</Approximate>
        <HistCounts>1|0|1|0|1|0|0|0|0|0|0|0|0|1|0|0|0|0|0|0|0|0|0|0|1|0|0|0|1|0|0|0|0|0|0|0|0|0|0|0|1|0|0|0|1|0|0|2|0|2|0|1|0|1|1|0|0|0|1|1|0|0|0|0|2|2|0|0|0|1|2|0|0|0|0|1|0|0|1|0|0|1|0|0|0|0|0|0|2|1|0|1|0|1|0|0|0|0|0|0|0|0|1|0|0|1|0|0|0|0|0|4|1|0|0|1|0|0|0|0|0|1|0|0|2|0|0|0|0|0|0|1|0|0|0|0|1|0|0|2|0|0|0|0|1|0|2|0|0|1|1|0|1|2|1|1|0|1|1|0|1|0|0|0|1|1|3|2|1|0|1|1|1|0|3|4|0|0|1|2|0|2|2|2|2|0|3|1|2|1|2|2|2|1|0|3|0|0|8|2|3|1|1|2|5|2|9|8|1|2|8|3|4|0|4|4|3|6|4|5|4|4|18|16|4|4|105|172|176|200|158|148|84|40|42|30|18|27|16|11|9|4|8|1|1|3|1|2|1|0|0|3|1|1|0|1</HistCounts>
      </HistItem>
    </Histograms>
    <Metadata>
      <MDI key="BandName">Band_1</MDI>
      <MDI key="RepresentationType">ATHEMATIC</MDI>
      <MDI key="STATISTICS_COVARIANCES">0.0005060480575594358,-0.0004676920356979788,-0.0002905312070163606</MDI>
      <MDI key="STATISTICS_EXCLUDEDVALUES"></MDI>
      <MDI key="STATISTICS_MAXIMUM">0.94168519973755</MDI>
      <MDI key="STATISTICS_MEAN">0.91698619707468</MDI>
      <MDI key="STATISTICS_MEDIAN">0.922090</MDI>
      <MDI key="STATISTICS_MINIMUM">0.74949997663498</MDI>
      <MDI key="STATISTICS_SKIPFACTORX">1</MDI>
      <MDI key="STATISTICS_SKIPFACTORY">1</MDI>
      <MDI key="STATISTICS_STDDEV">0.022495511942595</MDI>
    </Metadata>
  </PAMRasterBand>
  <PAMRasterBand band="2">
    <Description>Band_2</Description>
    <Histograms>
      <HistItem>
        <HistMin>0.07774999737739563</HistMin>
        <HistMax>0.4627499878406525</HistMax>
        <BucketCount>256</BucketCount>
        <IncludeOutOfRange>1</IncludeOutOfRange>
        <Approximate>0</Approximate>
        <HistCounts>1|3|1|2|2|4|10|8|10|10|8|4|11|10|8|6|23|22|21|41|26|34|43|47|62|81|40|69|71|66|63|72|46|62|38|42|25|33|32|19|23|25|21|16|20|14|9|7|5|10|12|10|11|6|8|2|9|4|6|2|5|3|1|4|3|1|3|1|1|2|2|4|0|0|2|0|1|0|3|1|1|0|1|0|1|3|1|0|0|0|2|0|0|0|0|1|2|0|0|0|2|0|3|1|1|1|0|1|1|0|2|2|0|0|0|2|0|3|2|4|0|1|0|1|1|2|2|3|2|1|0|1|0|0|0|1|1|0|1|1|1|0|0|1|0|0|0|0|1|1|1|0|1|0|0|0|2|0|0|0|0|0|0|0|0|0|0|0|0|0|0|0|0|0|2|0|1|0|0|0|1|0|0|0|0|0|0|0|0|0|0|0|0|0|2|0|0|0|0|0|0|0|0|0|0|0|0|0|0|0|0|0|0|0|0|0|0|0|0|0|0|0|0|0|0|0|0|0|0|0|0|0|0|0|0|0|0|0|0|0|0|0|0|0|0|0|0|0|0|0|0|0|0|0|0|2</HistCounts>
      </HistItem>
    </Histograms>
    <Metadata>
      <MDI key="BandName">Band_2</MDI>
      <MDI key="RepresentationType">ATHEMATIC</MDI>
      <MDI key="STATISTICS_COVARIANCES">-0.0004676920356979788,0.001367631654004672,0.0009613084867783853</MDI>
      <MDI key="STATISTICS_EXCLUDEDVALUES"></MDI>
      <MDI key="STATISTICS_MAXIMUM">0.46274998784065</MDI>
      <MDI key="STATISTICS_MEAN">0.13126080450998</MDI>
      <MDI key="STATISTICS_MEDIAN">0.123044</MDI>
      <MDI key="STATISTICS_MINIMUM">0.077749997377396</MDI>
      <MDI key="STATISTICS_SKIPFACTORX">1</MDI>
      <MDI key="STATISTICS_SKIPFACTORY">1</MDI>
      <MDI key="STATISTICS_STDDEV">0.036981504215008</MDI>
    </Metadata>
  </PAMRasterBand>
  <PAMRasterBand band="3">
    <Description>Band_3</Description>
    <Histograms>
      <HistItem>
        <HistMin>0.1302500069141388</HistMin>
        <HistMax>0.429749995470047</HistMax>
        <BucketCount>256</BucketCount>
        <IncludeOutOfRange>1</IncludeOutOfRange>
        <Approximate>0</Approximate>
        <HistCounts>1|0|0|2|5|2|7|1|7|4|4|10|10|9|11|11|12|16|16|14|28|32|21|35|37|68|35|40|70|51|75|86|85|51|61|53|52|36|35|13|43|34|28|16|20|27|11|17|17|7|12|13|6|13|6|8|8|2|2|5|7|1|3|3|3|2|0|0|3|2|2|3|1|1|3|0|0|0|1|3|1|1|1|1|1|1|0|3|0|0|0|1|0|0|2|1|0|0|2|0|0|0|2|3|0|0|2|2|0|1|0|2|0|3|0|1|1|1|1|3|1|0|0|1|0|4|0|2|3|1|1|0|0|0|0|2|0|0|4|0|0|0|0|1|0|0|0|0|0|0|0|2|0|0|0|0|0|0|0|0|0|0|0|0|0|0|0|0|0|0|0|1|0|0|0|0|0|0|0|2|0|0|0|0|0|1|0|0|0|0|0|0|0|0|0|0|0|0|0|0|0|0|0|0|0|0|0|0|0|0|0|0|0|0|0|0|0|0|0|0|0|0|0|0|0|0|0|0|0|0|0|0|0|0|0|0|0|0|0|0|0|0|0|0|0|0|0|0|0|0|0|0|0|0|0|2</HistCounts>
      </HistItem>
    </Histograms>
    <Metadata>
      <MDI key="BandName">Band_3</MDI>
      <MDI key="RepresentationType">ATHEMATIC</MDI>
      <MDI key="STATISTICS_COVARIANCES">-0.0002905312070163606,0.0009613084867783853,0.0006941728718379937</MDI>
      <MDI key="STATISTICS_EXCLUDEDVALUES"></MDI>
      <MDI key="STATISTICS_MAXIMUM">0.42974999547005</MDI>
      <MDI key="STATISTICS_MEAN">0.17353773259736</MDI>
      <MDI key="STATISTICS_MEDIAN">0.167834</MDI>
      <MDI key="STATISTICS_MINIMUM">0.13025000691414</MDI>
      <MDI key="STATISTICS_SKIPFACTORX">1</MDI>
      <MDI key="STATISTICS_SKIPFACTORY">1</MDI>
      <MDI key="STATISTICS_STDDEV">0.026347160602957</MDI>
    </Metadata>
  </PAMRasterBand>
</PAMDataset>
