<PAMDataset>
  <Metadata>
    <MDI key="DataType">Generic</MDI>
  </Metadata>
  <PAMRasterBand band="1">
    <Description>Band_1</Description>
    <Histograms>
      <HistItem>
        <HistMin>0.6692500114440918</HistMin>
        <HistMax>0.9584444165229797</HistMax>
        <BucketCount>256</BucketCount>
        <IncludeOutOfRange>1</IncludeOutOfRange>
        <Approximate>0</Approximate>
        <HistCounts>1|0|1|0|0|0|0|2|0|0|0|0|0|2|1|0|0|0|0|0|0|0|0|0|0|0|0|0|0|0|0|0|0|1|3|1|0|1|0|1|0|0|0|0|0|1|0|0|0|1|1|1|1|1|2|3|0|0|0|0|1|0|1|1|1|1|1|0|1|0|3|0|0|0|0|0|1|1|1|0|0|0|0|1|0|0|0|0|2|1|0|0|2|0|0|0|0|0|0|1|1|0|0|0|0|0|1|0|2|0|0|0|0|0|0|1|0|0|0|0|0|2|3|1|1|0|0|0|0|1|0|2|1|0|0|1|0|0|1|2|0|0|0|0|0|0|1|0|1|0|1|3|0|0|0|0|1|0|0|0|0|1|0|0|2|3|0|0|0|2|2|0|0|2|2|0|1|1|2|2|2|0|0|1|5|0|3|1|2|1|8|0|4|1|2|5|4|3|2|0|0|3|2|5|1|6|0|1|3|2|3|3|5|0|1|1|2|2|3|3|1|26|54|113|182|279|303|284|326|330|397|424|244|140|93|60|26|13|10|2|0|0|0|0|0|0|0|0|0|0|1|0|0|0|0|1</HistCounts>
      </HistItem>
    </Histograms>
    <Metadata>
      <MDI key="BandName">Band_1</MDI>
      <MDI key="RepresentationType">ATHEMATIC</MDI>
      <MDI key="STATISTICS_COVARIANCES">0.0006665733756413777,-0.0003923037432848309,-0.0002400621414342301</MDI>
      <MDI key="STATISTICS_EXCLUDEDVALUES"></MDI>
      <MDI key="STATISTICS_MAXIMUM">0.95844441652298</MDI>
      <MDI key="STATISTICS_MEAN">0.92444630696691</MDI>
      <MDI key="STATISTICS_MEDIAN">0.927824</MDI>
      <MDI key="STATISTICS_MINIMUM">0.66925001144409</MDI>
      <MDI key="STATISTICS_SKIPFACTORX">1</MDI>
      <MDI key="STATISTICS_SKIPFACTORY">1</MDI>
      <MDI key="STATISTICS_STDDEV">0.025818082338574</MDI>
    </Metadata>
  </PAMRasterBand>
  <PAMRasterBand band="2">
    <Description>Band_2</Description>
    <Histograms>
      <HistItem>
        <HistMin>0.0377499982714653</HistMin>
        <HistMax>0.934592604637146</HistMax>
        <BucketCount>256</BucketCount>
        <IncludeOutOfRange>1</IncludeOutOfRange>
        <Approximate>0</Approximate>
        <HistCounts>86|161|187|278|404|620|497|341|224|141|119|92|72|48|19|16|6|5|6|11|6|12|11|13|12|14|8|12|10|9|3|4|3|3|2|3|2|1|2|2|4|0|0|1|1|0|0|1|1|1|3|2|0|2|0|0|0|0|0|3|1|0|0|0|0|0|0|0|0|0|0|0|2|1|0|0|1|0|0|0|0|0|0|0|0|0|0|0|0|0|0|0|0|0|0|0|0|0|0|0|0|0|0|0|0|0|0|0|0|0|0|0|0|0|0|0|0|0|0|0|0|0|0|0|0|0|0|0|0|0|0|0|0|0|0|0|0|0|0|0|0|0|0|0|0|0|0|0|0|0|0|0|0|0|0|0|0|0|0|0|0|0|0|0|0|0|0|0|0|0|0|0|0|0|0|0|0|0|0|0|0|0|0|0|0|0|0|0|0|0|0|0|0|0|0|0|0|0|0|0|0|0|0|0|0|0|0|0|0|0|0|0|0|0|0|0|0|0|0|0|0|0|0|0|0|0|0|0|0|0|0|0|0|0|0|0|0|0|0|0|0|0|0|0|0|0|0|0|0|0|0|0|1|0|0|1</HistCounts>
      </HistItem>
    </Histograms>
    <Metadata>
      <MDI key="BandName">Band_2</MDI>
      <MDI key="RepresentationType">ATHEMATIC</MDI>
      <MDI key="STATISTICS_COVARIANCES">-0.0003923037432848309,0.0009371236915718189,0.0007515397805988356</MDI>
      <MDI key="STATISTICS_EXCLUDEDVALUES"></MDI>
      <MDI key="STATISTICS_MAXIMUM">0.93459260463715</MDI>
      <MDI key="STATISTICS_MEAN">0.064190619749203</MDI>
      <MDI key="STATISTICS_MEDIAN">0.058852</MDI>
      <MDI key="STATISTICS_MINIMUM">0.037749998271465</MDI>
      <MDI key="STATISTICS_SKIPFACTORX">1</MDI>
      <MDI key="STATISTICS_SKIPFACTORY">1</MDI>
      <MDI key="STATISTICS_STDDEV">0.030612476077113</MDI>
    </Metadata>
  </PAMRasterBand>
  <PAMRasterBand band="3">
    <Description>Band_3</Description>
    <Histograms>
      <HistItem>
        <HistMin>0.08824999630451202</HistMin>
        <HistMax>0.9278148412704468</HistMax>
        <BucketCount>256</BucketCount>
        <IncludeOutOfRange>1</IncludeOutOfRange>
        <Approximate>0</Approximate>
        <HistCounts>29|104|165|275|494|620|425|366|229|193|144|128|67|49|31|25|21|20|12|21|13|5|7|4|4|3|4|3|1|3|3|2|0|4|3|1|0|2|0|1|0|1|0|0|0|0|3|0|0|0|0|0|0|0|0|0|0|0|3|0|0|0|0|0|0|0|0|0|0|0|0|0|0|0|0|0|0|0|0|0|0|0|0|0|0|1|0|0|0|0|0|0|0|0|0|0|0|0|0|0|0|0|0|0|0|0|0|0|0|0|0|0|0|0|0|0|0|0|0|0|0|0|0|0|0|0|0|0|0|0|0|0|0|0|0|0|0|0|0|0|0|0|0|0|0|0|0|0|0|0|0|0|0|0|0|0|0|0|0|0|0|0|0|0|0|0|0|0|0|0|0|0|0|0|0|0|0|0|0|0|0|0|0|0|0|0|0|0|0|0|0|0|0|0|0|0|0|0|0|0|0|0|0|0|0|0|0|0|0|0|0|0|0|0|0|0|0|0|0|0|0|0|0|0|0|0|0|0|0|0|0|0|0|0|0|0|0|0|0|0|0|0|0|0|0|0|0|0|0|0|0|0|0|1|0|1</HistCounts>
      </HistItem>
    </Histograms>
    <Metadata>
      <MDI key="BandName">Band_3</MDI>
      <MDI key="RepresentationType">ATHEMATIC</MDI>
      <MDI key="STATISTICS_COVARIANCES">-0.0002400621414342301,0.0007515397805988356,0.0006359749281031826</MDI>
      <MDI key="STATISTICS_EXCLUDEDVALUES"></MDI>
      <MDI key="STATISTICS_MAXIMUM">0.92781484127045</MDI>
      <MDI key="STATISTICS_MEAN">0.11253614064634</MDI>
      <MDI key="STATISTICS_MEDIAN">0.108004</MDI>
      <MDI key="STATISTICS_MINIMUM">0.088249996304512</MDI>
      <MDI key="STATISTICS_SKIPFACTORX">1</MDI>
      <MDI key="STATISTICS_SKIPFACTORY">1</MDI>
      <MDI key="STATISTICS_STDDEV">0.02521854333825</MDI>
    </Metadata>
  </PAMRasterBand>
</PAMDataset>
