<PAMDataset>
  <Metadata>
    <MDI key="DataType">Generic</MDI>
  </Metadata>
  <PAMRasterBand band="1">
    <Description>Band_1</Description>
    <Histograms>
      <HistItem>
        <HistMin>0.4232499897480011</HistMin>
        <HistMax>0.9334074258804321</HistMax>
        <BucketCount>256</BucketCount>
        <IncludeOutOfRange>1</IncludeOutOfRange>
        <Approximate>0</Approximate>
        <HistCounts>1|0|0|0|0|0|0|0|2|0|0|0|0|0|4|2|0|1|1|0|1|1|0|0|0|1|2|0|2|0|0|0|0|2|2|0|1|2|2|0|2|1|0|0|0|0|0|0|1|0|2|0|0|0|2|2|0|2|0|2|3|2|0|0|1|0|0|0|0|0|1|0|0|2|0|1|0|0|0|0|0|0|0|0|0|1|1|0|0|3|0|2|0|2|0|0|0|0|2|1|0|0|0|0|3|0|0|0|2|0|1|0|0|0|2|0|0|0|0|3|1|3|0|0|0|2|0|2|1|2|2|2|3|0|0|1|2|0|2|1|1|4|1|0|0|0|1|2|0|0|4|1|1|7|2|5|2|1|4|5|3|3|3|5|2|1|4|5|2|4|9|3|13|3|2|8|3|6|6|5|12|7|3|5|8|15|10|12|10|17|23|37|18|26|18|15|27|18|26|28|25|29|17|25|25|37|33|36|24|41|29|42|37|46|42|41|52|42|42|41|54|55|33|38|31|28|32|34|23|27|34|17|19|5|14|18|15|10|14|11|16|13|5|6|3|2|3|3|19|11|1|0|0|0|0|1</HistCounts>
      </HistItem>
    </Histograms>
    <Metadata>
      <MDI key="BandName">Band_1</MDI>
      <MDI key="RepresentationType">ATHEMATIC</MDI>
      <MDI key="STATISTICS_COVARIANCES">0.005423304661285763,-0.001709304021525892,-0.0008056591749804732</MDI>
      <MDI key="STATISTICS_EXCLUDEDVALUES"></MDI>
      <MDI key="STATISTICS_MAXIMUM">0.93340742588043</MDI>
      <MDI key="STATISTICS_MEAN">0.83019424138376</MDI>
      <MDI key="STATISTICS_MEDIAN">0.847381</MDI>
      <MDI key="STATISTICS_MINIMUM">0.423249989748</MDI>
      <MDI key="STATISTICS_SKIPFACTORX">1</MDI>
      <MDI key="STATISTICS_SKIPFACTORY">1</MDI>
      <MDI key="STATISTICS_STDDEV">0.073643089704912</MDI>
    </Metadata>
  </PAMRasterBand>
  <PAMRasterBand band="2">
    <Description>Band_2</Description>
    <Histograms>
      <HistItem>
        <HistMin>0.07900000363588333</HistMin>
        <HistMax>0.3449999988079071</HistMax>
        <BucketCount>256</BucketCount>
        <IncludeOutOfRange>1</IncludeOutOfRange>
        <Approximate>0</Approximate>
        <HistCounts>1|4|2|9|22|40|43|22|54|32|37|55|53|42|23|36|17|20|16|11|4|10|4|4|2|5|0|0|2|1|1|0|1|1|0|9|5|3|3|2|5|3|6|15|11|11|29|26|28|17|27|24|36|31|30|27|39|55|33|45|38|35|32|31|24|28|16|32|27|22|16|22|9|17|15|16|6|9|7|9|13|10|5|11|6|6|8|5|7|7|5|6|7|5|0|7|5|4|10|9|6|10|3|3|8|6|4|1|7|2|3|2|5|3|2|7|5|5|6|1|9|7|6|1|8|2|8|5|3|4|5|1|5|3|3|5|3|3|1|1|4|1|0|1|2|0|0|1|0|2|4|0|3|0|2|3|0|0|0|0|0|2|2|0|1|0|0|3|0|2|3|2|0|0|0|0|1|0|0|0|0|1|0|0|0|0|0|0|0|0|0|0|0|0|1|0|0|0|0|0|0|0|0|0|0|0|0|0|0|0|0|1|0|0|0|0|0|0|0|0|0|0|0|0|0|0|0|0|0|0|0|0|0|1|0|0|0|1|0|0|0|1|0|2|0|0|0|3|0|0|0|0|0|1|0|1</HistCounts>
      </HistItem>
    </Histograms>
    <Metadata>
      <MDI key="BandName">Band_2</MDI>
      <MDI key="RepresentationType">ATHEMATIC</MDI>
      <MDI key="STATISTICS_COVARIANCES">-0.001709304021525892,0.001688354729433728,0.00103304508933583</MDI>
      <MDI key="STATISTICS_EXCLUDEDVALUES"></MDI>
      <MDI key="STATISTICS_MAXIMUM">0.34499999880791</MDI>
      <MDI key="STATISTICS_MEAN">0.13667439690544</MDI>
      <MDI key="STATISTICS_MEDIAN">0.137416</MDI>
      <MDI key="STATISTICS_MINIMUM">0.079000003635883</MDI>
      <MDI key="STATISTICS_SKIPFACTORX">1</MDI>
      <MDI key="STATISTICS_SKIPFACTORY">1</MDI>
      <MDI key="STATISTICS_STDDEV">0.041089593931234</MDI>
    </Metadata>
  </PAMRasterBand>
  <PAMRasterBand band="3">
    <Description>Band_3</Description>
    <Histograms>
      <HistItem>
        <HistMin>0.1282500028610229</HistMin>
        <HistMax>0.2964999973773956</HistMax>
        <BucketCount>256</BucketCount>
        <IncludeOutOfRange>1</IncludeOutOfRange>
        <Approximate>0</Approximate>
        <HistCounts>2|1|5|7|15|12|12|19|14|31|38|19|27|36|25|23|36|30|37|19|37|20|10|23|8|7|10|3|10|8|6|12|7|0|5|2|1|1|4|0|1|0|7|2|1|5|8|4|7|5|10|17|15|24|21|10|23|23|15|26|15|39|27|25|38|26|26|48|45|22|38|40|24|33|22|38|34|19|19|17|28|17|8|9|10|13|18|15|17|10|8|9|10|9|4|11|9|8|9|3|13|1|7|4|7|6|5|3|4|7|4|7|3|2|7|5|0|15|8|3|5|1|2|14|1|5|4|4|4|3|0|4|7|0|0|2|5|4|5|3|1|2|0|0|2|2|2|0|5|4|0|2|0|1|1|3|2|3|0|0|0|2|0|1|0|2|0|0|1|1|2|0|0|1|0|0|0|0|0|1|0|0|0|0|0|1|0|0|0|0|0|0|0|0|0|0|0|0|0|0|0|0|0|0|0|0|1|0|0|0|0|0|0|0|0|0|0|0|0|0|0|0|0|0|0|0|0|0|3|0|0|0|0|1|0|0|0|0|0|1|3|0|0|2|0|1|0|0|0|0|0|0|0|0|0|1</HistCounts>
      </HistItem>
    </Histograms>
    <Metadata>
      <MDI key="BandName">Band_3</MDI>
      <MDI key="RepresentationType">ATHEMATIC</MDI>
      <MDI key="STATISTICS_COVARIANCES">-0.0008056591749804732,0.00103304508933583,0.0006614424756329148</MDI>
      <MDI key="STATISTICS_EXCLUDEDVALUES"></MDI>
      <MDI key="STATISTICS_MAXIMUM">0.2964999973774</MDI>
      <MDI key="STATISTICS_MEAN">0.1686387398048</MDI>
      <MDI key="STATISTICS_MEDIAN">0.170477</MDI>
      <MDI key="STATISTICS_MINIMUM">0.12825000286102</MDI>
      <MDI key="STATISTICS_SKIPFACTORX">1</MDI>
      <MDI key="STATISTICS_SKIPFACTORY">1</MDI>
      <MDI key="STATISTICS_STDDEV">0.025718523978505</MDI>
    </Metadata>
  </PAMRasterBand>
</PAMDataset>
