<PAMDataset>
  <Metadata>
    <MDI key="DataType">Generic</MDI>
  </Metadata>
  <PAMRasterBand band="1">
    <Description>Band_1</Description>
    <Histograms>
      <HistItem>
        <HistMin>0.7037500143051147</HistMin>
        <HistMax>0.9385926127433777</HistMax>
        <BucketCount>256</BucketCount>
        <IncludeOutOfRange>1</IncludeOutOfRange>
        <Approximate>0</Approximate>
        <HistCounts>2|0|0|0|0|0|0|0|0|0|0|0|0|0|0|0|0|0|0|0|0|0|0|0|0|0|0|0|0|0|0|0|1|0|0|0|0|0|0|0|0|0|0|0|1|1|2|1|0|1|0|0|0|2|0|3|0|1|0|2|0|0|0|0|1|2|1|0|1|0|0|0|1|0|0|1|0|1|0|0|0|0|1|0|1|0|0|0|0|0|1|0|0|0|0|0|1|1|0|0|1|0|0|0|0|0|3|2|0|0|1|1|0|2|4|0|0|0|0|3|0|0|0|1|0|0|0|1|4|1|2|4|0|4|1|0|1|1|3|1|3|1|2|3|0|2|1|2|1|0|0|0|1|2|4|3|0|0|3|1|3|5|1|2|2|6|0|0|0|2|4|2|4|0|7|2|2|4|4|3|7|7|9|7|9|11|6|10|7|9|11|6|4|11|7|9|10|8|10|6|11|14|10|7|12|7|32|11|7|9|16|7|21|13|15|13|11|9|6|19|16|8|17|10|9|12|10|9|7|15|3|9|7|10|22|106|93|157|141|190|185|176|121|90|55|54|33|19|6|10|3|5|4|1|0|2</HistCounts>
      </HistItem>
    </Histograms>
    <Metadata>
      <MDI key="BandName">Band_1</MDI>
      <MDI key="RepresentationType">ATHEMATIC</MDI>
      <MDI key="STATISTICS_COVARIANCES">0.000865943300575447,-0.000348195249623709,-0.000168962379053881</MDI>
      <MDI key="STATISTICS_EXCLUDEDVALUES"></MDI>
      <MDI key="STATISTICS_MAXIMUM">0.93859261274338</MDI>
      <MDI key="STATISTICS_MEAN">0.91062013254485</MDI>
      <MDI key="STATISTICS_MEDIAN">0.922936</MDI>
      <MDI key="STATISTICS_MINIMUM">0.70375001430511</MDI>
      <MDI key="STATISTICS_SKIPFACTORX">1</MDI>
      <MDI key="STATISTICS_SKIPFACTORY">1</MDI>
      <MDI key="STATISTICS_STDDEV">0.029426914560916</MDI>
    </Metadata>
  </PAMRasterBand>
  <PAMRasterBand band="2">
    <Description>Band_2</Description>
    <Histograms>
      <HistItem>
        <HistMin>0.06575000286102295</HistMin>
        <HistMax>0.4047499895095825</HistMax>
        <BucketCount>256</BucketCount>
        <IncludeOutOfRange>1</IncludeOutOfRange>
        <Approximate>0</Approximate>
        <HistCounts>3|4|20|72|50|76|124|102|85|79|78|91|107|78|58|78|70|56|75|50|39|40|35|22|29|42|29|20|35|17|23|21|20|18|18|21|13|27|13|27|14|17|16|10|13|14|5|13|10|10|10|4|9|9|4|5|5|5|5|7|2|1|3|4|6|0|2|2|0|4|3|0|1|2|0|1|3|0|3|3|1|1|6|0|0|3|0|3|1|2|1|2|0|2|1|2|0|1|0|2|0|3|1|3|0|0|2|2|0|1|3|0|0|1|1|0|3|1|3|1|2|0|2|0|0|2|1|1|2|0|1|0|3|0|2|1|0|0|0|1|2|1|0|2|0|1|1|0|0|0|0|0|0|0|1|0|0|0|0|0|0|0|0|0|0|0|1|0|0|1|0|0|0|0|0|0|0|1|0|0|0|0|2|0|0|1|0|0|0|0|0|0|1|0|0|1|0|0|0|0|0|0|0|0|0|0|1|0|0|0|1|0|0|0|0|0|0|0|0|0|0|0|0|0|0|0|0|1|0|0|0|0|0|0|0|0|0|0|0|0|0|0|0|0|0|0|0|0|0|0|0|0|0|0|0|2</HistCounts>
      </HistItem>
    </Histograms>
    <Metadata>
      <MDI key="BandName">Band_2</MDI>
      <MDI key="RepresentationType">ATHEMATIC</MDI>
      <MDI key="STATISTICS_COVARIANCES">-0.000348195249623709,0.001233765372404262,0.000768274465522832</MDI>
      <MDI key="STATISTICS_EXCLUDEDVALUES"></MDI>
      <MDI key="STATISTICS_MAXIMUM">0.40474998950958</MDI>
      <MDI key="STATISTICS_MEAN">0.097647914763687</MDI>
      <MDI key="STATISTICS_MEDIAN">0.085691</MDI>
      <MDI key="STATISTICS_MINIMUM">0.065750002861023</MDI>
      <MDI key="STATISTICS_SKIPFACTORX">1</MDI>
      <MDI key="STATISTICS_SKIPFACTORY">1</MDI>
      <MDI key="STATISTICS_STDDEV">0.035124996404331</MDI>
    </Metadata>
  </PAMRasterBand>
  <PAMRasterBand band="3">
    <Description>Band_3</Description>
    <Histograms>
      <HistItem>
        <HistMin>0.1162500008940697</HistMin>
        <HistMax>0.3395000100135803</HistMax>
        <BucketCount>256</BucketCount>
        <IncludeOutOfRange>1</IncludeOutOfRange>
        <Approximate>0</Approximate>
        <HistCounts>1|0|0|4|1|12|17|27|24|22|35|66|45|75|76|71|83|76|67|72|67|67|59|71|61|73|41|70|51|41|45|49|41|31|35|49|30|30|14|13|20|28|23|9|18|21|22|20|3|19|8|14|9|10|11|9|12|7|11|12|8|6|5|6|10|5|1|9|3|2|1|6|8|1|1|5|1|2|3|3|1|0|2|2|1|0|6|6|2|1|1|3|1|1|1|2|1|1|1|4|0|1|0|1|2|1|0|0|2|0|0|1|3|5|2|1|1|1|3|0|2|0|1|2|0|1|0|0|3|0|2|0|2|0|0|2|2|0|1|2|0|0|0|0|2|1|0|0|0|0|0|0|1|0|0|0|0|0|0|0|0|0|1|0|0|0|0|0|0|0|0|0|0|0|0|0|0|0|0|1|0|1|1|1|0|0|2|0|0|0|0|0|0|0|0|0|0|0|0|0|2|0|0|0|0|1|0|0|0|0|0|0|0|0|0|0|0|0|0|0|0|0|1|0|0|0|0|0|0|0|0|0|0|0|0|0|0|0|0|0|0|0|0|0|0|0|0|0|0|0|0|0|0|0|0|2</HistCounts>
      </HistItem>
    </Histograms>
    <Metadata>
      <MDI key="BandName">Band_3</MDI>
      <MDI key="RepresentationType">ATHEMATIC</MDI>
      <MDI key="STATISTICS_COVARIANCES">-0.000168962379053881,0.000768274465522832,0.000490808649294819</MDI>
      <MDI key="STATISTICS_EXCLUDEDVALUES"></MDI>
      <MDI key="STATISTICS_MAXIMUM">0.33950001001358</MDI>
      <MDI key="STATISTICS_MEAN">0.1439407653492</MDI>
      <MDI key="STATISTICS_MEDIAN">0.137262</MDI>
      <MDI key="STATISTICS_MINIMUM">0.11625000089407</MDI>
      <MDI key="STATISTICS_SKIPFACTORX">1</MDI>
      <MDI key="STATISTICS_SKIPFACTORY">1</MDI>
      <MDI key="STATISTICS_STDDEV">0.022154201617184</MDI>
    </Metadata>
  </PAMRasterBand>
</PAMDataset>
