<PAMDataset>
  <Metadata>
    <MDI key="DataType">Generic</MDI>
  </Metadata>
  <PAMRasterBand band="1">
    <Description>Band_1</Description>
    <Histograms>
      <HistItem>
        <HistMin>0.672249972820282</HistMin>
        <HistMax>0.938870370388031</HistMax>
        <BucketCount>256</BucketCount>
        <IncludeOutOfRange>1</IncludeOutOfRange>
        <Approximate>0</Approximate>
        <HistCounts>1|0|0|0|0|0|0|0|0|0|0|0|0|0|0|2|0|0|0|0|0|0|0|0|0|0|0|1|0|0|0|1|0|0|0|0|1|0|0|0|0|0|0|0|0|0|0|0|0|1|2|0|0|2|1|1|1|0|1|1|0|1|0|2|2|5|0|3|0|2|2|2|1|2|2|3|0|4|2|2|2|2|1|6|9|6|4|5|2|6|9|3|2|6|16|9|6|10|10|2|4|4|12|9|6|8|5|8|10|15|1|8|16|9|8|9|8|11|9|15|20|8|9|11|10|6|6|8|5|2|8|5|7|8|7|11|5|14|10|6|4|0|10|4|6|7|4|8|5|5|4|3|4|8|5|7|5|7|1|6|3|9|10|2|9|10|6|4|5|0|11|9|7|11|8|9|9|10|3|8|16|8|14|8|7|2|14|5|15|13|3|9|14|12|15|13|4|11|5|16|12|15|4|10|19|8|6|13|10|9|15|6|10|17|8|12|8|12|13|24|18|14|12|13|19|14|9|11|10|8|10|11|13|15|11|12|13|137|121|153|126|111|75|54|51|32|32|26|32|21|13|7|10|6|3|1</HistCounts>
      </HistItem>
    </Histograms>
    <Metadata>
      <MDI key="BandName">Band_1</MDI>
      <MDI key="RepresentationType">ATHEMATIC</MDI>
      <MDI key="STATISTICS_COVARIANCES">0.003152656054008884,-0.0002739517319439601,4.611833274410496e-05</MDI>
      <MDI key="STATISTICS_EXCLUDEDVALUES"></MDI>
      <MDI key="STATISTICS_MAXIMUM">0.93887037038803</MDI>
      <MDI key="STATISTICS_MEAN">0.87803725199832</MDI>
      <MDI key="STATISTICS_MEDIAN">0.902275</MDI>
      <MDI key="STATISTICS_MINIMUM">0.67224997282028</MDI>
      <MDI key="STATISTICS_SKIPFACTORX">1</MDI>
      <MDI key="STATISTICS_SKIPFACTORY">1</MDI>
      <MDI key="STATISTICS_STDDEV">0.056148517825575</MDI>
    </Metadata>
  </PAMRasterBand>
  <PAMRasterBand band="2">
    <Description>Band_2</Description>
    <Histograms>
      <HistItem>
        <HistMin>0.07474999874830246</HistMin>
        <HistMax>0.2700000107288361</HistMax>
        <BucketCount>256</BucketCount>
        <IncludeOutOfRange>1</IncludeOutOfRange>
        <Approximate>0</Approximate>
        <HistCounts>1|0|0|0|0|0|0|0|0|0|0|2|0|0|0|1|0|0|0|0|2|0|1|3|1|1|4|2|7|12|24|13|17|14|11|21|20|28|21|22|13|35|20|40|30|45|39|54|42|49|53|42|36|27|40|57|50|36|60|41|47|27|40|50|50|46|59|49|41|42|32|40|49|54|35|29|54|36|24|33|20|41|16|12|14|19|21|26|21|18|12|12|9|10|14|18|9|8|11|11|13|13|7|7|6|5|4|5|5|8|5|3|7|10|0|7|6|3|4|0|3|2|3|4|6|2|1|1|0|0|4|0|1|1|1|2|1|1|3|3|1|0|1|2|2|4|1|0|2|1|1|0|2|0|0|1|3|0|0|0|1|0|1|2|0|0|2|4|3|2|0|2|0|0|1|0|1|0|0|0|0|0|0|1|0|2|0|1|1|0|0|0|0|0|1|1|1|1|1|0|0|2|0|0|0|1|0|0|0|0|1|0|0|0|0|1|0|0|0|0|0|0|0|0|0|0|0|0|0|0|0|0|0|0|0|0|0|0|0|0|0|0|0|0|0|0|0|0|0|0|0|0|0|1|2|2</HistCounts>
      </HistItem>
    </Histograms>
    <Metadata>
      <MDI key="BandName">Band_2</MDI>
      <MDI key="RepresentationType">ATHEMATIC</MDI>
      <MDI key="STATISTICS_COVARIANCES">-0.0002739517319439601,0.0004364214818983245,0.0002686053567663023</MDI>
      <MDI key="STATISTICS_EXCLUDEDVALUES"></MDI>
      <MDI key="STATISTICS_MAXIMUM">0.27000001072884</MDI>
      <MDI key="STATISTICS_MEAN">0.12674057201768</MDI>
      <MDI key="STATISTICS_MEDIAN">0.123754</MDI>
      <MDI key="STATISTICS_MINIMUM">0.074749998748302</MDI>
      <MDI key="STATISTICS_SKIPFACTORX">1</MDI>
      <MDI key="STATISTICS_SKIPFACTORY">1</MDI>
      <MDI key="STATISTICS_STDDEV">0.020890703240875</MDI>
    </Metadata>
  </PAMRasterBand>
  <PAMRasterBand band="3">
    <Description>Band_3</Description>
    <Histograms>
      <HistItem>
        <HistMin>0.1264999955892563</HistMin>
        <HistMax>0.2680000066757202</HistMax>
        <BucketCount>256</BucketCount>
        <IncludeOutOfRange>1</IncludeOutOfRange>
        <Approximate>0</Approximate>
        <HistCounts>1|0|0|0|0|0|0|0|0|0|0|0|2|0|0|0|0|0|0|0|0|1|2|4|2|5|5|3|2|15|6|16|13|17|9|24|19|27|19|27|35|34|32|28|53|79|45|37|37|43|67|54|52|53|71|56|36|42|47|73|43|44|38|55|44|38|27|27|37|22|27|38|49|29|21|32|30|37|17|15|39|35|33|32|18|26|17|18|14|19|14|17|12|15|4|15|6|14|11|12|11|4|7|9|9|8|6|6|3|7|3|4|2|1|3|5|5|1|1|6|5|5|7|2|1|1|2|0|1|0|0|0|2|1|0|0|1|1|2|0|0|0|1|2|1|0|4|0|2|2|2|5|2|0|0|1|0|1|0|1|0|0|4|0|1|1|0|0|0|0|0|1|0|2|0|0|1|0|0|1|1|0|0|1|0|2|0|0|1|0|0|0|0|1|0|0|1|0|0|0|0|0|0|0|0|0|0|0|0|0|0|0|0|0|0|0|0|0|0|0|0|0|0|0|0|0|0|0|0|0|1|0|0|0|0|0|0|0|0|2|0|0|0|0|0|0|0|0|0|0|0|0|0|0|0|2</HistCounts>
      </HistItem>
    </Histograms>
    <Metadata>
      <MDI key="BandName">Band_3</MDI>
      <MDI key="RepresentationType">ATHEMATIC</MDI>
      <MDI key="STATISTICS_COVARIANCES">4.611833274410496e-05,0.0002686053567663023,0.0001964566126911432</MDI>
      <MDI key="STATISTICS_EXCLUDEDVALUES"></MDI>
      <MDI key="STATISTICS_MAXIMUM">0.26800000667572</MDI>
      <MDI key="STATISTICS_MEAN">0.16288706989418</MDI>
      <MDI key="STATISTICS_MEDIAN">0.159794</MDI>
      <MDI key="STATISTICS_MINIMUM">0.12649999558926</MDI>
      <MDI key="STATISTICS_SKIPFACTORX">1</MDI>
      <MDI key="STATISTICS_SKIPFACTORY">1</MDI>
      <MDI key="STATISTICS_STDDEV">0.014016298109385</MDI>
    </Metadata>
  </PAMRasterBand>
</PAMDataset>
