<PAMDataset>
  <Metadata>
    <MDI key="DataType">Generic</MDI>
  </Metadata>
  <PAMRasterBand band="1">
    <Description>Band_1</Description>
    <Histograms>
      <HistItem>
        <HistMin>0.7919999957084656</HistMin>
        <HistMax>0.9365555644035339</HistMax>
        <BucketCount>256</BucketCount>
        <IncludeOutOfRange>1</IncludeOutOfRange>
        <Approximate>0</Approximate>
        <HistCounts>1|0|0|0|0|0|0|0|0|0|0|1|0|0|0|0|0|0|0|0|2|0|1|0|0|0|0|0|1|0|0|0|1|0|1|0|0|1|0|0|0|0|0|2|2|0|0|0|0|0|1|0|0|0|0|0|1|0|0|0|0|1|0|0|1|0|0|0|0|0|0|1|0|2|0|0|0|0|0|1|1|0|2|0|0|0|0|2|0|0|2|0|0|2|0|0|0|0|2|0|0|0|0|0|0|1|2|0|1|1|1|0|1|0|1|0|0|1|0|0|0|0|0|2|0|1|0|0|0|0|0|1|0|0|0|0|0|0|0|0|0|0|3|2|3|0|0|0|0|1|0|0|0|2|1|1|1|0|0|0|0|2|0|3|0|0|0|0|1|0|0|0|0|0|0|1|1|0|0|2|1|3|0|0|0|1|3|0|0|1|1|0|1|0|4|1|5|1|3|1|0|0|1|1|0|3|1|4|1|5|5|1|0|4|5|0|3|1|7|5|1|3|1|2|5|11|41|53|60|65|76|92|105|127|106|101|77|71|101|63|69|31|36|38|20|27|20|18|20|13|5|8|2|4|2|1</HistCounts>
      </HistItem>
    </Histograms>
    <Metadata>
      <MDI key="BandName">Band_1</MDI>
      <MDI key="RepresentationType">ATHEMATIC</MDI>
      <MDI key="STATISTICS_COVARIANCES">0.0002806086579019161,-0.0003856132610450106,-0.0002429258589340592</MDI>
      <MDI key="STATISTICS_EXCLUDEDVALUES"></MDI>
      <MDI key="STATISTICS_MAXIMUM">0.93655556440353</MDI>
      <MDI key="STATISTICS_MEAN">0.92163989734856</MDI>
      <MDI key="STATISTICS_MEDIAN">0.924651</MDI>
      <MDI key="STATISTICS_MINIMUM">0.79199999570847</MDI>
      <MDI key="STATISTICS_SKIPFACTORX">1</MDI>
      <MDI key="STATISTICS_SKIPFACTORY">1</MDI>
      <MDI key="STATISTICS_STDDEV">0.016751377791152</MDI>
    </Metadata>
  </PAMRasterBand>
  <PAMRasterBand band="2">
    <Description>Band_2</Description>
    <Histograms>
      <HistItem>
        <HistMin>0.08375000208616257</HistMin>
        <HistMax>0.3817499876022339</HistMax>
        <BucketCount>256</BucketCount>
        <IncludeOutOfRange>1</IncludeOutOfRange>
        <Approximate>0</Approximate>
        <HistCounts>2|1|1|0|0|1|1|5|6|7|8|21|16|28|41|41|63|53|38|70|48|31|58|50|40|53|59|43|41|43|46|63|40|30|32|16|29|30|20|23|33|18|10|26|14|9|13|11|16|5|10|10|5|4|8|4|10|2|8|13|4|7|7|4|3|4|2|2|6|3|3|4|4|6|4|4|2|4|3|2|1|1|1|1|4|3|3|2|2|3|1|4|3|1|1|2|1|1|0|1|1|1|1|1|0|1|1|2|1|1|0|0|0|0|2|2|0|0|0|1|0|1|2|3|0|1|1|1|2|3|0|1|1|2|0|1|2|0|1|0|2|1|2|1|6|0|0|0|0|0|0|0|0|0|0|1|0|2|2|1|2|2|2|1|1|2|1|3|0|0|1|2|0|0|0|2|0|0|0|0|0|0|0|0|0|0|0|0|0|0|0|0|0|1|0|0|0|0|0|0|0|0|0|0|0|0|0|0|0|0|0|0|0|0|0|0|0|0|0|0|0|0|0|0|0|0|0|0|0|0|0|0|0|0|0|0|0|0|0|0|0|0|0|0|0|0|0|0|0|0|0|0|0|0|0|1</HistCounts>
      </HistItem>
    </Histograms>
    <Metadata>
      <MDI key="BandName">Band_2</MDI>
      <MDI key="RepresentationType">ATHEMATIC</MDI>
      <MDI key="STATISTICS_COVARIANCES">-0.0003856132610450106,0.001146630727532488,0.000753581130284003</MDI>
      <MDI key="STATISTICS_EXCLUDEDVALUES"></MDI>
      <MDI key="STATISTICS_MAXIMUM">0.38174998760223</MDI>
      <MDI key="STATISTICS_MEAN">0.12673376636532</MDI>
      <MDI key="STATISTICS_MEDIAN">0.116472</MDI>
      <MDI key="STATISTICS_MINIMUM">0.083750002086163</MDI>
      <MDI key="STATISTICS_SKIPFACTORX">1</MDI>
      <MDI key="STATISTICS_SKIPFACTORY">1</MDI>
      <MDI key="STATISTICS_STDDEV">0.033861936263783</MDI>
    </Metadata>
  </PAMRasterBand>
  <PAMRasterBand band="3">
    <Description>Band_3</Description>
    <Histograms>
      <HistItem>
        <HistMin>0.1400000005960464</HistMin>
        <HistMax>0.3747499883174896</HistMax>
        <BucketCount>256</BucketCount>
        <IncludeOutOfRange>1</IncludeOutOfRange>
        <Approximate>0</Approximate>
        <HistCounts>2|10|2|16|18|26|20|17|45|35|42|53|26|46|45|36|57|37|37|59|44|59|36|54|52|44|64|50|40|51|30|32|23|33|17|17|23|8|15|15|10|13|20|14|9|8|5|4|7|4|1|7|5|6|4|3|3|6|1|4|3|1|7|6|2|3|3|2|7|0|7|1|0|4|5|2|3|1|4|1|1|3|5|3|0|2|1|0|3|1|0|0|4|0|0|2|0|0|0|4|1|0|2|0|1|2|3|2|3|1|3|0|2|1|2|1|0|2|0|1|2|3|2|2|1|1|1|0|0|0|2|2|2|0|0|0|0|0|0|0|4|0|1|0|1|0|1|0|0|2|0|0|0|0|0|0|0|0|1|0|0|0|0|0|0|0|0|0|0|0|0|0|0|0|0|0|0|0|0|0|0|0|0|0|0|0|0|0|0|0|0|0|0|0|0|0|0|0|0|0|0|0|0|0|0|0|0|0|0|0|0|0|0|0|0|0|0|0|0|0|0|0|0|0|0|0|0|0|0|0|0|0|0|0|0|0|0|0|0|0|0|0|0|0|0|0|0|0|0|0|0|0|0|0|0|1</HistCounts>
      </HistItem>
    </Histograms>
    <Metadata>
      <MDI key="BandName">Band_3</MDI>
      <MDI key="RepresentationType">ATHEMATIC</MDI>
      <MDI key="STATISTICS_COVARIANCES">-0.0002429258589340592,0.000753581130284003,0.0005171445769343077</MDI>
      <MDI key="STATISTICS_EXCLUDEDVALUES"></MDI>
      <MDI key="STATISTICS_MAXIMUM">0.37474998831749</MDI>
      <MDI key="STATISTICS_MEAN">0.16712569573004</MDI>
      <MDI key="STATISTICS_MEDIAN">0.161174</MDI>
      <MDI key="STATISTICS_MINIMUM">0.14000000059605</MDI>
      <MDI key="STATISTICS_SKIPFACTORX">1</MDI>
      <MDI key="STATISTICS_SKIPFACTORY">1</MDI>
      <MDI key="STATISTICS_STDDEV">0.02274081302272</MDI>
    </Metadata>
  </PAMRasterBand>
</PAMDataset>
