<PAMDataset>
  <Metadata>
    <MDI key="DataType">Generic</MDI>
  </Metadata>
  <PAMRasterBand band="1">
    <Description>Band_1</Description>
    <Histograms>
      <HistItem>
        <HistMin>0.6127499938011169</HistMin>
        <HistMax>0.9394629597663879</HistMax>
        <BucketCount>256</BucketCount>
        <IncludeOutOfRange>1</IncludeOutOfRange>
        <Approximate>0</Approximate>
        <HistCounts>1|0|0|0|0|0|1|0|0|0|0|0|0|0|0|0|0|3|0|0|0|0|0|0|0|0|0|0|0|0|0|0|0|0|0|0|0|0|0|0|0|0|0|0|0|0|0|0|0|0|0|0|0|0|1|0|0|0|0|0|0|0|0|0|0|0|0|0|1|0|0|1|0|0|0|0|0|0|0|0|0|0|2|1|0|0|0|0|0|0|0|1|0|0|0|2|0|0|0|1|0|0|0|0|0|0|0|0|0|0|0|0|0|1|0|0|0|0|0|0|0|0|0|0|0|0|0|0|0|1|0|0|0|0|0|2|0|2|0|0|0|0|0|0|1|0|0|0|0|1|2|0|0|0|0|0|1|0|1|0|0|0|0|0|0|0|0|0|0|0|1|0|0|1|0|0|1|1|0|0|2|0|1|0|1|0|0|0|0|0|2|0|1|2|0|0|0|0|0|0|1|2|0|0|0|0|3|2|1|0|4|1|2|1|4|2|5|3|1|3|1|1|2|4|3|3|3|11|7|4|2|6|2|2|4|3|4|5|4|8|87|164|272|338|299|152|107|61|43|27|20|14|6|7|4|1</HistCounts>
      </HistItem>
    </Histograms>
    <Metadata>
      <MDI key="BandName">Band_1</MDI>
      <MDI key="RepresentationType">ATHEMATIC</MDI>
      <MDI key="STATISTICS_COVARIANCES">0.0006954488815453347,-0.0007167491378162788,-0.0004151835461510732</MDI>
      <MDI key="STATISTICS_EXCLUDEDVALUES"></MDI>
      <MDI key="STATISTICS_MAXIMUM">0.93946295976639</MDI>
      <MDI key="STATISTICS_MEAN">0.92054921171388</MDI>
      <MDI key="STATISTICS_MEDIAN">0.924088</MDI>
      <MDI key="STATISTICS_MINIMUM">0.61274999380112</MDI>
      <MDI key="STATISTICS_SKIPFACTORX">1</MDI>
      <MDI key="STATISTICS_SKIPFACTORY">1</MDI>
      <MDI key="STATISTICS_STDDEV">0.026371364802477</MDI>
    </Metadata>
  </PAMRasterBand>
  <PAMRasterBand band="2">
    <Description>Band_2</Description>
    <Histograms>
      <HistItem>
        <HistMin>0.03950000181794167</HistMin>
        <HistMax>0.4592500030994415</HistMax>
        <BucketCount>256</BucketCount>
        <IncludeOutOfRange>1</IncludeOutOfRange>
        <Approximate>0</Approximate>
        <HistCounts>4|0|0|0|0|0|4|2|12|9|13|23|21|37|33|51|40|112|102|82|151|112|137|86|118|84|71|71|59|63|43|36|29|12|8|15|7|6|6|2|3|5|6|5|1|4|2|1|0|0|0|0|0|0|2|1|1|0|2|0|1|1|2|1|0|0|1|0|1|0|0|0|2|1|1|0|1|4|0|1|0|0|0|0|0|2|0|0|0|0|0|0|0|0|0|1|0|1|0|0|0|1|0|0|0|0|0|0|0|0|0|1|0|0|0|0|1|0|0|0|0|0|0|3|0|0|0|0|0|1|0|1|3|1|2|0|0|1|1|0|1|1|0|2|0|0|0|0|0|0|0|0|0|0|1|0|1|1|0|2|2|2|0|4|1|0|0|0|0|0|1|0|2|0|0|0|0|0|0|0|0|0|0|0|0|0|1|0|0|0|0|0|0|0|0|0|0|0|0|0|0|0|0|0|0|0|1|0|0|0|0|0|0|0|0|0|0|0|0|0|0|0|0|0|0|0|0|0|0|0|0|0|0|0|0|0|0|0|0|0|0|0|0|0|0|0|0|0|0|1|0|0|0|0|0|1</HistCounts>
      </HistItem>
    </Histograms>
    <Metadata>
      <MDI key="BandName">Band_2</MDI>
      <MDI key="RepresentationType">ATHEMATIC</MDI>
      <MDI key="STATISTICS_COVARIANCES">-0.0007167491378162788,0.00129943814390823,0.0008534151323507305</MDI>
      <MDI key="STATISTICS_EXCLUDEDVALUES"></MDI>
      <MDI key="STATISTICS_MAXIMUM">0.45925000309944</MDI>
      <MDI key="STATISTICS_MEAN">0.083088268835632</MDI>
      <MDI key="STATISTICS_MEDIAN">0.075714</MDI>
      <MDI key="STATISTICS_MINIMUM">0.039500001817942</MDI>
      <MDI key="STATISTICS_SKIPFACTORX">1</MDI>
      <MDI key="STATISTICS_SKIPFACTORY">1</MDI>
      <MDI key="STATISTICS_STDDEV">0.036047720370479</MDI>
    </Metadata>
  </PAMRasterBand>
  <PAMRasterBand band="3">
    <Description>Band_3</Description>
    <Histograms>
      <HistItem>
        <HistMin>0.08974999934434891</HistMin>
        <HistMax>0.4247500002384186</HistMax>
        <BucketCount>256</BucketCount>
        <IncludeOutOfRange>1</IncludeOutOfRange>
        <Approximate>0</Approximate>
        <HistCounts>2|1|4|6|1|4|4|12|22|8|14|42|40|60|58|75|66|112|84|105|80|115|121|88|89|67|56|63|39|47|31|27|25|16|18|17|13|15|14|9|7|0|0|2|1|2|3|6|3|2|0|0|1|1|2|2|1|2|4|1|0|0|0|0|0|0|1|0|2|0|0|0|1|0|1|0|1|0|1|0|0|0|0|3|0|0|1|0|1|1|0|1|1|0|1|0|0|1|0|1|0|0|2|0|1|0|0|0|0|0|0|0|0|2|0|0|0|0|0|0|0|2|2|0|0|1|3|0|0|0|0|0|0|0|0|0|0|0|0|0|0|1|0|2|1|0|0|1|0|0|2|0|2|0|1|0|0|2|0|0|0|0|0|0|0|0|0|0|0|0|0|0|0|0|0|0|0|0|0|0|0|0|0|0|0|0|0|1|0|0|0|0|0|0|0|0|0|0|0|0|0|0|0|0|0|0|0|0|0|0|0|0|0|0|0|0|0|0|0|0|0|0|0|0|0|0|0|0|0|0|0|0|0|0|0|0|0|0|0|0|0|0|0|0|0|0|0|0|0|0|1|0|0|0|0|1</HistCounts>
      </HistItem>
    </Histograms>
    <Metadata>
      <MDI key="BandName">Band_3</MDI>
      <MDI key="RepresentationType">ATHEMATIC</MDI>
      <MDI key="STATISTICS_COVARIANCES">-0.0004151835461510732,0.0008534151323507305,0.000605926502231018</MDI>
      <MDI key="STATISTICS_EXCLUDEDVALUES"></MDI>
      <MDI key="STATISTICS_MAXIMUM">0.42475000023842</MDI>
      <MDI key="STATISTICS_MEAN">0.12216215828489</MDI>
      <MDI key="STATISTICS_MEDIAN">0.117338</MDI>
      <MDI key="STATISTICS_MINIMUM">0.089749999344349</MDI>
      <MDI key="STATISTICS_SKIPFACTORX">1</MDI>
      <MDI key="STATISTICS_SKIPFACTORY">1</MDI>
      <MDI key="STATISTICS_STDDEV">0.024615574383528</MDI>
    </Metadata>
  </PAMRasterBand>
</PAMDataset>
