<PAMDataset>
  <Metadata>
    <MDI key="DataType">Generic</MDI>
  </Metadata>
  <PAMRasterBand band="1">
    <Description>Band_1</Description>
    <Histograms>
      <HistItem>
        <HistMin>0.7524999976158142</HistMin>
        <HistMax>0.9352592825889587</HistMax>
        <BucketCount>256</BucketCount>
        <IncludeOutOfRange>1</IncludeOutOfRange>
        <Approximate>0</Approximate>
        <HistCounts>1|0|0|0|0|0|0|0|0|0|0|0|0|0|0|0|0|1|0|0|0|0|0|0|0|1|1|0|0|0|0|0|0|0|0|0|0|0|1|0|0|0|1|0|0|0|1|0|2|0|2|1|0|1|2|3|1|2|2|2|3|2|4|3|3|2|2|0|3|1|5|4|1|4|9|3|3|5|6|3|2|9|2|2|3|5|1|12|4|5|2|4|4|8|5|0|6|4|3|4|2|3|6|5|4|2|3|6|6|1|4|3|0|4|2|3|4|5|3|3|2|4|1|3|7|5|10|3|4|7|4|6|3|4|6|0|1|4|3|4|7|5|2|2|7|0|4|9|5|6|1|3|7|7|11|4|4|2|9|3|4|5|7|4|3|2|3|3|3|7|4|3|1|10|4|5|2|1|2|4|3|8|4|5|10|4|5|4|0|1|7|5|6|2|3|2|4|3|3|4|8|7|6|3|5|8|5|2|3|3|5|4|6|6|6|6|9|3|6|4|5|0|3|5|6|7|4|5|4|5|11|2|3|19|74|85|44|44|35|29|34|17|10|17|6|9|8|12|1|3|2|1|2|0|0|1</HistCounts>
      </HistItem>
    </Histograms>
    <Metadata>
      <MDI key="BandName">Band_1</MDI>
      <MDI key="RepresentationType">ATHEMATIC</MDI>
      <MDI key="STATISTICS_COVARIANCES">0.001860884719561323,0.0004261671988949259,0.0003495282159490496</MDI>
      <MDI key="STATISTICS_EXCLUDEDVALUES"></MDI>
      <MDI key="STATISTICS_MAXIMUM">0.93525928258896</MDI>
      <MDI key="STATISTICS_MEAN">0.88287253477014</MDI>
      <MDI key="STATISTICS_MEDIAN">0.897274</MDI>
      <MDI key="STATISTICS_MINIMUM">0.75249999761581</MDI>
      <MDI key="STATISTICS_SKIPFACTORX">1</MDI>
      <MDI key="STATISTICS_SKIPFACTORY">1</MDI>
      <MDI key="STATISTICS_STDDEV">0.0431379730581</MDI>
    </Metadata>
  </PAMRasterBand>
  <PAMRasterBand band="2">
    <Description>Band_2</Description>
    <Histograms>
      <HistItem>
        <HistMin>0.1669999957084656</HistMin>
        <HistMax>0.3457500040531158</HistMax>
        <BucketCount>256</BucketCount>
        <IncludeOutOfRange>1</IncludeOutOfRange>
        <Approximate>0</Approximate>
        <HistCounts>2|1|1|0|2|5|1|4|5|2|1|4|0|0|4|1|4|8|7|0|4|5|11|6|9|11|14|3|12|15|9|14|19|28|21|15|19|15|24|24|25|28|14|24|25|9|29|20|25|34|35|19|27|22|19|34|10|25|14|14|19|13|8|16|17|10|5|9|13|7|15|5|7|7|10|14|6|6|8|7|7|4|2|5|7|6|5|6|11|2|8|2|5|11|6|8|8|5|12|2|1|9|3|2|4|0|0|5|2|1|3|3|2|2|4|3|2|0|1|3|2|0|0|0|0|0|0|5|2|0|0|0|0|2|1|0|0|0|0|0|0|1|0|0|1|0|2|0|0|0|0|0|2|1|0|0|0|0|0|0|2|0|0|0|0|2|0|0|0|0|0|0|2|0|0|0|3|0|2|0|0|1|0|0|1|0|2|0|0|0|0|0|0|0|0|0|0|1|1|0|0|0|0|0|0|0|0|0|0|0|1|1|0|0|0|0|0|0|0|0|0|0|0|0|0|1|0|0|0|0|2|0|1|0|0|0|0|0|0|1|0|0|0|0|0|1|0|0|1|0|0|0|0|0|0|1</HistCounts>
      </HistItem>
    </Histograms>
    <Metadata>
      <MDI key="BandName">Band_2</MDI>
      <MDI key="RepresentationType">ATHEMATIC</MDI>
      <MDI key="STATISTICS_COVARIANCES">0.0004261671988949259,0.0005379277126979791,0.0003547084964228173</MDI>
      <MDI key="STATISTICS_EXCLUDEDVALUES"></MDI>
      <MDI key="STATISTICS_MAXIMUM">0.34575000405312</MDI>
      <MDI key="STATISTICS_MEAN">0.20801289517203</MDI>
      <MDI key="STATISTICS_MEDIAN">0.202750</MDI>
      <MDI key="STATISTICS_MINIMUM">0.16699999570847</MDI>
      <MDI key="STATISTICS_SKIPFACTORX">1</MDI>
      <MDI key="STATISTICS_SKIPFACTORY">1</MDI>
      <MDI key="STATISTICS_STDDEV">0.023193268693696</MDI>
    </Metadata>
  </PAMRasterBand>
  <PAMRasterBand band="3">
    <Description>Band_3</Description>
    <Histograms>
      <HistItem>
        <HistMin>0.2105000019073486</HistMin>
        <HistMax>0.3277499973773956</HistMax>
        <BucketCount>256</BucketCount>
        <IncludeOutOfRange>1</IncludeOutOfRange>
        <Approximate>0</Approximate>
        <HistCounts>2|0|0|1|0|0|0|1|0|0|0|2|2|5|4|2|0|1|2|5|3|1|1|2|1|6|7|2|8|6|8|2|12|5|12|7|14|10|5|8|10|17|10|7|14|12|17|10|15|13|14|7|9|16|25|7|12|16|25|19|14|29|8|19|19|19|13|21|5|26|14|22|21|26|11|27|26|28|11|14|6|11|17|12|19|5|15|5|8|15|8|10|19|2|7|5|10|6|10|1|6|2|12|11|6|5|2|9|9|7|11|5|6|6|5|3|8|2|0|8|3|0|2|3|2|4|2|4|1|1|1|6|2|1|4|2|3|2|1|2|3|2|0|0|1|0|2|2|0|0|0|1|0|0|0|0|0|0|0|1|0|1|0|2|0|0|0|0|2|1|0|0|1|1|0|0|0|0|1|0|0|2|0|0|2|1|0|0|0|1|2|0|0|0|0|0|0|0|1|1|0|1|2|0|0|1|0|0|0|0|1|0|1|1|0|1|0|0|0|0|0|0|0|0|0|0|0|0|0|2|1|1|0|0|0|1|0|0|0|0|1|0|0|1|0|0|0|0|0|0|0|0|0|0|0|1</HistCounts>
      </HistItem>
    </Histograms>
    <Metadata>
      <MDI key="BandName">Band_3</MDI>
      <MDI key="RepresentationType">ATHEMATIC</MDI>
      <MDI key="STATISTICS_COVARIANCES">0.0003495282159490496,0.0003547084964228173,0.000257541490092105</MDI>
      <MDI key="STATISTICS_EXCLUDEDVALUES"></MDI>
      <MDI key="STATISTICS_MAXIMUM">0.3277499973774</MDI>
      <MDI key="STATISTICS_MEAN">0.24475665552892</MDI>
      <MDI key="STATISTICS_MEDIAN">0.242686</MDI>
      <MDI key="STATISTICS_MINIMUM">0.21050000190735</MDI>
      <MDI key="STATISTICS_SKIPFACTORX">1</MDI>
      <MDI key="STATISTICS_SKIPFACTORY">1</MDI>
      <MDI key="STATISTICS_STDDEV">0.016048099267269</MDI>
    </Metadata>
  </PAMRasterBand>
</PAMDataset>
