<PAMDataset>
  <Metadata>
    <MDI key="DataType">Generic</MDI>
  </Metadata>
  <PAMRasterBand band="1">
    <Description>Band_1</Description>
    <Histograms>
      <HistItem>
        <HistMin>0.6997500061988831</HistMin>
        <HistMax>0.9299444556236267</HistMax>
        <BucketCount>256</BucketCount>
        <IncludeOutOfRange>1</IncludeOutOfRange>
        <Approximate>0</Approximate>
        <HistCounts>1|0|0|0|0|0|0|0|0|0|0|0|0|0|0|0|0|1|0|0|1|0|0|1|0|0|0|0|1|0|0|1|2|1|0|0|0|0|1|1|1|0|0|0|0|2|1|0|0|0|0|0|0|0|0|0|0|1|0|0|0|0|1|0|0|0|2|0|0|0|0|0|0|1|2|0|1|0|1|0|1|3|3|0|2|3|4|4|5|2|5|3|0|6|5|4|4|4|6|7|2|14|4|14|4|5|7|6|1|5|0|4|2|4|4|1|1|5|3|5|5|4|12|7|6|4|3|3|9|5|4|10|7|9|8|6|3|5|7|6|12|5|6|10|6|7|6|9|3|2|4|7|7|5|5|3|3|6|7|3|4|9|7|7|2|13|5|4|2|7|7|9|2|6|8|3|5|1|4|2|10|2|6|7|6|3|4|12|5|6|3|9|4|8|6|3|9|1|5|9|5|3|7|0|3|4|2|3|10|1|5|2|7|4|4|6|5|8|7|2|3|4|2|5|5|1|1|5|0|0|5|0|6|4|8|6|1|0|3|6|3|2|4|6|47|46|62|56|46|48|24|16|11|5|4|1</HistCounts>
      </HistItem>
    </Histograms>
    <Metadata>
      <MDI key="BandName">Band_1</MDI>
      <MDI key="RepresentationType">ATHEMATIC</MDI>
      <MDI key="STATISTICS_COVARIANCES">0.002682463642630159,0.0008292991417338482,0.0006958948650263478</MDI>
      <MDI key="STATISTICS_EXCLUDEDVALUES"></MDI>
      <MDI key="STATISTICS_MAXIMUM">0.92994445562363</MDI>
      <MDI key="STATISTICS_MEAN">0.86672560065179</MDI>
      <MDI key="STATISTICS_MEDIAN">0.870365</MDI>
      <MDI key="STATISTICS_MINIMUM">0.69975000619888</MDI>
      <MDI key="STATISTICS_SKIPFACTORX">1</MDI>
      <MDI key="STATISTICS_SKIPFACTORY">1</MDI>
      <MDI key="STATISTICS_STDDEV">0.051792505660859</MDI>
    </Metadata>
  </PAMRasterBand>
  <PAMRasterBand band="2">
    <Description>Band_2</Description>
    <Histograms>
      <HistItem>
        <HistMin>0.0689999982714653</HistMin>
        <HistMax>0.3140000104904175</HistMax>
        <BucketCount>256</BucketCount>
        <IncludeOutOfRange>1</IncludeOutOfRange>
        <Approximate>0</Approximate>
        <HistCounts>2|0|3|2|1|2|1|0|3|6|7|9|7|6|25|15|9|17|15|15|14|9|23|22|30|20|30|21|18|21|35|25|25|13|13|24|17|19|7|23|14|11|13|5|14|14|12|1|13|6|14|11|8|11|7|12|6|6|8|8|6|7|8|8|9|3|6|14|15|6|3|8|13|8|7|9|6|9|11|8|4|5|6|9|9|4|6|4|8|5|7|8|8|8|5|1|6|6|6|8|4|10|3|4|3|4|6|6|2|4|3|4|11|4|4|4|3|2|2|2|1|3|4|2|3|2|2|1|3|2|4|0|4|0|2|0|0|0|0|0|2|0|1|0|0|0|0|3|1|1|0|1|0|0|0|0|0|3|0|0|0|0|1|0|0|1|1|0|0|1|0|0|0|0|5|0|1|0|0|0|0|1|1|0|0|4|0|0|1|0|0|0|0|0|0|0|0|0|0|0|0|0|0|0|0|0|0|0|0|0|0|0|0|0|0|0|0|0|0|0|0|0|0|0|0|0|0|0|0|0|0|0|0|0|0|0|0|0|0|0|0|0|0|0|0|0|0|0|0|0|0|1|0|0|0|1</HistCounts>
      </HistItem>
    </Histograms>
    <Metadata>
      <MDI key="BandName">Band_2</MDI>
      <MDI key="RepresentationType">ATHEMATIC</MDI>
      <MDI key="STATISTICS_COVARIANCES">0.0008292991417338482,0.001237852570981489,0.000883136389347943</MDI>
      <MDI key="STATISTICS_EXCLUDEDVALUES"></MDI>
      <MDI key="STATISTICS_MAXIMUM">0.31400001049042</MDI>
      <MDI key="STATISTICS_MEAN">0.1218817567931</MDI>
      <MDI key="STATISTICS_MEDIAN">0.109353</MDI>
      <MDI key="STATISTICS_MINIMUM">0.068999998271465</MDI>
      <MDI key="STATISTICS_SKIPFACTORX">1</MDI>
      <MDI key="STATISTICS_SKIPFACTORY">1</MDI>
      <MDI key="STATISTICS_STDDEV">0.035183129067516</MDI>
    </Metadata>
  </PAMRasterBand>
  <PAMRasterBand band="3">
    <Description>Band_3</Description>
    <Histograms>
      <HistItem>
        <HistMin>0.1000000014901161</HistMin>
        <HistMax>0.2857500016689301</HistMax>
        <BucketCount>256</BucketCount>
        <IncludeOutOfRange>1</IncludeOutOfRange>
        <Approximate>0</Approximate>
        <HistCounts>1|0|0|0|0|0|0|0|2|2|3|3|4|2|8|10|10|4|12|22|14|17|22|10|21|19|17|28|31|28|31|22|18|15|18|24|23|27|9|31|16|22|16|14|14|15|0|15|9|13|14|10|19|10|10|6|4|3|4|15|5|13|10|7|7|11|3|6|9|3|6|13|7|7|7|1|15|11|8|10|5|6|7|4|6|14|8|2|4|6|4|10|4|5|9|4|6|10|4|5|5|3|8|10|5|7|2|9|9|7|3|6|5|9|2|0|5|2|2|2|2|1|6|3|1|3|0|3|6|3|1|1|0|0|2|0|2|1|0|0|0|0|1|0|0|1|3|0|1|1|0|1|0|0|0|1|3|0|0|0|1|1|0|0|0|1|0|2|1|0|0|4|0|0|0|0|0|0|0|0|0|1|0|0|2|0|1|0|0|0|0|0|0|0|0|0|0|0|1|0|0|0|0|0|0|0|0|0|0|0|0|0|0|0|0|0|0|0|0|0|0|0|0|0|0|0|1|0|0|0|0|0|0|0|0|0|0|0|0|0|0|0|0|0|0|0|0|0|0|0|0|0|0|0|0|1</HistCounts>
      </HistItem>
    </Histograms>
    <Metadata>
      <MDI key="BandName">Band_3</MDI>
      <MDI key="RepresentationType">ATHEMATIC</MDI>
      <MDI key="STATISTICS_COVARIANCES">0.0006958948650263478,0.000883136389347943,0.0006594090758227238</MDI>
      <MDI key="STATISTICS_EXCLUDEDVALUES"></MDI>
      <MDI key="STATISTICS_MAXIMUM">0.28575000166893</MDI>
      <MDI key="STATISTICS_MEAN">0.14176900327407</MDI>
      <MDI key="STATISTICS_MEDIAN">0.132779</MDI>
      <MDI key="STATISTICS_MINIMUM">0.10000000149012</MDI>
      <MDI key="STATISTICS_SKIPFACTORX">1</MDI>
      <MDI key="STATISTICS_SKIPFACTORY">1</MDI>
      <MDI key="STATISTICS_STDDEV">0.025678961735684</MDI>
    </Metadata>
  </PAMRasterBand>
</PAMDataset>
