<PAMDataset>
  <Metadata>
    <MDI key="DataType">Generic</MDI>
  </Metadata>
  <PAMRasterBand band="1">
    <Description>Band_1</Description>
    <Histograms>
      <HistItem>
        <HistMin>0.3802500069141388</HistMin>
        <HistMax>0.9224259257316589</HistMax>
        <BucketCount>256</BucketCount>
        <IncludeOutOfRange>1</IncludeOutOfRange>
        <Approximate>0</Approximate>
        <HistCounts>1|0|0|0|0|0|2|1|0|0|0|1|0|0|1|1|4|5|5|3|4|1|1|5|2|0|2|6|0|5|1|3|1|8|6|3|5|3|10|8|5|5|3|9|5|6|11|2|8|5|12|12|11|16|2|4|11|15|17|12|9|8|8|17|15|25|9|27|19|27|15|15|19|18|21|30|21|28|26|19|17|21|24|17|19|19|22|22|18|22|10|6|9|11|8|12|4|13|12|13|12|5|13|8|5|3|8|7|6|5|2|2|6|2|2|0|2|0|2|2|2|4|1|0|0|1|4|0|0|3|0|0|5|0|1|1|0|1|1|0|0|2|1|0|0|0|1|0|0|2|1|1|0|2|0|0|0|0|0|0|0|0|2|0|1|1|3|4|0|2|0|0|0|0|0|0|0|0|0|0|0|0|0|0|0|0|0|0|1|0|0|0|1|0|0|0|0|0|0|0|0|1|0|0|0|0|0|0|2|0|0|0|0|2|0|0|0|0|0|0|0|0|0|0|0|0|0|0|0|0|0|0|0|1|0|0|0|0|0|0|0|0|2|0|0|0|0|0|0|0|0|0|0|0|3|2</HistCounts>
      </HistItem>
    </Histograms>
    <Metadata>
      <MDI key="BandName">Band_1</MDI>
      <MDI key="RepresentationType">ATHEMATIC</MDI>
      <MDI key="STATISTICS_COVARIANCES">0.004450722469992538,0.0003958574099013981,0.0005921878569469925</MDI>
      <MDI key="STATISTICS_EXCLUDEDVALUES"></MDI>
      <MDI key="STATISTICS_MAXIMUM">0.92242592573166</MDI>
      <MDI key="STATISTICS_MEAN">0.54441218840837</MDI>
      <MDI key="STATISTICS_MEDIAN">0.539714</MDI>
      <MDI key="STATISTICS_MINIMUM">0.38025000691414</MDI>
      <MDI key="STATISTICS_SKIPFACTORX">1</MDI>
      <MDI key="STATISTICS_SKIPFACTORY">1</MDI>
      <MDI key="STATISTICS_STDDEV">0.066713735242396</MDI>
    </Metadata>
  </PAMRasterBand>
  <PAMRasterBand band="2">
    <Description>Band_2</Description>
    <Histograms>
      <HistItem>
        <HistMin>0.1185000017285347</HistMin>
        <HistMax>0.417250007390976</HistMax>
        <BucketCount>256</BucketCount>
        <IncludeOutOfRange>1</IncludeOutOfRange>
        <Approximate>0</Approximate>
        <HistCounts>2|0|0|0|1|0|0|0|0|0|0|0|0|0|0|0|0|0|0|0|2|0|0|0|0|0|0|0|0|0|0|0|0|0|0|0|0|0|0|0|0|0|0|0|0|0|0|0|2|0|0|0|0|0|0|0|0|0|1|0|0|0|0|0|0|1|1|0|1|2|0|0|0|0|0|0|0|0|1|1|0|1|0|2|0|1|0|2|1|1|0|0|2|0|1|2|1|2|0|3|3|0|2|2|5|1|2|1|0|0|6|1|0|2|3|5|8|2|5|5|6|0|11|6|6|7|5|4|2|5|0|14|7|7|10|8|7|15|10|12|9|13|10|9|9|20|11|8|12|7|17|12|6|11|10|14|7|12|8|5|10|16|18|19|19|22|18|22|16|16|16|16|16|11|22|15|15|16|20|12|19|16|7|15|11|15|11|20|11|19|12|10|10|12|3|8|20|3|7|12|2|11|6|4|2|3|5|3|2|1|3|2|3|0|0|5|0|6|1|4|1|0|0|4|1|0|1|2|0|0|2|0|0|0|2|0|0|0|0|0|0|3|0|0|0|1|0|2|0|0|0|0|0|0|0|1</HistCounts>
      </HistItem>
    </Histograms>
    <Metadata>
      <MDI key="BandName">Band_2</MDI>
      <MDI key="RepresentationType">ATHEMATIC</MDI>
      <MDI key="STATISTICS_COVARIANCES">0.0003958574099013981,0.001339613004109966,0.0007808610405119191</MDI>
      <MDI key="STATISTICS_EXCLUDEDVALUES"></MDI>
      <MDI key="STATISTICS_MAXIMUM">0.41725000739098</MDI>
      <MDI key="STATISTICS_MEAN">0.30922290529438</MDI>
      <MDI key="STATISTICS_MEDIAN">0.312980</MDI>
      <MDI key="STATISTICS_MINIMUM">0.11850000172853</MDI>
      <MDI key="STATISTICS_SKIPFACTORX">1</MDI>
      <MDI key="STATISTICS_SKIPFACTORY">1</MDI>
      <MDI key="STATISTICS_STDDEV">0.0366007240927</MDI>
    </Metadata>
  </PAMRasterBand>
  <PAMRasterBand band="3">
    <Description>Band_3</Description>
    <Histograms>
      <HistItem>
        <HistMin>0.1620000004768372</HistMin>
        <HistMax>0.367249995470047</HistMax>
        <BucketCount>256</BucketCount>
        <IncludeOutOfRange>1</IncludeOutOfRange>
        <Approximate>0</Approximate>
        <HistCounts>3|0|0|0|0|0|0|0|0|0|0|0|0|0|2|0|0|0|0|0|0|0|0|0|0|0|0|0|1|0|0|0|0|1|1|0|1|0|1|1|0|1|0|2|0|0|1|1|2|0|1|0|2|0|0|4|1|2|0|3|2|0|1|4|1|8|2|1|1|1|1|9|6|1|7|5|5|2|8|3|2|8|3|2|9|9|8|8|14|8|11|14|11|9|14|14|9|15|16|11|11|11|20|13|19|9|3|14|9|11|11|9|17|30|12|30|13|22|27|25|6|17|28|11|13|18|13|21|14|20|17|8|13|12|15|18|32|19|7|9|17|15|7|13|7|15|9|1|11|3|6|7|6|3|3|1|2|3|5|3|0|2|1|6|2|0|3|0|4|0|1|0|2|1|2|0|0|0|0|0|0|0|0|1|1|0|3|0|0|0|2|0|0|0|1|0|0|0|2|0|0|0|0|1|0|0|0|0|0|0|0|0|0|0|0|1|0|0|0|0|0|0|0|0|0|0|0|0|0|0|0|0|0|0|0|0|0|0|0|0|0|1|1|0|0|0|0|0|0|0|0|0|0|0|0|2</HistCounts>
      </HistItem>
    </Histograms>
    <Metadata>
      <MDI key="BandName">Band_3</MDI>
      <MDI key="RepresentationType">ATHEMATIC</MDI>
      <MDI key="STATISTICS_COVARIANCES">0.0005921878569469925,0.0007808610405119191,0.0005103165645588149</MDI>
      <MDI key="STATISTICS_EXCLUDEDVALUES"></MDI>
      <MDI key="STATISTICS_MAXIMUM">0.36724999547005</MDI>
      <MDI key="STATISTICS_MEAN">0.25522563732713</MDI>
      <MDI key="STATISTICS_MEDIAN">0.256174</MDI>
      <MDI key="STATISTICS_MINIMUM">0.16200000047684</MDI>
      <MDI key="STATISTICS_SKIPFACTORX">1</MDI>
      <MDI key="STATISTICS_SKIPFACTORY">1</MDI>
      <MDI key="STATISTICS_STDDEV">0.022590187351122</MDI>
    </Metadata>
  </PAMRasterBand>
</PAMDataset>
