<PAMDataset>
  <Metadata>
    <MDI key="DataType">Generic</MDI>
  </Metadata>
  <PAMRasterBand band="1">
    <Description>Band_1</Description>
    <Histograms>
      <HistItem>
        <HistMin>0.6897500157356262</HistMin>
        <HistMax>0.9385185241699219</HistMax>
        <BucketCount>256</BucketCount>
        <IncludeOutOfRange>1</IncludeOutOfRange>
        <Approximate>0</Approximate>
        <HistCounts>1|0|0|0|0|0|0|0|0|1|0|0|1|0|0|0|0|0|0|0|0|0|0|0|0|0|0|0|1|0|0|0|0|0|0|0|0|0|0|0|0|1|0|1|0|0|1|0|0|0|0|0|0|0|1|0|1|1|0|0|0|0|1|1|0|1|1|0|1|0|0|0|1|0|1|0|0|0|0|0|0|1|1|0|0|0|1|2|0|0|1|1|0|0|0|0|1|0|2|0|0|0|0|2|0|0|0|1|0|0|1|1|0|0|0|0|0|0|0|3|0|0|1|1|0|0|0|0|0|1|0|0|0|1|0|1|1|2|0|2|1|0|0|0|1|0|1|0|0|2|0|0|0|2|1|0|1|0|0|0|1|0|2|0|0|2|3|0|0|0|0|1|0|2|1|1|3|1|4|2|4|1|0|1|0|2|1|0|1|0|2|3|0|1|2|3|2|1|1|1|2|4|2|1|3|4|2|0|6|3|3|0|3|7|1|2|6|5|3|2|4|2|6|3|1|2|9|4|6|1|3|4|7|13|4|4|83|127|154|145|110|100|84|86|52|53|48|21|31|19|13|10|5|7|2|1</HistCounts>
      </HistItem>
    </Histograms>
    <Metadata>
      <MDI key="BandName">Band_1</MDI>
      <MDI key="RepresentationType">ATHEMATIC</MDI>
      <MDI key="STATISTICS_COVARIANCES">0.0009184352575061879,-0.0004444014508302621,-0.000200663470952146</MDI>
      <MDI key="STATISTICS_EXCLUDEDVALUES"></MDI>
      <MDI key="STATISTICS_MAXIMUM">0.93851852416992</MDI>
      <MDI key="STATISTICS_MEAN">0.91588829485713</MDI>
      <MDI key="STATISTICS_MEDIAN">0.922910</MDI>
      <MDI key="STATISTICS_MINIMUM">0.68975001573563</MDI>
      <MDI key="STATISTICS_SKIPFACTORX">1</MDI>
      <MDI key="STATISTICS_SKIPFACTORY">1</MDI>
      <MDI key="STATISTICS_STDDEV">0.03030569678305</MDI>
    </Metadata>
  </PAMRasterBand>
  <PAMRasterBand band="2">
    <Description>Band_2</Description>
    <Histograms>
      <HistItem>
        <HistMin>0.07800000160932541</HistMin>
        <HistMax>0.3927499949932098</HistMax>
        <BucketCount>256</BucketCount>
        <IncludeOutOfRange>1</IncludeOutOfRange>
        <Approximate>0</Approximate>
        <HistCounts>1|0|0|4|4|2|5|4|10|2|5|4|3|7|6|3|7|6|6|11|11|7|9|8|10|12|12|13|17|13|15|12|18|13|15|22|16|19|24|19|26|12|28|24|30|35|32|30|30|27|32|33|31|35|31|32|26|32|44|33|28|26|21|12|22|9|27|14|20|13|20|19|9|10|3|9|9|9|3|8|9|6|11|3|3|3|2|4|0|0|2|4|1|3|6|0|0|3|2|3|1|2|1|2|1|0|0|4|4|0|3|0|1|1|1|1|2|1|0|0|1|0|1|0|1|2|1|0|0|0|0|0|0|1|2|2|0|0|2|0|0|1|0|0|1|0|0|0|0|0|0|0|0|0|0|1|0|0|0|0|0|0|0|0|0|0|0|1|2|0|1|0|0|0|0|0|0|0|1|0|0|0|0|0|0|0|0|0|0|0|0|0|0|0|1|0|0|1|1|0|0|0|0|0|0|0|0|0|0|0|0|0|0|0|0|0|0|0|0|0|0|0|0|0|0|0|0|1|0|0|0|0|0|0|0|0|0|0|0|0|0|0|0|0|0|0|0|0|1|0|0|0|0|0|0|1</HistCounts>
      </HistItem>
    </Histograms>
    <Metadata>
      <MDI key="BandName">Band_2</MDI>
      <MDI key="RepresentationType">ATHEMATIC</MDI>
      <MDI key="STATISTICS_COVARIANCES">-0.0004444014508302621,0.0009769421167693223,0.0005676957893142733</MDI>
      <MDI key="STATISTICS_EXCLUDEDVALUES"></MDI>
      <MDI key="STATISTICS_MAXIMUM">0.39274999499321</MDI>
      <MDI key="STATISTICS_MEAN">0.14309577912114</MDI>
      <MDI key="STATISTICS_MEDIAN">0.140950</MDI>
      <MDI key="STATISTICS_MINIMUM">0.078000001609325</MDI>
      <MDI key="STATISTICS_SKIPFACTORX">1</MDI>
      <MDI key="STATISTICS_SKIPFACTORY">1</MDI>
      <MDI key="STATISTICS_STDDEV">0.031256073278154</MDI>
    </Metadata>
  </PAMRasterBand>
  <PAMRasterBand band="3">
    <Description>Band_3</Description>
    <Histograms>
      <HistItem>
        <HistMin>0.1260000020265579</HistMin>
        <HistMax>0.3230000138282776</HistMax>
        <BucketCount>256</BucketCount>
        <IncludeOutOfRange>1</IncludeOutOfRange>
        <Approximate>0</Approximate>
        <HistCounts>1|0|1|0|0|0|1|1|0|0|1|0|2|1|0|0|7|4|4|4|3|2|9|6|5|7|2|1|5|5|7|7|7|8|9|2|6|5|10|11|11|10|12|24|14|8|10|16|6|14|20|12|12|13|28|19|20|12|28|22|35|38|28|20|26|23|50|25|23|25|29|38|31|39|30|37|32|28|17|19|20|18|27|10|25|16|15|15|18|10|12|9|12|6|8|8|7|6|4|9|3|4|1|6|4|7|0|1|0|1|5|0|1|1|4|3|0|2|1|3|0|3|0|1|0|1|0|1|3|0|2|2|0|0|0|1|3|0|0|4|0|2|0|0|0|1|0|0|0|0|0|0|1|0|0|0|0|0|0|0|0|1|0|0|0|0|2|0|0|1|0|0|1|0|0|0|0|0|0|0|0|0|0|0|0|0|1|0|1|0|0|0|1|0|0|0|0|0|0|0|0|0|0|0|0|0|0|0|0|0|0|0|0|0|0|1|0|0|0|0|0|0|0|0|0|0|0|0|0|0|0|0|0|0|0|0|0|0|0|0|0|0|0|0|0|0|0|0|1|0|0|0|0|0|0|1</HistCounts>
      </HistItem>
    </Histograms>
    <Metadata>
      <MDI key="BandName">Band_3</MDI>
      <MDI key="RepresentationType">ATHEMATIC</MDI>
      <MDI key="STATISTICS_COVARIANCES">-0.000200663470952146,0.0005676957893142733,0.0003600553479624619</MDI>
      <MDI key="STATISTICS_EXCLUDEDVALUES"></MDI>
      <MDI key="STATISTICS_MAXIMUM">0.32300001382828</MDI>
      <MDI key="STATISTICS_MEAN">0.17850992054521</MDI>
      <MDI key="STATISTICS_MEDIAN">0.177761</MDI>
      <MDI key="STATISTICS_MINIMUM">0.12600000202656</MDI>
      <MDI key="STATISTICS_SKIPFACTORX">1</MDI>
      <MDI key="STATISTICS_SKIPFACTORY">1</MDI>
      <MDI key="STATISTICS_STDDEV">0.018975124451831</MDI>
    </Metadata>
  </PAMRasterBand>
</PAMDataset>
