<PAMDataset>
  <Metadata>
    <MDI key="DataType">Generic</MDI>
  </Metadata>
  <PAMRasterBand band="1">
    <Description>Band_1</Description>
    <Histograms>
      <HistItem>
        <HistMin>0.6072499752044678</HistMin>
        <HistMax>0.9262592792510986</HistMax>
        <BucketCount>256</BucketCount>
        <IncludeOutOfRange>1</IncludeOutOfRange>
        <Approximate>0</Approximate>
        <HistCounts>1|0|0|0|0|0|0|0|0|0|0|0|0|0|0|0|0|0|0|0|0|0|0|0|0|0|0|0|0|0|0|0|0|0|0|0|0|0|1|0|0|0|0|0|0|0|0|0|0|0|0|0|0|0|0|0|0|0|0|0|0|0|0|0|0|0|0|0|0|0|0|0|0|0|0|0|0|0|0|0|0|0|0|0|0|0|0|0|0|1|0|0|0|0|1|0|0|1|1|1|0|0|2|0|1|0|2|1|1|0|0|0|0|1|1|0|0|0|2|0|5|0|0|0|2|1|1|0|0|0|0|0|0|1|1|3|0|0|1|0|0|1|0|1|0|2|3|0|2|0|1|1|1|1|2|0|0|3|0|0|0|1|0|1|1|1|0|1|0|2|0|0|1|1|0|2|1|2|3|1|5|2|1|3|2|7|2|2|5|0|5|2|4|4|3|9|6|7|9|1|4|6|7|2|3|5|3|6|5|18|5|9|4|12|9|4|13|5|12|6|13|13|11|10|10|7|13|14|9|19|15|17|18|16|22|15|21|26|13|26|21|14|22|18|13|15|14|17|11|13|145|55|30|16|2|1</HistCounts>
      </HistItem>
    </Histograms>
    <Metadata>
      <MDI key="BandName">Band_1</MDI>
      <MDI key="RepresentationType">ATHEMATIC</MDI>
      <MDI key="STATISTICS_COVARIANCES">0.001541648598251198,-0.0004495226003886037,-0.0002440986845594459</MDI>
      <MDI key="STATISTICS_EXCLUDEDVALUES"></MDI>
      <MDI key="STATISTICS_MAXIMUM">0.9262592792511</MDI>
      <MDI key="STATISTICS_MEAN">0.88988171936153</MDI>
      <MDI key="STATISTICS_MEDIAN">0.901239</MDI>
      <MDI key="STATISTICS_MINIMUM">0.60724997520447</MDI>
      <MDI key="STATISTICS_SKIPFACTORX">1</MDI>
      <MDI key="STATISTICS_SKIPFACTORY">1</MDI>
      <MDI key="STATISTICS_STDDEV">0.039263833208835</MDI>
    </Metadata>
  </PAMRasterBand>
  <PAMRasterBand band="2">
    <Description>Band_2</Description>
    <Histograms>
      <HistItem>
        <HistMin>0.07850000262260437</HistMin>
        <HistMax>0.3804999887943268</HistMax>
        <BucketCount>256</BucketCount>
        <IncludeOutOfRange>1</IncludeOutOfRange>
        <Approximate>0</Approximate>
        <HistCounts>5|9|23|39|86|93|117|76|85|68|46|27|53|38|23|22|20|9|12|4|16|5|9|6|5|2|4|11|2|4|4|6|3|1|2|1|5|2|2|0|0|1|1|0|1|0|4|0|2|0|1|0|1|0|0|0|2|1|1|2|0|0|0|1|1|0|0|0|0|0|0|0|0|0|0|0|1|0|1|0|1|0|0|0|0|0|2|0|0|0|0|0|1|2|0|0|0|0|2|0|1|1|0|0|0|0|0|0|3|0|1|3|1|1|0|0|0|0|0|1|1|0|1|0|0|0|0|0|0|0|0|0|0|0|1|0|0|1|0|0|0|0|0|2|0|0|0|1|0|0|1|0|0|0|0|0|0|0|0|0|1|0|0|0|1|0|1|1|0|0|0|0|0|0|0|0|0|0|0|0|0|0|0|0|0|0|0|0|0|0|0|0|0|0|0|0|0|0|0|0|0|0|0|0|0|0|0|0|1|0|0|0|0|0|0|0|0|0|0|0|0|0|0|0|0|0|0|0|0|0|0|0|1|0|0|0|0|0|0|0|0|0|0|0|0|0|0|0|0|0|0|0|0|0|0|1</HistCounts>
      </HistItem>
    </Histograms>
    <Metadata>
      <MDI key="BandName">Band_2</MDI>
      <MDI key="RepresentationType">ATHEMATIC</MDI>
      <MDI key="STATISTICS_COVARIANCES">-0.0004495226003886037,0.000853602270035948,0.0005980660188323759</MDI>
      <MDI key="STATISTICS_EXCLUDEDVALUES"></MDI>
      <MDI key="STATISTICS_MAXIMUM">0.38049998879433</MDI>
      <MDI key="STATISTICS_MEAN">0.096602897022988</MDI>
      <MDI key="STATISTICS_MEDIAN">0.087975</MDI>
      <MDI key="STATISTICS_MINIMUM">0.078500002622604</MDI>
      <MDI key="STATISTICS_SKIPFACTORX">1</MDI>
      <MDI key="STATISTICS_SKIPFACTORY">1</MDI>
      <MDI key="STATISTICS_STDDEV">0.029216472580309</MDI>
    </Metadata>
  </PAMRasterBand>
  <PAMRasterBand band="3">
    <Description>Band_3</Description>
    <Histograms>
      <HistItem>
        <HistMin>0.1267500072717667</HistMin>
        <HistMax>0.3207499980926514</HistMax>
        <BucketCount>256</BucketCount>
        <IncludeOutOfRange>1</IncludeOutOfRange>
        <Approximate>0</Approximate>
        <HistCounts>2|8|14|25|32|39|77|60|67|87|63|53|78|52|35|36|18|20|23|24|19|11|11|16|10|9|4|3|8|3|3|3|3|1|0|4|3|3|6|2|2|3|0|0|1|0|0|0|0|0|1|0|0|2|0|1|1|1|0|0|0|0|4|2|2|0|1|2|1|2|0|0|0|0|0|0|0|0|0|0|0|0|0|1|0|0|0|1|0|1|0|0|0|0|0|0|2|3|0|0|0|0|0|0|1|0|0|0|1|0|1|1|1|0|0|1|0|0|0|1|2|1|0|0|0|0|0|0|2|1|0|1|1|0|0|0|0|0|0|0|1|0|3|0|0|0|0|0|0|0|1|0|1|0|0|0|0|0|0|0|1|0|0|0|0|0|1|0|0|0|0|0|1|1|0|1|1|0|0|0|0|0|0|0|1|0|0|0|0|0|0|0|1|0|0|0|0|0|0|0|0|0|0|0|0|0|0|0|0|1|0|0|0|0|0|0|0|0|0|0|0|0|1|0|0|0|0|0|0|0|0|0|0|0|0|0|0|0|0|0|0|0|0|0|0|0|0|0|0|0|0|0|0|0|0|1</HistCounts>
      </HistItem>
    </Histograms>
    <Metadata>
      <MDI key="BandName">Band_3</MDI>
      <MDI key="RepresentationType">ATHEMATIC</MDI>
      <MDI key="STATISTICS_COVARIANCES">-0.0002440986845594459,0.0005980660188323759,0.0004337567885624279</MDI>
      <MDI key="STATISTICS_EXCLUDEDVALUES"></MDI>
      <MDI key="STATISTICS_MAXIMUM">0.32074999809265</MDI>
      <MDI key="STATISTICS_MEAN">0.14088511511639</MDI>
      <MDI key="STATISTICS_MEDIAN">0.135119</MDI>
      <MDI key="STATISTICS_MINIMUM">0.12675000727177</MDI>
      <MDI key="STATISTICS_SKIPFACTORX">1</MDI>
      <MDI key="STATISTICS_SKIPFACTORY">1</MDI>
      <MDI key="STATISTICS_STDDEV">0.02082682857668</MDI>
    </Metadata>
  </PAMRasterBand>
</PAMDataset>
