<PAMDataset>
  <Metadata>
    <MDI key="DataType">Generic</MDI>
  </Metadata>
  <PAMRasterBand band="1">
    <Description>Band_1</Description>
    <Histograms>
      <HistItem>
        <HistMin>0.6922500133514404</HistMin>
        <HistMax>0.9333148002624512</HistMax>
        <BucketCount>256</BucketCount>
        <IncludeOutOfRange>1</IncludeOutOfRange>
        <Approximate>0</Approximate>
        <HistCounts>2|0|0|0|0|0|2|0|0|0|0|0|0|0|2|0|0|0|2|0|0|0|0|0|0|0|0|0|0|0|0|1|1|2|2|0|0|1|3|0|1|1|2|1|0|2|2|1|4|0|2|0|0|1|0|4|2|0|2|2|2|3|1|3|1|0|0|2|0|1|4|2|4|0|1|0|2|0|1|3|4|3|1|3|1|9|1|3|2|4|2|1|3|8|7|4|3|6|4|1|4|3|5|9|7|7|2|7|1|2|8|8|5|2|8|7|4|7|5|7|6|11|5|4|8|9|7|11|4|17|11|12|9|12|8|6|8|7|10|11|8|6|8|14|17|15|4|3|17|7|6|12|9|14|9|8|2|9|6|5|10|9|8|4|7|11|8|11|10|10|11|6|9|6|8|5|12|6|7|12|6|2|11|5|11|5|6|0|4|5|2|1|0|6|6|4|1|6|0|3|1|1|2|3|2|6|3|4|0|3|5|1|2|1|0|0|2|4|7|3|1|2|3|1|1|2|2|2|0|2|0|0|3|0|0|0|4|0|2|2|10|21|32|30|31|19|13|14|9|2|3|5|2|2|2|1</HistCounts>
      </HistItem>
    </Histograms>
    <Metadata>
      <MDI key="BandName">Band_1</MDI>
      <MDI key="RepresentationType">ATHEMATIC</MDI>
      <MDI key="STATISTICS_COVARIANCES">0.002731870361860612,0.0001284024292021801,0.000267859724244177</MDI>
      <MDI key="STATISTICS_EXCLUDEDVALUES"></MDI>
      <MDI key="STATISTICS_MAXIMUM">0.93331480026245</MDI>
      <MDI key="STATISTICS_MEAN">0.84321032857055</MDI>
      <MDI key="STATISTICS_MEDIAN">0.836889</MDI>
      <MDI key="STATISTICS_MINIMUM">0.69225001335144</MDI>
      <MDI key="STATISTICS_SKIPFACTORX">1</MDI>
      <MDI key="STATISTICS_SKIPFACTORY">1</MDI>
      <MDI key="STATISTICS_STDDEV">0.05226729725039</MDI>
    </Metadata>
  </PAMRasterBand>
  <PAMRasterBand band="2">
    <Description>Band_2</Description>
    <Histograms>
      <HistItem>
        <HistMin>0.08524999767541885</HistMin>
        <HistMax>0.3240000009536743</HistMax>
        <BucketCount>256</BucketCount>
        <IncludeOutOfRange>1</IncludeOutOfRange>
        <Approximate>0</Approximate>
        <HistCounts>3|2|2|0|2|6|3|1|5|2|4|3|5|2|2|2|9|4|6|9|4|5|19|6|9|16|9|4|7|7|3|4|11|16|11|9|9|13|6|5|7|7|8|3|10|25|12|10|8|6|12|10|14|4|10|8|8|17|11|10|11|22|7|15|17|3|13|9|5|10|11|8|8|15|6|10|15|9|6|10|11|9|10|4|7|9|10|6|9|3|5|5|9|8|5|12|7|8|10|5|9|4|5|8|4|0|6|10|6|4|7|7|8|0|7|3|1|4|3|12|5|3|4|5|5|4|7|8|3|0|0|2|2|5|2|4|3|5|6|6|11|9|1|8|1|4|3|6|3|0|2|3|3|3|4|4|4|2|7|1|1|6|0|5|4|1|1|1|0|0|3|1|2|3|0|0|3|2|6|1|0|0|2|0|1|0|0|0|0|1|0|1|0|2|0|0|1|0|5|0|0|0|1|0|1|0|0|0|0|2|0|1|0|0|0|0|0|0|0|0|1|0|0|0|0|0|0|0|0|0|0|0|0|0|0|0|0|0|0|0|0|0|0|0|0|0|0|0|0|0|0|0|0|2|0|1</HistCounts>
      </HistItem>
    </Histograms>
    <Metadata>
      <MDI key="BandName">Band_2</MDI>
      <MDI key="RepresentationType">ATHEMATIC</MDI>
      <MDI key="STATISTICS_COVARIANCES">0.0001284024292021801,0.001820395568816275,0.001152392280487964</MDI>
      <MDI key="STATISTICS_EXCLUDEDVALUES"></MDI>
      <MDI key="STATISTICS_MAXIMUM">0.32400000095367</MDI>
      <MDI key="STATISTICS_MEAN">0.15905594712837</MDI>
      <MDI key="STATISTICS_MEDIAN">0.150789</MDI>
      <MDI key="STATISTICS_MINIMUM">0.085249997675419</MDI>
      <MDI key="STATISTICS_SKIPFACTORX">1</MDI>
      <MDI key="STATISTICS_SKIPFACTORY">1</MDI>
      <MDI key="STATISTICS_STDDEV">0.042666093901555</MDI>
    </Metadata>
  </PAMRasterBand>
  <PAMRasterBand band="3">
    <Description>Band_3</Description>
    <Histograms>
      <HistItem>
        <HistMin>0.1319999992847443</HistMin>
        <HistMax>0.2870000004768372</HistMax>
        <BucketCount>256</BucketCount>
        <IncludeOutOfRange>1</IncludeOutOfRange>
        <Approximate>0</Approximate>
        <HistCounts>2|0|2|4|5|5|5|0|4|5|5|6|1|8|5|4|9|4|8|8|13|7|16|4|6|17|9|16|5|8|10|2|13|7|16|7|3|7|10|11|8|6|6|9|5|7|20|16|16|14|8|14|16|10|5|13|7|22|2|10|15|1|12|2|18|9|6|19|7|14|5|24|11|6|9|7|14|7|8|7|10|11|6|9|7|3|4|7|8|4|4|7|9|9|10|3|8|16|8|5|5|6|11|2|6|0|3|3|4|3|6|8|5|5|3|4|0|3|5|7|6|3|2|4|6|5|0|6|2|8|7|6|6|6|11|6|4|3|4|3|0|1|3|6|0|3|4|4|3|2|2|1|7|8|2|3|3|1|0|6|0|2|0|0|0|0|3|2|3|4|0|6|2|0|0|2|0|0|1|0|1|3|0|0|0|1|2|1|0|0|1|0|2|0|4|0|0|0|0|0|1|0|0|0|0|0|0|0|0|0|0|0|0|1|1|2|0|0|0|0|1|0|0|0|0|0|0|0|0|0|0|0|0|0|0|0|0|0|0|0|0|0|0|0|0|0|0|0|0|2|0|0|0|0|0|1</HistCounts>
      </HistItem>
    </Histograms>
    <Metadata>
      <MDI key="BandName">Band_3</MDI>
      <MDI key="RepresentationType">ATHEMATIC</MDI>
      <MDI key="STATISTICS_COVARIANCES">0.000267859724244177,0.001152392280487964,0.0007551625647210438</MDI>
      <MDI key="STATISTICS_EXCLUDEDVALUES"></MDI>
      <MDI key="STATISTICS_MAXIMUM">0.28700000047684</MDI>
      <MDI key="STATISTICS_MEAN">0.17768061677002</MDI>
      <MDI key="STATISTICS_MEDIAN">0.172725</MDI>
      <MDI key="STATISTICS_MINIMUM">0.13199999928474</MDI>
      <MDI key="STATISTICS_SKIPFACTORX">1</MDI>
      <MDI key="STATISTICS_SKIPFACTORY">1</MDI>
      <MDI key="STATISTICS_STDDEV">0.027480221336828</MDI>
    </Metadata>
  </PAMRasterBand>
</PAMDataset>
