<PAMDataset>
  <Metadata>
    <MDI key="DataType">Generic</MDI>
  </Metadata>
  <PAMRasterBand band="1">
    <Description>Band_1</Description>
    <Histograms>
      <HistItem>
        <HistMin>0.5874999761581421</HistMin>
        <HistMax>0.9363518357276917</HistMax>
        <BucketCount>256</BucketCount>
        <IncludeOutOfRange>1</IncludeOutOfRange>
        <Approximate>0</Approximate>
        <HistCounts>1|0|0|0|0|0|1|0|0|0|0|0|0|0|0|0|0|0|0|0|0|0|0|0|0|0|0|0|0|1|0|0|0|0|0|0|0|0|0|0|0|0|0|0|0|0|0|0|0|0|0|0|0|0|0|0|0|0|0|1|0|0|0|0|0|0|0|0|0|0|0|0|0|0|0|0|0|0|0|0|0|0|0|0|0|0|0|0|0|0|0|0|0|0|0|0|0|0|0|0|0|0|0|0|0|0|0|0|0|0|0|0|0|0|0|0|0|0|0|0|0|0|0|0|0|0|0|2|0|0|0|0|0|0|0|0|0|0|2|0|0|0|0|0|0|0|0|0|0|0|2|0|0|0|0|0|0|2|0|0|0|0|0|1|0|0|1|0|1|0|0|1|0|0|0|0|0|0|0|1|0|0|0|0|0|0|1|0|1|0|0|0|3|0|5|0|0|0|0|1|2|0|3|2|2|1|0|0|2|1|1|3|3|1|1|1|1|4|1|2|3|3|2|0|2|1|0|0|4|0|2|0|1|0|0|0|1|2|1|3|2|0|2|30|68|165|232|187|71|48|27|9|12|7|4|1</HistCounts>
      </HistItem>
    </Histograms>
    <Metadata>
      <MDI key="BandName">Band_1</MDI>
      <MDI key="RepresentationType">ATHEMATIC</MDI>
      <MDI key="STATISTICS_COVARIANCES">0.0007605785214263641,-0.0002492956312848434,-0.0001312566966293325</MDI>
      <MDI key="STATISTICS_EXCLUDEDVALUES"></MDI>
      <MDI key="STATISTICS_MAXIMUM">0.93635183572769</MDI>
      <MDI key="STATISTICS_MEAN">0.91913926023578</MDI>
      <MDI key="STATISTICS_MEDIAN">0.924039</MDI>
      <MDI key="STATISTICS_MINIMUM">0.58749997615814</MDI>
      <MDI key="STATISTICS_SKIPFACTORX">1</MDI>
      <MDI key="STATISTICS_SKIPFACTORY">1</MDI>
      <MDI key="STATISTICS_STDDEV">0.027578588097043</MDI>
    </Metadata>
  </PAMRasterBand>
  <PAMRasterBand band="2">
    <Description>Band_2</Description>
    <Histograms>
      <HistItem>
        <HistMin>0.07900000363588333</HistMin>
        <HistMax>0.2809999883174896</HistMax>
        <BucketCount>256</BucketCount>
        <IncludeOutOfRange>1</IncludeOutOfRange>
        <Approximate>0</Approximate>
        <HistCounts>2|7|16|19|18|36|36|33|23|21|18|35|19|33|29|25|27|54|33|16|27|20|15|37|17|27|17|17|15|19|8|16|4|9|7|13|3|6|2|5|4|3|2|2|1|4|3|2|2|2|3|1|0|2|0|3|2|3|4|0|2|3|1|1|1|0|4|1|3|1|4|2|6|2|2|0|2|0|0|0|0|2|2|3|0|4|2|2|1|2|4|0|2|2|4|1|0|0|1|0|5|0|2|0|0|1|1|0|0|1|1|1|0|1|0|3|1|2|1|2|0|3|0|1|3|1|1|0|0|1|0|1|0|1|1|0|0|2|1|0|0|0|0|1|0|0|0|1|0|0|0|0|1|0|1|1|2|0|1|1|0|1|0|0|1|1|0|0|0|0|0|0|0|1|0|0|0|0|0|0|0|0|0|0|0|0|0|1|0|0|0|0|0|0|0|0|0|0|0|0|0|0|0|0|0|0|0|0|0|0|0|0|0|0|0|0|0|0|0|0|1|0|0|0|0|0|0|0|0|0|0|0|0|0|0|0|0|1|0|0|0|0|0|0|0|0|0|0|0|0|0|0|0|0|0|1</HistCounts>
      </HistItem>
    </Histograms>
    <Metadata>
      <MDI key="BandName">Band_2</MDI>
      <MDI key="RepresentationType">ATHEMATIC</MDI>
      <MDI key="STATISTICS_COVARIANCES">-0.0002492956312848434,0.0006906134583245813,0.0004671300996478102</MDI>
      <MDI key="STATISTICS_EXCLUDEDVALUES"></MDI>
      <MDI key="STATISTICS_MAXIMUM">0.28099998831749</MDI>
      <MDI key="STATISTICS_MEAN">0.1025160693802</MDI>
      <MDI key="STATISTICS_MEDIAN">0.093259</MDI>
      <MDI key="STATISTICS_MINIMUM">0.079000003635883</MDI>
      <MDI key="STATISTICS_SKIPFACTORX">1</MDI>
      <MDI key="STATISTICS_SKIPFACTORY">1</MDI>
      <MDI key="STATISTICS_STDDEV">0.026279525458512</MDI>
    </Metadata>
  </PAMRasterBand>
  <PAMRasterBand band="3">
    <Description>Band_3</Description>
    <Histograms>
      <HistItem>
        <HistMin>0.1312499940395355</HistMin>
        <HistMax>0.2714999914169312</HistMax>
        <BucketCount>256</BucketCount>
        <IncludeOutOfRange>1</IncludeOutOfRange>
        <Approximate>0</Approximate>
        <HistCounts>1|0|1|1|2|8|7|8|8|9|15|5|12|11|15|37|13|25|18|13|29|18|11|17|18|28|11|11|24|28|35|15|17|19|15|26|20|6|18|17|26|11|12|13|14|12|10|24|13|10|7|7|7|5|4|5|4|3|3|2|3|6|5|1|4|7|0|5|3|3|3|0|3|0|4|1|2|1|2|3|2|0|0|0|5|3|1|2|5|1|1|2|4|2|1|2|2|1|1|1|2|2|4|1|1|2|4|0|2|1|1|4|1|0|0|1|1|3|1|0|4|0|1|0|0|2|1|1|1|1|1|1|2|0|2|3|0|1|0|1|0|1|2|0|0|0|1|0|0|1|1|0|0|1|0|0|0|0|0|2|0|0|0|0|0|0|1|0|0|0|1|0|0|0|0|1|0|2|0|0|1|0|0|0|0|1|0|0|0|0|0|1|0|0|0|0|0|0|0|0|0|0|0|0|0|1|0|0|0|0|0|0|0|0|0|0|0|0|0|0|0|0|0|0|0|0|0|0|0|0|0|0|0|0|0|0|0|0|0|0|0|1|0|0|0|0|0|0|0|0|0|0|0|0|0|1</HistCounts>
      </HistItem>
    </Histograms>
    <Metadata>
      <MDI key="BandName">Band_3</MDI>
      <MDI key="RepresentationType">ATHEMATIC</MDI>
      <MDI key="STATISTICS_COVARIANCES">-0.0001312566966293325,0.0004671300996478102,0.000333831597071534</MDI>
      <MDI key="STATISTICS_EXCLUDEDVALUES"></MDI>
      <MDI key="STATISTICS_MAXIMUM">0.27149999141693</MDI>
      <MDI key="STATISTICS_MEAN">0.15440015821424</MDI>
      <MDI key="STATISTICS_MEDIAN">0.149400</MDI>
      <MDI key="STATISTICS_MINIMUM">0.13124999403954</MDI>
      <MDI key="STATISTICS_SKIPFACTORX">1</MDI>
      <MDI key="STATISTICS_SKIPFACTORY">1</MDI>
      <MDI key="STATISTICS_STDDEV">0.018271059002464</MDI>
    </Metadata>
  </PAMRasterBand>
</PAMDataset>
