<PAMDataset>
  <Metadata>
    <MDI key="DataType">Generic</MDI>
  </Metadata>
  <PAMRasterBand band="1">
    <Description>Band_1</Description>
    <Histograms>
      <HistItem>
        <HistMin>0.4992499947547913</HistMin>
        <HistMax>0.9288148283958435</HistMax>
        <BucketCount>256</BucketCount>
        <IncludeOutOfRange>1</IncludeOutOfRange>
        <Approximate>0</Approximate>
        <HistCounts>2|0|0|0|0|0|0|0|0|0|0|0|0|1|0|0|0|0|0|0|0|0|0|0|0|0|0|0|0|0|0|0|0|1|0|0|0|0|0|0|0|0|0|0|1|0|0|0|0|0|0|0|0|0|0|0|0|1|0|0|0|0|0|0|0|0|0|0|0|0|0|0|0|0|0|0|0|0|0|2|0|0|0|0|0|0|0|0|0|0|0|2|1|1|0|0|1|0|0|0|0|0|2|2|0|0|0|0|0|0|1|1|1|0|0|3|0|1|0|1|1|0|2|2|2|4|2|0|1|1|1|3|1|3|2|5|4|0|4|5|0|8|7|5|1|4|5|7|6|5|6|9|6|10|14|11|10|14|17|4|13|10|12|8|12|9|6|6|10|9|8|7|14|16|16|7|13|19|13|5|15|13|13|17|12|8|18|8|15|17|18|17|14|12|12|13|12|11|15|7|15|18|9|13|13|11|18|8|10|4|8|9|5|3|8|8|3|8|6|4|8|5|5|2|5|1|0|7|6|5|1|3|6|5|1|0|4|4|4|4|3|3|0|2|3|5|6|3|1|17|37|23|12|13|0|1</HistCounts>
      </HistItem>
    </Histograms>
    <Metadata>
      <MDI key="BandName">Band_1</MDI>
      <MDI key="RepresentationType">ATHEMATIC</MDI>
      <MDI key="STATISTICS_COVARIANCES">0.003727761465124154,-0.001282453921812713,-0.000616940406102571</MDI>
      <MDI key="STATISTICS_EXCLUDEDVALUES"></MDI>
      <MDI key="STATISTICS_MAXIMUM">0.92881482839584</MDI>
      <MDI key="STATISTICS_MEAN">0.81759803909344</MDI>
      <MDI key="STATISTICS_MEDIAN">0.815949</MDI>
      <MDI key="STATISTICS_MINIMUM">0.49924999475479</MDI>
      <MDI key="STATISTICS_SKIPFACTORX">1</MDI>
      <MDI key="STATISTICS_SKIPFACTORY">1</MDI>
      <MDI key="STATISTICS_STDDEV">0.061055396691236</MDI>
    </Metadata>
  </PAMRasterBand>
  <PAMRasterBand band="2">
    <Description>Band_2</Description>
    <Histograms>
      <HistItem>
        <HistMin>0.05925000086426735</HistMin>
        <HistMax>0.4772500097751617</HistMax>
        <BucketCount>256</BucketCount>
        <IncludeOutOfRange>1</IncludeOutOfRange>
        <Approximate>0</Approximate>
        <HistCounts>2|2|0|0|0|0|0|0|1|0|2|0|0|2|0|0|3|1|5|2|0|4|5|5|1|17|16|18|23|19|32|19|23|10|17|24|11|26|25|33|8|21|27|16|23|17|24|18|18|14|11|4|11|21|29|17|9|10|14|15|13|27|19|13|14|11|13|12|18|5|18|17|20|13|4|13|11|2|0|6|15|7|3|4|4|5|1|3|4|5|1|2|4|8|3|0|2|7|2|0|0|5|3|0|2|5|1|0|1|0|4|0|0|1|0|0|0|0|5|2|0|1|0|2|1|2|0|1|1|5|0|0|1|1|0|0|0|0|0|0|1|1|0|0|2|2|1|2|1|1|0|0|0|1|0|0|2|0|0|0|0|0|1|1|0|0|0|2|0|0|0|1|0|0|0|0|0|0|1|0|0|1|0|1|1|0|0|0|2|1|0|0|0|0|0|0|0|0|0|0|0|0|0|0|0|0|0|0|1|0|0|0|0|0|0|0|0|0|2|1|0|0|4|0|0|0|0|0|0|0|0|0|0|0|0|0|0|0|0|0|0|0|0|0|0|0|0|0|0|0|0|0|0|0|0|1</HistCounts>
      </HistItem>
    </Histograms>
    <Metadata>
      <MDI key="BandName">Band_2</MDI>
      <MDI key="RepresentationType">ATHEMATIC</MDI>
      <MDI key="STATISTICS_COVARIANCES">-0.001282453921812713,0.002691462107093214,0.00172605511289894</MDI>
      <MDI key="STATISTICS_EXCLUDEDVALUES"></MDI>
      <MDI key="STATISTICS_MAXIMUM">0.47725000977516</MDI>
      <MDI key="STATISTICS_MEAN">0.15359418275091</MDI>
      <MDI key="STATISTICS_MEDIAN">0.141211</MDI>
      <MDI key="STATISTICS_MINIMUM">0.059250000864267</MDI>
      <MDI key="STATISTICS_SKIPFACTORX">1</MDI>
      <MDI key="STATISTICS_SKIPFACTORY">1</MDI>
      <MDI key="STATISTICS_STDDEV">0.051879303263375</MDI>
    </Metadata>
  </PAMRasterBand>
  <PAMRasterBand band="3">
    <Description>Band_3</Description>
    <Histograms>
      <HistItem>
        <HistMin>0.09525000303983688</HistMin>
        <HistMax>0.3930000066757202</HistMax>
        <BucketCount>256</BucketCount>
        <IncludeOutOfRange>1</IncludeOutOfRange>
        <Approximate>0</Approximate>
        <HistCounts>2|1|1|0|0|0|0|0|0|0|0|1|0|2|0|0|0|2|0|0|4|4|3|1|0|1|4|3|12|6|6|12|19|24|29|28|16|25|20|29|16|19|24|24|27|16|23|17|13|31|16|16|18|19|24|27|20|14|21|17|14|26|15|15|19|14|11|27|14|24|10|18|12|17|7|7|9|10|10|10|3|6|2|5|4|2|3|5|1|4|5|3|3|5|0|0|3|2|2|4|1|1|5|0|4|3|1|1|5|0|1|2|1|2|1|2|0|3|2|0|1|1|0|0|0|0|0|0|0|1|0|0|4|0|1|1|0|3|0|1|1|0|0|1|0|1|0|3|2|0|0|0|0|0|0|0|0|0|0|0|0|0|1|0|0|2|0|2|0|0|0|0|2|0|1|0|0|0|1|0|0|0|0|0|0|0|0|0|0|0|0|0|0|1|0|0|0|0|1|0|0|0|0|0|0|0|2|0|0|0|0|0|0|0|0|0|1|0|0|3|0|0|1|0|0|0|0|0|0|0|0|0|0|0|0|0|0|0|0|0|0|0|0|0|0|0|0|0|0|0|0|0|0|0|0|1</HistCounts>
      </HistItem>
    </Histograms>
    <Metadata>
      <MDI key="BandName">Band_3</MDI>
      <MDI key="RepresentationType">ATHEMATIC</MDI>
      <MDI key="STATISTICS_COVARIANCES">-0.000616940406102571,0.00172605511289894,0.001131290974487811</MDI>
      <MDI key="STATISTICS_EXCLUDEDVALUES"></MDI>
      <MDI key="STATISTICS_MAXIMUM">0.39300000667572</MDI>
      <MDI key="STATISTICS_MEAN">0.16460410913492</MDI>
      <MDI key="STATISTICS_MEDIAN">0.158303</MDI>
      <MDI key="STATISTICS_MINIMUM">0.095250003039837</MDI>
      <MDI key="STATISTICS_SKIPFACTORX">1</MDI>
      <MDI key="STATISTICS_SKIPFACTORY">1</MDI>
      <MDI key="STATISTICS_STDDEV">0.033634669234107</MDI>
    </Metadata>
  </PAMRasterBand>
</PAMDataset>
