<PAMDataset>
  <Metadata>
    <MDI key="DataType">Generic</MDI>
  </Metadata>
  <PAMRasterBand band="1">
    <Description>Band_1</Description>
    <Histograms>
      <HistItem>
        <HistMin>0.5332499742507935</HistMin>
        <HistMax>0.9302963018417358</HistMax>
        <BucketCount>256</BucketCount>
        <IncludeOutOfRange>1</IncludeOutOfRange>
        <Approximate>0</Approximate>
        <HistCounts>1|0|0|0|0|0|0|0|0|0|0|0|0|0|1|0|0|0|0|0|0|0|0|0|0|0|0|0|0|1|0|0|0|2|0|0|1|0|0|0|0|0|0|0|0|0|0|0|0|0|0|0|0|0|0|0|0|0|0|0|0|1|0|1|0|0|0|0|1|0|1|0|0|0|0|0|0|0|0|0|1|2|0|0|0|0|0|0|0|1|1|0|0|0|2|1|1|0|0|0|1|1|0|1|1|0|1|0|1|0|0|0|0|3|0|0|0|0|0|1|0|0|0|0|2|1|0|2|3|0|0|1|1|1|0|0|3|1|0|0|0|0|0|0|3|0|0|2|1|1|0|2|0|0|0|0|0|0|1|2|0|0|1|0|2|4|0|0|0|3|1|2|0|4|5|2|0|2|0|2|2|0|2|2|4|2|0|0|2|3|4|4|6|3|6|1|5|4|2|3|3|1|3|6|4|2|6|3|5|4|2|4|6|1|12|7|9|0|3|15|10|7|2|15|4|15|8|9|9|14|13|7|5|22|10|16|17|21|7|18|25|18|8|16|16|13|15|10|84|71|74|41|19|14|7|2</HistCounts>
      </HistItem>
    </Histograms>
    <Metadata>
      <MDI key="BandName">Band_1</MDI>
      <MDI key="RepresentationType">ATHEMATIC</MDI>
      <MDI key="STATISTICS_COVARIANCES">0.003429806817630576,-0.001100276550042349,-0.0004481157220834599</MDI>
      <MDI key="STATISTICS_EXCLUDEDVALUES"></MDI>
      <MDI key="STATISTICS_MAXIMUM">0.93029630184174</MDI>
      <MDI key="STATISTICS_MEAN">0.88439296666063</MDI>
      <MDI key="STATISTICS_MEDIAN">0.905384</MDI>
      <MDI key="STATISTICS_MINIMUM">0.53324997425079</MDI>
      <MDI key="STATISTICS_SKIPFACTORX">1</MDI>
      <MDI key="STATISTICS_SKIPFACTORY">1</MDI>
      <MDI key="STATISTICS_STDDEV">0.0585645525692</MDI>
    </Metadata>
  </PAMRasterBand>
  <PAMRasterBand band="2">
    <Description>Band_2</Description>
    <Histograms>
      <HistItem>
        <HistMin>0.09475000202655792</HistMin>
        <HistMax>0.3127500116825104</HistMax>
        <BucketCount>256</BucketCount>
        <IncludeOutOfRange>1</IncludeOutOfRange>
        <Approximate>0</Approximate>
        <HistCounts>1|4|5|3|11|3|3|3|3|12|4|5|5|3|3|9|6|3|2|8|5|6|8|7|5|11|15|11|22|11|24|19|25|23|15|39|24|26|54|28|37|25|32|19|24|29|9|18|9|16|18|6|7|7|9|5|4|4|6|6|7|1|9|6|11|2|1|1|1|4|0|0|2|4|1|0|1|0|1|0|0|0|1|1|3|2|3|1|2|1|0|0|1|0|0|0|0|1|0|1|2|3|0|0|0|1|3|2|1|0|0|0|3|1|0|0|1|0|2|3|1|0|0|2|0|1|4|0|0|0|1|1|0|1|0|1|0|1|1|0|0|0|1|0|0|0|2|0|0|0|0|0|2|0|2|0|0|0|0|0|0|1|0|0|0|0|0|0|0|1|0|0|0|0|0|0|0|0|0|0|0|0|0|0|0|0|0|0|0|1|0|0|0|0|0|0|0|0|0|0|0|0|0|2|2|1|1|0|0|0|1|0|1|1|1|0|1|0|0|0|0|0|0|0|1|0|0|0|0|0|0|0|0|0|0|0|0|0|1|0|0|0|0|0|0|0|2|1|0|0|0|0|0|0|1|1</HistCounts>
      </HistItem>
    </Histograms>
    <Metadata>
      <MDI key="BandName">Band_2</MDI>
      <MDI key="RepresentationType">ATHEMATIC</MDI>
      <MDI key="STATISTICS_COVARIANCES">-0.001100276550042349,0.0009281163174954078,0.0004753441899508544</MDI>
      <MDI key="STATISTICS_EXCLUDEDVALUES"></MDI>
      <MDI key="STATISTICS_MAXIMUM">0.31275001168251</MDI>
      <MDI key="STATISTICS_MEAN">0.13449554059783</MDI>
      <MDI key="STATISTICS_MEDIAN">0.128091</MDI>
      <MDI key="STATISTICS_MINIMUM">0.094750002026558</MDI>
      <MDI key="STATISTICS_SKIPFACTORX">1</MDI>
      <MDI key="STATISTICS_SKIPFACTORY">1</MDI>
      <MDI key="STATISTICS_STDDEV">0.03046500151806</MDI>
    </Metadata>
  </PAMRasterBand>
  <PAMRasterBand band="3">
    <Description>Band_3</Description>
    <Histograms>
      <HistItem>
        <HistMin>0.1597499996423721</HistMin>
        <HistMax>0.2725000083446503</HistMax>
        <BucketCount>256</BucketCount>
        <IncludeOutOfRange>1</IncludeOutOfRange>
        <Approximate>0</Approximate>
        <HistCounts>1|0|1|0|0|0|0|0|0|3|2|0|1|5|3|9|1|2|4|1|2|5|8|2|8|4|9|3|6|7|5|7|3|11|13|13|12|19|13|13|20|13|20|8|17|25|31|13|24|22|25|4|23|20|23|19|12|14|22|20|16|9|19|12|7|12|21|9|12|0|9|12|5|2|5|11|10|3|7|3|0|3|0|9|7|3|1|1|1|1|0|1|3|4|4|5|3|0|5|0|2|0|1|1|2|2|1|2|0|0|0|1|1|0|2|0|3|2|0|1|2|0|0|2|3|1|1|1|4|0|1|2|3|0|0|0|4|0|1|0|3|0|0|1|0|1|3|1|0|0|0|3|0|2|0|0|3|0|0|0|0|0|1|0|0|1|0|2|0|0|1|0|0|0|0|0|0|0|0|0|0|0|0|0|0|0|0|0|0|0|0|0|0|0|0|1|6|2|0|0|0|1|0|0|0|1|1|0|1|1|0|0|0|2|0|0|0|1|0|0|0|0|0|0|0|0|0|0|0|0|0|0|0|0|0|0|0|1|0|0|0|0|0|0|1|0|0|0|1|2|0|0|0|0|0|1</HistCounts>
      </HistItem>
    </Histograms>
    <Metadata>
      <MDI key="BandName">Band_3</MDI>
      <MDI key="RepresentationType">ATHEMATIC</MDI>
      <MDI key="STATISTICS_COVARIANCES">-0.0004481157220834599,0.0004753441899508544,0.0002689797315109811</MDI>
      <MDI key="STATISTICS_EXCLUDEDVALUES"></MDI>
      <MDI key="STATISTICS_MAXIMUM">0.27250000834465</MDI>
      <MDI key="STATISTICS_MEAN">0.18707998877717</MDI>
      <MDI key="STATISTICS_MEDIAN">0.183184</MDI>
      <MDI key="STATISTICS_MINIMUM">0.15974999964237</MDI>
      <MDI key="STATISTICS_SKIPFACTORX">1</MDI>
      <MDI key="STATISTICS_SKIPFACTORY">1</MDI>
      <MDI key="STATISTICS_STDDEV">0.016400601559424</MDI>
    </Metadata>
  </PAMRasterBand>
</PAMDataset>
