<PAMDataset>
  <Metadata>
    <MDI key="DataType">Generic</MDI>
  </Metadata>
  <PAMRasterBand band="1">
    <Description>Band_1</Description>
    <Histograms>
      <HistItem>
        <HistMin>0.8202499747276306</HistMin>
        <HistMax>0.940574049949646</HistMax>
        <BucketCount>256</BucketCount>
        <IncludeOutOfRange>1</IncludeOutOfRange>
        <Approximate>0</Approximate>
        <HistCounts>1|0|0|0|0|0|2|0|0|0|0|0|0|0|0|0|0|0|0|0|1|0|0|0|0|0|0|0|0|0|0|0|0|0|0|0|0|0|1|0|1|0|1|0|0|0|0|0|0|0|1|0|0|0|1|0|1|2|0|0|3|0|0|0|0|0|0|0|0|0|0|0|1|1|0|2|0|0|0|1|1|0|0|2|0|2|0|0|1|0|1|0|1|0|1|2|0|0|0|4|1|0|0|0|1|0|0|1|0|0|1|1|0|0|1|0|1|2|0|0|1|0|0|0|0|1|0|0|2|0|0|1|0|1|0|2|2|5|0|0|0|0|1|1|1|1|0|3|1|1|6|0|4|1|0|2|0|1|3|1|0|1|2|2|2|0|2|1|2|0|3|5|2|2|1|4|0|2|2|2|0|2|1|2|2|6|0|1|2|1|6|2|3|3|3|0|7|4|6|1|2|6|0|1|1|2|0|3|9|2|2|25|28|53|55|58|51|35|44|35|28|30|36|42|16|15|18|18|23|7|17|13|12|11|6|6|7|5|4|3|3|3|3|8|0|0|2|0|0|0|0|0|0|0|0|1</HistCounts>
      </HistItem>
    </Histograms>
    <Metadata>
      <MDI key="BandName">Band_1</MDI>
      <MDI key="RepresentationType">ATHEMATIC</MDI>
      <MDI key="STATISTICS_COVARIANCES">0.0002910252876990266,-0.000227239266137391,-0.0001140112038298268</MDI>
      <MDI key="STATISTICS_EXCLUDEDVALUES"></MDI>
      <MDI key="STATISTICS_MAXIMUM">0.94057404994965</MDI>
      <MDI key="STATISTICS_MEAN">0.91784167968529</MDI>
      <MDI key="STATISTICS_MEDIAN">0.922172</MDI>
      <MDI key="STATISTICS_MINIMUM">0.82024997472763</MDI>
      <MDI key="STATISTICS_SKIPFACTORX">1</MDI>
      <MDI key="STATISTICS_SKIPFACTORY">1</MDI>
      <MDI key="STATISTICS_STDDEV">0.017059463288715</MDI>
    </Metadata>
  </PAMRasterBand>
  <PAMRasterBand band="2">
    <Description>Band_2</Description>
    <Histograms>
      <HistItem>
        <HistMin>0.09224999696016312</HistMin>
        <HistMax>0.3692499995231628</HistMax>
        <BucketCount>256</BucketCount>
        <IncludeOutOfRange>1</IncludeOutOfRange>
        <Approximate>0</Approximate>
        <HistCounts>2|0|1|1|0|5|2|6|3|2|1|4|4|3|2|0|0|3|8|1|5|3|10|3|7|5|8|6|8|2|4|9|6|8|18|12|11|30|13|17|24|18|23|28|19|26|21|19|18|10|14|11|18|16|10|20|20|23|19|10|12|11|15|15|8|15|8|15|3|9|9|6|15|13|8|8|7|2|7|6|3|9|5|4|7|5|5|2|6|7|3|7|5|3|0|2|2|6|1|1|2|0|2|3|6|1|0|6|1|2|0|0|1|0|3|5|1|1|0|0|2|0|1|0|1|1|1|0|0|1|0|0|0|2|0|0|0|0|0|0|0|0|0|0|0|0|0|0|0|0|2|0|0|0|0|0|0|0|0|0|0|0|0|0|0|0|0|0|0|0|0|0|0|0|0|0|0|0|0|0|0|0|0|0|0|0|0|0|0|0|0|0|0|0|0|0|0|0|0|0|0|0|0|0|0|0|0|0|0|0|0|0|0|0|0|0|0|0|0|0|0|0|0|0|0|0|0|0|0|0|0|0|0|0|0|0|0|0|0|0|0|0|0|0|0|0|0|0|1|0|0|0|0|0|0|1</HistCounts>
      </HistItem>
    </Histograms>
    <Metadata>
      <MDI key="BandName">Band_2</MDI>
      <MDI key="RepresentationType">ATHEMATIC</MDI>
      <MDI key="STATISTICS_COVARIANCES">-0.000227239266137391,0.0007599323919045046,0.0004590362833040626</MDI>
      <MDI key="STATISTICS_EXCLUDEDVALUES"></MDI>
      <MDI key="STATISTICS_MAXIMUM">0.36924999952316</MDI>
      <MDI key="STATISTICS_MEAN">0.15211767886731</MDI>
      <MDI key="STATISTICS_MEDIAN">0.147650</MDI>
      <MDI key="STATISTICS_MINIMUM">0.092249996960163</MDI>
      <MDI key="STATISTICS_SKIPFACTORX">1</MDI>
      <MDI key="STATISTICS_SKIPFACTORY">1</MDI>
      <MDI key="STATISTICS_STDDEV">0.027566871275219</MDI>
    </Metadata>
  </PAMRasterBand>
  <PAMRasterBand band="3">
    <Description>Band_3</Description>
    <Histograms>
      <HistItem>
        <HistMin>0.1437499970197678</HistMin>
        <HistMax>0.3140000104904175</HistMax>
        <BucketCount>256</BucketCount>
        <IncludeOutOfRange>1</IncludeOutOfRange>
        <Approximate>0</Approximate>
        <HistCounts>1|0|0|0|0|0|0|2|1|0|0|2|0|2|1|3|2|0|0|5|6|1|7|2|5|4|6|1|4|4|1|4|4|6|8|14|3|10|12|10|8|8|8|14|19|21|23|14|14|14|18|22|23|20|19|10|21|13|19|30|8|16|21|11|17|19|11|10|14|12|13|15|5|25|16|4|18|15|5|4|9|8|7|5|6|8|9|11|3|7|5|8|7|5|2|5|8|1|7|3|4|2|8|0|2|3|5|3|2|4|0|0|0|2|4|3|0|2|3|2|1|4|0|0|0|0|0|1|0|0|0|0|2|0|0|2|0|0|0|0|0|1|0|1|0|1|1|0|0|0|0|1|0|0|0|0|0|0|2|0|0|0|0|0|0|0|2|0|0|0|0|0|0|0|0|0|0|0|0|0|0|0|0|0|0|0|0|0|0|0|0|0|0|0|0|0|0|0|0|0|0|0|0|0|0|0|0|0|0|0|0|0|0|0|0|0|0|0|0|0|0|0|0|0|0|0|0|0|0|0|0|0|0|0|0|0|0|0|0|0|0|0|0|0|0|0|1|0|0|0|0|0|0|0|0|1</HistCounts>
      </HistItem>
    </Histograms>
    <Metadata>
      <MDI key="BandName">Band_3</MDI>
      <MDI key="RepresentationType">ATHEMATIC</MDI>
      <MDI key="STATISTICS_COVARIANCES">-0.0001140112038298268,0.0004590362833040626,0.0002952151940001393</MDI>
      <MDI key="STATISTICS_EXCLUDEDVALUES"></MDI>
      <MDI key="STATISTICS_MAXIMUM">0.31400001049042</MDI>
      <MDI key="STATISTICS_MEAN">0.18614425164306</MDI>
      <MDI key="STATISTICS_MEDIAN">0.183141</MDI>
      <MDI key="STATISTICS_MINIMUM">0.14374999701977</MDI>
      <MDI key="STATISTICS_SKIPFACTORX">1</MDI>
      <MDI key="STATISTICS_SKIPFACTORY">1</MDI>
      <MDI key="STATISTICS_STDDEV">0.017181827434826</MDI>
    </Metadata>
  </PAMRasterBand>
</PAMDataset>
