<PAMDataset>
  <Metadata>
    <MDI key="DataType">Generic</MDI>
  </Metadata>
  <PAMRasterBand band="1">
    <Description>Band_1</Description>
    <Histograms>
      <HistItem>
        <HistMin>0.6934999823570251</HistMin>
        <HistMax>0.9503889083862305</HistMax>
        <BucketCount>256</BucketCount>
        <IncludeOutOfRange>1</IncludeOutOfRange>
        <Approximate>0</Approximate>
        <HistCounts>1|0|0|1|0|1|0|0|0|0|0|0|0|2|0|0|0|0|1|0|0|0|0|0|0|0|0|0|0|2|0|0|0|0|1|0|0|0|0|0|3|0|0|0|0|1|0|0|1|0|2|1|0|0|0|1|1|0|0|0|0|0|0|1|1|0|0|0|1|0|0|0|0|1|1|0|0|1|0|0|1|2|4|2|0|2|2|0|2|1|0|0|5|0|1|0|2|0|0|6|5|2|1|1|5|2|2|0|0|4|1|2|1|0|1|2|1|2|1|2|0|2|1|1|2|3|7|0|2|2|1|3|1|1|1|2|1|0|2|1|2|1|4|1|1|2|2|1|4|2|0|1|2|3|4|7|3|5|3|5|1|4|2|5|0|1|2|5|3|3|7|2|5|7|3|10|10|3|6|5|8|8|10|7|5|7|0|4|0|3|2|5|2|3|3|3|1|6|2|2|4|1|3|3|2|0|3|1|4|1|1|5|0|2|4|1|0|1|3|2|2|2|2|2|4|23|19|9|25|15|14|21|44|61|41|48|41|49|52|24|9|9|2|1|2|0|2|0|0|0|0|0|0|0|0|2</HistCounts>
      </HistItem>
    </Histograms>
    <Metadata>
      <MDI key="BandName">Band_1</MDI>
      <MDI key="RepresentationType">ATHEMATIC</MDI>
      <MDI key="STATISTICS_COVARIANCES">0.002570196740044903,-0.003259904826631136,-0.001972198870111407</MDI>
      <MDI key="STATISTICS_EXCLUDEDVALUES"></MDI>
      <MDI key="STATISTICS_MAXIMUM">0.95038890838623</MDI>
      <MDI key="STATISTICS_MEAN">0.89450608533956</MDI>
      <MDI key="STATISTICS_MEDIAN">0.923189</MDI>
      <MDI key="STATISTICS_MINIMUM">0.69349998235703</MDI>
      <MDI key="STATISTICS_SKIPFACTORX">1</MDI>
      <MDI key="STATISTICS_SKIPFACTORY">1</MDI>
      <MDI key="STATISTICS_STDDEV">0.050697107807496</MDI>
    </Metadata>
  </PAMRasterBand>
  <PAMRasterBand band="2">
    <Description>Band_2</Description>
    <Histograms>
      <HistItem>
        <HistMin>0.04675000160932541</HistMin>
        <HistMax>0.7337499856948853</HistMax>
        <BucketCount>256</BucketCount>
        <IncludeOutOfRange>1</IncludeOutOfRange>
        <Approximate>0</Approximate>
        <HistCounts>2|1|1|9|12|22|23|25|36|27|43|36|24|20|17|11|28|15|18|10|6|5|7|2|5|5|1|1|0|1|4|1|3|1|0|0|2|4|2|2|2|4|5|0|3|1|0|4|6|3|1|5|2|1|3|5|3|2|4|0|9|4|2|4|2|4|3|6|7|6|7|4|7|10|5|7|7|5|6|6|7|11|4|11|4|2|3|6|11|2|4|11|10|3|10|6|10|9|8|7|15|8|9|13|10|8|8|8|11|4|8|6|4|3|8|6|5|1|0|2|1|4|0|2|0|3|1|0|0|0|1|0|0|0|2|0|0|0|1|0|2|0|0|0|1|0|1|0|0|0|0|0|0|0|0|1|1|0|2|0|1|0|0|0|0|0|0|0|0|0|0|0|0|0|2|0|0|0|1|0|2|0|0|0|0|0|0|0|0|0|2|0|0|0|0|0|0|0|0|0|0|0|0|0|0|0|0|0|0|0|0|0|0|0|0|0|0|0|0|0|0|0|0|0|0|0|0|0|0|0|0|0|0|0|1|0|0|0|0|1|0|0|0|0|0|0|0|0|0|0|0|0|0|0|0|1</HistCounts>
      </HistItem>
    </Histograms>
    <Metadata>
      <MDI key="BandName">Band_2</MDI>
      <MDI key="RepresentationType">ATHEMATIC</MDI>
      <MDI key="STATISTICS_COVARIANCES">-0.003259904826631136,0.01402785288639299,0.009412366101597529</MDI>
      <MDI key="STATISTICS_EXCLUDEDVALUES"></MDI>
      <MDI key="STATISTICS_MAXIMUM">0.73374998569489</MDI>
      <MDI key="STATISTICS_MEAN">0.19144211699231</MDI>
      <MDI key="STATISTICS_MEDIAN">0.176068</MDI>
      <MDI key="STATISTICS_MINIMUM">0.046750001609325</MDI>
      <MDI key="STATISTICS_SKIPFACTORX">1</MDI>
      <MDI key="STATISTICS_SKIPFACTORY">1</MDI>
      <MDI key="STATISTICS_STDDEV">0.1184392371066</MDI>
    </Metadata>
  </PAMRasterBand>
  <PAMRasterBand band="3">
    <Description>Band_3</Description>
    <Histograms>
      <HistItem>
        <HistMin>0.1082499995827675</HistMin>
        <HistMax>0.6452500224113464</HistMax>
        <BucketCount>256</BucketCount>
        <IncludeOutOfRange>1</IncludeOutOfRange>
        <Approximate>0</Approximate>
        <HistCounts>3|8|6|13|27|29|39|49|47|36|41|14|26|14|18|10|7|9|4|4|3|2|4|0|3|2|1|4|2|7|0|2|0|5|0|2|0|5|2|1|2|6|3|3|6|6|4|10|4|5|4|6|11|3|7|6|9|3|9|6|5|5|7|12|9|9|6|8|12|5|6|9|6|5|8|10|8|5|13|12|12|18|12|14|8|9|12|11|10|7|5|11|6|6|5|2|2|2|2|1|0|4|2|1|1|0|1|1|0|1|0|0|0|2|0|0|0|0|1|1|0|0|0|0|0|0|0|0|0|1|0|0|0|0|0|0|0|0|0|0|0|0|0|0|0|0|0|0|0|0|0|0|0|0|0|0|2|1|0|0|0|0|0|1|0|0|0|0|0|0|0|1|0|0|0|0|0|0|0|0|0|0|0|0|0|0|2|0|0|0|0|2|0|0|0|1|0|1|0|0|0|0|0|0|0|0|0|0|0|0|0|0|0|0|0|0|0|0|0|0|0|0|0|0|0|0|0|0|0|0|0|0|0|0|0|0|0|0|0|0|0|0|0|0|0|1|0|0|0|0|1|0|0|0|0|1</HistCounts>
      </HistItem>
    </Histograms>
    <Metadata>
      <MDI key="BandName">Band_3</MDI>
      <MDI key="RepresentationType">ATHEMATIC</MDI>
      <MDI key="STATISTICS_COVARIANCES">-0.001972198870111407,0.009412366101597529,0.006465515595201228</MDI>
      <MDI key="STATISTICS_EXCLUDEDVALUES"></MDI>
      <MDI key="STATISTICS_MAXIMUM">0.64525002241135</MDI>
      <MDI key="STATISTICS_MEAN">0.20100110256685</MDI>
      <MDI key="STATISTICS_MEDIAN">0.194591</MDI>
      <MDI key="STATISTICS_MINIMUM">0.10824999958277</MDI>
      <MDI key="STATISTICS_SKIPFACTORX">1</MDI>
      <MDI key="STATISTICS_SKIPFACTORY">1</MDI>
      <MDI key="STATISTICS_STDDEV">0.080408429876483</MDI>
    </Metadata>
  </PAMRasterBand>
</PAMDataset>
