<PAMDataset>
  <Metadata>
    <MDI key="DataType">Generic</MDI>
  </Metadata>
  <PAMRasterBand band="1">
    <Description>Band_1</Description>
    <Histograms>
      <HistItem>
        <HistMin>0.6150000095367432</HistMin>
        <HistMax>0.9486851692199707</HistMax>
        <BucketCount>256</BucketCount>
        <IncludeOutOfRange>1</IncludeOutOfRange>
        <Approximate>0</Approximate>
        <HistCounts>1|0|0|0|0|0|0|0|0|0|0|0|0|0|1|1|0|0|0|0|0|1|0|0|0|0|0|0|0|0|0|0|0|0|1|0|0|0|2|0|1|0|0|2|0|0|0|1|0|0|2|1|0|0|2|2|0|0|0|1|2|0|2|0|2|1|0|0|0|0|1|0|4|1|0|0|1|0|2|1|0|3|0|2|2|3|0|0|0|6|1|0|4|2|2|3|1|0|1|0|2|2|1|2|2|1|5|2|0|7|2|6|2|2|4|0|7|6|2|3|5|5|7|4|4|1|6|5|9|11|4|8|12|4|9|4|17|5|4|10|10|6|5|7|5|12|10|16|13|8|3|14|17|16|5|8|5|9|6|19|12|8|20|12|9|13|9|4|17|11|9|11|9|14|10|9|13|9|8|12|8|5|14|13|10|8|14|13|11|0|3|2|7|3|8|7|2|1|7|6|3|1|4|7|7|5|7|3|5|2|4|3|2|6|1|9|2|2|4|3|4|2|4|2|3|4|1|4|4|1|2|0|3|22|16|10|14|6|1|2|0|0|4|2|1|4|0|0|0|0|0|2|0|0|0|2</HistCounts>
      </HistItem>
    </Histograms>
    <Metadata>
      <MDI key="BandName">Band_1</MDI>
      <MDI key="RepresentationType">ATHEMATIC</MDI>
      <MDI key="STATISTICS_COVARIANCES">0.00309075426434017,3.700594751506209e-05,0.0002535851188983561</MDI>
      <MDI key="STATISTICS_EXCLUDEDVALUES"></MDI>
      <MDI key="STATISTICS_MAXIMUM">0.94868516921997</MDI>
      <MDI key="STATISTICS_MEAN">0.83021746918574</MDI>
      <MDI key="STATISTICS_MEDIAN">0.829605</MDI>
      <MDI key="STATISTICS_MINIMUM">0.61500000953674</MDI>
      <MDI key="STATISTICS_SKIPFACTORX">1</MDI>
      <MDI key="STATISTICS_SKIPFACTORY">1</MDI>
      <MDI key="STATISTICS_STDDEV">0.055594552470005</MDI>
    </Metadata>
  </PAMRasterBand>
  <PAMRasterBand band="2">
    <Description>Band_2</Description>
    <Histograms>
      <HistItem>
        <HistMin>0.06624999642372131</HistMin>
        <HistMax>0.7107499837875366</HistMax>
        <BucketCount>256</BucketCount>
        <IncludeOutOfRange>1</IncludeOutOfRange>
        <Approximate>0</Approximate>
        <HistCounts>2|0|0|0|0|2|1|0|2|4|6|11|20|17|7|12|13|15|10|12|6|23|6|15|13|9|16|15|26|28|11|12|18|14|11|20|18|17|21|15|20|16|15|15|19|9|21|17|19|16|9|30|24|20|20|7|16|29|18|17|23|7|13|16|12|16|10|12|9|10|3|7|10|5|4|4|6|2|0|1|3|1|3|2|2|1|3|2|2|1|0|0|0|0|0|1|0|1|0|1|2|0|1|0|0|0|1|0|0|1|0|0|0|0|1|0|2|0|1|0|0|0|0|0|0|0|2|0|0|0|0|0|0|0|0|0|0|0|0|0|0|0|0|0|0|0|0|0|0|0|0|0|0|0|0|0|0|0|0|1|0|0|0|0|0|0|0|0|0|0|0|0|0|0|0|0|0|0|0|0|0|0|0|0|0|0|0|0|0|0|0|0|0|0|0|0|0|0|0|0|0|0|0|2|0|0|0|0|0|0|0|0|0|0|0|0|0|0|0|0|0|0|0|0|0|0|0|0|0|0|0|0|0|0|0|0|0|0|0|0|0|0|0|0|0|0|0|0|0|0|0|0|0|0|0|1</HistCounts>
      </HistItem>
    </Histograms>
    <Metadata>
      <MDI key="BandName">Band_2</MDI>
      <MDI key="RepresentationType">ATHEMATIC</MDI>
      <MDI key="STATISTICS_COVARIANCES">3.700594751506209e-05,0.003204352506640541,0.00219535860916455</MDI>
      <MDI key="STATISTICS_EXCLUDEDVALUES"></MDI>
      <MDI key="STATISTICS_MAXIMUM">0.71074998378754</MDI>
      <MDI key="STATISTICS_MEAN">0.17830281331032</MDI>
      <MDI key="STATISTICS_MEDIAN">0.174930</MDI>
      <MDI key="STATISTICS_MINIMUM">0.066249996423721</MDI>
      <MDI key="STATISTICS_SKIPFACTORX">1</MDI>
      <MDI key="STATISTICS_SKIPFACTORY">1</MDI>
      <MDI key="STATISTICS_STDDEV">0.056607000509129</MDI>
    </Metadata>
  </PAMRasterBand>
  <PAMRasterBand band="3">
    <Description>Band_3</Description>
    <Histograms>
      <HistItem>
        <HistMin>0.1145000010728836</HistMin>
        <HistMax>0.640749990940094</HistMax>
        <BucketCount>256</BucketCount>
        <IncludeOutOfRange>1</IncludeOutOfRange>
        <Approximate>0</Approximate>
        <HistCounts>2|2|5|6|3|17|13|16|11|7|14|16|9|19|19|7|15|22|21|23|20|36|13|27|17|26|17|27|25|27|12|22|19|30|19|22|22|34|19|24|23|20|16|21|23|23|13|17|18|9|12|14|10|9|15|3|6|12|1|2|0|3|3|3|3|3|1|0|0|1|0|0|0|5|0|1|0|0|1|0|1|0|0|3|0|0|1|1|0|0|0|0|2|0|1|0|1|0|0|0|0|0|0|1|0|0|2|0|0|0|0|0|0|0|0|0|0|0|0|0|0|0|0|0|0|0|0|0|0|0|0|0|0|1|0|0|0|0|0|0|0|0|0|0|0|0|0|0|0|0|0|0|0|0|0|0|0|0|0|0|0|0|0|0|0|0|0|0|0|0|0|0|0|0|0|0|0|0|0|0|0|0|0|0|0|0|2|0|0|0|0|0|0|0|0|0|0|0|0|0|0|0|0|0|0|0|0|0|0|0|0|0|0|0|0|0|0|0|0|0|0|0|0|0|0|0|0|0|0|0|0|0|0|0|0|0|0|0|0|0|0|0|0|0|0|0|0|0|0|0|0|0|0|0|0|1</HistCounts>
      </HistItem>
    </Histograms>
    <Metadata>
      <MDI key="BandName">Band_3</MDI>
      <MDI key="RepresentationType">ATHEMATIC</MDI>
      <MDI key="STATISTICS_COVARIANCES">0.0002535851188983561,0.00219535860916455,0.001579800571539606</MDI>
      <MDI key="STATISTICS_EXCLUDEDVALUES"></MDI>
      <MDI key="STATISTICS_MAXIMUM">0.64074999094009</MDI>
      <MDI key="STATISTICS_MEAN">0.18187586382134</MDI>
      <MDI key="STATISTICS_MEDIAN">0.178475</MDI>
      <MDI key="STATISTICS_MINIMUM">0.11450000107288</MDI>
      <MDI key="STATISTICS_SKIPFACTORX">1</MDI>
      <MDI key="STATISTICS_SKIPFACTORY">1</MDI>
      <MDI key="STATISTICS_STDDEV">0.039746705165832</MDI>
    </Metadata>
  </PAMRasterBand>
</PAMDataset>
