<PAMDataset>
  <Metadata>
    <MDI key="DataType">Generic</MDI>
  </Metadata>
  <PAMRasterBand band="1">
    <Description>Band_1</Description>
    <Histograms>
      <HistItem>
        <HistMin>0.640999972820282</HistMin>
        <HistMax>0.9464444518089294</HistMax>
        <BucketCount>256</BucketCount>
        <IncludeOutOfRange>1</IncludeOutOfRange>
        <Approximate>0</Approximate>
        <HistCounts>1|0|0|0|0|0|0|0|0|0|0|0|0|0|0|0|0|0|0|0|0|0|0|0|1|0|0|0|0|0|0|0|0|0|0|2|0|0|0|0|0|1|1|0|0|2|0|0|1|0|2|0|0|0|0|0|0|0|0|0|0|0|1|0|1|0|0|0|0|0|0|0|0|0|2|0|0|0|0|1|0|1|0|0|0|0|0|0|0|1|1|0|0|1|4|0|3|2|0|1|1|3|1|0|0|1|1|2|0|0|0|1|0|1|1|0|0|0|0|0|1|1|0|0|4|0|1|1|0|0|1|2|3|0|0|0|0|0|1|1|2|2|2|0|1|1|3|0|0|1|2|1|2|3|2|1|2|3|1|4|0|1|0|1|3|3|3|4|1|0|4|3|1|4|3|2|1|2|6|3|2|4|4|7|9|5|7|5|7|4|7|2|8|4|2|9|6|4|7|13|9|5|7|10|8|9|18|13|7|9|5|9|8|13|7|13|7|11|11|14|14|14|10|18|6|6|15|9|18|13|7|12|21|152|164|185|195|212|204|245|271|157|109|101|71|71|55|10|2|4|4|6|0|4|0|1</HistCounts>
      </HistItem>
    </Histograms>
    <Metadata>
      <MDI key="BandName">Band_1</MDI>
      <MDI key="RepresentationType">ATHEMATIC</MDI>
      <MDI key="STATISTICS_COVARIANCES">0.00100236988139365,-0.000390269644679271,-0.0001970660595669119</MDI>
      <MDI key="STATISTICS_EXCLUDEDVALUES"></MDI>
      <MDI key="STATISTICS_MAXIMUM">0.94644445180893</MDI>
      <MDI key="STATISTICS_MEAN">0.91576980043325</MDI>
      <MDI key="STATISTICS_MEDIAN">0.924884</MDI>
      <MDI key="STATISTICS_MINIMUM">0.64099997282028</MDI>
      <MDI key="STATISTICS_SKIPFACTORX">1</MDI>
      <MDI key="STATISTICS_SKIPFACTORY">1</MDI>
      <MDI key="STATISTICS_STDDEV">0.031660225542369</MDI>
    </Metadata>
  </PAMRasterBand>
  <PAMRasterBand band="2">
    <Description>Band_2</Description>
    <Histograms>
      <HistItem>
        <HistMin>0.03424999862909317</HistMin>
        <HistMax>0.4472500085830688</HistMax>
        <BucketCount>256</BucketCount>
        <IncludeOutOfRange>1</IncludeOutOfRange>
        <Approximate>0</Approximate>
        <HistCounts>2|1|5|6|50|73|107|105|102|82|104|95|91|68|72|48|55|46|38|56|56|25|52|43|38|61|45|41|49|50|48|45|32|47|31|46|34|37|15|35|28|41|25|26|29|32|19|16|28|18|27|37|18|20|17|15|17|16|14|6|13|10|10|13|14|16|11|10|14|5|11|6|8|8|5|9|4|9|10|7|2|5|3|10|6|5|4|3|2|4|4|2|3|3|7|0|3|2|2|0|1|0|2|2|2|2|3|0|3|2|2|1|3|6|3|2|3|4|0|2|2|2|1|0|2|1|1|7|1|4|1|0|1|6|2|0|0|0|0|0|0|0|0|0|0|0|1|0|0|0|0|1|1|0|0|0|0|1|0|0|0|0|0|0|0|0|0|0|0|0|0|0|0|0|0|0|0|0|0|0|0|0|0|0|0|0|0|0|0|0|1|0|0|0|0|0|0|0|0|0|0|0|0|0|0|0|0|0|0|0|1|0|0|0|0|0|0|0|0|0|0|0|0|0|0|0|0|0|0|0|0|0|0|0|0|0|1|0|0|1|0|0|0|0|0|0|0|0|0|0|0|0|0|0|0|1</HistCounts>
      </HistItem>
    </Histograms>
    <Metadata>
      <MDI key="BandName">Band_2</MDI>
      <MDI key="RepresentationType">ATHEMATIC</MDI>
      <MDI key="STATISTICS_COVARIANCES">-0.000390269644679271,0.001871302572774583,0.001416635640011144</MDI>
      <MDI key="STATISTICS_EXCLUDEDVALUES"></MDI>
      <MDI key="STATISTICS_MAXIMUM">0.44725000858307</MDI>
      <MDI key="STATISTICS_MEAN">0.085385729401188</MDI>
      <MDI key="STATISTICS_MEDIAN">0.073121</MDI>
      <MDI key="STATISTICS_MINIMUM">0.034249998629093</MDI>
      <MDI key="STATISTICS_SKIPFACTORX">1</MDI>
      <MDI key="STATISTICS_SKIPFACTORY">1</MDI>
      <MDI key="STATISTICS_STDDEV">0.043258554908533</MDI>
    </Metadata>
  </PAMRasterBand>
  <PAMRasterBand band="3">
    <Description>Band_3</Description>
    <Histograms>
      <HistItem>
        <HistMin>0.07999999821186066</HistMin>
        <HistMax>0.4189999997615814</HistMax>
        <BucketCount>256</BucketCount>
        <IncludeOutOfRange>1</IncludeOutOfRange>
        <Approximate>0</Approximate>
        <HistCounts>2|5|13|37|52|49|82|91|85|95|70|75|98|71|84|84|76|50|76|45|28|35|28|28|25|44|24|26|31|26|22|45|34|43|42|36|34|53|35|38|56|30|41|24|28|20|29|45|34|28|34|34|16|35|26|20|25|19|19|16|16|26|21|13|16|16|17|12|10|4|5|3|5|7|3|5|8|4|6|7|4|8|8|5|6|6|2|2|1|2|0|3|6|4|3|2|0|2|2|4|3|4|2|0|1|1|4|4|4|2|4|3|3|1|1|5|0|0|1|0|0|1|2|3|0|0|2|1|0|1|0|0|0|0|0|1|1|0|0|0|0|0|0|0|0|0|0|1|0|0|0|0|0|0|0|0|0|0|0|0|0|0|0|0|0|0|0|0|0|0|0|0|0|0|1|0|0|0|0|0|0|0|0|0|0|0|1|0|0|0|0|0|0|0|0|0|0|0|0|0|0|0|0|0|0|0|0|0|0|0|0|0|0|0|0|0|0|0|0|0|0|0|0|0|0|0|0|0|0|0|0|0|0|0|0|0|0|0|0|0|0|0|0|1|0|0|0|0|0|0|0|0|1|0|0|1</HistCounts>
      </HistItem>
    </Histograms>
    <Metadata>
      <MDI key="BandName">Band_3</MDI>
      <MDI key="RepresentationType">ATHEMATIC</MDI>
      <MDI key="STATISTICS_COVARIANCES">-0.0001970660595669119,0.001416635640011144,0.001120389523033959</MDI>
      <MDI key="STATISTICS_EXCLUDEDVALUES"></MDI>
      <MDI key="STATISTICS_MAXIMUM">0.41899999976158</MDI>
      <MDI key="STATISTICS_MEAN">0.12251624872652</MDI>
      <MDI key="STATISTICS_MEDIAN">0.113235</MDI>
      <MDI key="STATISTICS_MINIMUM">0.079999998211861</MDI>
      <MDI key="STATISTICS_SKIPFACTORX">1</MDI>
      <MDI key="STATISTICS_SKIPFACTORY">1</MDI>
      <MDI key="STATISTICS_STDDEV">0.03347222016888</MDI>
    </Metadata>
  </PAMRasterBand>
</PAMDataset>
