<PAMDataset>
  <Metadata>
    <MDI key="DataType">Generic</MDI>
  </Metadata>
  <PAMRasterBand band="1">
    <Description>Band_1</Description>
    <Histograms>
      <HistItem>
        <HistMin>0.6927499771118164</HistMin>
        <HistMax>0.9434815049171448</HistMax>
        <BucketCount>256</BucketCount>
        <IncludeOutOfRange>1</IncludeOutOfRange>
        <Approximate>0</Approximate>
        <HistCounts>1|0|0|0|0|0|0|1|1|0|0|1|0|0|0|0|0|0|0|0|1|0|0|0|1|0|1|1|0|1|0|1|1|1|2|0|0|1|0|0|1|0|1|0|0|0|0|0|1|2|0|1|0|0|1|2|1|1|2|1|1|2|2|2|1|1|5|3|3|1|5|4|2|4|0|7|4|6|6|6|0|5|3|4|3|3|3|2|2|0|1|0|0|2|2|6|4|3|5|1|1|4|5|3|0|1|6|3|3|0|2|4|1|6|3|0|0|0|1|0|1|3|2|0|3|1|1|3|4|1|1|2|5|1|3|3|5|4|2|0|4|1|5|0|2|2|1|0|3|3|1|4|1|5|1|4|0|6|4|0|6|0|3|5|0|0|7|2|0|1|3|1|1|0|3|1|0|3|5|2|1|1|5|0|4|4|0|2|1|4|1|3|4|5|4|4|3|0|2|2|6|1|4|1|1|0|7|4|4|2|1|1|5|5|12|1|5|0|4|3|8|3|1|4|1|8|9|1|4|2|11|104|114|164|261|343|443|335|271|218|205|158|135|108|74|69|64|60|45|32|14|12|11|4|0|1</HistCounts>
      </HistItem>
    </Histograms>
    <Metadata>
      <MDI key="BandName">Band_1</MDI>
      <MDI key="RepresentationType">ATHEMATIC</MDI>
      <MDI key="STATISTICS_COVARIANCES">0.001436232965351968,-0.0003102130966720371,-4.579560617368791e-05</MDI>
      <MDI key="STATISTICS_EXCLUDEDVALUES"></MDI>
      <MDI key="STATISTICS_MAXIMUM">0.94348150491714</MDI>
      <MDI key="STATISTICS_MEAN">0.91503381430704</MDI>
      <MDI key="STATISTICS_MEDIAN">0.924800</MDI>
      <MDI key="STATISTICS_MINIMUM">0.69274997711182</MDI>
      <MDI key="STATISTICS_SKIPFACTORX">1</MDI>
      <MDI key="STATISTICS_SKIPFACTORY">1</MDI>
      <MDI key="STATISTICS_STDDEV">0.037897664378586</MDI>
    </Metadata>
  </PAMRasterBand>
  <PAMRasterBand band="2">
    <Description>Band_2</Description>
    <Histograms>
      <HistItem>
        <HistMin>0.07124999910593033</HistMin>
        <HistMax>0.3910000026226044</HistMax>
        <BucketCount>256</BucketCount>
        <IncludeOutOfRange>1</IncludeOutOfRange>
        <Approximate>0</Approximate>
        <HistCounts>1|3|9|7|21|10|12|26|21|25|55|45|44|61|66|104|120|130|137|159|153|145|119|124|151|115|110|70|74|77|40|41|28|47|40|38|50|56|45|31|34|27|33|27|26|24|30|42|30|24|26|41|25|29|26|22|40|32|30|20|30|13|17|24|12|18|19|14|12|18|23|13|15|14|25|24|15|16|12|13|10|12|7|9|12|14|7|9|6|4|7|0|1|3|2|5|2|3|1|1|2|2|1|2|0|2|1|1|0|2|1|0|1|2|2|3|2|2|4|3|0|5|2|3|1|0|0|1|2|1|0|0|0|0|0|1|0|1|0|1|1|0|0|0|1|0|0|0|0|0|0|0|1|0|0|0|1|0|0|0|2|0|1|0|1|0|3|0|0|0|0|0|0|0|1|0|0|1|0|2|0|2|0|1|0|0|0|0|0|1|0|0|0|0|0|0|1|0|0|0|0|0|0|0|0|0|0|0|0|0|0|0|0|0|0|2|1|0|0|0|0|0|0|0|0|0|0|0|0|0|0|0|0|0|0|0|0|0|0|0|0|0|0|0|0|0|0|0|0|0|0|0|0|0|0|1</HistCounts>
      </HistItem>
    </Histograms>
    <Metadata>
      <MDI key="BandName">Band_2</MDI>
      <MDI key="RepresentationType">ATHEMATIC</MDI>
      <MDI key="STATISTICS_COVARIANCES">-0.0003102130966720371,0.0009769163740176636,0.000737959447873011</MDI>
      <MDI key="STATISTICS_EXCLUDEDVALUES"></MDI>
      <MDI key="STATISTICS_MAXIMUM">0.3910000026226</MDI>
      <MDI key="STATISTICS_MEAN">0.11550843373958</MDI>
      <MDI key="STATISTICS_MEDIAN">0.103852</MDI>
      <MDI key="STATISTICS_MINIMUM">0.07124999910593</MDI>
      <MDI key="STATISTICS_SKIPFACTORX">1</MDI>
      <MDI key="STATISTICS_SKIPFACTORY">1</MDI>
      <MDI key="STATISTICS_STDDEV">0.031255661471446</MDI>
    </Metadata>
  </PAMRasterBand>
  <PAMRasterBand band="3">
    <Description>Band_3</Description>
    <Histograms>
      <HistItem>
        <HistMin>0.122249998152256</HistMin>
        <HistMax>0.3230000138282776</HistMax>
        <BucketCount>256</BucketCount>
        <IncludeOutOfRange>1</IncludeOutOfRange>
        <Approximate>0</Approximate>
        <HistCounts>1|0|1|2|1|2|1|2|4|10|11|14|11|13|15|24|14|19|35|29|50|42|50|57|61|62|103|79|76|102|138|126|103|168|105|136|104|82|93|63|82|58|54|58|37|29|56|27|33|20|25|19|21|33|15|16|13|19|17|23|14|10|14|22|6|13|20|23|11|13|15|15|21|26|15|7|14|19|15|10|30|20|21|17|24|16|14|29|14|22|17|9|18|24|17|19|21|19|21|14|16|21|13|11|19|12|16|20|21|11|9|21|14|9|16|11|10|4|10|8|9|4|6|6|6|4|5|8|2|0|2|2|1|0|1|0|2|1|2|4|2|2|0|1|1|2|1|2|1|0|3|1|0|0|0|0|1|1|0|3|0|1|1|2|0|1|0|0|0|1|0|0|0|0|0|0|0|1|0|0|0|0|0|1|2|1|0|1|0|0|0|0|1|0|0|0|0|0|1|0|0|0|0|0|0|2|0|0|0|1|2|2|0|0|0|0|0|1|1|0|0|0|0|0|0|0|0|0|0|0|0|0|0|0|0|0|0|0|0|0|0|0|0|0|0|0|0|0|0|0|0|0|0|0|0|1</HistCounts>
      </HistItem>
    </Histograms>
    <Metadata>
      <MDI key="BandName">Band_3</MDI>
      <MDI key="RepresentationType">ATHEMATIC</MDI>
      <MDI key="STATISTICS_COVARIANCES">-4.579560617368791e-05,0.000737959447873011,0.0006241961446557717</MDI>
      <MDI key="STATISTICS_EXCLUDEDVALUES"></MDI>
      <MDI key="STATISTICS_MAXIMUM">0.32300001382828</MDI>
      <MDI key="STATISTICS_MEAN">0.16264484592151</MDI>
      <MDI key="STATISTICS_MEDIAN">0.152166</MDI>
      <MDI key="STATISTICS_MINIMUM">0.12224999815226</MDI>
      <MDI key="STATISTICS_SKIPFACTORX">1</MDI>
      <MDI key="STATISTICS_SKIPFACTORY">1</MDI>
      <MDI key="STATISTICS_STDDEV">0.024983917720321</MDI>
    </Metadata>
  </PAMRasterBand>
</PAMDataset>
