<PAMDataset>
  <Metadata>
    <MDI key="DataType">Generic</MDI>
  </Metadata>
  <PAMRasterBand band="1">
    <Description>Band_1</Description>
    <Histograms>
      <HistItem>
        <HistMin>0.6822500228881836</HistMin>
        <HistMax>0.934499979019165</HistMax>
        <BucketCount>256</BucketCount>
        <IncludeOutOfRange>1</IncludeOutOfRange>
        <Approximate>0</Approximate>
        <HistCounts>1|1|0|2|0|0|0|0|1|1|0|0|0|0|0|0|0|0|0|0|0|0|0|0|0|0|0|1|0|0|0|0|0|0|0|0|0|0|0|1|0|0|0|0|0|0|0|0|0|0|0|0|0|2|0|0|0|1|0|1|0|0|0|0|0|0|0|0|0|0|0|0|1|0|0|0|1|0|0|0|0|0|0|0|0|0|1|0|1|0|1|0|0|0|0|0|0|0|2|0|0|0|1|0|2|0|1|2|1|1|0|0|1|3|1|1|1|2|1|0|0|0|2|1|2|0|3|5|3|1|5|0|5|0|2|2|3|3|1|2|1|1|4|1|2|0|3|3|4|1|2|6|9|5|7|6|4|1|0|7|6|6|4|3|13|6|6|9|3|8|2|8|9|4|11|6|4|7|6|2|8|8|2|10|10|3|9|9|5|11|14|3|4|16|5|7|17|12|10|16|18|8|12|10|16|7|6|13|5|8|14|10|9|11|13|10|7|3|5|9|7|8|15|9|10|7|8|11|15|5|18|4|10|16|14|10|6|8|11|19|96|115|82|96|81|72|35|26|13|15|6|1|4|1|4|2</HistCounts>
      </HistItem>
    </Histograms>
    <Metadata>
      <MDI key="BandName">Band_1</MDI>
      <MDI key="RepresentationType">ATHEMATIC</MDI>
      <MDI key="STATISTICS_COVARIANCES">0.001479014402144503,6.628366133790182e-05,0.0001557621464135654</MDI>
      <MDI key="STATISTICS_EXCLUDEDVALUES"></MDI>
      <MDI key="STATISTICS_MAXIMUM">0.93449997901917</MDI>
      <MDI key="STATISTICS_MEAN">0.89383190762997</MDI>
      <MDI key="STATISTICS_MEDIAN">0.909770</MDI>
      <MDI key="STATISTICS_MINIMUM">0.68225002288818</MDI>
      <MDI key="STATISTICS_SKIPFACTORX">1</MDI>
      <MDI key="STATISTICS_SKIPFACTORY">1</MDI>
      <MDI key="STATISTICS_STDDEV">0.038457956291833</MDI>
    </Metadata>
  </PAMRasterBand>
  <PAMRasterBand band="2">
    <Description>Band_2</Description>
    <Histograms>
      <HistItem>
        <HistMin>0.09574999660253525</HistMin>
        <HistMax>0.3079999983310699</HistMax>
        <BucketCount>256</BucketCount>
        <IncludeOutOfRange>1</IncludeOutOfRange>
        <Approximate>0</Approximate>
        <HistCounts>4|5|1|6|7|8|12|12|15|19|32|30|38|57|34|62|51|73|81|55|37|61|40|27|43|26|18|13|6|14|24|6|10|22|13|14|22|4|10|12|10|12|11|9|11|4|5|4|8|7|5|10|8|4|7|7|4|6|2|1|7|7|5|1|7|6|9|7|4|10|5|4|5|2|4|10|3|4|6|0|6|3|6|2|5|3|5|2|5|5|0|0|2|1|3|0|5|8|3|0|3|1|1|4|4|2|1|1|4|3|3|6|2|0|3|2|5|6|5|2|0|4|0|0|4|6|1|5|1|0|1|3|2|4|0|3|0|2|1|3|2|2|1|5|4|4|0|2|3|1|0|0|1|1|3|2|1|3|1|2|3|1|2|0|1|1|0|2|2|1|3|0|1|0|1|0|0|0|0|1|2|3|0|0|0|0|0|0|0|0|0|0|0|0|2|1|0|0|0|0|1|0|2|0|0|1|0|0|0|0|0|0|0|0|0|0|0|0|0|0|0|1|0|0|0|0|0|0|0|0|0|0|0|0|0|0|0|0|0|0|0|0|2|0|0|0|0|0|0|0|0|0|0|0|0|1</HistCounts>
      </HistItem>
    </Histograms>
    <Metadata>
      <MDI key="BandName">Band_2</MDI>
      <MDI key="RepresentationType">ATHEMATIC</MDI>
      <MDI key="STATISTICS_COVARIANCES">6.628366133790182e-05,0.001183424459783063,0.0008522829538433954</MDI>
      <MDI key="STATISTICS_EXCLUDEDVALUES"></MDI>
      <MDI key="STATISTICS_MAXIMUM">0.30799999833107</MDI>
      <MDI key="STATISTICS_MEAN">0.13093233327568</MDI>
      <MDI key="STATISTICS_MEDIAN">0.114894</MDI>
      <MDI key="STATISTICS_MINIMUM">0.095749996602535</MDI>
      <MDI key="STATISTICS_SKIPFACTORX">1</MDI>
      <MDI key="STATISTICS_SKIPFACTORY">1</MDI>
      <MDI key="STATISTICS_STDDEV">0.034400936902693</MDI>
    </Metadata>
  </PAMRasterBand>
  <PAMRasterBand band="3">
    <Description>Band_3</Description>
    <Histograms>
      <HistItem>
        <HistMin>0.1497499942779541</HistMin>
        <HistMax>0.3149999976158142</HistMax>
        <BucketCount>256</BucketCount>
        <IncludeOutOfRange>1</IncludeOutOfRange>
        <Approximate>0</Approximate>
        <HistCounts>1|0|1|3|0|0|1|1|0|3|8|6|4|12|4|13|21|17|30|17|32|27|27|50|31|49|42|61|68|56|56|38|39|35|24|24|15|18|15|18|24|8|24|12|12|10|6|13|9|13|12|4|12|11|15|7|15|11|8|11|6|4|5|8|3|6|5|3|8|4|7|11|5|6|10|9|4|3|5|8|8|7|5|5|10|2|6|5|2|6|3|5|4|2|3|2|6|3|6|6|2|7|2|4|6|6|2|3|0|4|7|5|2|4|3|1|2|0|4|5|1|7|3|3|4|1|1|1|1|2|2|1|2|2|0|8|0|3|0|1|1|2|2|1|0|5|2|2|1|0|3|0|0|2|1|1|1|0|1|1|1|0|0|2|2|0|1|3|2|2|0|1|5|0|0|1|0|0|2|0|0|0|0|0|1|0|0|2|1|0|2|2|0|0|0|0|2|0|0|0|0|0|0|0|0|1|0|0|0|0|1|0|0|1|0|1|0|0|0|0|2|0|1|0|0|0|0|0|0|0|0|0|0|0|0|0|0|0|0|0|0|0|0|0|0|0|0|0|0|0|2|0|0|0|0|1</HistCounts>
      </HistItem>
    </Histograms>
    <Metadata>
      <MDI key="BandName">Band_3</MDI>
      <MDI key="RepresentationType">ATHEMATIC</MDI>
      <MDI key="STATISTICS_COVARIANCES">0.0001557621464135654,0.0008522829538433954,0.000647636374924698</MDI>
      <MDI key="STATISTICS_EXCLUDEDVALUES"></MDI>
      <MDI key="STATISTICS_MAXIMUM">0.31499999761581</MDI>
      <MDI key="STATISTICS_MEAN">0.18286683341861</MDI>
      <MDI key="STATISTICS_MEDIAN">0.171135</MDI>
      <MDI key="STATISTICS_MINIMUM">0.14974999427795</MDI>
      <MDI key="STATISTICS_SKIPFACTORX">1</MDI>
      <MDI key="STATISTICS_SKIPFACTORY">1</MDI>
      <MDI key="STATISTICS_STDDEV">0.025448700849448</MDI>
    </Metadata>
  </PAMRasterBand>
</PAMDataset>
