<PAMDataset>
  <Metadata>
    <MDI key="DataType">Generic</MDI>
  </Metadata>
  <PAMRasterBand band="1">
    <Description>Band_1</Description>
    <Histograms>
      <HistItem>
        <HistMin>0.6654999852180481</HistMin>
        <HistMax>0.9277036786079407</HistMax>
        <BucketCount>256</BucketCount>
        <IncludeOutOfRange>1</IncludeOutOfRange>
        <Approximate>0</Approximate>
        <HistCounts>1|1|0|0|0|0|0|0|0|0|0|0|0|0|0|0|2|0|0|0|0|0|0|0|0|0|0|2|0|1|0|0|0|0|0|0|0|0|0|0|0|0|0|0|0|0|0|0|3|1|1|0|0|0|0|0|0|2|0|0|0|2|2|1|0|0|0|0|1|0|0|1|0|0|0|2|0|0|1|1|3|0|2|4|4|2|0|4|1|0|2|4|7|2|2|5|1|12|5|4|4|2|0|5|2|0|2|4|4|3|9|4|5|1|2|7|3|2|6|8|7|3|13|4|2|5|3|9|3|7|5|1|7|3|6|4|11|5|6|2|7|10|6|7|7|7|6|8|1|5|5|5|2|7|6|8|7|7|2|6|8|13|11|7|6|4|12|12|9|9|2|7|10|7|9|8|9|6|12|4|10|9|12|6|12|18|13|10|4|5|6|8|8|6|14|11|8|11|1|6|20|7|7|13|7|11|9|2|9|7|5|11|16|17|6|6|6|10|5|6|7|10|9|6|2|7|3|6|2|5|4|4|5|5|3|5|3|3|4|0|2|2|2|2|5|3|4|25|29|6|14|7|11|4|7|2</HistCounts>
      </HistItem>
    </Histograms>
    <Metadata>
      <MDI key="BandName">Band_1</MDI>
      <MDI key="RepresentationType">ATHEMATIC</MDI>
      <MDI key="STATISTICS_COVARIANCES">0.002503279301222459,0.0001185091896172183,0.0001591503017292926</MDI>
      <MDI key="STATISTICS_EXCLUDEDVALUES"></MDI>
      <MDI key="STATISTICS_MAXIMUM">0.92770367860794</MDI>
      <MDI key="STATISTICS_MEAN">0.8464165990974</MDI>
      <MDI key="STATISTICS_MEDIAN">0.851613</MDI>
      <MDI key="STATISTICS_MINIMUM">0.66549998521805</MDI>
      <MDI key="STATISTICS_SKIPFACTORX">1</MDI>
      <MDI key="STATISTICS_SKIPFACTORY">1</MDI>
      <MDI key="STATISTICS_STDDEV">0.050032782265455</MDI>
    </Metadata>
  </PAMRasterBand>
  <PAMRasterBand band="2">
    <Description>Band_2</Description>
    <Histograms>
      <HistItem>
        <HistMin>0.09875000268220901</HistMin>
        <HistMax>0.2522499859333038</HistMax>
        <BucketCount>256</BucketCount>
        <IncludeOutOfRange>1</IncludeOutOfRange>
        <Approximate>0</Approximate>
        <HistCounts>1|0|1|1|0|4|1|3|4|2|0|2|5|1|3|0|4|5|1|14|4|1|9|2|2|5|10|8|9|14|11|9|6|3|7|5|8|10|9|13|7|9|2|3|9|4|12|5|2|9|8|11|9|3|8|8|11|8|17|5|7|9|6|21|6|12|17|11|14|10|10|13|10|22|12|8|12|10|17|19|16|14|5|19|9|12|10|8|18|6|14|4|10|12|13|14|7|11|7|11|19|0|15|12|2|22|5|14|6|6|6|2|2|4|6|5|8|6|1|3|6|4|7|1|4|1|4|5|4|7|6|4|2|4|1|3|3|4|2|1|2|3|6|0|5|0|2|1|3|0|0|0|2|0|2|0|6|2|2|3|0|1|0|1|1|2|2|0|1|0|2|1|1|2|1|0|2|0|0|0|1|0|1|2|1|1|1|0|0|0|0|1|0|0|0|0|0|0|0|0|0|0|0|2|0|0|1|1|2|0|0|0|0|0|1|2|2|0|0|1|2|2|1|1|2|2|1|0|0|0|0|0|0|0|1|2|0|0|0|2|1|0|1|0|0|2|1|0|0|0|0|0|0|0|0|1</HistCounts>
      </HistItem>
    </Histograms>
    <Metadata>
      <MDI key="BandName">Band_2</MDI>
      <MDI key="RepresentationType">ATHEMATIC</MDI>
      <MDI key="STATISTICS_COVARIANCES">0.0001185091896172183,0.0007035887758977433,0.0004469607884702095</MDI>
      <MDI key="STATISTICS_EXCLUDEDVALUES"></MDI>
      <MDI key="STATISTICS_MAXIMUM">0.2522499859333</MDI>
      <MDI key="STATISTICS_MEAN">0.14825199473094</MDI>
      <MDI key="STATISTICS_MEDIAN">0.145703</MDI>
      <MDI key="STATISTICS_MINIMUM">0.098750002682209</MDI>
      <MDI key="STATISTICS_SKIPFACTORX">1</MDI>
      <MDI key="STATISTICS_SKIPFACTORY">1</MDI>
      <MDI key="STATISTICS_STDDEV">0.026525247895123</MDI>
    </Metadata>
  </PAMRasterBand>
  <PAMRasterBand band="3">
    <Description>Band_3</Description>
    <Histograms>
      <HistItem>
        <HistMin>0.1379999965429306</HistMin>
        <HistMax>0.2367500066757202</HistMax>
        <BucketCount>256</BucketCount>
        <IncludeOutOfRange>1</IncludeOutOfRange>
        <Approximate>0</Approximate>
        <HistCounts>4|0|0|3|0|0|0|1|0|0|0|2|4|1|2|2|4|0|6|1|2|10|5|1|4|11|0|8|5|12|3|8|11|5|3|7|12|3|4|3|9|3|1|10|7|7|2|9|1|11|8|12|9|3|7|2|16|2|6|5|2|14|10|11|7|16|6|10|6|15|6|13|9|7|19|7|17|8|21|9|10|21|15|22|11|11|3|23|6|10|9|17|14|2|15|9|12|6|17|8|11|5|18|8|6|13|3|14|4|19|7|10|10|8|11|5|10|5|1|9|10|5|3|7|0|7|2|9|3|10|2|2|7|1|7|1|6|2|7|2|8|0|6|9|2|1|0|0|2|3|2|3|0|1|2|2|2|2|4|2|5|0|2|5|0|1|0|3|0|3|0|0|2|2|0|0|2|0|1|0|4|1|2|0|0|0|0|3|1|0|1|0|2|1|0|0|0|0|0|0|3|1|2|0|1|0|0|4|0|2|0|2|0|1|1|0|0|1|1|0|1|0|0|0|0|1|2|0|0|0|0|5|0|1|0|0|1|0|1|0|0|0|1|0|0|0|0|0|1|1|0|0|0|0|0|1</HistCounts>
      </HistItem>
    </Histograms>
    <Metadata>
      <MDI key="BandName">Band_3</MDI>
      <MDI key="RepresentationType">ATHEMATIC</MDI>
      <MDI key="STATISTICS_COVARIANCES">0.0001591503017292926,0.0004469607884702095,0.0002920015224117331</MDI>
      <MDI key="STATISTICS_EXCLUDEDVALUES"></MDI>
      <MDI key="STATISTICS_MAXIMUM">0.23675000667572</MDI>
      <MDI key="STATISTICS_MEAN">0.17258133859446</MDI>
      <MDI key="STATISTICS_MEDIAN">0.170529</MDI>
      <MDI key="STATISTICS_MINIMUM">0.13799999654293</MDI>
      <MDI key="STATISTICS_SKIPFACTORX">1</MDI>
      <MDI key="STATISTICS_SKIPFACTORY">1</MDI>
      <MDI key="STATISTICS_STDDEV">0.017088052036781</MDI>
    </Metadata>
  </PAMRasterBand>
</PAMDataset>
