<PAMDataset>
  <Metadata>
    <MDI key="DataType">Generic</MDI>
  </Metadata>
  <PAMRasterBand band="1">
    <Description>Band_1</Description>
    <Histograms>
      <HistItem>
        <HistMin>0.6685000061988831</HistMin>
        <HistMax>0.9370185136795044</HistMax>
        <BucketCount>256</BucketCount>
        <IncludeOutOfRange>1</IncludeOutOfRange>
        <Approximate>0</Approximate>
        <HistCounts>1|0|0|0|0|0|0|0|0|0|0|0|0|0|0|0|0|0|0|0|0|0|0|0|0|0|0|0|0|0|0|0|0|0|0|0|0|0|0|0|0|0|0|0|0|0|0|0|0|0|0|0|0|0|0|1|0|0|0|0|0|0|0|0|0|0|0|0|0|0|1|0|0|0|0|0|0|0|0|1|0|2|0|0|0|2|0|0|0|0|1|0|0|0|0|0|1|0|0|0|0|0|0|0|0|0|0|0|0|0|0|0|0|0|0|0|0|0|0|0|0|0|0|0|0|0|0|0|0|0|0|0|0|0|0|0|0|0|0|0|0|0|0|0|1|0|0|0|0|0|1|0|0|1|0|0|0|0|0|0|0|0|0|0|0|0|0|0|0|1|0|0|0|0|0|0|0|0|0|0|1|0|2|0|0|0|1|0|1|0|0|0|0|0|0|0|0|0|0|1|1|0|0|0|0|1|0|0|1|0|0|1|3|0|4|0|2|0|0|3|5|3|1|0|2|0|1|2|4|4|4|4|3|3|2|13|4|6|19|94|90|73|104|75|88|67|72|43|20|25|22|6|5|5|0|1</HistCounts>
      </HistItem>
    </Histograms>
    <Metadata>
      <MDI key="BandName">Band_1</MDI>
      <MDI key="RepresentationType">ATHEMATIC</MDI>
      <MDI key="STATISTICS_COVARIANCES">0.0004563590228103073,-0.0003684716242394086,-0.0002098176158163996</MDI>
      <MDI key="STATISTICS_EXCLUDEDVALUES"></MDI>
      <MDI key="STATISTICS_MAXIMUM">0.9370185136795</MDI>
      <MDI key="STATISTICS_MEAN">0.92087682923734</MDI>
      <MDI key="STATISTICS_MEDIAN">0.923329</MDI>
      <MDI key="STATISTICS_MINIMUM">0.66850000619888</MDI>
      <MDI key="STATISTICS_SKIPFACTORX">1</MDI>
      <MDI key="STATISTICS_SKIPFACTORY">1</MDI>
      <MDI key="STATISTICS_STDDEV">0.021362561241815</MDI>
    </Metadata>
  </PAMRasterBand>
  <PAMRasterBand band="2">
    <Description>Band_2</Description>
    <Histograms>
      <HistItem>
        <HistMin>0.07925000041723251</HistMin>
        <HistMax>0.2972500026226044</HistMax>
        <BucketCount>256</BucketCount>
        <IncludeOutOfRange>1</IncludeOutOfRange>
        <Approximate>0</Approximate>
        <HistCounts>1|0|6|6|6|17|6|11|8|27|12|34|13|29|49|30|27|29|21|53|34|34|25|36|21|37|21|44|39|18|24|26|17|12|11|11|7|6|7|1|1|3|3|3|2|3|2|0|1|0|1|1|1|1|2|0|0|4|0|0|0|2|3|1|6|1|2|1|1|0|1|3|1|1|1|0|1|4|1|0|1|0|0|0|0|2|0|0|1|2|0|0|0|0|2|1|0|1|1|1|0|0|2|0|0|0|0|2|0|0|1|0|0|0|0|0|0|0|0|1|0|0|0|0|0|0|0|0|0|0|2|0|0|0|0|0|0|0|1|0|0|0|0|0|0|0|0|0|0|0|0|0|0|0|0|0|0|0|0|0|0|1|0|0|0|0|0|0|0|0|0|0|0|0|0|0|0|0|0|0|0|0|0|0|0|0|0|0|0|0|0|0|0|1|0|0|0|0|0|1|0|0|1|0|1|0|0|1|1|0|0|0|0|0|0|0|0|0|0|0|1|0|0|0|0|0|0|0|0|0|0|0|0|1|0|0|0|0|0|0|0|0|0|1|0|0|0|0|0|0|0|0|0|0|0|1</HistCounts>
      </HistItem>
    </Histograms>
    <Metadata>
      <MDI key="BandName">Band_2</MDI>
      <MDI key="RepresentationType">ATHEMATIC</MDI>
      <MDI key="STATISTICS_COVARIANCES">-0.0003684716242394086,0.0005324608936793816,0.0003256939157859275</MDI>
      <MDI key="STATISTICS_EXCLUDEDVALUES"></MDI>
      <MDI key="STATISTICS_MAXIMUM">0.2972500026226</MDI>
      <MDI key="STATISTICS_MEAN">0.10270998882701</MDI>
      <MDI key="STATISTICS_MEDIAN">0.097203</MDI>
      <MDI key="STATISTICS_MINIMUM">0.079250000417233</MDI>
      <MDI key="STATISTICS_SKIPFACTORX">1</MDI>
      <MDI key="STATISTICS_SKIPFACTORY">1</MDI>
      <MDI key="STATISTICS_STDDEV">0.023075114163951</MDI>
    </Metadata>
  </PAMRasterBand>
  <PAMRasterBand band="3">
    <Description>Band_3</Description>
    <Histograms>
      <HistItem>
        <HistMin>0.1309999972581863</HistMin>
        <HistMax>0.2775000035762787</HistMax>
        <BucketCount>256</BucketCount>
        <IncludeOutOfRange>1</IncludeOutOfRange>
        <Approximate>0</Approximate>
        <HistCounts>5|1|0|2|2|12|14|10|6|8|19|22|18|28|20|11|33|19|25|28|28|24|29|29|22|26|42|32|26|28|36|22|19|31|9|20|17|12|14|10|19|8|3|7|6|5|6|4|4|2|7|5|1|4|1|1|0|2|2|2|5|0|2|2|1|1|1|7|0|1|4|0|0|1|1|0|0|0|0|2|2|1|1|2|1|1|0|0|0|3|0|0|0|0|0|2|0|1|0|0|1|0|0|0|0|0|0|0|0|1|0|0|0|0|0|0|0|0|0|0|0|0|0|0|0|0|0|2|0|0|0|0|0|0|0|0|0|0|0|1|0|0|0|0|0|0|0|0|0|0|0|0|0|0|0|0|0|0|0|0|0|0|0|0|0|0|0|0|0|0|0|0|0|0|0|0|0|0|0|1|0|1|0|1|0|1|1|1|0|0|0|1|0|0|0|0|0|0|0|0|0|0|0|0|0|1|0|0|0|0|0|1|0|0|0|0|0|0|0|0|0|0|0|1|0|0|0|0|0|0|0|0|0|0|0|0|0|0|0|0|0|0|0|0|0|0|0|0|0|0|0|0|0|0|0|1</HistCounts>
      </HistItem>
    </Histograms>
    <Metadata>
      <MDI key="BandName">Band_3</MDI>
      <MDI key="RepresentationType">ATHEMATIC</MDI>
      <MDI key="STATISTICS_COVARIANCES">-0.0002098176158163996,0.0003256939157859275,0.0002087593249820895</MDI>
      <MDI key="STATISTICS_EXCLUDEDVALUES"></MDI>
      <MDI key="STATISTICS_MAXIMUM">0.27750000357628</MDI>
      <MDI key="STATISTICS_MEAN">0.14841528677651</MDI>
      <MDI key="STATISTICS_MEDIAN">0.145937</MDI>
      <MDI key="STATISTICS_MINIMUM">0.13099999725819</MDI>
      <MDI key="STATISTICS_SKIPFACTORX">1</MDI>
      <MDI key="STATISTICS_SKIPFACTORY">1</MDI>
      <MDI key="STATISTICS_STDDEV">0.014448505977508</MDI>
    </Metadata>
  </PAMRasterBand>
</PAMDataset>
