<PAMDataset>
  <Metadata>
    <MDI key="DataType">Generic</MDI>
  </Metadata>
  <PAMRasterBand band="1">
    <Description>Band_1</Description>
    <Histograms>
      <HistItem>
        <HistMin>0.6704999804496765</HistMin>
        <HistMax>0.9316481351852417</HistMax>
        <BucketCount>256</BucketCount>
        <IncludeOutOfRange>1</IncludeOutOfRange>
        <Approximate>0</Approximate>
        <HistCounts>1|0|0|0|0|0|0|0|0|0|0|0|0|0|0|0|0|0|0|0|0|0|0|0|0|0|0|0|0|2|0|0|0|0|0|0|2|0|0|0|0|0|1|0|0|0|0|0|0|0|0|0|0|1|1|1|0|0|0|0|0|0|1|0|0|0|0|0|0|1|0|0|0|0|0|0|0|0|0|0|0|0|0|2|1|0|0|0|0|0|0|2|0|0|2|2|0|2|0|2|0|2|0|1|0|1|0|0|1|0|2|0|0|6|2|0|0|3|0|4|3|4|4|2|6|6|0|5|4|2|3|2|1|4|1|8|2|0|4|9|10|5|6|7|7|14|3|8|3|10|4|6|4|6|6|9|6|11|4|5|2|9|4|9|10|7|6|1|4|4|6|10|5|9|4|4|8|2|4|4|8|3|4|5|3|5|9|7|5|5|4|14|6|4|5|6|9|8|7|2|4|7|2|2|8|1|7|5|4|5|6|4|8|4|9|7|3|8|8|6|3|5|6|6|5|3|6|5|8|1|12|6|7|5|8|5|4|0|15|8|1|5|6|34|110|57|51|30|25|7|13|9|6|4|3|2</HistCounts>
      </HistItem>
    </Histograms>
    <Metadata>
      <MDI key="BandName">Band_1</MDI>
      <MDI key="RepresentationType">ATHEMATIC</MDI>
      <MDI key="STATISTICS_COVARIANCES">0.002269290444130134,-0.0005155707508236158,-8.096120406240819e-05</MDI>
      <MDI key="STATISTICS_EXCLUDEDVALUES"></MDI>
      <MDI key="STATISTICS_MAXIMUM">0.93164813518524</MDI>
      <MDI key="STATISTICS_MEAN">0.87565686184669</MDI>
      <MDI key="STATISTICS_MEDIAN">0.886587</MDI>
      <MDI key="STATISTICS_MINIMUM">0.67049998044968</MDI>
      <MDI key="STATISTICS_SKIPFACTORX">1</MDI>
      <MDI key="STATISTICS_SKIPFACTORY">1</MDI>
      <MDI key="STATISTICS_STDDEV">0.047637070062401</MDI>
    </Metadata>
  </PAMRasterBand>
  <PAMRasterBand band="2">
    <Description>Band_2</Description>
    <Histograms>
      <HistItem>
        <HistMin>0.0807500034570694</HistMin>
        <HistMax>0.414000004529953</HistMax>
        <BucketCount>256</BucketCount>
        <IncludeOutOfRange>1</IncludeOutOfRange>
        <Approximate>0</Approximate>
        <HistCounts>1|4|0|1|0|6|6|3|7|7|18|16|22|24|12|8|15|28|15|22|16|17|29|14|22|16|29|16|13|23|32|16|25|22|25|24|21|15|15|19|12|17|15|17|13|8|18|18|12|7|15|17|21|16|15|9|9|11|13|9|5|10|6|15|8|9|11|3|9|5|10|6|6|7|3|2|5|5|1|3|7|3|0|0|0|1|3|0|0|0|1|0|0|0|0|0|2|1|0|0|0|0|0|0|0|0|0|2|0|0|0|0|0|0|0|0|0|0|0|0|0|0|0|0|0|0|0|0|1|0|0|0|0|0|0|0|0|0|0|0|0|0|0|0|0|0|0|0|0|0|0|0|0|0|0|0|0|0|0|0|0|0|0|0|0|0|0|0|0|0|0|0|0|0|0|1|0|0|0|0|0|2|0|0|0|0|2|0|0|0|1|0|0|0|0|0|0|1|1|3|0|1|0|0|2|0|0|1|0|0|0|0|0|0|0|0|0|0|0|0|0|1|0|0|0|0|0|0|0|0|0|0|0|0|0|0|1|0|0|0|0|0|0|0|0|0|1|0|1|0|1|1|0|0|1|2</HistCounts>
      </HistItem>
    </Histograms>
    <Metadata>
      <MDI key="BandName">Band_2</MDI>
      <MDI key="RepresentationType">ATHEMATIC</MDI>
      <MDI key="STATISTICS_COVARIANCES">-0.0005155707508236158,0.001823464869186599,0.001110624673938555</MDI>
      <MDI key="STATISTICS_EXCLUDEDVALUES"></MDI>
      <MDI key="STATISTICS_MAXIMUM">0.41400000452995</MDI>
      <MDI key="STATISTICS_MEAN">0.13511004683988</MDI>
      <MDI key="STATISTICS_MEDIAN">0.126490</MDI>
      <MDI key="STATISTICS_MINIMUM">0.080750003457069</MDI>
      <MDI key="STATISTICS_SKIPFACTORX">1</MDI>
      <MDI key="STATISTICS_SKIPFACTORY">1</MDI>
      <MDI key="STATISTICS_STDDEV">0.042702047599461</MDI>
    </Metadata>
  </PAMRasterBand>
  <PAMRasterBand band="3">
    <Description>Band_3</Description>
    <Histograms>
      <HistItem>
        <HistMin>0.1337500065565109</HistMin>
        <HistMax>0.3395000100135803</HistMax>
        <BucketCount>256</BucketCount>
        <IncludeOutOfRange>1</IncludeOutOfRange>
        <Approximate>0</Approximate>
        <HistCounts>1|1|0|7|4|2|3|4|6|13|9|7|16|15|7|9|5|11|7|8|13|15|13|11|19|11|16|17|6|16|13|15|8|11|7|16|16|10|6|14|13|17|12|14|13|18|16|29|37|9|23|15|24|24|13|13|12|25|15|15|19|17|3|10|17|19|12|6|6|6|18|14|11|4|10|10|6|11|4|12|12|10|7|6|6|3|6|4|6|0|3|2|5|1|1|0|0|2|2|0|0|3|0|0|0|1|0|1|0|0|0|1|0|0|0|0|0|0|0|0|0|0|0|0|1|0|0|0|1|0|0|0|0|0|0|0|0|2|0|0|0|0|0|0|0|0|0|0|0|0|0|0|0|0|0|0|0|0|0|0|0|0|0|0|0|0|0|0|0|0|0|0|0|0|0|0|1|2|0|0|0|0|0|0|2|0|0|0|0|0|0|0|1|0|0|0|3|0|1|0|0|1|1|0|0|0|0|2|1|0|0|0|0|0|0|0|0|1|0|0|0|0|0|0|0|0|0|0|0|1|0|0|0|0|0|0|1|0|0|0|0|0|1|0|0|1|0|2|0|0|1|0|0|0|0|1</HistCounts>
      </HistItem>
    </Histograms>
    <Metadata>
      <MDI key="BandName">Band_3</MDI>
      <MDI key="RepresentationType">ATHEMATIC</MDI>
      <MDI key="STATISTICS_COVARIANCES">-8.096120406240819e-05,0.001110624673938555,0.0007244313728103739</MDI>
      <MDI key="STATISTICS_EXCLUDEDVALUES"></MDI>
      <MDI key="STATISTICS_MAXIMUM">0.33950001001358</MDI>
      <MDI key="STATISTICS_MEAN">0.17494135508749</MDI>
      <MDI key="STATISTICS_MEDIAN">0.172479</MDI>
      <MDI key="STATISTICS_MINIMUM">0.13375000655651</MDI>
      <MDI key="STATISTICS_SKIPFACTORX">1</MDI>
      <MDI key="STATISTICS_SKIPFACTORY">1</MDI>
      <MDI key="STATISTICS_STDDEV">0.026915262822614</MDI>
    </Metadata>
  </PAMRasterBand>
</PAMDataset>
