<PAMDataset>
  <Metadata>
    <MDI key="DataType">Generic</MDI>
  </Metadata>
  <PAMRasterBand band="1">
    <Description>Band_1</Description>
    <Histograms>
      <HistItem>
        <HistMin>0.6937500238418579</HistMin>
        <HistMax>0.936129629611969</HistMax>
        <BucketCount>256</BucketCount>
        <IncludeOutOfRange>1</IncludeOutOfRange>
        <Approximate>0</Approximate>
        <HistCounts>1|0|0|0|0|0|0|0|0|0|1|0|0|0|0|1|0|0|0|0|0|0|0|0|0|0|0|0|0|0|0|0|0|0|1|0|0|0|0|1|0|1|1|3|2|0|0|0|0|2|0|2|1|1|1|1|2|3|2|0|0|2|4|0|0|1|3|3|5|4|3|2|6|7|5|1|0|4|6|4|4|9|6|5|5|2|5|12|3|5|9|1|3|3|4|6|5|7|3|5|8|3|5|6|3|7|5|5|8|6|3|6|5|6|4|11|5|4|0|13|8|3|4|5|5|8|1|8|4|4|16|4|10|0|5|8|4|1|4|2|8|8|8|7|2|3|4|7|1|6|2|1|6|3|5|4|2|5|2|6|10|6|1|8|0|8|4|6|5|7|4|5|7|6|3|10|4|7|4|13|10|6|7|5|10|5|0|2|2|13|4|2|8|4|5|4|8|8|0|4|1|2|4|11|3|0|3|4|5|5|8|5|2|8|2|5|0|1|3|2|5|4|2|8|0|2|8|2|2|0|12|1|3|3|5|7|3|5|56|46|49|43|48|30|21|17|4|1|3|8|5|5|1|2|0|1</HistCounts>
      </HistItem>
    </Histograms>
    <Metadata>
      <MDI key="BandName">Band_1</MDI>
      <MDI key="RepresentationType">ATHEMATIC</MDI>
      <MDI key="STATISTICS_COVARIANCES">0.003351184112201421,-0.001202090490474884,-0.0006871527718365972</MDI>
      <MDI key="STATISTICS_EXCLUDEDVALUES"></MDI>
      <MDI key="STATISTICS_MAXIMUM">0.93612962961197</MDI>
      <MDI key="STATISTICS_MEAN">0.85806890277697</MDI>
      <MDI key="STATISTICS_MEDIAN">0.863891</MDI>
      <MDI key="STATISTICS_MINIMUM">0.69375002384186</MDI>
      <MDI key="STATISTICS_SKIPFACTORX">1</MDI>
      <MDI key="STATISTICS_SKIPFACTORY">1</MDI>
      <MDI key="STATISTICS_STDDEV">0.057889412781625</MDI>
    </Metadata>
  </PAMRasterBand>
  <PAMRasterBand band="2">
    <Description>Band_2</Description>
    <Histograms>
      <HistItem>
        <HistMin>0.0324999988079071</HistMin>
        <HistMax>0.3027499914169312</HistMax>
        <BucketCount>256</BucketCount>
        <IncludeOutOfRange>1</IncludeOutOfRange>
        <Approximate>0</Approximate>
        <HistCounts>2|0|1|11|5|6|5|5|6|12|17|24|41|25|12|20|25|16|21|29|32|22|22|25|24|25|9|18|8|12|10|13|8|8|6|8|6|5|6|6|12|11|6|4|8|7|10|5|7|5|10|8|14|6|8|5|9|7|4|13|10|9|13|7|13|14|12|13|6|12|9|10|11|13|7|12|9|9|3|16|15|9|7|8|9|6|2|11|5|6|4|13|7|6|6|9|7|1|5|2|11|4|7|6|7|7|1|4|4|4|7|7|3|5|5|5|1|1|7|0|2|1|4|2|2|3|0|1|0|2|1|1|3|2|2|3|0|1|0|0|2|2|0|0|0|1|0|0|0|1|0|4|0|0|0|0|0|0|2|0|0|0|0|0|0|0|0|1|1|0|0|0|0|0|0|0|0|0|0|0|0|1|0|1|0|0|0|0|0|0|0|0|0|0|0|0|0|0|0|0|0|0|0|0|0|0|0|0|0|0|0|0|0|0|0|0|0|0|0|0|0|0|0|0|0|0|1|0|0|0|0|0|0|0|0|0|0|0|1|0|0|0|0|0|0|1|0|0|0|0|0|0|0|0|0|1</HistCounts>
      </HistItem>
    </Histograms>
    <Metadata>
      <MDI key="BandName">Band_2</MDI>
      <MDI key="RepresentationType">ATHEMATIC</MDI>
      <MDI key="STATISTICS_COVARIANCES">-0.001202090490474884,0.001561100404373902,0.001056234879583567</MDI>
      <MDI key="STATISTICS_EXCLUDEDVALUES"></MDI>
      <MDI key="STATISTICS_MAXIMUM">0.30274999141693</MDI>
      <MDI key="STATISTICS_MEAN">0.088278376192546</MDI>
      <MDI key="STATISTICS_MEDIAN">0.080191</MDI>
      <MDI key="STATISTICS_MINIMUM">0.032499998807907</MDI>
      <MDI key="STATISTICS_SKIPFACTORX">1</MDI>
      <MDI key="STATISTICS_SKIPFACTORY">1</MDI>
      <MDI key="STATISTICS_STDDEV">0.039510763145932</MDI>
    </Metadata>
  </PAMRasterBand>
  <PAMRasterBand band="3">
    <Description>Band_3</Description>
    <Histograms>
      <HistItem>
        <HistMin>0.08049999922513962</HistMin>
        <HistMax>0.257750004529953</HistMax>
        <BucketCount>256</BucketCount>
        <IncludeOutOfRange>1</IncludeOutOfRange>
        <Approximate>0</Approximate>
        <HistCounts>1|0|2|1|0|3|1|1|4|4|5|6|11|9|7|8|14|12|13|14|12|18|15|25|21|22|23|15|18|18|22|11|19|18|17|25|12|6|14|11|6|19|19|12|6|16|8|15|10|16|5|14|6|9|3|5|5|9|10|2|16|5|9|4|8|9|13|8|5|19|8|7|7|5|19|11|8|7|13|17|10|1|5|12|6|12|7|10|5|9|3|7|6|9|3|9|4|5|6|11|5|5|6|6|7|7|3|10|7|5|6|3|6|2|1|5|3|4|0|5|6|10|2|1|11|1|3|0|2|3|6|4|2|1|8|9|2|9|2|3|0|2|1|0|5|2|0|2|0|0|0|1|1|2|0|0|2|0|0|0|1|1|0|1|0|1|0|0|0|0|0|2|0|0|0|0|0|0|0|1|0|0|3|0|0|0|0|0|0|0|0|0|0|0|0|0|1|0|0|1|0|0|0|0|0|0|0|0|0|0|0|0|0|0|0|0|0|0|0|0|0|0|0|1|0|0|0|0|1|0|0|0|0|0|0|0|0|0|0|0|0|0|0|1|1|0|0|0|0|0|0|0|0|0|0|1</HistCounts>
      </HistItem>
    </Histograms>
    <Metadata>
      <MDI key="BandName">Band_3</MDI>
      <MDI key="RepresentationType">ATHEMATIC</MDI>
      <MDI key="STATISTICS_COVARIANCES">-0.0006871527718365972,0.001056234879583567,0.0007491743334353284</MDI>
      <MDI key="STATISTICS_EXCLUDEDVALUES"></MDI>
      <MDI key="STATISTICS_MAXIMUM">0.25775000452995</MDI>
      <MDI key="STATISTICS_MEAN">0.12376781266612</MDI>
      <MDI key="STATISTICS_MEDIAN">0.115950</MDI>
      <MDI key="STATISTICS_MINIMUM">0.08049999922514</MDI>
      <MDI key="STATISTICS_SKIPFACTORX">1</MDI>
      <MDI key="STATISTICS_SKIPFACTORY">1</MDI>
      <MDI key="STATISTICS_STDDEV">0.027371049184044</MDI>
    </Metadata>
  </PAMRasterBand>
</PAMDataset>
