<PAMDataset>
  <Metadata>
    <MDI key="DataType">Generic</MDI>
  </Metadata>
  <PAMRasterBand band="1">
    <Description>Band_1</Description>
    <Histograms>
      <HistItem>
        <HistMin>0.7475000023841858</HistMin>
        <HistMax>0.9442036747932434</HistMax>
        <BucketCount>256</BucketCount>
        <IncludeOutOfRange>1</IncludeOutOfRange>
        <Approximate>0</Approximate>
        <HistCounts>1|0|0|0|0|0|0|0|0|0|0|0|0|0|0|0|0|0|0|0|0|0|0|0|0|0|0|0|0|0|0|0|1|0|0|0|1|0|1|0|0|0|0|1|0|0|0|0|0|0|1|1|0|0|0|1|0|0|0|1|1|0|0|0|0|0|0|0|0|0|1|0|0|0|0|0|0|0|0|0|0|0|0|0|0|1|0|0|0|0|0|0|0|0|1|0|0|0|0|1|0|0|0|0|3|0|0|0|0|0|0|0|0|1|0|2|0|2|0|0|1|0|0|1|1|0|0|0|0|0|1|0|0|2|1|0|0|0|1|1|0|0|0|0|0|0|0|0|1|1|0|1|0|0|0|1|0|0|0|4|0|1|0|3|3|0|0|3|1|2|0|1|0|2|0|0|1|0|0|1|1|1|2|2|1|2|1|0|4|3|2|2|1|6|5|0|0|3|2|6|1|4|2|1|6|4|6|4|7|0|5|8|1|2|5|4|10|5|2|8|3|3|5|42|59|64|65|56|57|41|46|29|32|20|12|4|11|6|2|0|0|0|1|0|2|0|0|0|1|2|0|1|1|0|0|1</HistCounts>
      </HistItem>
    </Histograms>
    <Metadata>
      <MDI key="BandName">Band_1</MDI>
      <MDI key="RepresentationType">ATHEMATIC</MDI>
      <MDI key="STATISTICS_COVARIANCES">0.0005728507412640949,-0.0006300917780548428,-0.0003811394339735523</MDI>
      <MDI key="STATISTICS_EXCLUDEDVALUES"></MDI>
      <MDI key="STATISTICS_MAXIMUM">0.94420367479324</MDI>
      <MDI key="STATISTICS_MEAN">0.91453375001537</MDI>
      <MDI key="STATISTICS_MEDIAN">0.921833</MDI>
      <MDI key="STATISTICS_MINIMUM">0.74750000238419</MDI>
      <MDI key="STATISTICS_SKIPFACTORX">1</MDI>
      <MDI key="STATISTICS_SKIPFACTORY">1</MDI>
      <MDI key="STATISTICS_STDDEV">0.023934300517544</MDI>
    </Metadata>
  </PAMRasterBand>
  <PAMRasterBand band="2">
    <Description>Band_2</Description>
    <Histograms>
      <HistItem>
        <HistMin>0.03700000047683716</HistMin>
        <HistMax>0.398499995470047</HistMax>
        <BucketCount>256</BucketCount>
        <IncludeOutOfRange>1</IncludeOutOfRange>
        <Approximate>0</Approximate>
        <HistCounts>1|2|0|0|1|2|3|2|0|0|0|1|0|0|2|0|1|0|2|0|1|1|0|1|2|1|1|2|1|2|2|2|0|3|0|0|0|0|5|7|2|8|3|4|1|6|2|3|3|5|4|0|4|9|7|8|2|4|7|9|6|2|5|7|6|7|8|14|5|5|5|11|4|5|7|10|13|10|6|7|10|7|7|11|2|15|12|19|16|10|16|5|15|9|15|7|11|11|16|9|10|11|16|17|9|7|10|8|6|2|1|3|3|10|4|11|12|8|1|1|3|4|3|1|5|1|3|3|3|3|2|1|2|0|3|1|2|0|5|2|2|4|1|2|1|1|0|1|1|0|2|1|0|0|0|0|2|0|3|1|0|4|2|0|0|0|0|1|0|0|0|1|1|0|0|0|0|0|0|0|1|0|2|0|1|0|0|0|0|0|0|0|0|0|0|0|0|1|0|0|0|0|0|0|0|0|0|0|0|0|0|0|0|0|0|0|1|0|0|0|0|0|0|0|1|0|2|2|0|1|2|0|0|0|0|1|0|0|0|0|0|0|0|2|0|0|0|0|0|0|0|0|0|0|0|2</HistCounts>
      </HistItem>
    </Histograms>
    <Metadata>
      <MDI key="BandName">Band_2</MDI>
      <MDI key="RepresentationType">ATHEMATIC</MDI>
      <MDI key="STATISTICS_COVARIANCES">-0.0006300917780548428,0.002701524022440143,0.001746737384495199</MDI>
      <MDI key="STATISTICS_EXCLUDEDVALUES"></MDI>
      <MDI key="STATISTICS_MAXIMUM">0.39849999547005</MDI>
      <MDI key="STATISTICS_MEAN">0.16393351074348</MDI>
      <MDI key="STATISTICS_MEDIAN">0.161753</MDI>
      <MDI key="STATISTICS_MINIMUM">0.037000000476837</MDI>
      <MDI key="STATISTICS_SKIPFACTORX">1</MDI>
      <MDI key="STATISTICS_SKIPFACTORY">1</MDI>
      <MDI key="STATISTICS_STDDEV">0.051976187071005</MDI>
    </Metadata>
  </PAMRasterBand>
  <PAMRasterBand band="3">
    <Description>Band_3</Description>
    <Histograms>
      <HistItem>
        <HistMin>0.09624999761581421</HistMin>
        <HistMax>0.3302499949932098</HistMax>
        <BucketCount>256</BucketCount>
        <IncludeOutOfRange>1</IncludeOutOfRange>
        <Approximate>0</Approximate>
        <HistCounts>3|0|0|0|1|0|0|0|0|0|0|1|0|1|1|4|0|2|1|1|3|3|1|1|1|1|0|0|5|0|2|2|1|1|0|8|2|4|1|5|5|9|0|4|0|1|7|6|4|3|7|5|6|5|3|6|3|9|9|12|5|7|7|2|7|8|4|12|6|9|3|11|4|3|5|4|9|10|4|13|7|7|12|19|11|13|9|17|13|14|7|5|9|16|8|11|14|7|9|10|12|10|9|14|5|6|6|16|10|8|4|3|6|8|1|4|3|4|5|9|5|0|4|0|2|5|3|0|1|0|2|2|2|2|4|2|4|0|0|3|3|4|0|2|2|0|5|2|0|1|1|0|2|0|0|1|5|0|1|0|0|1|3|0|0|1|0|0|0|0|1|1|1|0|2|0|1|1|0|0|0|0|0|0|0|0|0|0|0|1|0|0|0|0|0|1|0|0|0|0|0|0|0|0|0|0|0|0|0|0|1|0|0|0|1|1|1|1|2|0|1|0|0|1|0|0|0|0|1|0|0|0|0|0|0|0|0|0|0|0|2|0|0|0|0|0|0|0|0|0|0|0|0|0|0|2</HistCounts>
      </HistItem>
    </Histograms>
    <Metadata>
      <MDI key="BandName">Band_3</MDI>
      <MDI key="RepresentationType">ATHEMATIC</MDI>
      <MDI key="STATISTICS_COVARIANCES">-0.0003811394339735523,0.001746737384495199,0.001152753613554955</MDI>
      <MDI key="STATISTICS_EXCLUDEDVALUES"></MDI>
      <MDI key="STATISTICS_MAXIMUM">0.33024999499321</MDI>
      <MDI key="STATISTICS_MEAN">0.17736070482258</MDI>
      <MDI key="STATISTICS_MEDIAN">0.176085</MDI>
      <MDI key="STATISTICS_MINIMUM">0.096249997615814</MDI>
      <MDI key="STATISTICS_SKIPFACTORX">1</MDI>
      <MDI key="STATISTICS_SKIPFACTORY">1</MDI>
      <MDI key="STATISTICS_STDDEV">0.03395222545806</MDI>
    </Metadata>
  </PAMRasterBand>
</PAMDataset>
