<PAMDataset>
  <Metadata>
    <MDI key="DataType">Generic</MDI>
  </Metadata>
  <PAMRasterBand band="1">
    <Description>Band_1</Description>
    <Histograms>
      <HistItem>
        <HistMin>0.367000013589859</HistMin>
        <HistMax>0.9428703784942627</HistMax>
        <BucketCount>256</BucketCount>
        <IncludeOutOfRange>1</IncludeOutOfRange>
        <Approximate>0</Approximate>
        <HistCounts>1|0|0|0|0|0|0|0|0|0|0|0|0|0|0|0|0|0|0|0|0|0|0|0|0|0|0|0|0|0|0|0|0|0|0|0|0|0|0|0|0|0|0|0|0|0|0|0|0|0|0|0|0|0|0|0|0|0|0|0|0|0|0|0|0|0|0|0|0|0|0|0|0|0|0|0|0|0|0|0|0|0|0|0|0|0|0|0|0|0|0|0|0|0|0|0|0|0|0|0|0|0|0|0|0|0|0|0|0|0|0|0|0|0|0|0|0|0|0|0|0|0|0|0|0|0|0|0|0|0|0|0|0|0|0|0|0|0|0|0|0|0|0|0|0|0|0|0|0|0|0|0|0|0|0|0|0|0|0|0|0|0|0|0|0|0|0|0|0|0|0|0|0|1|0|0|0|2|1|0|0|1|0|0|1|0|0|0|0|0|0|0|0|0|0|1|1|1|0|1|0|0|1|2|2|1|0|2|2|2|0|0|2|0|4|2|1|1|1|7|5|0|6|10|2|14|7|17|9|10|16|17|18|19|12|21|14|17|17|26|28|14|24|17|61|403|340|425|314|189|61|38|7|4|3|1</HistCounts>
      </HistItem>
    </Histograms>
    <Metadata>
      <MDI key="BandName">Band_1</MDI>
      <MDI key="RepresentationType">ATHEMATIC</MDI>
      <MDI key="STATISTICS_COVARIANCES">0.0004394498866276092,-0.0002827658428425158,-0.0001483596107756228</MDI>
      <MDI key="STATISTICS_EXCLUDEDVALUES"></MDI>
      <MDI key="STATISTICS_MAXIMUM">0.94287037849426</MDI>
      <MDI key="STATISTICS_MEAN">0.91931725569407</MDI>
      <MDI key="STATISTICS_MEDIAN">0.922546</MDI>
      <MDI key="STATISTICS_MINIMUM">0.36700001358986</MDI>
      <MDI key="STATISTICS_SKIPFACTORX">1</MDI>
      <MDI key="STATISTICS_SKIPFACTORY">1</MDI>
      <MDI key="STATISTICS_STDDEV">0.02096306004923</MDI>
    </Metadata>
  </PAMRasterBand>
  <PAMRasterBand band="2">
    <Description>Band_2</Description>
    <Histograms>
      <HistItem>
        <HistMin>0.07900000363588333</HistMin>
        <HistMax>0.3657500147819519</HistMax>
        <BucketCount>256</BucketCount>
        <IncludeOutOfRange>1</IncludeOutOfRange>
        <Approximate>0</Approximate>
        <HistCounts>3|1|3|2|8|4|11|10|7|15|24|14|28|28|37|38|56|37|51|32|76|50|66|66|77|75|106|79|81|79|87|69|86|49|53|44|47|36|33|14|28|15|19|12|25|15|9|16|16|7|6|15|6|15|12|6|19|9|8|1|7|10|14|9|11|9|9|7|7|6|3|6|9|2|5|10|4|3|6|4|3|2|3|4|2|0|4|1|4|4|6|2|5|1|0|1|0|2|5|1|0|0|1|1|0|0|4|2|3|2|0|1|1|0|1|1|2|4|1|1|4|0|1|1|0|0|1|0|2|0|0|0|0|2|0|0|2|0|4|0|1|0|0|2|0|1|1|4|2|0|0|2|1|1|1|3|0|1|1|1|1|0|0|3|0|0|0|0|0|0|0|1|0|1|0|0|1|0|0|0|0|0|2|0|0|0|1|1|0|1|0|0|2|0|0|0|0|0|0|1|2|0|0|1|0|0|0|0|0|1|1|1|0|0|1|0|0|1|0|0|0|0|0|0|0|1|0|0|0|0|0|1|0|0|0|0|3|0|0|0|0|0|0|1|0|0|0|0|1|0|0|0|0|0|0|1</HistCounts>
      </HistItem>
    </Histograms>
    <Metadata>
      <MDI key="BandName">Band_2</MDI>
      <MDI key="RepresentationType">ATHEMATIC</MDI>
      <MDI key="STATISTICS_COVARIANCES">-0.0002827658428425158,0.001193799274400323,0.0007743942555503784</MDI>
      <MDI key="STATISTICS_EXCLUDEDVALUES"></MDI>
      <MDI key="STATISTICS_MAXIMUM">0.36575001478195</MDI>
      <MDI key="STATISTICS_MEAN">0.12118938043346</MDI>
      <MDI key="STATISTICS_MEDIAN">0.111611</MDI>
      <MDI key="STATISTICS_MINIMUM">0.079000003635883</MDI>
      <MDI key="STATISTICS_SKIPFACTORX">1</MDI>
      <MDI key="STATISTICS_SKIPFACTORY">1</MDI>
      <MDI key="STATISTICS_STDDEV">0.03455140046945</MDI>
    </Metadata>
  </PAMRasterBand>
  <PAMRasterBand band="3">
    <Description>Band_3</Description>
    <Histograms>
      <HistItem>
        <HistMin>0.1277499943971634</HistMin>
        <HistMax>0.3084999918937683</HistMax>
        <BucketCount>256</BucketCount>
        <IncludeOutOfRange>1</IncludeOutOfRange>
        <Approximate>0</Approximate>
        <HistCounts>4|0|0|2|4|0|2|7|7|11|9|9|18|23|27|26|23|24|17|33|50|39|65|62|42|55|78|57|74|89|57|74|95|63|85|68|33|41|48|56|51|38|30|39|24|15|21|25|13|8|17|16|8|13|7|14|13|11|18|8|7|9|18|5|8|12|2|5|11|5|7|9|6|8|7|14|7|6|1|12|4|8|8|8|1|3|8|7|3|4|3|1|2|1|4|7|3|2|6|3|1|3|1|1|4|0|2|3|0|0|3|2|2|2|0|0|2|2|1|0|0|1|2|1|3|3|2|1|1|0|0|1|1|3|1|0|2|0|2|2|0|0|1|0|0|2|2|0|0|1|0|0|0|1|2|0|1|2|2|0|3|0|2|1|1|3|1|0|1|2|0|0|1|1|1|1|3|1|1|0|0|0|0|0|0|0|1|0|0|0|1|0|2|1|0|1|1|0|2|2|0|1|0|0|0|1|0|1|0|0|0|0|0|0|0|1|1|0|2|0|1|0|1|0|0|0|0|1|0|0|0|0|0|0|0|0|0|0|0|0|0|0|0|0|0|0|0|0|0|1|1|0|0|0|0|1</HistCounts>
      </HistItem>
    </Histograms>
    <Metadata>
      <MDI key="BandName">Band_3</MDI>
      <MDI key="RepresentationType">ATHEMATIC</MDI>
      <MDI key="STATISTICS_COVARIANCES">-0.0001483596107756228,0.0007743942555503784,0.0005198944636540066</MDI>
      <MDI key="STATISTICS_EXCLUDEDVALUES"></MDI>
      <MDI key="STATISTICS_MAXIMUM">0.30849999189377</MDI>
      <MDI key="STATISTICS_MEAN">0.15806286481929</MDI>
      <MDI key="STATISTICS_MEDIAN">0.151141</MDI>
      <MDI key="STATISTICS_MINIMUM">0.12774999439716</MDI>
      <MDI key="STATISTICS_SKIPFACTORX">1</MDI>
      <MDI key="STATISTICS_SKIPFACTORY">1</MDI>
      <MDI key="STATISTICS_STDDEV">0.022801194347095</MDI>
    </Metadata>
  </PAMRasterBand>
</PAMDataset>
