<PAMDataset>
  <Metadata>
    <MDI key="DataType">Generic</MDI>
  </Metadata>
  <PAMRasterBand band="1">
    <Description>Band_1</Description>
    <Histograms>
      <HistItem>
        <HistMin>0.7440000176429749</HistMin>
        <HistMax>0.9403333067893982</HistMax>
        <BucketCount>256</BucketCount>
        <IncludeOutOfRange>1</IncludeOutOfRange>
        <Approximate>0</Approximate>
        <HistCounts>1|0|0|0|1|0|0|0|0|2|0|0|0|0|0|0|0|0|0|0|0|0|0|0|0|0|0|0|0|0|0|2|0|0|0|0|0|0|0|0|0|0|0|0|0|0|0|0|0|2|0|0|0|0|0|1|0|0|0|0|0|0|1|0|0|0|0|0|0|0|0|0|0|0|0|2|0|0|0|0|0|0|0|0|0|2|2|1|0|0|1|0|0|0|0|2|2|0|1|1|3|0|0|6|0|0|2|2|2|0|1|0|0|0|2|0|1|1|0|0|0|0|3|0|2|1|2|2|0|0|3|2|0|2|5|1|4|2|0|3|5|1|1|6|2|3|3|0|3|1|6|2|1|2|2|3|3|0|1|2|3|2|0|2|0|2|0|6|4|2|2|3|1|3|0|0|0|3|0|2|3|0|0|2|2|0|0|3|2|0|4|1|5|1|0|1|1|1|1|0|1|4|1|3|0|1|1|8|6|1|2|1|2|4|2|0|2|0|2|2|0|0|4|4|0|0|1|4|9|29|38|51|68|73|62|66|73|57|45|57|34|62|47|48|36|36|21|16|16|3|10|11|16|7|8|4</HistCounts>
      </HistItem>
    </Histograms>
    <Metadata>
      <MDI key="BandName">Band_1</MDI>
      <MDI key="RepresentationType">ATHEMATIC</MDI>
      <MDI key="STATISTICS_COVARIANCES">0.0008796165839479675,-0.0006053738270550741,-0.000303767938776869</MDI>
      <MDI key="STATISTICS_EXCLUDEDVALUES"></MDI>
      <MDI key="STATISTICS_MAXIMUM">0.9403333067894</MDI>
      <MDI key="STATISTICS_MEAN">0.91553225193376</MDI>
      <MDI key="STATISTICS_MEDIAN">0.924935</MDI>
      <MDI key="STATISTICS_MINIMUM">0.74400001764297</MDI>
      <MDI key="STATISTICS_SKIPFACTORX">1</MDI>
      <MDI key="STATISTICS_SKIPFACTORY">1</MDI>
      <MDI key="STATISTICS_STDDEV">0.029658330768065</MDI>
    </Metadata>
  </PAMRasterBand>
  <PAMRasterBand band="2">
    <Description>Band_2</Description>
    <Histograms>
      <HistItem>
        <HistMin>0.05000000074505806</HistMin>
        <HistMax>0.460750013589859</HistMax>
        <BucketCount>256</BucketCount>
        <IncludeOutOfRange>1</IncludeOutOfRange>
        <Approximate>0</Approximate>
        <HistCounts>8|1|6|5|9|10|21|14|28|23|27|39|37|27|32|24|15|19|27|20|34|25|18|22|23|17|11|24|25|26|20|31|25|29|17|21|19|6|10|20|7|6|10|15|8|5|15|2|10|16|13|20|11|14|10|10|6|12|5|7|2|9|3|9|7|7|7|6|7|6|5|5|11|3|8|6|6|6|5|2|2|3|2|5|1|6|3|3|9|3|2|3|5|4|7|3|0|0|1|7|1|7|0|0|0|1|0|1|4|0|0|0|0|0|1|1|0|0|0|2|0|2|0|0|0|0|0|0|0|0|0|0|0|0|0|0|0|0|0|0|0|0|0|0|0|0|0|0|0|0|0|0|0|0|0|0|0|0|0|0|0|0|0|0|0|0|0|0|0|0|0|0|0|0|1|0|0|0|0|0|0|0|0|0|1|0|0|0|0|0|0|1|0|0|0|1|0|0|0|0|0|0|2|0|0|0|0|0|0|0|0|2|2|0|0|0|3|0|1|0|0|0|2|0|0|0|0|0|0|0|1|0|0|0|0|0|0|0|0|0|0|0|0|0|0|0|0|0|0|0|0|0|0|0|0|1</HistCounts>
      </HistItem>
    </Histograms>
    <Metadata>
      <MDI key="BandName">Band_2</MDI>
      <MDI key="RepresentationType">ATHEMATIC</MDI>
      <MDI key="STATISTICS_COVARIANCES">-0.0006053738270550741,0.002737402827694221,0.001732958933183162</MDI>
      <MDI key="STATISTICS_EXCLUDEDVALUES"></MDI>
      <MDI key="STATISTICS_MAXIMUM">0.46075001358986</MDI>
      <MDI key="STATISTICS_MEAN">0.11179300650679</MDI>
      <MDI key="STATISTICS_MEDIAN">0.098324</MDI>
      <MDI key="STATISTICS_MINIMUM">0.050000000745058</MDI>
      <MDI key="STATISTICS_SKIPFACTORX">1</MDI>
      <MDI key="STATISTICS_SKIPFACTORY">1</MDI>
      <MDI key="STATISTICS_STDDEV">0.052320195218426</MDI>
    </Metadata>
  </PAMRasterBand>
  <PAMRasterBand band="3">
    <Description>Band_3</Description>
    <Histograms>
      <HistItem>
        <HistMin>0.1045000031590462</HistMin>
        <HistMax>0.3560000061988831</HistMax>
        <BucketCount>256</BucketCount>
        <IncludeOutOfRange>1</IncludeOutOfRange>
        <Approximate>0</Approximate>
        <HistCounts>3|0|0|0|4|6|11|14|17|12|12|30|39|22|25|20|28|31|30|25|15|17|20|24|21|22|16|20|15|18|16|17|15|12|15|12|14|17|23|30|28|23|16|24|21|14|14|21|14|14|12|16|10|10|4|7|7|10|9|6|7|6|8|8|7|5|5|6|6|2|2|10|5|10|8|2|4|6|6|2|4|1|12|6|2|5|7|4|9|5|7|3|2|1|2|2|4|4|2|6|2|2|2|0|2|8|7|9|3|0|2|2|0|1|0|0|3|2|1|1|0|0|3|0|0|1|0|0|2|0|0|0|0|0|0|0|1|1|0|0|0|0|0|0|0|0|0|0|0|0|0|0|0|0|0|0|0|0|0|0|0|0|0|0|0|0|0|0|0|0|0|0|0|0|0|0|0|0|0|0|0|0|1|1|0|0|0|0|0|0|0|0|0|1|0|1|0|0|0|0|0|0|0|0|2|0|0|0|0|0|0|0|1|1|4|1|1|0|0|0|0|0|0|0|2|0|0|0|0|0|0|0|0|0|0|1|0|0|0|0|0|0|0|0|0|0|0|0|0|0|0|0|0|0|0|1</HistCounts>
      </HistItem>
    </Histograms>
    <Metadata>
      <MDI key="BandName">Band_3</MDI>
      <MDI key="RepresentationType">ATHEMATIC</MDI>
      <MDI key="STATISTICS_COVARIANCES">-0.000303767938776869,0.001732958933183162,0.001118685015666782</MDI>
      <MDI key="STATISTICS_EXCLUDEDVALUES"></MDI>
      <MDI key="STATISTICS_MAXIMUM">0.35600000619888</MDI>
      <MDI key="STATISTICS_MEAN">0.14755144699138</MDI>
      <MDI key="STATISTICS_MEDIAN">0.140992</MDI>
      <MDI key="STATISTICS_MINIMUM">0.10450000315905</MDI>
      <MDI key="STATISTICS_SKIPFACTORX">1</MDI>
      <MDI key="STATISTICS_SKIPFACTORY">1</MDI>
      <MDI key="STATISTICS_STDDEV">0.033446748955119</MDI>
    </Metadata>
  </PAMRasterBand>
</PAMDataset>
