<PAMDataset>
  <Metadata>
    <MDI key="DataType">Generic</MDI>
  </Metadata>
  <PAMRasterBand band="1">
    <Description>Band_1</Description>
    <Histograms>
      <HistItem>
        <HistMin>0.4287500083446503</HistMin>
        <HistMax>0.9212407469749451</HistMax>
        <BucketCount>256</BucketCount>
        <IncludeOutOfRange>1</IncludeOutOfRange>
        <Approximate>0</Approximate>
        <HistCounts>1|0|0|0|0|0|0|0|0|0|0|0|0|0|0|0|0|0|0|0|0|0|0|0|0|0|0|0|1|0|0|0|0|0|0|0|0|0|0|0|0|0|0|0|0|0|0|0|0|0|0|0|0|0|1|0|0|0|0|0|0|0|0|0|0|0|0|0|0|0|0|0|0|0|0|0|0|0|0|0|0|0|0|0|0|0|0|0|0|0|0|0|1|0|0|0|0|0|0|0|0|0|0|0|0|0|0|0|0|0|0|0|0|0|2|0|0|0|0|1|0|0|3|1|0|0|0|0|1|0|0|0|1|0|1|0|0|2|4|6|8|7|11|5|17|12|8|11|14|17|17|23|16|24|25|7|21|37|33|21|23|32|21|27|31|44|41|41|41|40|50|35|37|40|40|46|54|45|39|51|51|65|40|42|53|28|44|33|36|50|27|36|26|31|30|27|14|20|13|21|21|15|17|15|20|17|16|12|9|16|5|5|17|6|8|0|11|9|6|2|7|11|6|2|8|2|8|4|4|1|4|4|3|2|0|2|0|1|6|8|2|3|3|0|0|0|2|0|3|0|0|0|1|0|5|1</HistCounts>
      </HistItem>
    </Histograms>
    <Metadata>
      <MDI key="BandName">Band_1</MDI>
      <MDI key="RepresentationType">ATHEMATIC</MDI>
      <MDI key="STATISTICS_COVARIANCES">0.001767832328156479,-0.0001814733372660041,-3.759102322704621e-05</MDI>
      <MDI key="STATISTICS_EXCLUDEDVALUES"></MDI>
      <MDI key="STATISTICS_MAXIMUM">0.92124074697495</MDI>
      <MDI key="STATISTICS_MEAN">0.77576138140707</MDI>
      <MDI key="STATISTICS_MEDIAN">0.772528</MDI>
      <MDI key="STATISTICS_MINIMUM">0.42875000834465</MDI>
      <MDI key="STATISTICS_SKIPFACTORX">1</MDI>
      <MDI key="STATISTICS_SKIPFACTORY">1</MDI>
      <MDI key="STATISTICS_STDDEV">0.04204559820191</MDI>
    </Metadata>
  </PAMRasterBand>
  <PAMRasterBand band="2">
    <Description>Band_2</Description>
    <Histograms>
      <HistItem>
        <HistMin>0.08550000190734863</HistMin>
        <HistMax>0.3005000054836273</HistMax>
        <BucketCount>256</BucketCount>
        <IncludeOutOfRange>1</IncludeOutOfRange>
        <Approximate>0</Approximate>
        <HistCounts>1|1|1|2|1|5|3|2|8|12|12|12|24|34|25|29|58|34|77|47|58|111|88|107|134|115|147|121|118|128|84|81|97|74|73|40|33|31|16|12|18|5|3|14|9|1|3|5|3|1|0|1|0|2|4|1|1|0|3|0|1|1|2|1|0|0|0|1|0|1|1|0|1|0|1|1|0|0|0|0|0|0|0|0|0|0|0|0|0|0|0|2|0|0|0|0|0|0|0|0|0|0|1|0|0|0|0|0|0|0|0|0|0|0|0|0|1|0|0|0|0|0|1|0|0|0|0|0|1|0|0|0|0|0|0|2|0|0|0|0|0|0|0|0|0|0|0|0|0|0|0|0|0|0|0|0|0|0|0|0|0|1|0|0|0|0|0|0|0|0|0|0|0|0|0|0|0|0|0|0|0|0|0|0|0|0|0|0|0|0|0|0|1|0|0|0|0|0|1|0|0|0|1|0|0|0|0|0|0|0|0|0|0|0|0|0|0|0|0|0|0|0|0|0|0|0|0|0|0|0|0|1|0|0|0|0|0|0|0|0|0|0|0|0|0|0|0|0|0|0|0|0|0|0|0|1</HistCounts>
      </HistItem>
    </Histograms>
    <Metadata>
      <MDI key="BandName">Band_2</MDI>
      <MDI key="RepresentationType">ATHEMATIC</MDI>
      <MDI key="STATISTICS_COVARIANCES">-0.0001814733372660041,0.0001333293362690802,7.611105650505988e-05</MDI>
      <MDI key="STATISTICS_EXCLUDEDVALUES"></MDI>
      <MDI key="STATISTICS_MAXIMUM">0.30050000548363</MDI>
      <MDI key="STATISTICS_MEAN">0.10860301621967</MDI>
      <MDI key="STATISTICS_MEDIAN">0.107422</MDI>
      <MDI key="STATISTICS_MINIMUM">0.085500001907349</MDI>
      <MDI key="STATISTICS_SKIPFACTORX">1</MDI>
      <MDI key="STATISTICS_SKIPFACTORY">1</MDI>
      <MDI key="STATISTICS_STDDEV">0.011546832304536</MDI>
    </Metadata>
  </PAMRasterBand>
  <PAMRasterBand band="3">
    <Description>Band_3</Description>
    <Histograms>
      <HistItem>
        <HistMin>0.1372500061988831</HistMin>
        <HistMax>0.2779999971389771</HistMax>
        <BucketCount>256</BucketCount>
        <IncludeOutOfRange>1</IncludeOutOfRange>
        <Approximate>0</Approximate>
        <HistCounts>3|0|0|2|10|11|6|9|10|27|16|33|52|30|99|74|90|93|101|133|104|125|106|101|148|91|98|88|109|46|60|55|51|46|22|16|12|7|13|6|4|1|5|4|3|0|0|5|0|2|1|0|1|0|1|0|1|2|1|1|1|0|1|1|0|1|0|0|1|0|0|0|1|0|0|0|1|0|0|0|0|0|0|0|0|0|0|0|0|0|0|0|0|0|0|0|0|0|2|0|0|0|0|0|0|1|0|0|0|0|0|0|0|0|0|0|1|0|0|0|0|0|0|0|1|1|0|0|0|0|0|0|1|0|0|0|0|0|0|0|0|0|0|0|0|0|0|0|0|2|0|0|0|0|0|0|0|0|0|1|0|0|0|0|0|0|0|0|0|1|0|0|0|0|0|0|0|0|0|0|0|0|0|0|0|0|0|0|0|0|0|0|0|0|0|0|0|0|0|0|0|0|0|0|0|0|0|0|0|0|0|0|0|0|0|0|0|0|0|0|0|0|0|0|0|0|0|0|0|0|1|0|0|0|0|0|0|0|0|0|0|0|0|0|0|0|0|0|0|0|0|0|0|0|0|1</HistCounts>
      </HistItem>
    </Histograms>
    <Metadata>
      <MDI key="BandName">Band_3</MDI>
      <MDI key="RepresentationType">ATHEMATIC</MDI>
      <MDI key="STATISTICS_COVARIANCES">-3.759102322704621e-05,7.611105650505988e-05,5.084788819188397e-05</MDI>
      <MDI key="STATISTICS_EXCLUDEDVALUES"></MDI>
      <MDI key="STATISTICS_MAXIMUM">0.27799999713898</MDI>
      <MDI key="STATISTICS_MEAN">0.15023863099152</MDI>
      <MDI key="STATISTICS_MEDIAN">0.149393</MDI>
      <MDI key="STATISTICS_MINIMUM">0.13725000619888</MDI>
      <MDI key="STATISTICS_SKIPFACTORX">1</MDI>
      <MDI key="STATISTICS_SKIPFACTORY">1</MDI>
      <MDI key="STATISTICS_STDDEV">0.0071307705188068</MDI>
    </Metadata>
  </PAMRasterBand>
</PAMDataset>
