<PAMDataset>
  <Metadata>
    <MDI key="DataType">Generic</MDI>
  </Metadata>
  <PAMRasterBand band="1">
    <Description>Band_1</Description>
    <Histograms>
      <HistItem>
        <HistMin>0.7712500095367432</HistMin>
        <HistMax>0.9383888840675354</HistMax>
        <BucketCount>256</BucketCount>
        <IncludeOutOfRange>1</IncludeOutOfRange>
        <Approximate>0</Approximate>
        <HistCounts>1|0|0|0|0|0|0|0|0|1|0|0|0|0|0|0|0|0|0|0|0|0|0|0|0|1|0|0|1|0|0|0|1|0|0|0|0|0|0|0|0|1|0|0|0|0|0|0|0|0|0|0|0|0|1|0|2|0|0|0|1|0|1|0|0|1|1|0|0|0|0|0|1|1|0|0|0|0|0|0|0|2|0|1|1|0|1|0|0|1|1|0|0|1|0|0|0|0|2|2|2|0|0|1|1|1|0|0|0|1|0|0|0|0|3|0|0|3|1|1|6|2|3|2|1|1|1|1|4|4|2|2|5|5|6|6|4|6|10|0|3|3|0|3|4|3|4|6|3|8|7|5|4|7|3|4|8|4|3|3|9|4|2|2|5|5|1|11|6|4|6|1|5|3|4|6|6|3|5|7|3|6|5|5|18|7|6|5|7|7|6|5|6|5|8|7|11|8|9|2|5|2|9|11|7|9|8|6|0|8|2|3|6|7|2|4|5|8|11|7|10|6|6|4|1|4|7|118|81|77|51|46|28|18|35|17|8|12|6|4|4|9|5|5|3|2|3|1|1|0|0|1|0|0|0|1</HistCounts>
      </HistItem>
    </Histograms>
    <Metadata>
      <MDI key="BandName">Band_1</MDI>
      <MDI key="RepresentationType">ATHEMATIC</MDI>
      <MDI key="STATISTICS_COVARIANCES">0.0007027160211174646,-8.744522406263369e-06,3.82278751406246e-05</MDI>
      <MDI key="STATISTICS_EXCLUDEDVALUES"></MDI>
      <MDI key="STATISTICS_MAXIMUM">0.93838888406754</MDI>
      <MDI key="STATISTICS_MEAN">0.90280530021365</MDI>
      <MDI key="STATISTICS_MEDIAN">0.916104</MDI>
      <MDI key="STATISTICS_MINIMUM">0.77125000953674</MDI>
      <MDI key="STATISTICS_SKIPFACTORX">1</MDI>
      <MDI key="STATISTICS_SKIPFACTORY">1</MDI>
      <MDI key="STATISTICS_STDDEV">0.026508791392998</MDI>
    </Metadata>
  </PAMRasterBand>
  <PAMRasterBand band="2">
    <Description>Band_2</Description>
    <Histograms>
      <HistItem>
        <HistMin>0.07824999839067459</HistMin>
        <HistMax>0.3117499947547913</HistMax>
        <BucketCount>256</BucketCount>
        <IncludeOutOfRange>1</IncludeOutOfRange>
        <Approximate>0</Approximate>
        <HistCounts>1|0|0|0|1|0|1|0|0|0|0|0|2|0|0|0|1|0|1|1|1|2|2|1|9|1|4|2|15|3|6|6|6|9|11|4|11|14|5|7|16|9|19|27|8|13|23|26|25|30|21|38|28|22|25|22|21|11|34|21|18|18|15|16|17|12|18|17|13|21|21|16|14|7|13|13|9|14|9|8|4|8|10|14|14|7|8|9|4|9|10|6|6|17|5|6|6|9|8|4|5|5|4|0|7|1|1|2|5|0|0|0|0|2|4|0|4|3|0|7|3|2|2|0|2|6|1|4|1|2|3|1|0|2|1|1|0|2|0|0|1|4|1|0|1|0|1|1|1|1|1|0|0|0|2|1|0|0|0|1|0|0|0|0|0|0|0|0|0|0|0|0|0|0|0|0|0|0|0|0|0|0|0|0|0|0|0|2|0|0|0|0|0|0|0|0|0|0|0|0|0|0|0|0|0|0|0|0|1|0|0|0|0|0|0|0|0|0|0|0|0|0|0|0|0|0|0|0|0|0|0|0|0|0|0|0|0|0|0|0|0|0|0|0|0|0|0|0|0|0|0|0|0|0|0|1</HistCounts>
      </HistItem>
    </Histograms>
    <Metadata>
      <MDI key="BandName">Band_2</MDI>
      <MDI key="RepresentationType">ATHEMATIC</MDI>
      <MDI key="STATISTICS_COVARIANCES">-8.744522406263369e-06,0.0005966732134556329,0.000372829557705699</MDI>
      <MDI key="STATISTICS_EXCLUDEDVALUES"></MDI>
      <MDI key="STATISTICS_MAXIMUM">0.31174999475479</MDI>
      <MDI key="STATISTICS_MEAN">0.13839839588114</MDI>
      <MDI key="STATISTICS_MEDIAN">0.132275</MDI>
      <MDI key="STATISTICS_MINIMUM">0.078249998390675</MDI>
      <MDI key="STATISTICS_SKIPFACTORX">1</MDI>
      <MDI key="STATISTICS_SKIPFACTORY">1</MDI>
      <MDI key="STATISTICS_STDDEV">0.024426895288915</MDI>
    </Metadata>
  </PAMRasterBand>
  <PAMRasterBand band="3">
    <Description>Band_3</Description>
    <Histograms>
      <HistItem>
        <HistMin>0.1389999985694885</HistMin>
        <HistMax>0.2989999949932098</HistMax>
        <BucketCount>256</BucketCount>
        <IncludeOutOfRange>1</IncludeOutOfRange>
        <Approximate>0</Approximate>
        <HistCounts>1|2|0|0|0|1|0|1|0|0|0|0|1|0|1|1|0|3|6|3|3|11|10|11|11|20|10|9|10|17|9|32|9|27|16|37|22|37|21|29|27|18|24|19|18|30|19|25|22|21|16|11|23|7|19|8|19|24|21|7|18|7|10|19|16|10|11|10|11|6|13|9|11|2|20|7|13|5|12|6|10|4|10|9|8|5|6|5|5|5|2|3|4|0|2|2|6|4|2|3|8|2|2|0|7|0|2|1|4|1|3|0|0|3|0|0|0|2|0|1|3|2|2|5|1|1|0|0|0|1|1|2|1|0|0|1|0|1|0|0|1|0|0|0|0|0|0|0|1|0|0|0|0|0|0|0|0|1|0|0|0|0|0|0|0|0|0|0|0|0|0|1|0|0|0|0|0|0|0|0|0|0|0|0|0|0|0|0|0|0|0|0|0|0|0|0|0|0|0|0|0|0|0|0|0|0|0|0|0|0|0|0|0|0|0|0|0|0|0|0|0|0|0|0|0|0|0|0|0|0|0|0|0|0|0|0|0|0|0|0|0|0|0|0|0|0|0|0|0|0|0|0|0|0|0|1</HistCounts>
      </HistItem>
    </Histograms>
    <Metadata>
      <MDI key="BandName">Band_3</MDI>
      <MDI key="RepresentationType">ATHEMATIC</MDI>
      <MDI key="STATISTICS_COVARIANCES">3.82278751406246e-05,0.000372829557705699,0.0002417415548120361</MDI>
      <MDI key="STATISTICS_EXCLUDEDVALUES"></MDI>
      <MDI key="STATISTICS_MAXIMUM">0.29899999499321</MDI>
      <MDI key="STATISTICS_MEAN">0.17299442930868</MDI>
      <MDI key="STATISTICS_MEDIAN">0.169118</MDI>
      <MDI key="STATISTICS_MINIMUM">0.13899999856949</MDI>
      <MDI key="STATISTICS_SKIPFACTORX">1</MDI>
      <MDI key="STATISTICS_SKIPFACTORY">1</MDI>
      <MDI key="STATISTICS_STDDEV">0.015548040224158</MDI>
    </Metadata>
  </PAMRasterBand>
</PAMDataset>
