<PAMDataset>
  <Metadata>
    <MDI key="DataType">Generic</MDI>
  </Metadata>
  <PAMRasterBand band="1">
    <Description>Band_1</Description>
    <Histograms>
      <HistItem>
        <HistMin>0.6727499961853027</HistMin>
        <HistMax>0.94605553150177</HistMax>
        <BucketCount>256</BucketCount>
        <IncludeOutOfRange>1</IncludeOutOfRange>
        <Approximate>0</Approximate>
        <HistCounts>1|0|0|0|0|0|0|0|0|0|0|0|0|0|0|0|0|0|0|0|1|0|0|0|0|0|0|0|0|0|0|0|0|1|0|0|0|0|0|0|0|0|0|0|0|0|0|0|0|0|0|0|0|0|1|0|0|0|2|0|0|1|0|0|0|0|0|0|0|0|1|0|0|0|2|0|2|1|0|0|1|0|0|0|0|1|0|1|0|0|1|0|0|1|0|0|0|0|0|0|0|0|1|0|0|0|0|0|0|2|0|0|1|0|0|0|0|0|0|0|0|0|1|0|0|0|0|0|0|0|2|2|2|0|0|0|2|2|0|0|0|2|0|0|2|1|0|0|0|0|0|0|0|2|0|1|1|0|2|1|0|0|0|0|4|0|0|0|1|0|4|1|2|0|2|1|4|2|0|2|0|2|3|4|0|2|0|0|0|0|7|4|0|0|5|5|2|3|7|0|0|3|0|7|0|3|5|6|4|2|2|7|4|5|5|9|8|7|5|7|5|4|4|11|8|5|8|12|3|10|18|77|113|128|65|26|4|10|9|4|5|1|8|16|4|10|10|7|7|13|13|10|8|5|3|2</HistCounts>
      </HistItem>
    </Histograms>
    <Metadata>
      <MDI key="BandName">Band_1</MDI>
      <MDI key="RepresentationType">ATHEMATIC</MDI>
      <MDI key="STATISTICS_COVARIANCES">0.001228158755912736,0.001447841307880192,0.001377055330605486</MDI>
      <MDI key="STATISTICS_EXCLUDEDVALUES"></MDI>
      <MDI key="STATISTICS_MAXIMUM">0.94605553150177</MDI>
      <MDI key="STATISTICS_MEAN">0.91078407437911</MDI>
      <MDI key="STATISTICS_MEDIAN">0.921404</MDI>
      <MDI key="STATISTICS_MINIMUM">0.6727499961853</MDI>
      <MDI key="STATISTICS_SKIPFACTORX">1</MDI>
      <MDI key="STATISTICS_SKIPFACTORY">1</MDI>
      <MDI key="STATISTICS_STDDEV">0.035045096032294</MDI>
    </Metadata>
  </PAMRasterBand>
  <PAMRasterBand band="2">
    <Description>Band_2</Description>
    <Histograms>
      <HistItem>
        <HistMin>0.04149999842047691</HistMin>
        <HistMax>0.5787500143051147</HistMax>
        <BucketCount>256</BucketCount>
        <IncludeOutOfRange>1</IncludeOutOfRange>
        <Approximate>0</Approximate>
        <HistCounts>2|11|23|38|55|80|103|70|33|41|39|35|42|26|15|10|12|2|7|8|6|8|5|4|7|0|2|0|0|0|0|2|2|1|0|2|1|0|0|0|0|1|2|2|0|0|0|0|0|0|0|0|0|2|2|0|0|0|0|0|1|0|1|2|1|2|0|0|1|0|0|0|0|0|0|3|0|0|2|0|0|2|4|2|2|1|0|1|2|0|1|2|0|0|0|2|0|0|0|3|2|0|2|2|2|0|0|2|0|0|0|3|0|0|0|0|2|0|0|2|1|0|0|0|0|0|0|0|2|0|1|2|1|0|0|0|2|0|2|0|4|2|1|1|1|0|0|0|1|2|0|0|0|0|2|0|0|0|1|0|2|0|0|2|2|0|1|0|0|2|1|1|2|0|1|1|1|1|0|2|0|0|2|0|2|0|1|1|1|0|1|1|1|1|0|0|1|2|0|3|0|1|0|0|1|3|2|2|0|2|4|2|1|0|1|2|0|0|0|0|2|0|0|0|0|0|0|0|0|1|1|0|1|0|0|0|0|0|0|0|0|2|0|0|0|0|0|0|0|0|0|2|0|0|0|2</HistCounts>
      </HistItem>
    </Histograms>
    <Metadata>
      <MDI key="BandName">Band_2</MDI>
      <MDI key="RepresentationType">ATHEMATIC</MDI>
      <MDI key="STATISTICS_COVARIANCES">0.001447841307880192,0.0147308645810474,0.01336704290345214</MDI>
      <MDI key="STATISTICS_EXCLUDEDVALUES"></MDI>
      <MDI key="STATISTICS_MAXIMUM">0.57875001430511</MDI>
      <MDI key="STATISTICS_MEAN">0.11262249126327</MDI>
      <MDI key="STATISTICS_MEDIAN">0.060462</MDI>
      <MDI key="STATISTICS_MINIMUM">0.041499998420477</MDI>
      <MDI key="STATISTICS_SKIPFACTORX">1</MDI>
      <MDI key="STATISTICS_SKIPFACTORY">1</MDI>
      <MDI key="STATISTICS_STDDEV">0.12137077317479</MDI>
    </Metadata>
  </PAMRasterBand>
  <PAMRasterBand band="3">
    <Description>Band_3</Description>
    <Histograms>
      <HistItem>
        <HistMin>0.08349999785423279</HistMin>
        <HistMax>0.6202499866485596</HistMax>
        <BucketCount>256</BucketCount>
        <IncludeOutOfRange>1</IncludeOutOfRange>
        <Approximate>0</Approximate>
        <HistCounts>3|1|1|1|8|10|16|35|62|92|86|142|57|46|27|14|20|14|9|6|3|10|4|7|6|2|1|1|0|2|0|2|0|2|0|2|2|1|1|0|0|0|0|1|0|0|0|0|0|2|0|2|0|1|2|1|0|0|0|0|2|3|0|0|0|0|5|0|1|0|2|2|0|1|2|0|2|0|1|0|1|2|2|0|2|0|5|0|0|1|0|1|1|0|2|0|1|0|0|0|0|0|2|1|2|2|3|0|2|1|0|1|2|0|1|3|0|1|3|0|2|1|0|0|0|0|0|0|0|2|0|0|0|0|0|0|0|0|1|2|2|0|1|0|0|1|2|0|0|0|1|1|0|0|1|0|0|0|1|3|1|1|6|1|0|1|0|0|1|0|0|0|0|2|0|0|0|0|0|1|0|1|1|2|3|1|4|0|3|1|1|0|0|2|0|1|0|0|3|1|2|2|1|0|0|1|0|0|0|1|0|2|0|0|0|0|0|1|0|0|0|0|3|0|0|0|0|3|0|0|0|0|0|2|0|0|0|0|0|0|0|0|0|0|0|0|0|0|0|0|0|0|0|0|0|2</HistCounts>
      </HistItem>
    </Histograms>
    <Metadata>
      <MDI key="BandName">Band_3</MDI>
      <MDI key="RepresentationType">ATHEMATIC</MDI>
      <MDI key="STATISTICS_COVARIANCES">0.001377055330605486,0.01336704290345214,0.01223112396938717</MDI>
      <MDI key="STATISTICS_EXCLUDEDVALUES"></MDI>
      <MDI key="STATISTICS_MAXIMUM">0.62024998664856</MDI>
      <MDI key="STATISTICS_MEAN">0.15499439191649</MDI>
      <MDI key="STATISTICS_MEDIAN">0.106654</MDI>
      <MDI key="STATISTICS_MINIMUM">0.083499997854233</MDI>
      <MDI key="STATISTICS_SKIPFACTORX">1</MDI>
      <MDI key="STATISTICS_SKIPFACTORY">1</MDI>
      <MDI key="STATISTICS_STDDEV">0.11059441201701</MDI>
    </Metadata>
  </PAMRasterBand>
</PAMDataset>
