<PAMDataset>
  <Metadata>
    <MDI key="DataType">Generic</MDI>
  </Metadata>
  <PAMRasterBand band="1">
    <Description>Band_1</Description>
    <Histograms>
      <HistItem>
        <HistMin>0.8040000200271606</HistMin>
        <HistMax>0.9459999799728394</HistMax>
        <BucketCount>256</BucketCount>
        <IncludeOutOfRange>1</IncludeOutOfRange>
        <Approximate>0</Approximate>
        <HistCounts>1|0|0|0|0|0|0|0|0|0|0|0|0|0|0|0|0|0|0|0|0|1|0|0|0|0|0|0|0|0|0|0|0|0|0|0|1|0|0|0|0|0|0|0|0|0|0|1|0|0|0|0|0|0|0|0|0|0|1|0|0|0|0|0|0|0|0|0|1|0|0|0|0|0|0|1|0|0|0|0|0|0|0|0|1|0|0|0|0|0|0|1|2|0|0|0|0|0|0|1|0|0|0|0|1|0|0|0|0|2|0|0|0|0|0|1|0|0|0|0|1|0|1|0|0|0|0|1|0|0|0|0|0|0|0|3|1|3|0|1|2|0|1|0|1|1|0|1|1|2|2|4|0|1|1|2|0|0|0|7|2|1|0|2|2|0|2|3|4|1|0|0|5|4|2|2|1|3|4|0|2|3|3|2|2|3|4|5|3|1|1|0|5|2|4|1|1|4|3|7|2|2|6|2|0|4|3|4|25|54|61|55|52|63|50|45|50|41|47|38|32|42|39|44|50|30|22|22|11|7|5|10|8|8|4|9|11|4|15|4|1|0|0|1|5|1|2|1|2|0|0|0|0|0|0|1</HistCounts>
      </HistItem>
    </Histograms>
    <Metadata>
      <MDI key="BandName">Band_1</MDI>
      <MDI key="RepresentationType">ATHEMATIC</MDI>
      <MDI key="STATISTICS_COVARIANCES">0.0001857904740904838,-1.712388376915114e-05,1.842879909756383e-05</MDI>
      <MDI key="STATISTICS_EXCLUDEDVALUES"></MDI>
      <MDI key="STATISTICS_MAXIMUM">0.94599997997284</MDI>
      <MDI key="STATISTICS_MEAN">0.92176962932229</MDI>
      <MDI key="STATISTICS_MEDIAN">0.923725</MDI>
      <MDI key="STATISTICS_MINIMUM">0.80400002002716</MDI>
      <MDI key="STATISTICS_SKIPFACTORX">1</MDI>
      <MDI key="STATISTICS_SKIPFACTORY">1</MDI>
      <MDI key="STATISTICS_STDDEV">0.013630497939932</MDI>
    </Metadata>
  </PAMRasterBand>
  <PAMRasterBand band="2">
    <Description>Band_2</Description>
    <Histograms>
      <HistItem>
        <HistMin>0.03725000098347664</HistMin>
        <HistMax>0.2542499899864197</HistMax>
        <BucketCount>256</BucketCount>
        <IncludeOutOfRange>1</IncludeOutOfRange>
        <Approximate>0</Approximate>
        <HistCounts>4|2|1|5|14|8|14|25|23|23|40|40|40|38|50|47|34|62|40|69|35|39|46|36|30|27|31|27|21|33|27|10|25|15|19|15|14|14|11|7|8|6|7|6|7|1|3|1|2|1|0|0|0|0|0|1|0|1|3|0|1|2|2|0|3|0|0|0|0|0|0|1|0|0|0|0|2|0|0|1|1|2|0|0|0|0|1|0|0|0|1|0|0|0|0|0|0|0|0|0|1|0|0|0|1|0|0|0|0|0|0|1|0|0|0|0|0|0|0|0|0|2|0|0|0|0|0|0|0|0|0|0|0|0|0|0|0|0|0|0|0|0|2|0|1|0|0|0|0|1|0|0|0|1|0|0|0|0|0|0|1|0|0|0|0|0|0|0|0|0|0|0|0|0|0|0|0|0|0|0|2|0|0|0|0|0|0|0|0|0|0|0|0|0|0|0|0|0|0|0|0|0|0|0|0|0|0|0|0|0|0|0|0|0|0|0|2|0|0|0|0|0|0|0|0|0|1|0|0|0|0|0|0|0|0|0|0|0|0|0|0|0|0|0|0|0|0|0|0|0|0|0|0|0|0|1</HistCounts>
      </HistItem>
    </Histograms>
    <Metadata>
      <MDI key="BandName">Band_2</MDI>
      <MDI key="RepresentationType">ATHEMATIC</MDI>
      <MDI key="STATISTICS_COVARIANCES">-1.712388376915114e-05,0.0003210842087592829,0.0002849618755963134</MDI>
      <MDI key="STATISTICS_EXCLUDEDVALUES"></MDI>
      <MDI key="STATISTICS_MAXIMUM">0.25424998998642</MDI>
      <MDI key="STATISTICS_MEAN">0.057635726684447</MDI>
      <MDI key="STATISTICS_MEDIAN">0.053419</MDI>
      <MDI key="STATISTICS_MINIMUM">0.037250000983477</MDI>
      <MDI key="STATISTICS_SKIPFACTORX">1</MDI>
      <MDI key="STATISTICS_SKIPFACTORY">1</MDI>
      <MDI key="STATISTICS_STDDEV">0.017918822750373</MDI>
    </Metadata>
  </PAMRasterBand>
  <PAMRasterBand band="3">
    <Description>Band_3</Description>
    <Histograms>
      <HistItem>
        <HistMin>0.07900000363588333</HistMin>
        <HistMax>0.2829999923706055</HistMax>
        <BucketCount>256</BucketCount>
        <IncludeOutOfRange>1</IncludeOutOfRange>
        <Approximate>0</Approximate>
        <HistCounts>1|0|1|0|1|8|9|10|12|14|46|22|26|38|45|68|52|48|52|40|56|38|45|44|37|27|28|33|26|18|23|15|13|22|18|23|25|11|8|6|17|8|5|7|3|19|2|3|3|2|6|2|0|2|2|3|0|1|1|4|1|1|1|1|2|2|1|3|0|2|2|0|0|3|0|0|0|0|2|0|0|0|0|0|3|1|0|0|0|0|1|0|0|0|0|1|0|0|0|0|0|0|0|0|0|0|1|0|1|0|1|0|1|2|0|0|0|0|0|1|0|0|0|0|0|0|0|0|0|0|0|0|0|0|0|0|0|0|0|0|0|0|0|0|1|0|0|0|0|0|0|0|0|0|0|0|0|0|0|0|0|1|0|0|0|0|0|0|0|0|0|0|0|0|0|0|0|0|0|0|1|0|0|0|0|0|2|0|0|0|0|0|0|0|0|0|0|0|0|0|0|0|0|2|0|0|0|0|0|0|0|0|0|0|0|0|0|0|0|0|0|0|0|0|0|0|0|0|0|0|0|0|0|0|0|0|0|0|0|0|0|1|0|0|0|0|0|0|0|0|0|0|0|0|0|1</HistCounts>
      </HistItem>
    </Histograms>
    <Metadata>
      <MDI key="BandName">Band_3</MDI>
      <MDI key="RepresentationType">ATHEMATIC</MDI>
      <MDI key="STATISTICS_COVARIANCES">1.842879909756383e-05,0.0002849618755963134,0.0002863129104620453</MDI>
      <MDI key="STATISTICS_EXCLUDEDVALUES"></MDI>
      <MDI key="STATISTICS_MAXIMUM">0.28299999237061</MDI>
      <MDI key="STATISTICS_MEAN">0.099971760129605</MDI>
      <MDI key="STATISTICS_MEDIAN">0.095800</MDI>
      <MDI key="STATISTICS_MINIMUM">0.079000003635883</MDI>
      <MDI key="STATISTICS_SKIPFACTORX">1</MDI>
      <MDI key="STATISTICS_SKIPFACTORY">1</MDI>
      <MDI key="STATISTICS_STDDEV">0.016920783387954</MDI>
    </Metadata>
  </PAMRasterBand>
</PAMDataset>
