<PAMDataset>
  <Metadata>
    <MDI key="DataType">Generic</MDI>
  </Metadata>
  <PAMRasterBand band="1">
    <Description>Band_1</Description>
    <Histograms>
      <HistItem>
        <HistMin>0.715749979019165</HistMin>
        <HistMax>0.9309074282646179</HistMax>
        <BucketCount>256</BucketCount>
        <IncludeOutOfRange>1</IncludeOutOfRange>
        <Approximate>0</Approximate>
        <HistCounts>4|0|0|0|0|0|0|0|0|0|0|0|0|0|0|0|1|0|0|0|0|0|2|0|0|0|0|0|0|0|0|0|0|0|0|0|0|0|0|0|0|0|0|0|0|0|0|0|0|0|0|0|0|0|0|0|0|0|3|0|0|0|0|0|0|0|0|0|0|0|0|2|0|0|0|0|0|2|0|0|0|0|0|0|0|0|0|1|0|1|0|0|0|0|1|0|1|0|0|0|0|0|0|0|0|0|0|2|0|0|0|0|1|0|0|0|0|0|0|0|3|0|1|0|0|0|0|1|1|0|1|0|0|2|0|0|1|0|1|0|0|1|1|0|0|1|1|0|3|0|0|2|0|0|2|0|0|1|0|1|0|0|0|0|0|1|0|0|2|1|0|0|2|1|2|0|0|2|1|0|0|1|0|2|0|1|0|0|1|0|0|1|0|0|2|0|1|1|0|0|2|0|2|0|0|2|2|2|1|0|0|2|1|0|1|0|0|1|1|0|0|2|1|1|1|0|2|1|2|0|0|2|1|0|0|1|1|4|4|2|0|1|29|63|96|136|165|144|137|143|94|62|26|18|3|1</HistCounts>
      </HistItem>
    </Histograms>
    <Metadata>
      <MDI key="BandName">Band_1</MDI>
      <MDI key="RepresentationType">ATHEMATIC</MDI>
      <MDI key="STATISTICS_COVARIANCES">0.0006609325536650688,-0.0005424698332428069,-0.000364925852257382</MDI>
      <MDI key="STATISTICS_EXCLUDEDVALUES"></MDI>
      <MDI key="STATISTICS_MAXIMUM">0.93090742826462</MDI>
      <MDI key="STATISTICS_MEAN">0.91839924330816</MDI>
      <MDI key="STATISTICS_MEDIAN">0.924157</MDI>
      <MDI key="STATISTICS_MINIMUM">0.71574997901917</MDI>
      <MDI key="STATISTICS_SKIPFACTORX">1</MDI>
      <MDI key="STATISTICS_SKIPFACTORY">1</MDI>
      <MDI key="STATISTICS_STDDEV">0.02570860855171</MDI>
    </Metadata>
  </PAMRasterBand>
  <PAMRasterBand band="2">
    <Description>Band_2</Description>
    <Histograms>
      <HistItem>
        <HistMin>0.06400000303983688</HistMin>
        <HistMax>0.5895000100135803</HistMax>
        <BucketCount>256</BucketCount>
        <IncludeOutOfRange>1</IncludeOutOfRange>
        <Approximate>0</Approximate>
        <HistCounts>43|76|173|277|228|99|53|32|36|31|26|22|15|21|6|3|2|1|5|1|3|6|3|2|5|0|1|0|8|3|1|2|1|0|2|0|0|0|1|1|2|0|1|0|0|0|0|1|0|0|0|1|0|3|2|0|0|2|0|0|0|2|1|0|0|1|1|0|1|0|0|0|0|2|0|0|0|0|1|0|0|1|0|0|0|0|2|0|0|0|0|0|0|2|1|0|0|0|0|1|0|0|3|0|0|0|0|0|0|0|0|0|0|0|0|0|0|0|0|0|0|0|0|0|0|0|0|0|0|0|0|0|0|0|0|0|0|0|0|0|0|0|0|0|0|0|0|2|0|0|0|0|0|0|0|0|0|0|0|0|0|0|0|0|0|0|0|0|0|0|0|0|0|0|0|0|0|0|0|0|0|0|0|2|0|0|0|0|0|0|0|0|0|0|0|0|0|0|0|0|0|0|0|1|0|0|0|0|0|0|0|0|0|0|0|0|0|0|0|0|0|0|0|0|0|0|0|0|0|0|0|0|0|0|0|0|0|1|0|0|0|0|0|0|0|0|0|0|0|0|0|0|0|0|0|1</HistCounts>
      </HistItem>
    </Histograms>
    <Metadata>
      <MDI key="BandName">Band_2</MDI>
      <MDI key="RepresentationType">ATHEMATIC</MDI>
      <MDI key="STATISTICS_COVARIANCES">-0.0005424698332428069,0.001454565247188372,0.001089660349501257</MDI>
      <MDI key="STATISTICS_EXCLUDEDVALUES"></MDI>
      <MDI key="STATISTICS_MAXIMUM">0.58950001001358</MDI>
      <MDI key="STATISTICS_MEAN">0.08103280360245</MDI>
      <MDI key="STATISTICS_MEDIAN">0.072243</MDI>
      <MDI key="STATISTICS_MINIMUM">0.064000003039837</MDI>
      <MDI key="STATISTICS_SKIPFACTORX">1</MDI>
      <MDI key="STATISTICS_SKIPFACTORY">1</MDI>
      <MDI key="STATISTICS_STDDEV">0.038138763052679</MDI>
    </Metadata>
  </PAMRasterBand>
  <PAMRasterBand band="3">
    <Description>Band_3</Description>
    <Histograms>
      <HistItem>
        <HistMin>0.1185000017285347</HistMin>
        <HistMax>0.5375000238418579</HistMax>
        <BucketCount>256</BucketCount>
        <IncludeOutOfRange>1</IncludeOutOfRange>
        <Approximate>0</Approximate>
        <HistCounts>3|10|31|70|136|252|224|145|76|28|36|38|37|31|15|15|1|9|2|7|0|2|3|5|4|0|3|3|0|1|0|1|1|0|1|2|0|0|0|1|0|0|1|1|0|1|1|2|0|1|0|0|2|1|0|0|2|0|0|1|0|0|0|0|0|0|2|0|0|1|0|0|0|1|1|0|0|2|0|0|0|0|0|0|0|0|0|0|0|1|2|1|1|0|2|0|0|0|0|0|0|0|0|0|0|0|0|0|0|0|0|0|0|0|0|0|0|0|0|0|0|0|0|0|0|0|0|0|0|0|0|0|0|2|0|0|0|0|0|0|0|0|0|0|0|0|0|0|0|0|0|0|0|0|0|0|0|0|0|0|0|0|0|0|0|0|0|0|0|0|0|0|0|0|0|0|0|0|0|0|0|0|0|0|0|0|0|0|0|0|0|0|0|0|0|2|0|0|0|0|0|0|1|0|0|0|0|0|0|0|0|0|0|0|0|0|0|0|0|0|0|0|0|0|0|0|0|0|0|0|0|0|0|0|0|0|0|0|0|0|0|0|0|0|0|1|0|0|0|0|0|0|0|0|0|1</HistCounts>
      </HistItem>
    </Histograms>
    <Metadata>
      <MDI key="BandName">Band_3</MDI>
      <MDI key="RepresentationType">ATHEMATIC</MDI>
      <MDI key="STATISTICS_COVARIANCES">-0.000364925852257382,0.001089660349501257,0.0008306479017118459</MDI>
      <MDI key="STATISTICS_EXCLUDEDVALUES"></MDI>
      <MDI key="STATISTICS_MAXIMUM">0.53750002384186</MDI>
      <MDI key="STATISTICS_MEAN">0.13482885116737</MDI>
      <MDI key="STATISTICS_MEDIAN">0.128359</MDI>
      <MDI key="STATISTICS_MINIMUM">0.11850000172853</MDI>
      <MDI key="STATISTICS_SKIPFACTORX">1</MDI>
      <MDI key="STATISTICS_SKIPFACTORY">1</MDI>
      <MDI key="STATISTICS_STDDEV">0.028820962886619</MDI>
    </Metadata>
  </PAMRasterBand>
</PAMDataset>
