<PAMDataset>
  <Metadata>
    <MDI key="DataType">Generic</MDI>
  </Metadata>
  <PAMRasterBand band="1">
    <Description>Band_1</Description>
    <Histograms>
      <HistItem>
        <HistMin>0.4552499949932098</HistMin>
        <HistMax>0.9405555725097656</HistMax>
        <BucketCount>256</BucketCount>
        <IncludeOutOfRange>1</IncludeOutOfRange>
        <Approximate>0</Approximate>
        <HistCounts>1|0|0|0|0|0|0|0|1|0|0|0|0|0|0|0|0|2|0|0|0|0|0|0|1|0|0|0|0|0|0|0|0|0|0|0|0|0|0|0|0|0|0|1|0|0|0|1|1|0|0|0|0|0|0|0|0|0|0|0|0|0|0|0|0|0|0|0|1|0|0|0|0|0|0|0|0|0|0|1|0|0|0|0|2|0|0|0|0|0|0|0|0|0|0|0|0|0|1|0|0|0|0|0|0|0|0|0|0|0|1|0|0|0|1|0|0|0|0|1|1|2|0|0|0|0|1|1|0|0|0|0|0|0|0|0|0|0|1|2|0|0|2|0|1|3|1|0|0|0|0|0|0|0|0|1|1|2|0|1|0|0|2|6|1|0|2|0|1|0|0|2|2|1|1|1|0|2|0|0|2|1|4|2|1|1|2|1|0|2|1|3|3|1|0|6|2|4|2|0|3|0|0|1|2|5|1|1|1|0|3|1|6|0|3|6|1|3|0|3|0|6|6|10|7|11|6|4|8|5|6|6|6|11|10|2|10|11|9|6|2|5|8|10|131|191|190|155|68|65|20|13|0|6|4|2</HistCounts>
      </HistItem>
    </Histograms>
    <Metadata>
      <MDI key="BandName">Band_1</MDI>
      <MDI key="RepresentationType">ATHEMATIC</MDI>
      <MDI key="STATISTICS_COVARIANCES">0.003204086468354548,-0.001081683777818037,-0.0006594607423896349</MDI>
      <MDI key="STATISTICS_EXCLUDEDVALUES"></MDI>
      <MDI key="STATISTICS_MAXIMUM">0.94055557250977</MDI>
      <MDI key="STATISTICS_MEAN">0.90395509475704</MDI>
      <MDI key="STATISTICS_MEDIAN">0.921524</MDI>
      <MDI key="STATISTICS_MINIMUM">0.45524999499321</MDI>
      <MDI key="STATISTICS_SKIPFACTORX">1</MDI>
      <MDI key="STATISTICS_SKIPFACTORY">1</MDI>
      <MDI key="STATISTICS_STDDEV">0.056604650589457</MDI>
    </Metadata>
  </PAMRasterBand>
  <PAMRasterBand band="2">
    <Description>Band_2</Description>
    <Histograms>
      <HistItem>
        <HistMin>0.02400000020861626</HistMin>
        <HistMax>0.3459999859333038</HistMax>
        <BucketCount>256</BucketCount>
        <IncludeOutOfRange>1</IncludeOutOfRange>
        <Approximate>0</Approximate>
        <HistCounts>4|0|6|0|1|5|5|13|17|16|19|11|12|11|21|25|19|13|13|28|24|19|26|18|19|25|13|17|20|8|23|22|9|20|12|22|20|16|24|15|17|20|21|23|9|18|12|6|10|17|21|12|8|9|13|12|10|6|5|7|8|12|9|5|13|6|5|6|3|8|4|5|5|1|8|11|4|4|5|3|0|5|5|3|6|3|5|6|1|1|5|2|1|2|3|2|4|3|9|4|1|2|5|2|7|3|1|2|2|0|2|3|0|0|1|1|2|0|1|1|1|2|0|4|0|0|1|4|0|3|2|1|0|1|1|2|5|1|0|1|1|2|3|2|0|0|0|0|2|0|0|1|0|1|1|0|0|0|0|2|0|0|0|0|1|0|1|0|0|0|0|0|0|0|0|0|0|0|0|0|0|0|0|0|0|0|0|0|0|0|0|0|0|0|0|0|0|0|0|0|0|0|0|0|0|0|0|0|0|0|0|0|0|0|0|0|0|0|0|0|0|0|0|0|0|0|0|0|0|0|0|0|0|0|0|0|0|0|0|0|0|0|0|0|0|0|0|0|0|0|0|0|0|0|0|1</HistCounts>
      </HistItem>
    </Histograms>
    <Metadata>
      <MDI key="BandName">Band_2</MDI>
      <MDI key="RepresentationType">ATHEMATIC</MDI>
      <MDI key="STATISTICS_COVARIANCES">-0.001081683777818037,0.001624018533054263,0.001103468663952524</MDI>
      <MDI key="STATISTICS_EXCLUDEDVALUES"></MDI>
      <MDI key="STATISTICS_MAXIMUM">0.3459999859333</MDI>
      <MDI key="STATISTICS_MEAN">0.081188864522821</MDI>
      <MDI key="STATISTICS_MEDIAN">0.070722</MDI>
      <MDI key="STATISTICS_MINIMUM">0.024000000208616</MDI>
      <MDI key="STATISTICS_SKIPFACTORX">1</MDI>
      <MDI key="STATISTICS_SKIPFACTORY">1</MDI>
      <MDI key="STATISTICS_STDDEV">0.040299113303574</MDI>
    </Metadata>
  </PAMRasterBand>
  <PAMRasterBand band="3">
    <Description>Band_3</Description>
    <Histograms>
      <HistItem>
        <HistMin>0.07175000011920929</HistMin>
        <HistMax>0.3107500076293945</HistMax>
        <BucketCount>256</BucketCount>
        <IncludeOutOfRange>1</IncludeOutOfRange>
        <Approximate>0</Approximate>
        <HistCounts>2|0|0|0|4|2|4|0|4|12|11|16|20|29|40|25|30|36|29|31|22|23|24|12|22|26|16|12|15|16|23|14|18|23|20|24|17|27|28|11|11|25|14|10|14|22|11|9|12|11|11|4|14|6|20|9|7|9|6|8|10|4|9|3|4|4|6|4|7|4|8|2|6|3|4|4|4|0|5|4|4|2|5|2|3|0|4|1|5|4|4|2|3|10|2|4|3|3|3|1|2|2|3|0|1|3|1|0|3|0|1|0|2|0|1|0|0|3|2|1|0|3|4|0|0|1|4|4|3|1|4|0|2|2|1|1|2|2|1|0|0|0|0|0|0|0|0|1|0|1|0|0|1|0|0|0|0|0|0|0|0|0|0|0|0|0|0|0|0|0|0|0|0|0|0|0|0|0|0|0|0|0|0|0|0|0|0|0|0|0|0|0|0|0|0|0|0|0|0|0|0|0|0|0|0|0|0|0|0|0|0|0|0|0|0|0|0|0|0|0|0|0|0|0|0|0|0|0|0|0|0|0|0|0|0|0|0|0|0|0|0|0|0|0|0|0|0|0|0|0|0|0|0|0|0|1</HistCounts>
      </HistItem>
    </Histograms>
    <Metadata>
      <MDI key="BandName">Band_3</MDI>
      <MDI key="RepresentationType">ATHEMATIC</MDI>
      <MDI key="STATISTICS_COVARIANCES">-0.0006594607423896349,0.001103468663952524,0.0007631610235421609</MDI>
      <MDI key="STATISTICS_EXCLUDEDVALUES"></MDI>
      <MDI key="STATISTICS_MAXIMUM">0.31075000762939</MDI>
      <MDI key="STATISTICS_MEAN">0.11094148483079</MDI>
      <MDI key="STATISTICS_MEDIAN">0.103617</MDI>
      <MDI key="STATISTICS_MINIMUM">0.071750000119209</MDI>
      <MDI key="STATISTICS_SKIPFACTORX">1</MDI>
      <MDI key="STATISTICS_SKIPFACTORY">1</MDI>
      <MDI key="STATISTICS_STDDEV">0.027625369201916</MDI>
    </Metadata>
  </PAMRasterBand>
</PAMDataset>
