<PAMDataset>
  <Metadata>
    <MDI key="DataType">Generic</MDI>
  </Metadata>
  <PAMRasterBand band="1">
    <Description>Band_1</Description>
    <Histograms>
      <HistItem>
        <HistMin>0.2705000042915344</HistMin>
        <HistMax>0.9296666383743286</HistMax>
        <BucketCount>256</BucketCount>
        <IncludeOutOfRange>1</IncludeOutOfRange>
        <Approximate>0</Approximate>
        <HistCounts>1|0|0|0|0|0|0|0|0|0|0|0|0|0|0|0|0|0|0|0|0|0|0|1|0|0|0|0|0|0|0|0|2|2|0|0|0|0|2|0|2|0|2|0|0|0|2|0|0|3|0|0|4|4|4|6|2|2|0|3|0|3|0|0|0|0|0|2|3|0|1|0|3|2|0|1|2|3|4|2|6|7|8|5|3|6|7|4|4|1|1|1|2|0|1|2|1|1|3|1|1|0|0|0|1|0|4|1|2|1|0|0|2|0|1|0|3|1|2|1|0|2|2|0|0|0|1|0|0|0|1|0|0|0|0|1|0|0|1|0|0|0|1|0|0|0|1|3|0|0|2|0|0|1|0|0|1|0|0|2|0|2|0|2|2|0|4|3|3|2|0|4|8|4|4|3|2|4|2|4|1|5|1|1|3|0|1|2|4|0|1|0|3|4|3|8|13|15|7|25|25|26|37|36|29|32|34|36|57|40|45|47|52|59|55|48|60|46|46|41|40|38|36|50|32|32|29|28|44|22|34|11|21|29|25|28|28|26|21|13|26|29|24|12|25|20|16|23|25|13|19|157|94|23|8|1</HistCounts>
      </HistItem>
    </Histograms>
    <Metadata>
      <MDI key="BandName">Band_1</MDI>
      <MDI key="RepresentationType">ATHEMATIC</MDI>
      <MDI key="STATISTICS_COVARIANCES">0.01171870578178865,-0.002608876190922585,-0.001118785650615177</MDI>
      <MDI key="STATISTICS_EXCLUDEDVALUES"></MDI>
      <MDI key="STATISTICS_MAXIMUM">0.92966663837433</MDI>
      <MDI key="STATISTICS_MEAN">0.82120552369399</MDI>
      <MDI key="STATISTICS_MEDIAN">0.836608</MDI>
      <MDI key="STATISTICS_MINIMUM">0.27050000429153</MDI>
      <MDI key="STATISTICS_SKIPFACTORX">1</MDI>
      <MDI key="STATISTICS_SKIPFACTORY">1</MDI>
      <MDI key="STATISTICS_STDDEV">0.10825297123769</MDI>
    </Metadata>
  </PAMRasterBand>
  <PAMRasterBand band="2">
    <Description>Band_2</Description>
    <Histograms>
      <HistItem>
        <HistMin>0.08025000244379044</HistMin>
        <HistMax>0.3757500052452087</HistMax>
        <BucketCount>256</BucketCount>
        <IncludeOutOfRange>1</IncludeOutOfRange>
        <Approximate>0</Approximate>
        <HistCounts>10|18|23|25|37|38|61|46|48|83|49|57|56|50|50|54|29|36|46|43|44|27|32|36|16|33|34|31|12|28|20|25|22|31|31|13|38|25|19|42|34|26|28|26|35|24|21|23|27|24|14|24|22|29|23|23|15|7|9|13|6|12|14|11|16|3|4|7|11|6|7|7|15|6|0|3|4|2|6|5|2|3|4|5|3|6|9|7|4|3|5|5|2|5|0|4|4|6|5|4|3|5|3|3|1|9|6|6|7|5|1|6|3|3|2|3|3|1|4|3|0|0|2|3|4|3|2|0|2|2|3|6|1|0|2|0|0|2|0|4|0|3|3|2|2|0|3|0|0|2|0|0|0|1|2|2|0|1|1|0|0|1|2|1|1|0|0|0|0|0|3|4|1|0|1|1|1|2|0|2|0|1|2|2|1|1|2|0|2|4|0|0|0|0|0|0|0|0|0|1|0|0|1|0|0|0|0|0|0|0|0|0|0|0|0|0|0|0|2|0|0|0|0|0|0|0|0|1|0|0|0|0|0|0|1|0|0|0|0|0|0|0|1|0|0|0|0|0|0|0|0|0|0|0|0|1</HistCounts>
      </HistItem>
    </Histograms>
    <Metadata>
      <MDI key="BandName">Band_2</MDI>
      <MDI key="RepresentationType">ATHEMATIC</MDI>
      <MDI key="STATISTICS_COVARIANCES">-0.002608876190922585,0.001813526420141059,0.001086981428780636</MDI>
      <MDI key="STATISTICS_EXCLUDEDVALUES"></MDI>
      <MDI key="STATISTICS_MAXIMUM">0.37575000524521</MDI>
      <MDI key="STATISTICS_MEAN">0.12593084881729</MDI>
      <MDI key="STATISTICS_MEDIAN">0.113856</MDI>
      <MDI key="STATISTICS_MINIMUM">0.08025000244379</MDI>
      <MDI key="STATISTICS_SKIPFACTORX">1</MDI>
      <MDI key="STATISTICS_SKIPFACTORY">1</MDI>
      <MDI key="STATISTICS_STDDEV">0.042585518901865</MDI>
    </Metadata>
  </PAMRasterBand>
  <PAMRasterBand band="3">
    <Description>Band_3</Description>
    <Histograms>
      <HistItem>
        <HistMin>0.1257500052452087</HistMin>
        <HistMax>0.3227500021457672</HistMax>
        <BucketCount>256</BucketCount>
        <IncludeOutOfRange>1</IncludeOutOfRange>
        <Approximate>0</Approximate>
        <HistCounts>2|6|16|8|17|25|25|30|35|28|39|50|56|48|39|52|46|37|29|29|32|24|58|39|22|32|27|23|32|28|34|36|30|32|25|30|19|19|21|19|7|25|19|15|19|12|27|12|27|27|28|27|25|26|20|29|32|27|25|21|19|16|23|21|27|14|33|8|12|11|22|14|16|13|8|8|7|18|9|16|14|11|6|7|7|4|10|5|16|7|5|13|4|10|7|4|8|15|5|8|3|4|6|6|3|1|4|3|5|4|6|10|2|4|0|6|0|5|0|2|3|4|0|0|0|1|1|2|2|1|2|0|4|1|0|1|0|0|0|1|0|0|3|3|1|1|0|3|1|0|2|0|1|0|1|3|1|3|0|2|0|1|1|1|1|0|2|1|2|0|0|1|0|0|0|0|0|0|0|1|0|0|0|1|1|0|0|0|0|0|0|0|0|0|0|0|0|0|0|1|0|1|0|0|0|0|0|0|0|0|0|0|0|0|0|0|0|0|0|0|0|1|0|0|0|0|0|1|0|0|1|0|0|0|0|0|0|0|0|0|1|0|0|1|0|0|0|0|0|0|0|0|0|1|0|1</HistCounts>
      </HistItem>
    </Histograms>
    <Metadata>
      <MDI key="BandName">Band_3</MDI>
      <MDI key="RepresentationType">ATHEMATIC</MDI>
      <MDI key="STATISTICS_COVARIANCES">-0.001118785650615177,0.001086981428780636,0.0006988442608984348</MDI>
      <MDI key="STATISTICS_EXCLUDEDVALUES"></MDI>
      <MDI key="STATISTICS_MAXIMUM">0.32275000214577</MDI>
      <MDI key="STATISTICS_MEAN">0.16071767812118</MDI>
      <MDI key="STATISTICS_MEDIAN">0.153562</MDI>
      <MDI key="STATISTICS_MINIMUM">0.12575000524521</MDI>
      <MDI key="STATISTICS_SKIPFACTORX">1</MDI>
      <MDI key="STATISTICS_SKIPFACTORY">1</MDI>
      <MDI key="STATISTICS_STDDEV">0.026435662671823</MDI>
    </Metadata>
  </PAMRasterBand>
</PAMDataset>
