<PAMDataset>
  <Metadata>
    <MDI key="DataType">Generic</MDI>
  </Metadata>
  <PAMRasterBand band="1">
    <Description>Band_1</Description>
    <Histograms>
      <HistItem>
        <HistMin>0.7160000205039978</HistMin>
        <HistMax>0.9306111335754395</HistMax>
        <BucketCount>256</BucketCount>
        <IncludeOutOfRange>1</IncludeOutOfRange>
        <Approximate>0</Approximate>
        <HistCounts>2|0|0|0|0|1|0|0|1|2|0|0|0|0|0|0|0|0|0|0|1|0|2|0|0|0|1|1|0|0|0|0|0|1|0|0|0|0|0|0|0|0|2|0|0|0|0|0|1|0|0|0|0|5|2|1|0|0|0|0|0|1|0|0|0|1|1|3|2|5|2|4|5|2|3|0|2|2|4|0|0|4|3|1|0|3|4|8|6|2|1|2|3|4|0|4|3|7|2|1|3|0|2|8|3|3|6|3|2|5|2|2|1|0|5|4|0|6|1|2|2|0|3|7|7|4|2|5|5|0|6|7|4|7|4|5|4|6|5|2|2|2|4|0|9|10|4|11|0|2|9|4|2|5|10|4|1|8|3|4|9|6|5|8|3|4|1|7|2|5|4|8|7|5|7|0|2|2|2|3|10|2|2|4|2|7|3|4|7|4|6|4|4|2|3|3|0|3|6|11|4|1|1|5|5|5|8|3|4|1|11|4|4|6|2|6|6|2|4|5|4|3|4|5|1|8|5|5|7|5|3|10|5|1|5|2|0|6|7|2|2|0|29|50|40|28|29|26|19|26|7|9|6|2|3|2</HistCounts>
      </HistItem>
    </Histograms>
    <Metadata>
      <MDI key="BandName">Band_1</MDI>
      <MDI key="RepresentationType">ATHEMATIC</MDI>
      <MDI key="STATISTICS_COVARIANCES">0.002549928807567258,0.0002389502935882869,0.000326566084954363</MDI>
      <MDI key="STATISTICS_EXCLUDEDVALUES"></MDI>
      <MDI key="STATISTICS_MAXIMUM">0.93061113357544</MDI>
      <MDI key="STATISTICS_MEAN">0.86887837957005</MDI>
      <MDI key="STATISTICS_MEDIAN">0.875906</MDI>
      <MDI key="STATISTICS_MINIMUM">0.716000020504</MDI>
      <MDI key="STATISTICS_SKIPFACTORX">1</MDI>
      <MDI key="STATISTICS_SKIPFACTORY">1</MDI>
      <MDI key="STATISTICS_STDDEV">0.050496819776767</MDI>
    </Metadata>
  </PAMRasterBand>
  <PAMRasterBand band="2">
    <Description>Band_2</Description>
    <Histograms>
      <HistItem>
        <HistMin>0.08425000309944153</HistMin>
        <HistMax>0.4832499921321869</HistMax>
        <BucketCount>256</BucketCount>
        <IncludeOutOfRange>1</IncludeOutOfRange>
        <Approximate>0</Approximate>
        <HistCounts>1|0|0|0|0|0|0|4|1|0|1|0|0|0|0|1|1|0|1|2|1|2|0|6|2|2|8|6|8|4|4|11|8|8|10|12|11|9|5|12|10|13|11|7|16|14|9|11|21|13|12|9|16|10|13|13|21|11|13|15|16|10|18|9|15|25|12|9|11|21|12|18|14|22|26|19|9|24|18|19|15|16|16|6|12|7|11|8|8|18|7|7|3|7|6|2|4|3|2|5|1|4|1|5|3|5|0|1|1|0|2|0|2|0|7|1|0|0|0|0|10|0|1|0|0|2|2|0|0|2|3|0|1|1|0|0|0|0|1|0|0|0|0|2|0|1|0|0|0|0|0|2|2|2|0|2|0|0|2|0|2|0|0|0|1|0|1|2|0|0|4|1|0|0|0|0|0|0|0|0|2|0|1|0|1|1|0|0|0|0|0|1|0|0|0|0|0|1|0|0|0|2|0|2|0|0|0|0|0|0|1|0|0|0|0|0|0|0|0|0|1|0|2|0|0|0|0|0|0|0|0|0|0|0|0|0|0|0|0|0|0|0|0|0|0|0|0|0|0|0|0|0|0|0|0|1</HistCounts>
      </HistItem>
    </Histograms>
    <Metadata>
      <MDI key="BandName">Band_2</MDI>
      <MDI key="RepresentationType">ATHEMATIC</MDI>
      <MDI key="STATISTICS_COVARIANCES">0.0002389502935882869,0.002475170292295116,0.001598983668145663</MDI>
      <MDI key="STATISTICS_EXCLUDEDVALUES"></MDI>
      <MDI key="STATISTICS_MAXIMUM">0.48324999213219</MDI>
      <MDI key="STATISTICS_MEAN">0.19259644686268</MDI>
      <MDI key="STATISTICS_MEDIAN">0.185956</MDI>
      <MDI key="STATISTICS_MINIMUM">0.084250003099442</MDI>
      <MDI key="STATISTICS_SKIPFACTORX">1</MDI>
      <MDI key="STATISTICS_SKIPFACTORY">1</MDI>
      <MDI key="STATISTICS_STDDEV">0.049751083327854</MDI>
    </Metadata>
  </PAMRasterBand>
  <PAMRasterBand band="3">
    <Description>Band_3</Description>
    <Histograms>
      <HistItem>
        <HistMin>0.1215000003576279</HistMin>
        <HistMax>0.3689999878406525</HistMax>
        <BucketCount>256</BucketCount>
        <IncludeOutOfRange>1</IncludeOutOfRange>
        <Approximate>0</Approximate>
        <HistCounts>1|0|1|1|1|1|2|0|0|0|0|0|0|2|1|0|3|3|0|2|1|2|2|2|5|7|1|5|2|8|1|7|10|6|7|17|13|9|9|6|12|14|13|6|15|14|15|4|15|4|14|9|14|31|15|10|12|9|12|11|17|10|13|16|15|7|14|7|17|15|16|19|19|14|16|16|11|11|14|16|8|18|6|15|9|12|11|15|12|4|7|10|11|7|2|4|9|7|5|7|8|7|6|4|1|6|2|3|1|6|1|1|2|6|4|2|4|1|0|3|0|7|0|0|2|1|0|1|0|1|0|1|2|1|0|0|4|0|2|0|1|2|0|4|0|0|0|0|0|0|2|0|1|0|1|0|0|0|0|0|4|0|0|6|0|2|2|0|2|0|3|1|1|0|0|0|0|0|0|0|0|0|1|0|0|1|0|0|0|0|0|0|0|1|0|0|0|0|3|1|0|0|0|0|0|0|3|0|0|0|0|0|2|0|0|0|0|0|0|0|0|0|0|0|0|1|0|0|0|0|0|0|0|0|0|0|0|0|0|0|0|0|0|0|0|0|0|0|0|0|0|0|0|0|0|1</HistCounts>
      </HistItem>
    </Histograms>
    <Metadata>
      <MDI key="BandName">Band_3</MDI>
      <MDI key="RepresentationType">ATHEMATIC</MDI>
      <MDI key="STATISTICS_COVARIANCES">0.000326566084954363,0.001598983668145663,0.001060377243708959</MDI>
      <MDI key="STATISTICS_EXCLUDEDVALUES"></MDI>
      <MDI key="STATISTICS_MAXIMUM">0.36899998784065</MDI>
      <MDI key="STATISTICS_MEAN">0.19095659879258</MDI>
      <MDI key="STATISTICS_MEDIAN">0.187500</MDI>
      <MDI key="STATISTICS_MINIMUM">0.12150000035763</MDI>
      <MDI key="STATISTICS_SKIPFACTORX">1</MDI>
      <MDI key="STATISTICS_SKIPFACTORY">1</MDI>
      <MDI key="STATISTICS_STDDEV">0.032563434151038</MDI>
    </Metadata>
  </PAMRasterBand>
</PAMDataset>
