<PAMDataset>
  <Metadata>
    <MDI key="DataType">Generic</MDI>
  </Metadata>
  <PAMRasterBand band="1">
    <Description>Band_1</Description>
    <Histograms>
      <HistItem>
        <HistMin>0.7129999995231628</HistMin>
        <HistMax>0.9416851997375488</HistMax>
        <BucketCount>256</BucketCount>
        <IncludeOutOfRange>1</IncludeOutOfRange>
        <Approximate>0</Approximate>
        <HistCounts>2|0|0|0|0|0|0|0|0|1|0|0|0|0|0|0|0|0|0|0|0|0|0|0|0|0|0|0|0|0|0|0|0|0|0|0|0|0|0|0|0|0|0|0|0|0|0|0|0|0|0|0|0|0|0|0|0|0|0|0|0|0|0|0|0|0|0|0|0|0|0|0|0|0|0|0|0|0|0|2|0|0|0|0|0|0|0|0|3|0|0|2|0|0|0|0|0|0|0|0|0|0|0|0|0|0|0|0|0|0|0|0|0|2|0|0|0|0|0|0|0|1|0|2|0|0|0|2|0|0|0|0|0|0|3|2|0|0|0|0|0|0|0|4|1|0|1|0|4|0|0|2|2|2|0|0|0|0|0|0|2|0|0|0|0|0|0|4|0|0|2|0|0|1|2|0|0|0|0|2|2|0|0|0|0|0|0|0|2|0|0|4|0|0|0|1|2|2|0|0|2|2|0|0|0|2|1|0|0|3|5|0|4|1|2|0|4|1|0|1|0|3|0|4|5|2|4|2|4|9|11|45|20|33|42|33|55|80|66|87|112|83|87|66|72|76|79|43|22|17|11|5|1|1|6|1</HistCounts>
      </HistItem>
    </Histograms>
    <Metadata>
      <MDI key="BandName">Band_1</MDI>
      <MDI key="RepresentationType">ATHEMATIC</MDI>
      <MDI key="STATISTICS_COVARIANCES">0.00046816556719739,-0.0002028091830265457,-8.793842543656595e-05</MDI>
      <MDI key="STATISTICS_EXCLUDEDVALUES"></MDI>
      <MDI key="STATISTICS_MAXIMUM">0.94168519973755</MDI>
      <MDI key="STATISTICS_MEAN">0.92379154760079</MDI>
      <MDI key="STATISTICS_MEDIAN">0.928233</MDI>
      <MDI key="STATISTICS_MINIMUM">0.71299999952316</MDI>
      <MDI key="STATISTICS_SKIPFACTORX">1</MDI>
      <MDI key="STATISTICS_SKIPFACTORY">1</MDI>
      <MDI key="STATISTICS_STDDEV">0.021637133987601</MDI>
    </Metadata>
  </PAMRasterBand>
  <PAMRasterBand band="2">
    <Description>Band_2</Description>
    <Histograms>
      <HistItem>
        <HistMin>0.08124999701976776</HistMin>
        <HistMax>0.3272500038146973</HistMax>
        <BucketCount>256</BucketCount>
        <IncludeOutOfRange>1</IncludeOutOfRange>
        <Approximate>0</Approximate>
        <HistCounts>11|21|36|39|57|66|73|65|70|81|84|78|55|61|29|32|26|33|16|22|8|6|8|5|11|2|9|5|2|6|6|2|4|3|0|3|2|6|9|6|6|9|2|7|8|9|8|5|9|2|10|12|16|9|14|8|8|7|4|7|6|11|4|2|2|4|2|4|1|1|0|2|0|1|0|0|0|0|0|0|0|2|0|1|0|0|0|0|0|1|2|0|0|0|1|0|1|0|0|2|0|3|0|1|0|2|0|1|0|0|0|0|0|0|0|0|0|0|0|0|0|0|0|0|0|0|0|0|0|0|0|0|0|0|0|0|0|0|0|2|0|0|0|0|0|0|0|0|0|0|0|0|0|0|0|0|0|0|0|0|0|0|0|0|0|0|0|0|0|0|0|0|0|1|0|0|0|0|0|0|0|0|0|0|0|0|0|0|0|0|0|0|0|0|0|0|0|0|0|0|0|0|0|0|0|0|0|0|0|0|0|0|0|0|0|0|0|0|0|0|0|0|0|0|0|0|0|0|0|0|0|0|0|0|0|0|0|0|0|0|0|0|0|0|0|0|0|0|0|0|0|0|0|0|0|1</HistCounts>
      </HistItem>
    </Histograms>
    <Metadata>
      <MDI key="BandName">Band_2</MDI>
      <MDI key="RepresentationType">ATHEMATIC</MDI>
      <MDI key="STATISTICS_COVARIANCES">-0.0002028091830265457,0.0004173981704692381,0.0002543907817112653</MDI>
      <MDI key="STATISTICS_EXCLUDEDVALUES"></MDI>
      <MDI key="STATISTICS_MAXIMUM">0.3272500038147</MDI>
      <MDI key="STATISTICS_MEAN">0.10019057846983</MDI>
      <MDI key="STATISTICS_MEDIAN">0.091862</MDI>
      <MDI key="STATISTICS_MINIMUM">0.081249997019768</MDI>
      <MDI key="STATISTICS_SKIPFACTORX">1</MDI>
      <MDI key="STATISTICS_SKIPFACTORY">1</MDI>
      <MDI key="STATISTICS_STDDEV">0.020430324776401</MDI>
    </Metadata>
  </PAMRasterBand>
  <PAMRasterBand band="3">
    <Description>Band_3</Description>
    <Histograms>
      <HistItem>
        <HistMin>0.1344999969005585</HistMin>
        <HistMax>0.3042500019073486</HistMax>
        <BucketCount>256</BucketCount>
        <IncludeOutOfRange>1</IncludeOutOfRange>
        <Approximate>0</Approximate>
        <HistCounts>4|2|4|0|2|2|2|0|0|5|7|10|34|38|41|58|68|40|71|46|28|56|49|46|45|47|44|43|49|14|34|29|19|13|16|9|15|11|7|7|8|7|7|5|7|15|5|9|4|5|6|4|3|7|6|7|5|11|11|3|16|13|6|9|8|8|3|3|3|7|2|2|10|4|2|0|7|0|3|0|0|1|0|1|3|1|0|2|2|0|0|2|0|1|0|0|0|0|2|0|0|0|0|0|0|1|0|0|0|0|0|1|1|1|0|0|2|0|0|0|0|0|0|0|0|0|0|0|0|0|0|0|0|0|0|0|0|0|0|0|0|0|0|0|0|0|0|0|0|0|0|0|0|0|0|0|0|0|0|0|0|0|0|0|0|0|0|0|0|0|0|0|0|0|0|1|0|0|0|0|0|0|0|0|0|0|0|0|0|0|0|0|0|0|0|0|0|0|0|0|0|0|0|0|0|0|0|0|0|0|0|0|0|0|0|0|0|0|0|0|0|0|0|0|0|0|0|0|0|0|0|0|0|0|0|0|0|0|0|0|0|0|0|0|0|0|0|0|0|0|0|0|0|0|0|1</HistCounts>
      </HistItem>
    </Histograms>
    <Metadata>
      <MDI key="BandName">Band_3</MDI>
      <MDI key="RepresentationType">ATHEMATIC</MDI>
      <MDI key="STATISTICS_COVARIANCES">-8.793842543656595e-05,0.0002543907817112653,0.0001675578382530265</MDI>
      <MDI key="STATISTICS_EXCLUDEDVALUES"></MDI>
      <MDI key="STATISTICS_MAXIMUM">0.30425000190735</MDI>
      <MDI key="STATISTICS_MEAN">0.15467494151805</MDI>
      <MDI key="STATISTICS_MEDIAN">0.150476</MDI>
      <MDI key="STATISTICS_MINIMUM">0.13449999690056</MDI>
      <MDI key="STATISTICS_SKIPFACTORX">1</MDI>
      <MDI key="STATISTICS_SKIPFACTORY">1</MDI>
      <MDI key="STATISTICS_STDDEV">0.012944413399341</MDI>
    </Metadata>
  </PAMRasterBand>
</PAMDataset>
