<PAMDataset>
  <Metadata>
    <MDI key="DataType">Generic</MDI>
  </Metadata>
  <PAMRasterBand band="1">
    <Description>Band_1</Description>
    <Histograms>
      <HistItem>
        <HistMin>0.8715000152587891</HistMin>
        <HistMax>0.9445740580558777</HistMax>
        <BucketCount>256</BucketCount>
        <IncludeOutOfRange>1</IncludeOutOfRange>
        <Approximate>0</Approximate>
        <HistCounts>2|0|0|0|0|0|0|0|0|0|0|0|0|0|0|0|0|0|0|0|0|0|0|0|0|0|0|0|0|0|0|0|0|0|0|0|0|1|0|0|0|0|0|0|0|0|0|0|0|0|0|0|0|0|0|0|0|0|0|0|0|0|0|0|0|0|0|0|0|0|0|0|0|0|0|0|0|0|0|0|0|0|0|0|0|0|0|0|0|0|0|0|0|0|0|0|0|2|0|0|0|0|0|0|1|0|0|0|0|0|0|0|0|0|0|0|0|0|0|0|0|0|2|0|0|0|0|0|0|2|0|0|0|0|0|0|0|0|0|0|0|0|0|0|0|0|0|0|0|0|0|0|0|0|2|0|0|0|0|1|1|0|0|0|0|1|0|0|0|0|3|3|4|5|5|6|3|3|3|3|4|8|2|5|14|20|15|15|6|11|10|11|17|24|22|12|14|14|28|9|23|34|28|28|40|18|44|43|35|39|45|59|74|67|61|53|62|70|65|65|66|73|66|54|48|62|46|65|52|59|35|47|31|28|42|25|29|35|26|15|11|9|12|11|15|5|12|7|2|6|2|0|0|3|2|2</HistCounts>
      </HistItem>
    </Histograms>
    <Metadata>
      <MDI key="BandName">Band_1</MDI>
      <MDI key="RepresentationType">ATHEMATIC</MDI>
      <MDI key="STATISTICS_COVARIANCES">2.652909587416694e-05,-0.0001613382677094974,-9.057346013531137e-05</MDI>
      <MDI key="STATISTICS_EXCLUDEDVALUES"></MDI>
      <MDI key="STATISTICS_MAXIMUM">0.94457405805588</MDI>
      <MDI key="STATISTICS_MEAN">0.93343446703734</MDI>
      <MDI key="STATISTICS_MEDIAN">0.933685</MDI>
      <MDI key="STATISTICS_MINIMUM">0.87150001525879</MDI>
      <MDI key="STATISTICS_SKIPFACTORX">1</MDI>
      <MDI key="STATISTICS_SKIPFACTORY">1</MDI>
      <MDI key="STATISTICS_STDDEV">0.0051506403363239</MDI>
    </Metadata>
  </PAMRasterBand>
  <PAMRasterBand band="2">
    <Description>Band_2</Description>
    <Histograms>
      <HistItem>
        <HistMin>0.04324999824166298</HistMin>
        <HistMax>0.4267500042915344</HistMax>
        <BucketCount>256</BucketCount>
        <IncludeOutOfRange>1</IncludeOutOfRange>
        <Approximate>0</Approximate>
        <HistCounts>3|4|3|2|5|15|12|11|15|21|33|39|58|49|59|88|84|84|88|85|83|81|104|102|76|67|57|51|53|49|33|26|35|20|23|23|29|20|17|17|15|21|16|19|13|19|14|17|11|16|9|15|6|9|13|3|4|12|10|11|7|9|4|9|11|5|5|5|2|7|10|9|2|3|2|7|5|4|4|2|2|3|4|3|6|6|9|7|7|4|3|5|4|4|3|1|2|5|3|1|2|2|6|0|2|1|1|2|1|2|3|0|4|0|2|1|0|0|0|1|3|0|3|1|2|0|0|1|2|0|0|0|0|2|0|0|1|2|2|2|0|0|3|1|0|1|0|0|2|2|0|0|0|0|0|2|1|0|1|0|0|1|1|1|0|1|2|2|1|0|0|1|0|0|4|0|1|0|0|0|4|0|1|0|0|0|0|0|1|0|0|0|0|0|0|0|0|0|0|0|0|0|0|0|0|0|0|2|0|0|0|1|0|0|1|0|2|0|0|0|0|0|0|1|1|0|0|0|0|0|0|1|0|0|0|0|0|0|0|0|0|1|0|0|0|2|0|0|0|1|0|0|0|0|0|1</HistCounts>
      </HistItem>
    </Histograms>
    <Metadata>
      <MDI key="BandName">Band_2</MDI>
      <MDI key="RepresentationType">ATHEMATIC</MDI>
      <MDI key="STATISTICS_COVARIANCES">-0.0001613382677094974,0.002271667303779814,0.001293366274575683</MDI>
      <MDI key="STATISTICS_EXCLUDEDVALUES"></MDI>
      <MDI key="STATISTICS_MAXIMUM">0.42675000429153</MDI>
      <MDI key="STATISTICS_MEAN">0.095685352324324</MDI>
      <MDI key="STATISTICS_MEDIAN">0.079344</MDI>
      <MDI key="STATISTICS_MINIMUM">0.043249998241663</MDI>
      <MDI key="STATISTICS_SKIPFACTORX">1</MDI>
      <MDI key="STATISTICS_SKIPFACTORY">1</MDI>
      <MDI key="STATISTICS_STDDEV">0.047662011117659</MDI>
    </Metadata>
  </PAMRasterBand>
  <PAMRasterBand band="3">
    <Description>Band_3</Description>
    <Histograms>
      <HistItem>
        <HistMin>0.09950000047683716</HistMin>
        <HistMax>0.3255000114440918</HistMax>
        <BucketCount>256</BucketCount>
        <IncludeOutOfRange>1</IncludeOutOfRange>
        <Approximate>0</Approximate>
        <HistCounts>4|1|1|1|4|8|2|4|2|6|10|5|18|10|11|12|17|6|18|20|27|14|30|36|47|53|47|73|49|96|56|84|50|88|77|59|79|46|63|55|72|43|46|41|28|28|18|31|13|30|17|31|16|11|23|24|31|17|25|10|8|7|18|6|17|8|13|15|11|14|6|16|9|7|3|5|5|10|12|8|2|0|5|4|7|8|6|2|11|3|3|5|3|9|4|4|6|1|2|4|1|3|8|1|6|5|1|3|6|4|2|3|1|0|3|5|0|0|2|2|3|2|3|1|5|0|2|1|0|0|0|1|0|1|0|3|0|2|4|4|0|0|1|0|6|0|1|1|0|0|0|0|0|1|0|1|0|1|0|1|0|0|2|2|0|0|1|2|1|2|0|0|0|0|0|0|1|0|4|0|1|0|2|0|0|0|0|3|0|0|0|0|2|0|0|0|0|0|0|0|0|0|0|1|0|1|0|0|0|2|1|0|0|0|0|2|0|0|0|1|0|0|0|0|1|0|0|1|0|0|0|0|0|0|0|0|0|0|0|0|2|0|0|0|0|0|1|0|0|0|0|0|0|1|0|1</HistCounts>
      </HistItem>
    </Histograms>
    <Metadata>
      <MDI key="BandName">Band_3</MDI>
      <MDI key="RepresentationType">ATHEMATIC</MDI>
      <MDI key="STATISTICS_COVARIANCES">-9.057346013531137e-05,0.001293366274575683,0.0007674767266135544</MDI>
      <MDI key="STATISTICS_EXCLUDEDVALUES"></MDI>
      <MDI key="STATISTICS_MAXIMUM">0.32550001144409</MDI>
      <MDI key="STATISTICS_MEAN">0.14062367855583</MDI>
      <MDI key="STATISTICS_MEDIAN">0.132292</MDI>
      <MDI key="STATISTICS_MINIMUM">0.099500000476837</MDI>
      <MDI key="STATISTICS_SKIPFACTORX">1</MDI>
      <MDI key="STATISTICS_SKIPFACTORY">1</MDI>
      <MDI key="STATISTICS_STDDEV">0.027703370311454</MDI>
    </Metadata>
  </PAMRasterBand>
</PAMDataset>
