<PAMDataset>
  <Metadata>
    <MDI key="DataType">Generic</MDI>
  </Metadata>
  <PAMRasterBand band="1">
    <Description>Band_1</Description>
    <Histograms>
      <HistItem>
        <HistMin>0.562749981880188</HistMin>
        <HistMax>0.9252407550811768</HistMax>
        <BucketCount>256</BucketCount>
        <IncludeOutOfRange>1</IncludeOutOfRange>
        <Approximate>0</Approximate>
        <HistCounts>1|0|0|0|0|0|0|0|0|0|0|0|0|0|0|0|0|0|0|0|0|0|0|0|0|0|0|0|0|0|0|0|0|0|0|0|0|0|0|0|0|0|0|0|0|0|0|0|0|0|0|0|0|0|0|0|0|0|0|0|0|0|0|0|0|0|0|0|3|0|1|0|0|0|0|1|0|0|0|0|0|1|4|0|0|0|0|0|0|0|2|0|0|0|0|0|2|2|0|0|2|0|4|0|1|0|0|1|0|0|0|0|1|0|0|0|3|2|2|3|2|0|4|6|4|0|2|4|8|4|3|3|6|3|10|10|10|5|10|7|6|15|2|9|8|10|2|4|13|9|14|17|8|15|9|6|6|22|11|4|4|12|20|18|10|10|12|21|8|10|24|19|14|8|20|9|13|18|16|22|13|12|26|22|10|16|23|11|11|25|10|13|14|18|11|23|15|14|12|18|21|21|20|9|13|15|22|8|4|16|13|3|15|13|9|9|9|8|14|2|9|8|12|4|0|5|4|2|4|1|4|2|0|3|3|0|3|2|0|0|0|3|0|2|0|1|2|1|0|0|0|6|9|11|7|2</HistCounts>
      </HistItem>
    </Histograms>
    <Metadata>
      <MDI key="BandName">Band_1</MDI>
      <MDI key="RepresentationType">ATHEMATIC</MDI>
      <MDI key="STATISTICS_COVARIANCES">0.002081050659381758,-0.0006754293755029154,-0.0002298407174107057</MDI>
      <MDI key="STATISTICS_EXCLUDEDVALUES"></MDI>
      <MDI key="STATISTICS_MAXIMUM">0.92524075508118</MDI>
      <MDI key="STATISTICS_MEAN">0.81876612117465</MDI>
      <MDI key="STATISTICS_MEDIAN">0.821469</MDI>
      <MDI key="STATISTICS_MINIMUM">0.56274998188019</MDI>
      <MDI key="STATISTICS_SKIPFACTORX">1</MDI>
      <MDI key="STATISTICS_SKIPFACTORY">1</MDI>
      <MDI key="STATISTICS_STDDEV">0.045618534165203</MDI>
    </Metadata>
  </PAMRasterBand>
  <PAMRasterBand band="2">
    <Description>Band_2</Description>
    <Histograms>
      <HistItem>
        <HistMin>0.1129999980330467</HistMin>
        <HistMax>0.3504999876022339</HistMax>
        <BucketCount>256</BucketCount>
        <IncludeOutOfRange>1</IncludeOutOfRange>
        <Approximate>0</Approximate>
        <HistCounts>1|2|0|0|0|0|0|1|0|1|0|0|0|0|0|0|2|0|0|0|1|1|1|0|0|1|2|0|2|2|0|2|1|0|2|1|1|1|1|0|3|1|1|0|1|0|3|5|2|1|2|0|0|2|3|1|5|3|3|4|2|3|5|0|4|2|2|1|6|0|1|8|4|4|2|9|3|7|5|3|8|4|8|7|7|4|11|7|8|14|9|5|13|15|12|12|7|14|6|9|11|8|9|9|22|7|14|6|14|9|11|11|5|16|8|15|7|17|8|9|13|8|20|9|10|6|15|10|16|5|10|9|16|16|6|17|9|15|10|19|16|18|4|12|10|14|12|14|12|5|6|11|8|8|7|9|4|11|16|17|5|13|10|2|4|12|7|7|12|9|1|3|2|12|1|7|5|14|10|3|6|5|3|13|9|7|2|12|5|3|1|7|3|4|5|3|6|2|2|0|0|4|6|2|2|1|2|3|2|0|0|0|0|6|0|3|3|2|0|4|2|0|0|0|2|4|0|5|1|0|0|0|0|0|1|0|2|1|0|1|0|0|0|1|0|0|1|0|0|0|0|0|1|0|0|1</HistCounts>
      </HistItem>
    </Histograms>
    <Metadata>
      <MDI key="BandName">Band_2</MDI>
      <MDI key="RepresentationType">ATHEMATIC</MDI>
      <MDI key="STATISTICS_COVARIANCES">-0.0006754293755029154,0.001563442284662337,0.0008866305801339503</MDI>
      <MDI key="STATISTICS_EXCLUDEDVALUES"></MDI>
      <MDI key="STATISTICS_MAXIMUM">0.35049998760223</MDI>
      <MDI key="STATISTICS_MEAN">0.23381998492506</MDI>
      <MDI key="STATISTICS_MEDIAN">0.233147</MDI>
      <MDI key="STATISTICS_MINIMUM">0.11299999803305</MDI>
      <MDI key="STATISTICS_SKIPFACTORX">1</MDI>
      <MDI key="STATISTICS_SKIPFACTORY">1</MDI>
      <MDI key="STATISTICS_STDDEV">0.039540388018611</MDI>
    </Metadata>
  </PAMRasterBand>
  <PAMRasterBand band="3">
    <Description>Band_3</Description>
    <Histograms>
      <HistItem>
        <HistMin>0.1557500064373016</HistMin>
        <HistMax>0.296750009059906</HistMax>
        <BucketCount>256</BucketCount>
        <IncludeOutOfRange>1</IncludeOutOfRange>
        <Approximate>0</Approximate>
        <HistCounts>2|0|0|0|0|0|0|0|1|0|0|0|0|0|0|1|0|0|0|0|0|0|0|0|0|0|0|1|3|0|0|0|0|0|3|2|0|2|1|1|2|2|1|0|1|2|0|1|0|2|3|4|1|3|5|1|3|0|0|1|1|7|0|3|1|5|7|7|5|4|6|2|3|5|4|11|1|3|5|1|7|2|5|9|6|9|12|3|6|9|7|9|10|15|19|5|14|11|11|13|9|7|10|19|8|16|9|10|11|5|10|16|8|21|10|6|7|9|31|12|17|16|18|6|6|7|16|18|14|9|15|14|16|12|13|9|7|9|4|9|13|12|11|7|8|5|8|4|9|5|12|16|12|16|4|18|6|4|5|3|11|9|5|5|7|16|3|7|8|10|7|5|5|7|9|9|6|6|4|7|1|1|9|5|7|4|5|4|6|1|6|13|2|8|9|5|5|2|6|2|8|1|4|6|4|3|2|3|0|1|9|1|6|1|4|0|0|0|1|1|0|3|3|1|1|0|3|0|0|0|0|3|0|0|0|0|2|2|0|0|2|0|0|0|0|1|0|0|0|0|0|1|0|0|2|1</HistCounts>
      </HistItem>
    </Histograms>
    <Metadata>
      <MDI key="BandName">Band_3</MDI>
      <MDI key="RepresentationType">ATHEMATIC</MDI>
      <MDI key="STATISTICS_COVARIANCES">-0.0002298407174107057,0.0008866305801339503,0.0005546275845721133</MDI>
      <MDI key="STATISTICS_EXCLUDEDVALUES"></MDI>
      <MDI key="STATISTICS_MAXIMUM">0.29675000905991</MDI>
      <MDI key="STATISTICS_MEAN">0.22818001565954</MDI>
      <MDI key="STATISTICS_MEDIAN">0.225974</MDI>
      <MDI key="STATISTICS_MINIMUM">0.1557500064373</MDI>
      <MDI key="STATISTICS_SKIPFACTORX">1</MDI>
      <MDI key="STATISTICS_SKIPFACTORY">1</MDI>
      <MDI key="STATISTICS_STDDEV">0.023550532575127</MDI>
    </Metadata>
  </PAMRasterBand>
</PAMDataset>
