<PAMDataset>
  <Metadata>
    <MDI key="DataType">Generic</MDI>
  </Metadata>
  <PAMRasterBand band="1">
    <Description>Band_1</Description>
    <Histograms>
      <HistItem>
        <HistMin>0.7437499761581421</HistMin>
        <HistMax>0.9330925941467285</HistMax>
        <BucketCount>256</BucketCount>
        <IncludeOutOfRange>1</IncludeOutOfRange>
        <Approximate>0</Approximate>
        <HistCounts>2|0|0|0|0|0|0|0|2|0|0|0|0|0|0|2|0|0|0|0|0|0|0|1|0|1|0|1|0|0|1|1|2|0|1|0|1|0|2|0|0|1|0|0|1|0|1|0|0|0|2|0|1|2|0|0|3|2|0|2|4|1|1|0|1|0|0|8|0|1|0|2|1|3|0|0|2|0|1|0|5|0|1|1|2|1|0|2|2|2|1|0|2|1|1|2|0|0|1|0|0|2|1|1|2|1|2|1|3|2|4|9|2|0|5|6|3|4|4|1|1|2|4|2|0|8|7|3|3|3|6|2|6|1|3|5|1|7|4|1|5|5|3|5|4|2|0|5|1|4|0|1|2|3|2|9|2|2|4|3|3|1|4|3|6|6|5|0|7|4|1|0|2|1|2|3|4|5|8|1|0|3|4|11|4|10|1|6|3|2|2|5|3|2|1|5|2|5|4|10|3|10|2|8|4|4|4|2|7|6|3|4|7|5|5|3|4|1|5|5|6|6|10|2|4|1|2|7|3|5|3|9|1|4|5|10|5|33|56|42|57|56|76|63|65|61|66|63|57|17|27|9|2|4|0|1</HistCounts>
      </HistItem>
    </Histograms>
    <Metadata>
      <MDI key="BandName">Band_1</MDI>
      <MDI key="RepresentationType">ATHEMATIC</MDI>
      <MDI key="STATISTICS_COVARIANCES">0.001664343434478944,0.0002655203468877384,0.0002792079901729933</MDI>
      <MDI key="STATISTICS_EXCLUDEDVALUES"></MDI>
      <MDI key="STATISTICS_MAXIMUM">0.93309259414673</MDI>
      <MDI key="STATISTICS_MEAN">0.89771402423226</MDI>
      <MDI key="STATISTICS_MEDIAN">0.920470</MDI>
      <MDI key="STATISTICS_MINIMUM">0.74374997615814</MDI>
      <MDI key="STATISTICS_SKIPFACTORX">1</MDI>
      <MDI key="STATISTICS_SKIPFACTORY">1</MDI>
      <MDI key="STATISTICS_STDDEV">0.040796365456728</MDI>
    </Metadata>
  </PAMRasterBand>
  <PAMRasterBand band="2">
    <Description>Band_2</Description>
    <Histograms>
      <HistItem>
        <HistMin>0.07925000041723251</HistMin>
        <HistMax>0.4539999961853027</HistMax>
        <BucketCount>256</BucketCount>
        <IncludeOutOfRange>1</IncludeOutOfRange>
        <Approximate>0</Approximate>
        <HistCounts>2|2|2|5|2|11|12|16|16|42|67|46|69|46|60|78|48|53|54|44|64|33|38|30|36|35|31|21|17|25|15|15|5|7|15|10|13|8|8|8|8|7|9|5|11|7|10|8|15|7|4|2|5|5|6|7|4|4|1|4|4|6|3|3|1|1|5|5|4|2|3|2|1|2|2|4|2|0|1|1|0|2|1|2|1|1|1|2|6|0|0|1|0|2|0|2|0|0|0|0|1|3|0|1|0|0|2|0|1|0|1|1|0|0|0|1|1|1|0|0|1|0|0|0|0|0|0|0|0|1|0|1|0|0|0|0|0|0|0|2|1|0|0|0|0|0|1|0|0|0|0|2|2|0|0|0|0|0|0|1|0|0|0|0|0|0|0|0|0|0|0|0|0|0|0|1|0|0|0|0|0|0|0|0|0|0|0|0|0|1|0|0|0|0|0|0|0|0|0|0|0|0|0|0|0|0|0|0|0|0|0|0|0|0|0|1|0|0|1|0|0|0|1|0|0|0|0|0|0|0|0|0|0|0|0|0|0|0|1|0|0|1|0|0|0|0|0|0|0|0|0|0|0|0|0|1</HistCounts>
      </HistItem>
    </Histograms>
    <Metadata>
      <MDI key="BandName">Band_2</MDI>
      <MDI key="RepresentationType">ATHEMATIC</MDI>
      <MDI key="STATISTICS_COVARIANCES">0.0002655203468877384,0.001481010789408209,0.0009345914755913445</MDI>
      <MDI key="STATISTICS_EXCLUDEDVALUES"></MDI>
      <MDI key="STATISTICS_MAXIMUM">0.4539999961853</MDI>
      <MDI key="STATISTICS_MEAN">0.12002287951985</MDI>
      <MDI key="STATISTICS_MEDIAN">0.107173</MDI>
      <MDI key="STATISTICS_MINIMUM">0.079250000417233</MDI>
      <MDI key="STATISTICS_SKIPFACTORX">1</MDI>
      <MDI key="STATISTICS_SKIPFACTORY">1</MDI>
      <MDI key="STATISTICS_STDDEV">0.038483902990838</MDI>
    </Metadata>
  </PAMRasterBand>
  <PAMRasterBand band="3">
    <Description>Band_3</Description>
    <Histograms>
      <HistItem>
        <HistMin>0.1299999952316284</HistMin>
        <HistMax>0.3479999899864197</HistMax>
        <BucketCount>256</BucketCount>
        <IncludeOutOfRange>1</IncludeOutOfRange>
        <Approximate>0</Approximate>
        <HistCounts>5|5|7|6|7|5|8|14|28|29|21|25|21|29|42|19|40|37|26|39|35|38|31|37|37|29|43|40|62|27|20|27|31|36|16|17|12|22|13|17|14|9|17|8|10|11|2|10|12|8|7|6|10|7|4|6|10|4|10|11|6|10|2|6|1|5|5|2|3|8|4|3|2|1|4|0|3|2|2|5|2|4|3|5|2|1|0|2|5|2|7|0|2|0|0|1|1|2|1|3|1|1|3|0|2|0|2|2|5|1|0|1|0|1|0|0|1|0|0|1|0|2|0|0|0|1|2|1|0|0|1|0|0|0|1|0|0|0|0|0|0|0|0|0|0|0|0|1|0|0|0|0|0|0|0|2|2|3|0|0|0|0|0|1|0|0|0|0|1|0|0|0|0|0|1|0|1|0|0|0|0|0|0|0|0|0|0|0|0|0|0|0|0|0|0|0|0|1|0|0|0|0|0|0|0|0|0|0|0|0|0|0|0|0|0|1|0|0|0|0|0|0|0|0|0|0|0|0|0|1|0|0|0|1|0|0|0|0|0|0|0|1|0|0|1|0|0|0|0|0|0|0|0|0|0|1</HistCounts>
      </HistItem>
    </Histograms>
    <Metadata>
      <MDI key="BandName">Band_3</MDI>
      <MDI key="RepresentationType">ATHEMATIC</MDI>
      <MDI key="STATISTICS_COVARIANCES">0.0002792079901729933,0.0009345914755913445,0.0006203836140665639</MDI>
      <MDI key="STATISTICS_EXCLUDEDVALUES"></MDI>
      <MDI key="STATISTICS_MAXIMUM">0.34799998998642</MDI>
      <MDI key="STATISTICS_MEAN">0.15959858594994</MDI>
      <MDI key="STATISTICS_MEDIAN">0.153082</MDI>
      <MDI key="STATISTICS_MINIMUM">0.12999999523163</MDI>
      <MDI key="STATISTICS_SKIPFACTORX">1</MDI>
      <MDI key="STATISTICS_SKIPFACTORY">1</MDI>
      <MDI key="STATISTICS_STDDEV">0.024907501160626</MDI>
    </Metadata>
  </PAMRasterBand>
</PAMDataset>
