<PAMDataset>
  <Metadata>
    <MDI key="DataType">Generic</MDI>
  </Metadata>
  <PAMRasterBand band="1">
    <Description>Band_1</Description>
    <Histograms>
      <HistItem>
        <HistMin>0.6837499737739563</HistMin>
        <HistMax>0.954203724861145</HistMax>
        <BucketCount>256</BucketCount>
        <IncludeOutOfRange>1</IncludeOutOfRange>
        <Approximate>0</Approximate>
        <HistCounts>1|0|0|0|0|0|0|0|0|0|0|0|0|0|0|0|0|0|0|0|0|0|0|0|0|0|0|0|0|0|0|0|0|0|0|0|0|0|0|0|0|0|0|0|0|0|0|0|0|0|0|0|0|0|0|0|0|0|0|0|0|0|0|0|0|0|1|0|0|0|0|0|0|0|0|0|0|0|0|0|0|0|0|1|0|0|0|0|0|1|0|0|0|0|0|0|2|0|0|0|0|1|0|0|0|0|0|2|0|0|0|0|0|0|0|0|0|0|0|0|0|0|0|0|0|1|0|1|0|0|0|0|0|0|0|0|0|0|1|0|1|0|0|0|2|0|0|0|0|0|2|1|1|0|0|0|0|0|0|0|1|1|0|3|1|0|0|1|2|2|2|1|4|2|1|3|3|4|3|1|3|4|4|6|2|6|8|6|7|2|6|5|4|5|3|6|3|4|6|2|2|4|7|5|2|3|9|2|5|1|9|7|14|8|17|11|7|9|6|8|6|4|41|112|152|170|264|289|304|228|223|226|191|205|164|143|115|74|39|26|18|7|9|8|6|9|4|4|4|3|1|2|3|1|1|1</HistCounts>
      </HistItem>
    </Histograms>
    <Metadata>
      <MDI key="BandName">Band_1</MDI>
      <MDI key="RepresentationType">ATHEMATIC</MDI>
      <MDI key="STATISTICS_COVARIANCES">0.0002156144006446069,-0.0001691830566187145,-8.13641018384326e-05</MDI>
      <MDI key="STATISTICS_EXCLUDEDVALUES"></MDI>
      <MDI key="STATISTICS_MAXIMUM">0.95420372486115</MDI>
      <MDI key="STATISTICS_MEAN">0.92479933825536</MDI>
      <MDI key="STATISTICS_MEDIAN">0.926628</MDI>
      <MDI key="STATISTICS_MINIMUM">0.68374997377396</MDI>
      <MDI key="STATISTICS_SKIPFACTORX">1</MDI>
      <MDI key="STATISTICS_SKIPFACTORY">1</MDI>
      <MDI key="STATISTICS_STDDEV">0.014683814240333</MDI>
    </Metadata>
  </PAMRasterBand>
  <PAMRasterBand band="2">
    <Description>Band_2</Description>
    <Histograms>
      <HistItem>
        <HistMin>0.02875000052154064</HistMin>
        <HistMax>0.2837499976158142</HistMax>
        <BucketCount>256</BucketCount>
        <IncludeOutOfRange>1</IncludeOutOfRange>
        <Approximate>0</Approximate>
        <HistCounts>2|1|0|0|1|0|2|1|2|0|3|6|7|5|13|9|13|18|15|31|30|33|63|57|58|83|77|90|75|94|95|111|99|92|103|96|98|91|86|94|102|86|56|73|61|63|61|56|66|69|53|60|44|38|38|31|28|31|41|24|27|23|34|35|17|25|21|16|15|20|19|14|13|6|10|5|14|8|16|7|6|7|5|5|6|3|7|7|6|7|3|1|8|4|7|4|4|2|3|1|4|4|1|0|5|1|3|1|2|2|3|0|0|0|0|0|0|1|2|2|0|0|0|3|0|3|0|0|2|3|0|0|2|0|0|2|0|0|0|1|2|0|2|0|2|0|1|0|0|0|0|2|0|0|0|0|0|0|0|0|0|0|0|0|0|0|0|0|0|1|0|0|1|0|0|0|0|0|0|0|0|0|0|0|0|0|0|0|0|0|0|0|0|0|0|0|1|0|0|0|0|0|0|0|0|0|0|0|0|0|0|0|0|0|0|0|0|0|0|0|0|0|0|0|0|0|0|0|0|0|0|1|0|1|0|0|0|0|0|0|0|0|0|0|0|0|0|0|0|0|1|0|0|0|0|1</HistCounts>
      </HistItem>
    </Histograms>
    <Metadata>
      <MDI key="BandName">Band_2</MDI>
      <MDI key="RepresentationType">ATHEMATIC</MDI>
      <MDI key="STATISTICS_COVARIANCES">-0.0001691830566187145,0.0004232975992177881,0.0002397873942814597</MDI>
      <MDI key="STATISTICS_EXCLUDEDVALUES"></MDI>
      <MDI key="STATISTICS_MAXIMUM">0.28374999761581</MDI>
      <MDI key="STATISTICS_MEAN">0.072026280226037</MDI>
      <MDI key="STATISTICS_MEDIAN">0.067750</MDI>
      <MDI key="STATISTICS_MINIMUM">0.028750000521541</MDI>
      <MDI key="STATISTICS_SKIPFACTORX">1</MDI>
      <MDI key="STATISTICS_SKIPFACTORY">1</MDI>
      <MDI key="STATISTICS_STDDEV">0.020574197413697</MDI>
    </Metadata>
  </PAMRasterBand>
  <PAMRasterBand band="3">
    <Description>Band_3</Description>
    <Histograms>
      <HistItem>
        <HistMin>0.08224999904632568</HistMin>
        <HistMax>0.2487500011920929</HistMax>
        <BucketCount>256</BucketCount>
        <IncludeOutOfRange>1</IncludeOutOfRange>
        <Approximate>0</Approximate>
        <HistCounts>1|0|0|0|0|1|0|0|0|0|0|3|1|6|1|0|0|8|0|6|6|13|5|9|17|19|26|28|30|52|41|75|65|70|91|105|80|126|74|148|139|102|137|110|116|147|82|92|68|81|93|45|73|64|46|50|39|46|30|32|46|25|38|39|24|19|24|25|25|20|27|22|13|19|9|17|20|6|11|9|12|16|5|9|6|13|9|6|3|4|6|6|2|2|1|9|11|2|1|2|3|3|4|4|2|2|4|1|3|2|2|2|0|0|5|0|0|1|0|2|0|0|3|0|1|2|0|0|0|1|9|1|2|1|2|0|0|0|0|0|1|0|0|0|0|0|0|0|0|0|0|2|0|0|0|2|0|0|1|0|0|1|0|0|0|0|2|0|0|0|0|1|0|0|0|0|0|0|0|0|0|0|0|0|0|0|0|0|0|0|0|0|0|0|0|1|0|0|0|0|0|0|0|0|0|0|0|0|0|0|1|0|0|0|0|0|0|0|0|0|0|0|1|0|0|0|0|0|0|0|0|0|0|0|0|0|0|0|0|0|0|0|0|0|0|0|0|0|0|0|0|1|0|0|0|1</HistCounts>
      </HistItem>
    </Histograms>
    <Metadata>
      <MDI key="BandName">Band_3</MDI>
      <MDI key="RepresentationType">ATHEMATIC</MDI>
      <MDI key="STATISTICS_COVARIANCES">-8.13641018384326e-05,0.0002397873942814597,0.0001611549008220566</MDI>
      <MDI key="STATISTICS_EXCLUDEDVALUES"></MDI>
      <MDI key="STATISTICS_MAXIMUM">0.24875000119209</MDI>
      <MDI key="STATISTICS_MEAN">0.11423562440991</MDI>
      <MDI key="STATISTICS_MEDIAN">0.110979</MDI>
      <MDI key="STATISTICS_MINIMUM">0.082249999046326</MDI>
      <MDI key="STATISTICS_SKIPFACTORX">1</MDI>
      <MDI key="STATISTICS_SKIPFACTORY">1</MDI>
      <MDI key="STATISTICS_STDDEV">0.012694680020467</MDI>
    </Metadata>
  </PAMRasterBand>
</PAMDataset>
