<PAMDataset>
  <Metadata>
    <MDI key="DataType">Generic</MDI>
  </Metadata>
  <PAMRasterBand band="1">
    <Description>Band_1</Description>
    <Histograms>
      <HistItem>
        <HistMin>0.7372499704360962</HistMin>
        <HistMax>0.9412037134170532</HistMax>
        <BucketCount>256</BucketCount>
        <IncludeOutOfRange>1</IncludeOutOfRange>
        <Approximate>0</Approximate>
        <HistCounts>1|0|0|0|0|0|0|0|0|0|0|0|0|0|0|0|0|0|0|0|0|0|0|0|1|0|0|2|0|0|0|0|0|0|0|0|0|0|0|0|0|0|0|2|0|0|0|0|0|1|0|0|1|0|0|0|0|0|0|1|0|0|0|0|0|0|0|0|1|0|0|1|0|0|0|2|1|1|0|0|0|0|0|0|0|0|0|0|0|0|0|0|0|1|0|0|1|0|0|0|0|0|0|0|0|0|0|0|0|1|0|0|0|0|0|1|1|0|0|0|0|0|0|0|0|0|0|1|0|0|0|0|0|0|0|0|0|0|0|1|0|0|1|2|0|0|0|0|0|0|1|0|0|0|0|0|0|0|0|0|0|2|1|0|1|2|1|2|0|1|3|0|0|0|0|4|0|0|1|0|0|0|3|0|0|2|2|2|3|4|0|0|0|1|7|3|3|0|0|1|1|1|2|0|0|2|2|1|0|5|2|1|3|0|1|0|2|5|7|3|3|1|6|1|7|5|9|8|60|110|115|164|185|194|185|139|92|83|62|39|49|37|31|28|19|8|12|13|15|15|7|5|5|3|0|1</HistCounts>
      </HistItem>
    </Histograms>
    <Metadata>
      <MDI key="BandName">Band_1</MDI>
      <MDI key="RepresentationType">ATHEMATIC</MDI>
      <MDI key="STATISTICS_COVARIANCES">0.0002872548286833377,-0.0001479381246482596,-7.435813661760453e-05</MDI>
      <MDI key="STATISTICS_EXCLUDEDVALUES"></MDI>
      <MDI key="STATISTICS_MAXIMUM">0.94120371341705</MDI>
      <MDI key="STATISTICS_MEAN">0.92190100365874</MDI>
      <MDI key="STATISTICS_MEDIAN">0.923608</MDI>
      <MDI key="STATISTICS_MINIMUM">0.7372499704361</MDI>
      <MDI key="STATISTICS_SKIPFACTORX">1</MDI>
      <MDI key="STATISTICS_SKIPFACTORY">1</MDI>
      <MDI key="STATISTICS_STDDEV">0.016948593708132</MDI>
    </Metadata>
  </PAMRasterBand>
  <PAMRasterBand band="2">
    <Description>Band_2</Description>
    <Histograms>
      <HistItem>
        <HistMin>0.0820000022649765</HistMin>
        <HistMax>0.3215000033378601</HistMax>
        <BucketCount>256</BucketCount>
        <IncludeOutOfRange>1</IncludeOutOfRange>
        <Approximate>0</Approximate>
        <HistCounts>3|6|2|15|11|31|17|15|23|37|21|40|22|44|35|51|29|68|51|60|47|74|63|60|44|52|44|50|34|41|48|39|26|39|27|31|32|27|31|36|31|26|21|19|18|22|19|15|22|18|3|8|18|7|6|8|12|2|3|7|14|4|4|7|0|2|1|7|3|3|4|0|4|2|6|2|4|3|0|6|7|4|0|1|1|1|0|0|0|1|1|0|2|0|2|0|0|0|0|0|1|0|2|0|1|0|0|1|0|0|0|0|0|0|0|1|2|0|0|2|0|0|0|0|0|0|0|0|0|0|0|1|0|0|0|0|0|0|0|0|0|0|0|0|2|0|0|0|0|0|0|0|0|0|0|0|0|0|0|0|0|0|0|0|0|0|0|0|0|0|0|0|0|0|0|0|0|0|0|0|0|0|0|0|1|0|0|0|0|0|0|0|0|0|0|0|0|0|0|0|0|0|0|1|0|0|0|0|0|0|0|0|0|0|0|0|1|0|0|0|0|0|0|1|0|0|0|0|0|0|0|0|0|0|0|0|1|0|1|1|1|0|0|0|0|0|0|0|0|0|0|0|0|0|0|1</HistCounts>
      </HistItem>
    </Histograms>
    <Metadata>
      <MDI key="BandName">Band_2</MDI>
      <MDI key="RepresentationType">ATHEMATIC</MDI>
      <MDI key="STATISTICS_COVARIANCES">-0.0001479381246482596,0.0004475423608970106,0.0002909774080138488</MDI>
      <MDI key="STATISTICS_EXCLUDEDVALUES"></MDI>
      <MDI key="STATISTICS_MAXIMUM">0.32150000333786</MDI>
      <MDI key="STATISTICS_MEAN">0.11065144886193</MDI>
      <MDI key="STATISTICS_MEDIAN">0.105480</MDI>
      <MDI key="STATISTICS_MINIMUM">0.082000002264977</MDI>
      <MDI key="STATISTICS_SKIPFACTORX">1</MDI>
      <MDI key="STATISTICS_SKIPFACTORY">1</MDI>
      <MDI key="STATISTICS_STDDEV">0.021155197018629</MDI>
    </Metadata>
  </PAMRasterBand>
  <PAMRasterBand band="3">
    <Description>Band_3</Description>
    <Histograms>
      <HistItem>
        <HistMin>0.1400000005960464</HistMin>
        <HistMax>0.3042500019073486</HistMax>
        <BucketCount>256</BucketCount>
        <IncludeOutOfRange>1</IncludeOutOfRange>
        <Approximate>0</Approximate>
        <HistCounts>3|4|0|1|3|11|3|9|17|10|24|18|21|37|29|37|25|44|24|41|40|40|61|41|70|51|47|54|41|66|41|48|49|30|47|31|33|31|35|36|28|35|26|30|16|37|29|24|30|27|21|14|21|16|16|24|8|21|10|12|12|2|10|6|1|9|9|7|4|3|0|7|2|4|5|0|2|2|2|5|1|4|1|0|2|4|2|0|0|1|2|2|0|1|0|0|1|0|1|0|0|0|1|1|0|0|0|0|0|2|0|1|0|0|0|0|1|2|0|0|0|0|0|0|0|0|0|0|0|0|0|0|0|0|0|0|0|0|0|0|0|0|0|0|0|0|0|0|0|0|0|0|0|0|0|0|0|0|0|0|0|0|0|0|0|0|0|0|0|0|0|0|0|0|0|0|0|0|0|0|0|0|0|0|0|0|0|0|1|0|0|0|0|0|0|0|0|0|0|0|0|0|0|0|0|0|1|0|0|0|0|0|0|0|0|0|0|0|0|0|0|0|0|1|0|0|0|0|0|0|0|0|0|0|0|0|0|1|0|0|0|0|1|0|0|0|0|0|1|1|0|0|0|1|0|1</HistCounts>
      </HistItem>
    </Histograms>
    <Metadata>
      <MDI key="BandName">Band_3</MDI>
      <MDI key="RepresentationType">ATHEMATIC</MDI>
      <MDI key="STATISTICS_COVARIANCES">-7.435813661760453e-05,0.0002909774080138488,0.000201042787612131</MDI>
      <MDI key="STATISTICS_EXCLUDEDVALUES"></MDI>
      <MDI key="STATISTICS_MAXIMUM">0.30425000190735</MDI>
      <MDI key="STATISTICS_MEAN">0.16249070553228</MDI>
      <MDI key="STATISTICS_MEDIAN">0.159968</MDI>
      <MDI key="STATISTICS_MINIMUM">0.14000000059605</MDI>
      <MDI key="STATISTICS_SKIPFACTORX">1</MDI>
      <MDI key="STATISTICS_SKIPFACTORY">1</MDI>
      <MDI key="STATISTICS_STDDEV">0.014178955801191</MDI>
    </Metadata>
  </PAMRasterBand>
</PAMDataset>
