<PAMDataset>
  <Metadata>
    <MDI key="DataType">Generic</MDI>
  </Metadata>
  <PAMRasterBand band="1">
    <Description>Band_1</Description>
    <Histograms>
      <HistItem>
        <HistMin>0.457749992609024</HistMin>
        <HistMax>0.9291666746139526</HistMax>
        <BucketCount>256</BucketCount>
        <IncludeOutOfRange>1</IncludeOutOfRange>
        <Approximate>0</Approximate>
        <HistCounts>1|0|0|0|0|2|0|2|2|0|3|0|0|3|1|1|1|1|1|0|0|1|1|1|2|1|0|6|2|2|0|3|1|0|0|1|2|0|0|0|0|0|0|0|1|0|0|0|0|0|1|0|0|0|1|0|0|0|2|0|1|2|0|0|0|2|0|0|0|0|0|2|0|0|1|0|1|0|0|0|0|0|0|0|0|0|0|0|0|0|0|0|0|1|0|2|0|3|1|1|0|0|0|0|0|0|1|1|1|1|0|1|0|2|2|0|1|1|0|1|0|0|2|3|1|1|3|2|2|1|0|1|0|0|0|2|3|0|1|2|2|2|1|4|4|2|5|4|1|1|4|4|3|0|2|0|0|3|5|1|2|4|1|3|5|1|3|2|1|2|1|0|2|3|5|0|4|5|3|1|2|1|0|3|3|0|10|4|4|3|4|7|5|5|3|6|4|6|3|5|5|2|9|14|12|6|6|11|9|11|12|7|14|13|13|11|9|17|9|19|17|21|14|15|7|14|8|25|18|15|16|17|22|12|22|23|16|23|28|24|30|9|15|24|22|21|17|25|13|10|179|149|58|11|3|1</HistCounts>
      </HistItem>
    </Histograms>
    <Metadata>
      <MDI key="BandName">Band_1</MDI>
      <MDI key="RepresentationType">ATHEMATIC</MDI>
      <MDI key="STATISTICS_COVARIANCES">0.008242745585297319,-0.002834150243182607,-0.001465486450276851</MDI>
      <MDI key="STATISTICS_EXCLUDEDVALUES"></MDI>
      <MDI key="STATISTICS_MAXIMUM">0.92916667461395</MDI>
      <MDI key="STATISTICS_MEAN">0.85978882267632</MDI>
      <MDI key="STATISTICS_MEDIAN">0.890344</MDI>
      <MDI key="STATISTICS_MINIMUM">0.45774999260902</MDI>
      <MDI key="STATISTICS_SKIPFACTORX">1</MDI>
      <MDI key="STATISTICS_SKIPFACTORY">1</MDI>
      <MDI key="STATISTICS_STDDEV">0.090789567601665</MDI>
    </Metadata>
  </PAMRasterBand>
  <PAMRasterBand band="2">
    <Description>Band_2</Description>
    <Histograms>
      <HistItem>
        <HistMin>0.08349999785423279</HistMin>
        <HistMax>0.5547500252723694</HistMax>
        <BucketCount>256</BucketCount>
        <IncludeOutOfRange>1</IncludeOutOfRange>
        <Approximate>0</Approximate>
        <HistCounts>2|15|32|28|41|76|110|114|97|84|92|106|82|70|48|43|38|37|17|6|11|7|11|5|10|3|4|2|3|5|3|1|1|1|0|7|0|1|3|3|1|1|2|2|4|3|0|3|0|3|6|2|4|3|6|8|8|7|12|4|6|4|8|4|4|3|5|3|4|6|4|5|2|2|2|1|6|4|4|2|0|3|1|3|1|2|1|0|2|4|3|2|2|0|2|0|0|0|4|1|2|1|0|0|0|0|2|1|0|0|2|2|0|0|0|0|0|0|0|1|0|0|0|0|0|0|0|0|0|0|0|1|0|0|1|0|0|0|0|0|0|0|0|0|0|0|0|0|0|0|0|0|0|0|0|0|0|0|0|0|0|0|0|0|0|0|0|0|0|0|0|0|0|0|0|0|0|0|0|0|0|0|0|1|1|0|0|1|0|0|0|0|0|0|0|0|0|0|0|0|0|0|1|0|0|0|0|0|0|0|0|0|0|0|0|0|0|0|0|0|0|0|0|0|0|0|0|0|0|0|0|0|0|0|0|0|0|0|0|0|0|0|0|0|0|0|0|0|0|0|0|0|0|0|0|1</HistCounts>
      </HistItem>
    </Histograms>
    <Metadata>
      <MDI key="BandName">Band_2</MDI>
      <MDI key="RepresentationType">ATHEMATIC</MDI>
      <MDI key="STATISTICS_COVARIANCES">-0.002834150243182607,0.00204843771396133,0.001258238759573508</MDI>
      <MDI key="STATISTICS_EXCLUDEDVALUES"></MDI>
      <MDI key="STATISTICS_MAXIMUM">0.55475002527237</MDI>
      <MDI key="STATISTICS_MEAN">0.12013639554089</MDI>
      <MDI key="STATISTICS_MEDIAN">0.103828</MDI>
      <MDI key="STATISTICS_MINIMUM">0.083499997854233</MDI>
      <MDI key="STATISTICS_SKIPFACTORX">1</MDI>
      <MDI key="STATISTICS_SKIPFACTORY">1</MDI>
      <MDI key="STATISTICS_STDDEV">0.045259669839288</MDI>
    </Metadata>
  </PAMRasterBand>
  <PAMRasterBand band="3">
    <Description>Band_3</Description>
    <Histograms>
      <HistItem>
        <HistMin>0.1322499960660934</HistMin>
        <HistMax>0.5</HistMax>
        <BucketCount>256</BucketCount>
        <IncludeOutOfRange>1</IncludeOutOfRange>
        <Approximate>0</Approximate>
        <HistCounts>1|2|10|25|24|37|73|72|80|124|131|110|94|85|73|67|67|29|22|18|17|8|16|4|12|0|2|3|1|2|4|4|2|4|1|2|2|4|7|2|7|2|6|5|11|9|7|9|8|9|7|14|9|12|11|3|6|2|0|0|1|0|0|1|3|4|0|3|4|3|1|0|1|3|1|2|2|0|3|1|0|0|1|1|0|1|2|0|0|0|0|0|0|0|0|0|0|1|0|0|0|0|0|0|0|0|0|0|0|1|0|0|0|0|0|0|1|1|0|0|0|1|0|0|0|0|0|0|0|0|0|0|0|0|0|0|0|0|0|0|0|0|0|0|0|0|0|0|0|0|0|0|0|0|0|0|0|0|0|0|0|0|0|0|0|0|0|0|0|0|0|0|0|1|0|1|0|0|0|0|0|0|0|0|0|1|0|0|0|0|0|0|0|0|0|0|0|0|0|0|0|0|0|0|0|0|0|0|0|0|0|0|0|0|0|0|0|0|0|0|0|0|1|0|0|0|0|0|0|0|0|0|0|0|0|0|0|0|0|0|0|0|0|0|0|0|0|0|0|0|0|0|0|0|0|1</HistCounts>
      </HistItem>
    </Histograms>
    <Metadata>
      <MDI key="BandName">Band_3</MDI>
      <MDI key="RepresentationType">ATHEMATIC</MDI>
      <MDI key="STATISTICS_COVARIANCES">-0.001465486450276851,0.001258238759573508,0.0008055810537641126</MDI>
      <MDI key="STATISTICS_EXCLUDEDVALUES"></MDI>
      <MDI key="STATISTICS_MAXIMUM">0.5</MDI>
      <MDI key="STATISTICS_MEAN">0.15893355507252</MDI>
      <MDI key="STATISTICS_MEDIAN">0.149556</MDI>
      <MDI key="STATISTICS_MINIMUM">0.13224999606609</MDI>
      <MDI key="STATISTICS_SKIPFACTORX">1</MDI>
      <MDI key="STATISTICS_SKIPFACTORY">1</MDI>
      <MDI key="STATISTICS_STDDEV">0.028382759798232</MDI>
    </Metadata>
  </PAMRasterBand>
</PAMDataset>
