<PAMDataset>
  <Metadata>
    <MDI key="DataType">Generic</MDI>
  </Metadata>
  <PAMRasterBand band="1">
    <Description>Band_1</Description>
    <Histograms>
      <HistItem>
        <HistMin>0.5084999799728394</HistMin>
        <HistMax>0.9370926022529602</HistMax>
        <BucketCount>256</BucketCount>
        <IncludeOutOfRange>1</IncludeOutOfRange>
        <Approximate>0</Approximate>
        <HistCounts>1|0|0|0|0|0|0|0|0|0|0|0|0|0|0|0|0|0|0|0|0|0|0|0|0|0|0|0|0|0|0|0|0|0|0|0|0|0|0|0|0|0|0|0|0|0|0|0|0|0|0|0|0|0|0|0|0|0|0|0|0|0|0|0|0|0|0|0|0|0|0|0|0|0|0|0|0|0|0|0|0|0|0|0|0|0|0|0|0|0|0|0|0|0|0|0|0|0|0|0|1|0|0|0|0|0|2|0|0|0|0|0|0|2|1|0|0|0|0|0|0|0|0|0|0|0|1|0|0|0|0|1|1|1|1|3|0|0|0|0|0|0|1|1|2|1|0|0|1|1|0|1|0|1|0|2|2|3|0|3|3|5|1|6|3|2|6|1|8|5|9|9|4|5|5|5|14|10|9|9|9|7|7|12|10|10|8|10|11|10|5|9|7|5|1|5|10|10|3|6|4|11|6|5|6|6|8|1|2|6|7|4|3|4|5|0|5|2|0|3|4|5|3|1|3|2|2|3|8|3|8|6|8|3|4|3|2|9|4|4|4|8|5|7|31|196|232|247|298|360|189|100|76|22|13|1</HistCounts>
      </HistItem>
    </Histograms>
    <Metadata>
      <MDI key="BandName">Band_1</MDI>
      <MDI key="RepresentationType">ATHEMATIC</MDI>
      <MDI key="STATISTICS_COVARIANCES">0.001953575430907512,-0.001245025970219954,-0.0006988163239664866</MDI>
      <MDI key="STATISTICS_EXCLUDEDVALUES"></MDI>
      <MDI key="STATISTICS_MAXIMUM">0.93709260225296</MDI>
      <MDI key="STATISTICS_MEAN">0.90599442828069</MDI>
      <MDI key="STATISTICS_MEDIAN">0.923647</MDI>
      <MDI key="STATISTICS_MINIMUM">0.50849997997284</MDI>
      <MDI key="STATISTICS_SKIPFACTORX">1</MDI>
      <MDI key="STATISTICS_SKIPFACTORY">1</MDI>
      <MDI key="STATISTICS_STDDEV">0.044199269574366</MDI>
    </Metadata>
  </PAMRasterBand>
  <PAMRasterBand band="2">
    <Description>Band_2</Description>
    <Histograms>
      <HistItem>
        <HistMin>0.08275000005960464</HistMin>
        <HistMax>0.6524999737739563</HistMax>
        <BucketCount>256</BucketCount>
        <IncludeOutOfRange>1</IncludeOutOfRange>
        <Approximate>0</Approximate>
        <HistCounts>3|1|2|3|18|51|115|167|167|147|180|175|144|111|102|64|37|40|23|19|18|12|22|18|13|9|17|13|16|17|15|12|16|12|13|16|18|15|21|18|23|24|12|17|27|29|16|21|24|26|19|25|19|20|11|15|2|5|2|2|2|1|1|2|2|0|0|0|2|1|1|2|0|3|0|2|2|0|0|0|1|1|1|2|0|2|0|1|0|1|0|1|0|0|0|0|1|1|0|0|0|0|0|0|3|0|0|0|0|0|0|0|0|0|1|0|0|0|1|0|0|0|1|0|0|0|0|0|0|0|1|0|0|0|0|0|0|0|0|0|0|0|0|0|0|0|0|0|0|0|0|0|0|0|0|0|1|0|0|0|0|0|0|0|0|0|0|0|0|0|0|2|0|0|0|0|0|0|0|0|0|0|0|0|0|1|0|0|0|0|0|2|0|0|0|1|0|0|0|0|0|0|0|0|0|0|0|0|0|0|0|0|0|0|0|0|0|1|0|0|0|0|0|0|0|0|0|0|0|0|0|0|0|0|0|0|0|0|1|0|0|0|0|0|0|0|0|0|0|0|0|0|0|0|0|2</HistCounts>
      </HistItem>
    </Histograms>
    <Metadata>
      <MDI key="BandName">Band_2</MDI>
      <MDI key="RepresentationType">ATHEMATIC</MDI>
      <MDI key="STATISTICS_COVARIANCES">-0.001245025970219954,0.002222105489874647,0.001483572109247202</MDI>
      <MDI key="STATISTICS_EXCLUDEDVALUES"></MDI>
      <MDI key="STATISTICS_MAXIMUM">0.65249997377396</MDI>
      <MDI key="STATISTICS_MEAN">0.13012257706095</MDI>
      <MDI key="STATISTICS_MEDIAN">0.109562</MDI>
      <MDI key="STATISTICS_MINIMUM">0.082750000059605</MDI>
      <MDI key="STATISTICS_SKIPFACTORX">1</MDI>
      <MDI key="STATISTICS_SKIPFACTORY">1</MDI>
      <MDI key="STATISTICS_STDDEV">0.047139213929325</MDI>
    </Metadata>
  </PAMRasterBand>
  <PAMRasterBand band="3">
    <Description>Band_3</Description>
    <Histograms>
      <HistItem>
        <HistMin>0.1420000046491623</HistMin>
        <HistMax>0.5440000295639038</HistMax>
        <BucketCount>256</BucketCount>
        <IncludeOutOfRange>1</IncludeOutOfRange>
        <Approximate>0</Approximate>
        <HistCounts>16|15|32|74|73|87|152|138|153|156|101|115|96|110|86|58|40|28|25|19|21|27|28|15|18|16|18|17|17|23|21|27|29|23|21|32|22|19|18|28|23|29|31|25|23|23|16|13|9|4|5|2|2|6|1|0|2|2|1|1|2|2|2|1|0|0|2|1|1|1|1|0|2|1|0|1|1|1|0|0|1|0|0|0|0|0|0|0|0|0|0|0|0|0|0|0|0|0|0|0|0|0|0|0|0|0|0|0|0|0|2|0|0|0|0|0|0|0|1|0|0|0|0|0|1|0|0|1|1|0|0|0|0|0|0|0|0|0|0|0|1|0|0|0|0|0|0|0|0|0|0|0|0|0|0|0|0|0|0|0|0|0|0|0|0|0|0|0|0|0|0|0|0|1|0|0|0|0|0|0|0|0|0|0|0|0|0|2|0|1|0|0|0|0|0|0|0|0|0|0|0|0|1|0|0|0|0|2|0|0|0|0|0|0|0|0|0|0|0|0|0|0|0|0|0|0|0|0|0|0|0|0|1|0|0|0|0|0|0|0|0|0|0|0|1|0|0|0|0|0|0|0|0|0|0|2</HistCounts>
      </HistItem>
    </Histograms>
    <Metadata>
      <MDI key="BandName">Band_3</MDI>
      <MDI key="RepresentationType">ATHEMATIC</MDI>
      <MDI key="STATISTICS_COVARIANCES">-0.0006988163239664866,0.001483572109247202,0.00102335602126034</MDI>
      <MDI key="STATISTICS_EXCLUDEDVALUES"></MDI>
      <MDI key="STATISTICS_MAXIMUM">0.5440000295639</MDI>
      <MDI key="STATISTICS_MEAN">0.17177433913762</MDI>
      <MDI key="STATISTICS_MEDIAN">0.160918</MDI>
      <MDI key="STATISTICS_MINIMUM">0.14200000464916</MDI>
      <MDI key="STATISTICS_SKIPFACTORX">1</MDI>
      <MDI key="STATISTICS_SKIPFACTORY">1</MDI>
      <MDI key="STATISTICS_STDDEV">0.031989936249707</MDI>
    </Metadata>
  </PAMRasterBand>
</PAMDataset>
