<PAMDataset>
  <Metadata>
    <MDI key="DataType">Generic</MDI>
  </Metadata>
  <PAMRasterBand band="1">
    <Description>Band_1</Description>
    <Histograms>
      <HistItem>
        <HistMin>0.6972500085830688</HistMin>
        <HistMax>0.9508888721466064</HistMax>
        <BucketCount>256</BucketCount>
        <IncludeOutOfRange>1</IncludeOutOfRange>
        <Approximate>0</Approximate>
        <HistCounts>1|0|0|0|0|0|0|0|0|0|0|0|0|0|0|0|0|0|0|0|0|0|0|0|0|0|0|0|0|1|0|0|1|0|1|0|1|0|0|0|0|0|0|0|0|0|0|0|0|0|0|0|0|0|0|0|0|0|0|0|0|0|0|0|0|0|1|0|0|0|0|0|0|0|0|0|0|0|0|0|0|0|0|0|0|0|1|0|0|0|0|0|0|0|0|0|0|0|0|0|0|0|0|0|0|0|0|0|0|0|1|1|0|0|0|0|0|0|0|2|0|0|0|0|0|0|1|0|0|0|0|1|0|0|0|0|1|1|0|0|0|0|0|0|0|0|0|1|0|0|0|2|1|0|1|0|0|0|1|0|0|0|0|0|0|0|0|0|0|0|0|0|0|0|0|0|0|1|0|1|1|0|0|0|0|0|0|0|0|0|0|0|0|0|0|0|0|0|0|0|0|0|0|0|0|0|0|1|0|0|0|0|1|0|1|0|0|0|0|1|2|0|0|0|8|7|2|6|9|15|9|12|12|18|41|52|72|95|120|143|102|118|77|59|35|28|18|23|12|10|7|1|0|2|0|1</HistCounts>
      </HistItem>
    </Histograms>
    <Metadata>
      <MDI key="BandName">Band_1</MDI>
      <MDI key="RepresentationType">ATHEMATIC</MDI>
      <MDI key="STATISTICS_COVARIANCES">0.0003984555418940754,-0.0004215170510421655,-0.0002291702711220437</MDI>
      <MDI key="STATISTICS_EXCLUDEDVALUES"></MDI>
      <MDI key="STATISTICS_MAXIMUM">0.95088887214661</MDI>
      <MDI key="STATISTICS_MEAN">0.9326796551476</MDI>
      <MDI key="STATISTICS_MEDIAN">0.934974</MDI>
      <MDI key="STATISTICS_MINIMUM">0.69725000858307</MDI>
      <MDI key="STATISTICS_SKIPFACTORX">1</MDI>
      <MDI key="STATISTICS_SKIPFACTORY">1</MDI>
      <MDI key="STATISTICS_STDDEV">0.019961351204116</MDI>
    </Metadata>
  </PAMRasterBand>
  <PAMRasterBand band="2">
    <Description>Band_2</Description>
    <Histograms>
      <HistItem>
        <HistMin>0.03474999964237213</HistMin>
        <HistMax>0.4232499897480011</HistMax>
        <BucketCount>256</BucketCount>
        <IncludeOutOfRange>1</IncludeOutOfRange>
        <Approximate>0</Approximate>
        <HistCounts>5|5|13|14|30|70|65|73|54|51|48|57|43|52|63|52|42|48|28|39|37|26|19|14|9|17|4|14|14|12|6|13|9|4|3|2|3|10|7|3|3|2|3|0|3|3|3|2|1|0|0|1|0|1|0|0|1|1|0|0|0|1|0|0|0|0|0|0|0|0|0|2|0|0|0|0|1|0|1|0|0|0|0|0|1|1|0|1|0|1|0|0|1|0|0|2|1|1|0|1|2|2|1|0|1|0|0|1|0|0|2|0|0|1|1|0|1|1|0|2|0|1|0|0|0|0|0|0|1|0|0|0|2|0|0|0|1|0|0|1|0|1|1|0|0|0|0|0|0|0|0|0|0|0|0|0|0|0|0|0|0|0|0|0|0|0|0|0|0|0|0|0|0|0|0|0|0|0|0|0|0|0|0|0|0|0|0|0|0|0|0|0|0|0|0|0|0|0|0|0|0|0|0|0|0|0|0|0|0|0|0|0|0|0|0|0|0|0|0|0|0|0|0|0|0|0|0|0|0|0|0|0|0|0|0|0|0|0|0|2|0|0|0|0|0|0|0|0|0|0|0|0|0|0|0|2</HistCounts>
      </HistItem>
    </Histograms>
    <Metadata>
      <MDI key="BandName">Band_2</MDI>
      <MDI key="RepresentationType">ATHEMATIC</MDI>
      <MDI key="STATISTICS_COVARIANCES">-0.0004215170510421655,0.001254443644118123,0.0009263810914049638</MDI>
      <MDI key="STATISTICS_EXCLUDEDVALUES"></MDI>
      <MDI key="STATISTICS_MAXIMUM">0.423249989748</MDI>
      <MDI key="STATISTICS_MEAN">0.063493444043752</MDI>
      <MDI key="STATISTICS_MEDIAN">0.054556</MDI>
      <MDI key="STATISTICS_MINIMUM">0.034749999642372</MDI>
      <MDI key="STATISTICS_SKIPFACTORX">1</MDI>
      <MDI key="STATISTICS_SKIPFACTORY">1</MDI>
      <MDI key="STATISTICS_STDDEV">0.035418125926115</MDI>
    </Metadata>
  </PAMRasterBand>
  <PAMRasterBand band="3">
    <Description>Band_3</Description>
    <Histograms>
      <HistItem>
        <HistMin>0.09624999761581421</HistMin>
        <HistMax>0.4760000109672546</HistMax>
        <BucketCount>256</BucketCount>
        <IncludeOutOfRange>1</IncludeOutOfRange>
        <Approximate>0</Approximate>
        <HistCounts>4|14|10|40|48|61|47|52|45|69|72|80|61|73|52|48|43|37|32|25|24|38|13|8|19|16|23|9|6|6|8|5|4|4|0|1|1|3|1|0|0|0|1|0|0|0|1|0|0|1|0|1|0|1|0|1|1|0|2|1|3|1|2|0|0|4|2|0|0|0|1|2|0|0|0|2|1|0|1|1|0|0|1|0|1|0|0|2|0|0|0|2|0|0|2|0|0|0|0|0|0|0|0|0|0|0|0|0|0|0|0|0|0|0|0|0|0|0|0|0|0|0|0|0|0|0|0|0|0|0|0|0|0|0|0|0|0|0|0|0|0|0|0|0|0|0|0|0|0|0|0|0|0|0|0|0|0|0|0|0|0|0|0|0|0|0|0|0|0|0|0|0|0|0|0|0|0|0|0|0|0|0|0|0|0|0|0|0|0|0|0|0|0|0|0|0|0|0|0|0|0|0|0|0|0|0|0|0|0|0|0|0|0|0|0|0|0|0|0|0|0|0|0|0|0|0|0|0|0|0|0|0|2|0|0|0|0|0|0|0|0|0|0|0|0|0|0|0|0|0|0|0|0|0|0|2</HistCounts>
      </HistItem>
    </Histograms>
    <Metadata>
      <MDI key="BandName">Band_3</MDI>
      <MDI key="RepresentationType">ATHEMATIC</MDI>
      <MDI key="STATISTICS_COVARIANCES">-0.0002291702711220437,0.0009263810914049638,0.0007432579490811548</MDI>
      <MDI key="STATISTICS_EXCLUDEDVALUES"></MDI>
      <MDI key="STATISTICS_MAXIMUM">0.47600001096725</MDI>
      <MDI key="STATISTICS_MEAN">0.11990166090142</MDI>
      <MDI key="STATISTICS_MEDIAN">0.114121</MDI>
      <MDI key="STATISTICS_MINIMUM">0.096249997615814</MDI>
      <MDI key="STATISTICS_SKIPFACTORX">1</MDI>
      <MDI key="STATISTICS_SKIPFACTORY">1</MDI>
      <MDI key="STATISTICS_STDDEV">0.027262757547269</MDI>
    </Metadata>
  </PAMRasterBand>
</PAMDataset>
