<PAMDataset>
  <Metadata>
    <MDI key="DataType">Generic</MDI>
  </Metadata>
  <PAMRasterBand band="1">
    <Description>Band_1</Description>
    <Histograms>
      <HistItem>
        <HistMin>0.6949999928474426</HistMin>
        <HistMax>0.940500020980835</HistMax>
        <BucketCount>256</BucketCount>
        <IncludeOutOfRange>1</IncludeOutOfRange>
        <Approximate>0</Approximate>
        <HistCounts>1|0|1|0|0|0|0|0|0|0|0|1|0|1|0|0|0|0|0|1|0|0|0|0|0|0|0|0|0|0|0|0|0|0|1|0|0|0|0|0|0|0|0|0|0|0|0|0|0|0|0|0|1|0|0|0|0|0|0|0|1|0|0|0|1|0|0|0|1|0|0|1|0|0|0|0|0|0|0|1|0|0|0|0|0|1|0|0|0|0|0|0|0|1|0|0|1|0|4|0|1|0|1|0|0|2|3|1|1|1|0|1|0|4|3|0|1|5|0|3|1|7|6|3|6|5|13|1|3|7|6|5|1|7|6|6|5|5|6|9|9|8|4|10|11|5|8|5|14|8|11|13|8|11|7|8|12|9|15|8|6|6|9|2|14|12|8|9|14|6|6|10|7|10|4|12|12|8|12|3|12|9|12|15|12|10|6|7|3|6|5|15|11|11|5|16|3|13|9|6|6|8|7|6|7|9|7|14|6|8|5|10|14|5|8|3|8|5|3|5|8|5|3|7|2|1|4|7|10|8|8|3|3|16|52|47|20|31|33|25|18|14|24|8|10|2|3|2|5|1|2|0|0|0|1|1</HistCounts>
      </HistItem>
    </Histograms>
    <Metadata>
      <MDI key="BandName">Band_1</MDI>
      <MDI key="RepresentationType">ATHEMATIC</MDI>
      <MDI key="STATISTICS_COVARIANCES">0.001636362294407477,-0.0002977833569336065,-0.0001302923606755198</MDI>
      <MDI key="STATISTICS_EXCLUDEDVALUES"></MDI>
      <MDI key="STATISTICS_MAXIMUM">0.94050002098083</MDI>
      <MDI key="STATISTICS_MEAN">0.8770333165623</MDI>
      <MDI key="STATISTICS_MEDIAN">0.878884</MDI>
      <MDI key="STATISTICS_MINIMUM">0.69499999284744</MDI>
      <MDI key="STATISTICS_SKIPFACTORX">1</MDI>
      <MDI key="STATISTICS_SKIPFACTORY">1</MDI>
      <MDI key="STATISTICS_STDDEV">0.040451975160769</MDI>
    </Metadata>
  </PAMRasterBand>
  <PAMRasterBand band="2">
    <Description>Band_2</Description>
    <Histograms>
      <HistItem>
        <HistMin>0.07874999940395355</HistMin>
        <HistMax>0.3352499902248383</HistMax>
        <BucketCount>256</BucketCount>
        <IncludeOutOfRange>1</IncludeOutOfRange>
        <Approximate>0</Approximate>
        <HistCounts>2|2|5|7|5|7|15|11|21|20|50|36|52|55|75|60|67|73|66|66|62|60|44|48|53|49|24|28|23|13|16|10|12|8|8|1|2|1|3|4|0|6|1|0|1|2|1|2|0|4|2|0|0|0|1|2|0|1|0|1|0|0|1|0|0|0|0|0|0|1|0|0|0|0|2|1|0|1|0|2|1|0|0|0|1|0|1|0|0|0|0|0|0|0|1|1|0|0|0|0|0|0|0|0|0|1|0|0|1|0|0|0|0|0|0|0|0|0|1|0|0|0|0|0|0|0|0|0|0|0|0|0|0|0|0|0|0|0|0|0|0|1|1|2|1|1|0|1|0|1|0|0|1|0|0|0|0|0|0|1|0|0|1|0|0|1|0|0|0|0|0|0|1|0|0|0|0|0|0|0|0|0|0|0|0|0|0|0|0|0|1|0|1|0|0|0|0|0|0|0|0|1|0|0|0|0|0|0|0|0|0|0|0|0|0|0|0|0|0|0|0|0|0|0|0|0|0|0|0|0|0|0|0|0|0|0|0|0|0|0|1|0|0|0|0|0|0|0|0|0|0|0|0|0|0|1</HistCounts>
      </HistItem>
    </Histograms>
    <Metadata>
      <MDI key="BandName">Band_2</MDI>
      <MDI key="RepresentationType">ATHEMATIC</MDI>
      <MDI key="STATISTICS_COVARIANCES">-0.0002977833569336065,0.0004652471832737659,0.0003056238885069524</MDI>
      <MDI key="STATISTICS_EXCLUDEDVALUES"></MDI>
      <MDI key="STATISTICS_MAXIMUM">0.33524999022484</MDI>
      <MDI key="STATISTICS_MEAN">0.10123261050268</MDI>
      <MDI key="STATISTICS_MEDIAN">0.096856</MDI>
      <MDI key="STATISTICS_MINIMUM">0.078749999403954</MDI>
      <MDI key="STATISTICS_SKIPFACTORX">1</MDI>
      <MDI key="STATISTICS_SKIPFACTORY">1</MDI>
      <MDI key="STATISTICS_STDDEV">0.021569589316298</MDI>
    </Metadata>
  </PAMRasterBand>
  <PAMRasterBand band="3">
    <Description>Band_3</Description>
    <Histograms>
      <HistItem>
        <HistMin>0.1239999979734421</HistMin>
        <HistMax>0.2912499904632568</HistMax>
        <BucketCount>256</BucketCount>
        <IncludeOutOfRange>1</IncludeOutOfRange>
        <Approximate>0</Approximate>
        <HistCounts>4|2|4|2|2|0|0|1|4|7|7|22|18|20|26|39|52|52|34|62|77|37|72|46|56|65|48|63|32|24|33|31|38|37|18|29|13|14|17|8|7|7|3|10|7|1|2|5|1|3|3|2|3|0|0|1|2|0|1|3|4|0|0|2|0|1|0|0|0|2|1|0|0|0|0|0|2|0|1|0|0|0|0|0|0|0|0|1|0|0|0|0|0|0|2|0|1|2|0|0|0|0|0|0|0|1|0|0|0|1|1|0|1|1|0|0|0|1|0|0|0|0|0|0|0|0|0|0|0|0|0|0|1|0|0|0|0|0|0|0|0|0|1|0|2|2|0|1|0|1|1|2|0|1|0|0|0|0|0|0|0|0|1|0|0|0|1|0|0|0|0|0|0|1|0|0|0|0|0|0|0|0|0|0|1|0|0|0|1|0|0|0|0|0|0|0|1|0|0|0|0|0|0|0|0|0|0|0|0|0|0|0|0|0|0|0|0|0|0|0|0|0|0|0|0|0|0|0|0|0|0|0|0|0|0|0|0|0|0|0|0|1|0|0|0|0|0|0|0|0|0|0|0|0|0|1</HistCounts>
      </HistItem>
    </Histograms>
    <Metadata>
      <MDI key="BandName">Band_3</MDI>
      <MDI key="RepresentationType">ATHEMATIC</MDI>
      <MDI key="STATISTICS_COVARIANCES">-0.0001302923606755198,0.0003056238885069524,0.0002103861808461717</MDI>
      <MDI key="STATISTICS_EXCLUDEDVALUES"></MDI>
      <MDI key="STATISTICS_MAXIMUM">0.29124999046326</MDI>
      <MDI key="STATISTICS_MEAN">0.14258653859558</MDI>
      <MDI key="STATISTICS_MEDIAN">0.139741</MDI>
      <MDI key="STATISTICS_MINIMUM">0.12399999797344</MDI>
      <MDI key="STATISTICS_SKIPFACTORX">1</MDI>
      <MDI key="STATISTICS_SKIPFACTORY">1</MDI>
      <MDI key="STATISTICS_STDDEV">0.014504695131101</MDI>
    </Metadata>
  </PAMRasterBand>
</PAMDataset>
