<PAMDataset>
  <Metadata>
    <MDI key="DataType">Generic</MDI>
  </Metadata>
  <PAMRasterBand band="1">
    <Description>Band_1</Description>
    <Histograms>
      <HistItem>
        <HistMin>0.5580000281333923</HistMin>
        <HistMax>0.9440000057220459</HistMax>
        <BucketCount>256</BucketCount>
        <IncludeOutOfRange>1</IncludeOutOfRange>
        <Approximate>0</Approximate>
        <HistCounts>1|0|0|0|0|0|0|2|0|2|0|1|0|0|0|2|0|0|0|0|0|0|0|0|0|0|0|0|0|1|0|0|0|0|0|1|1|0|0|0|0|0|0|0|0|0|0|0|1|0|0|0|0|1|0|1|0|0|0|0|0|5|0|2|0|0|0|0|0|0|0|0|0|2|0|0|1|1|0|1|0|1|0|0|4|3|0|0|0|0|0|1|0|1|1|1|1|2|1|2|0|1|1|0|0|1|1|0|0|0|2|0|0|0|0|1|0|0|0|2|2|0|2|1|2|0|0|0|0|1|1|1|0|1|1|0|3|0|0|1|0|0|0|1|0|2|2|0|0|0|1|3|1|0|1|1|2|1|1|0|1|0|2|1|0|1|2|1|3|0|4|3|2|0|2|1|0|1|2|3|3|0|4|2|1|1|0|3|2|1|1|2|2|0|0|2|2|0|0|2|3|0|0|2|2|1|1|0|0|1|2|1|2|0|2|0|1|1|0|2|1|2|0|3|3|0|0|4|6|0|5|0|3|2|3|1|2|1|0|24|23|28|59|129|141|114|58|15|12|11|1|1|0|0|0|1</HistCounts>
      </HistItem>
    </Histograms>
    <Metadata>
      <MDI key="BandName">Band_1</MDI>
      <MDI key="RepresentationType">ATHEMATIC</MDI>
      <MDI key="STATISTICS_COVARIANCES">0.005350949700603278,-0.003836833330661932,-0.002393961849230945</MDI>
      <MDI key="STATISTICS_EXCLUDEDVALUES"></MDI>
      <MDI key="STATISTICS_MAXIMUM">0.94400000572205</MDI>
      <MDI key="STATISTICS_MEAN">0.89537346823251</MDI>
      <MDI key="STATISTICS_MEDIAN">0.925835</MDI>
      <MDI key="STATISTICS_MINIMUM">0.55800002813339</MDI>
      <MDI key="STATISTICS_SKIPFACTORX">1</MDI>
      <MDI key="STATISTICS_SKIPFACTORY">1</MDI>
      <MDI key="STATISTICS_STDDEV">0.073150185923231</MDI>
    </Metadata>
  </PAMRasterBand>
  <PAMRasterBand band="2">
    <Description>Band_2</Description>
    <Histograms>
      <HistItem>
        <HistMin>0.06100000068545341</HistMin>
        <HistMax>0.6837499737739563</HistMax>
        <BucketCount>256</BucketCount>
        <IncludeOutOfRange>1</IncludeOutOfRange>
        <Approximate>0</Approximate>
        <HistCounts>11|23|29|37|41|50|53|53|39|71|31|33|29|20|11|18|14|8|6|10|6|1|1|9|0|3|10|6|2|4|0|7|5|5|2|3|2|1|2|3|1|1|4|1|3|3|1|6|5|1|1|2|4|1|2|4|2|3|9|1|4|1|3|5|2|7|1|2|7|4|6|4|4|1|4|2|4|0|0|0|2|3|0|0|2|1|2|0|4|0|0|0|4|0|0|2|2|2|0|1|0|2|4|1|0|0|0|0|0|2|0|0|1|0|0|0|0|0|0|0|0|0|0|0|0|0|0|0|0|0|0|0|0|0|0|0|0|0|0|0|0|0|0|0|0|0|0|0|0|0|0|0|0|0|0|0|0|0|1|0|1|0|0|0|0|0|0|0|0|0|0|0|0|0|0|1|0|0|0|0|0|0|0|0|0|0|0|0|0|0|0|0|0|0|0|0|0|0|0|0|0|0|0|0|0|0|0|0|0|0|0|0|0|0|0|0|0|0|0|0|0|0|0|0|0|0|0|0|0|0|0|0|0|0|0|0|1|0|0|0|0|0|0|0|0|0|0|0|0|0|0|0|0|0|0|2</HistCounts>
      </HistItem>
    </Histograms>
    <Metadata>
      <MDI key="BandName">Band_2</MDI>
      <MDI key="RepresentationType">ATHEMATIC</MDI>
      <MDI key="STATISTICS_COVARIANCES">-0.003836833330661932,0.005176532705314593,0.003444465866548388</MDI>
      <MDI key="STATISTICS_EXCLUDEDVALUES"></MDI>
      <MDI key="STATISTICS_MAXIMUM">0.68374997377396</MDI>
      <MDI key="STATISTICS_MEAN">0.11640349253282</MDI>
      <MDI key="STATISTICS_MEDIAN">0.085422</MDI>
      <MDI key="STATISTICS_MINIMUM">0.061000000685453</MDI>
      <MDI key="STATISTICS_SKIPFACTORX">1</MDI>
      <MDI key="STATISTICS_SKIPFACTORY">1</MDI>
      <MDI key="STATISTICS_STDDEV">0.07194812509937</MDI>
    </Metadata>
  </PAMRasterBand>
  <PAMRasterBand band="3">
    <Description>Band_3</Description>
    <Histograms>
      <HistItem>
        <HistMin>0.1070000007748604</HistMin>
        <HistMax>0.5712500214576721</HistMax>
        <BucketCount>256</BucketCount>
        <IncludeOutOfRange>1</IncludeOutOfRange>
        <Approximate>0</Approximate>
        <HistCounts>18|25|49|74|34|75|42|55|42|37|30|28|18|17|9|11|9|11|6|7|11|5|4|5|3|1|2|1|3|2|6|2|3|3|4|4|3|5|6|5|4|4|5|6|2|3|3|2|2|4|1|6|5|4|3|8|4|10|5|1|5|3|3|1|6|1|0|1|1|1|1|2|1|0|2|2|0|3|2|3|0|3|2|3|1|0|0|0|0|0|2|2|1|0|0|0|0|0|0|0|0|0|0|0|0|1|0|0|0|0|0|0|0|0|0|0|0|0|0|0|0|0|0|0|0|0|0|0|0|0|0|0|0|0|0|0|0|0|0|0|0|0|0|0|0|0|0|0|0|0|0|0|0|0|0|0|0|0|0|1|1|0|0|0|0|0|0|0|0|0|0|0|0|0|0|0|0|0|1|0|0|0|0|0|0|0|0|0|0|0|0|0|0|0|0|0|0|0|0|0|0|0|0|0|0|0|0|0|0|0|0|0|0|0|0|0|0|0|0|0|0|0|0|0|0|0|0|0|0|0|0|0|0|0|0|0|1|0|0|0|0|0|0|0|0|0|0|0|0|0|0|0|0|0|0|2</HistCounts>
      </HistItem>
    </Histograms>
    <Metadata>
      <MDI key="BandName">Band_3</MDI>
      <MDI key="RepresentationType">ATHEMATIC</MDI>
      <MDI key="STATISTICS_COVARIANCES">-0.002393961849230945,0.003444465866548388,0.002354934155676437</MDI>
      <MDI key="STATISTICS_EXCLUDEDVALUES"></MDI>
      <MDI key="STATISTICS_MAXIMUM">0.57125002145767</MDI>
      <MDI key="STATISTICS_MEAN">0.14266727942353</MDI>
      <MDI key="STATISTICS_MEDIAN">0.121565</MDI>
      <MDI key="STATISTICS_MINIMUM">0.10700000077486</MDI>
      <MDI key="STATISTICS_SKIPFACTORX">1</MDI>
      <MDI key="STATISTICS_SKIPFACTORY">1</MDI>
      <MDI key="STATISTICS_STDDEV">0.048527663818449</MDI>
    </Metadata>
  </PAMRasterBand>
</PAMDataset>
