<PAMDataset>
  <Metadata>
    <MDI key="DataType">Generic</MDI>
  </Metadata>
  <PAMRasterBand band="1">
    <Description>Band_1</Description>
    <Histograms>
      <HistItem>
        <HistMin>0.6127499938011169</HistMin>
        <HistMax>0.9436481595039368</HistMax>
        <BucketCount>256</BucketCount>
        <IncludeOutOfRange>1</IncludeOutOfRange>
        <Approximate>0</Approximate>
        <HistCounts>1|0|0|0|0|0|0|0|0|0|0|0|0|0|0|1|0|0|0|0|0|0|0|0|0|0|0|0|0|0|0|0|0|0|0|0|0|0|0|1|0|0|0|0|0|0|0|0|0|0|0|0|0|0|0|1|0|0|1|1|0|0|0|1|0|0|0|1|0|0|0|0|0|0|0|0|0|0|0|0|0|0|1|0|0|0|0|0|0|0|0|1|0|0|0|1|0|0|0|1|0|0|0|0|0|0|0|0|0|0|0|0|0|0|0|0|0|0|0|0|0|0|0|0|0|0|0|0|0|0|0|0|0|1|0|0|1|0|0|0|0|0|0|0|1|0|0|1|0|0|0|0|0|0|0|0|1|0|0|0|0|0|1|0|0|0|0|0|0|0|0|0|0|0|0|0|0|0|0|0|0|0|2|0|1|0|0|0|0|0|1|0|0|2|0|0|0|0|0|0|0|0|0|0|0|0|0|0|1|0|0|1|1|0|0|0|0|0|0|0|1|0|0|1|0|0|0|0|0|1|0|0|0|0|0|0|1|5|5|10|25|64|118|115|121|112|83|86|100|77|41|22|22|1|8|1</HistCounts>
      </HistItem>
    </Histograms>
    <Metadata>
      <MDI key="BandName">Band_1</MDI>
      <MDI key="RepresentationType">ATHEMATIC</MDI>
      <MDI key="STATISTICS_COVARIANCES">0.0008139077431303831,-0.0005689331029867681,-0.0002940629902461894</MDI>
      <MDI key="STATISTICS_EXCLUDEDVALUES"></MDI>
      <MDI key="STATISTICS_MAXIMUM">0.94364815950394</MDI>
      <MDI key="STATISTICS_MEAN">0.92745433120126</MDI>
      <MDI key="STATISTICS_MEDIAN">0.930672</MDI>
      <MDI key="STATISTICS_MINIMUM">0.61274999380112</MDI>
      <MDI key="STATISTICS_SKIPFACTORX">1</MDI>
      <MDI key="STATISTICS_SKIPFACTORY">1</MDI>
      <MDI key="STATISTICS_STDDEV">0.028529068388757</MDI>
    </Metadata>
  </PAMRasterBand>
  <PAMRasterBand band="2">
    <Description>Band_2</Description>
    <Histograms>
      <HistItem>
        <HistMin>0.03875000029802322</HistMin>
        <HistMax>0.3190000057220459</HistMax>
        <BucketCount>256</BucketCount>
        <IncludeOutOfRange>1</IncludeOutOfRange>
        <Approximate>0</Approximate>
        <HistCounts>1|0|4|4|7|10|7|27|27|29|54|55|54|53|41|72|58|88|55|78|45|27|42|23|24|16|16|12|8|3|6|2|4|1|3|3|3|3|5|0|2|1|2|3|2|1|2|1|0|0|0|1|2|0|0|3|0|0|1|0|0|0|0|0|0|1|0|0|0|0|0|0|0|1|0|4|0|0|0|0|0|0|2|1|0|1|0|0|0|2|0|0|0|0|0|2|0|1|0|0|0|0|0|0|0|0|3|1|1|0|1|0|0|0|0|0|0|0|0|0|0|2|0|1|0|1|1|0|1|0|0|0|0|3|1|1|1|0|0|1|0|2|0|1|0|1|0|2|0|0|1|0|0|0|1|0|0|0|0|1|0|0|0|0|1|0|2|0|1|0|0|0|1|0|1|0|0|0|0|2|0|0|0|0|0|0|0|0|0|0|2|0|0|0|0|0|1|0|0|0|0|0|0|0|0|0|0|0|0|0|0|0|0|0|0|0|0|0|0|0|0|0|0|0|0|0|0|0|0|0|0|0|0|0|0|0|0|1|0|0|0|0|0|0|0|0|0|0|0|0|0|0|0|0|0|1</HistCounts>
      </HistItem>
    </Histograms>
    <Metadata>
      <MDI key="BandName">Band_2</MDI>
      <MDI key="RepresentationType">ATHEMATIC</MDI>
      <MDI key="STATISTICS_COVARIANCES">-0.0005689331029867681,0.0009695376810432768,0.0006014053855338299</MDI>
      <MDI key="STATISTICS_EXCLUDEDVALUES"></MDI>
      <MDI key="STATISTICS_MAXIMUM">0.31900000572205</MDI>
      <MDI key="STATISTICS_MEAN">0.064599331293999</MDI>
      <MDI key="STATISTICS_MEDIAN">0.057433</MDI>
      <MDI key="STATISTICS_MINIMUM">0.038750000298023</MDI>
      <MDI key="STATISTICS_SKIPFACTORX">1</MDI>
      <MDI key="STATISTICS_SKIPFACTORY">1</MDI>
      <MDI key="STATISTICS_STDDEV">0.031137400036665</MDI>
    </Metadata>
  </PAMRasterBand>
  <PAMRasterBand band="3">
    <Description>Band_3</Description>
    <Histograms>
      <HistItem>
        <HistMin>0.09000000357627869</HistMin>
        <HistMax>0.2847500145435333</HistMax>
        <BucketCount>256</BucketCount>
        <IncludeOutOfRange>1</IncludeOutOfRange>
        <Approximate>0</Approximate>
        <HistCounts>3|11|8|21|14|19|31|24|41|34|34|40|44|41|37|45|51|53|55|29|28|35|25|24|27|25|24|25|21|19|22|11|7|7|7|6|1|4|4|8|3|1|1|2|2|3|1|0|2|1|0|1|3|3|0|0|0|0|0|0|0|1|0|0|0|0|1|0|0|0|0|0|2|2|3|0|1|0|3|0|1|0|0|0|0|1|0|0|2|1|0|0|0|0|0|4|3|0|1|0|0|0|2|1|0|1|2|0|1|0|0|1|1|1|0|1|2|0|2|0|0|0|0|0|0|0|0|0|0|0|0|0|2|0|0|0|1|0|0|0|0|0|0|0|2|1|0|0|0|0|0|1|0|0|0|0|0|1|0|0|0|2|0|1|0|0|0|0|0|0|0|0|0|0|0|0|3|0|0|0|1|0|0|0|0|0|0|0|0|0|0|0|1|0|0|0|0|0|0|0|0|0|0|0|0|0|0|0|0|0|0|0|0|0|1|0|0|0|0|0|0|0|0|0|0|0|0|0|0|0|0|0|0|0|0|0|0|0|0|0|0|0|0|0|0|0|0|0|0|0|0|0|0|0|0|1</HistCounts>
      </HistItem>
    </Histograms>
    <Metadata>
      <MDI key="BandName">Band_3</MDI>
      <MDI key="RepresentationType">ATHEMATIC</MDI>
      <MDI key="STATISTICS_COVARIANCES">-0.0002940629902461894,0.0006014053855338299,0.0003975435250161235</MDI>
      <MDI key="STATISTICS_EXCLUDEDVALUES"></MDI>
      <MDI key="STATISTICS_MAXIMUM">0.28475001454353</MDI>
      <MDI key="STATISTICS_MEAN">0.10789875855532</MDI>
      <MDI key="STATISTICS_MEDIAN">0.102983</MDI>
      <MDI key="STATISTICS_MINIMUM">0.090000003576279</MDI>
      <MDI key="STATISTICS_SKIPFACTORX">1</MDI>
      <MDI key="STATISTICS_SKIPFACTORY">1</MDI>
      <MDI key="STATISTICS_STDDEV">0.019938493549316</MDI>
    </Metadata>
  </PAMRasterBand>
</PAMDataset>
