<PAMDataset>
  <Metadata>
    <MDI key="DataType">Generic</MDI>
  </Metadata>
  <PAMRasterBand band="1">
    <Description>Band_1</Description>
    <Histograms>
      <HistItem>
        <HistMin>0.6812499761581421</HistMin>
        <HistMax>0.9388148188591003</HistMax>
        <BucketCount>256</BucketCount>
        <IncludeOutOfRange>1</IncludeOutOfRange>
        <Approximate>0</Approximate>
        <HistCounts>1|0|0|0|0|0|0|0|0|0|0|0|0|0|0|0|0|0|0|2|2|1|0|1|0|0|1|0|0|0|2|0|1|0|0|1|0|0|0|1|0|0|1|0|0|0|1|0|0|0|1|0|4|3|0|0|0|1|1|0|0|0|0|0|0|2|2|0|0|0|3|0|1|1|0|5|4|3|0|2|0|0|3|0|2|1|3|4|2|3|1|1|0|7|1|1|2|3|1|4|5|3|0|0|5|2|3|3|6|6|7|2|2|5|5|0|5|5|6|0|6|1|3|4|9|5|9|8|8|7|5|4|3|3|6|14|12|6|11|9|10|2|8|5|6|16|9|8|10|7|11|7|8|16|11|14|7|6|13|11|10|16|17|22|12|12|14|18|13|13|12|12|10|5|13|10|6|9|10|6|13|16|16|9|12|13|9|9|14|8|9|16|11|19|5|3|16|21|13|19|10|11|20|15|8|18|10|15|23|13|11|13|12|15|13|10|26|16|21|12|8|12|16|17|15|9|4|12|10|14|16|10|17|8|18|9|63|67|67|49|33|33|15|15|9|6|4|2|0|2|1|0|0|0|0|1</HistCounts>
      </HistItem>
    </Histograms>
    <Metadata>
      <MDI key="BandName">Band_1</MDI>
      <MDI key="RepresentationType">ATHEMATIC</MDI>
      <MDI key="STATISTICS_COVARIANCES">0.00219161300017775,-0.0005861796029520428,-0.0002670530991871327</MDI>
      <MDI key="STATISTICS_EXCLUDEDVALUES"></MDI>
      <MDI key="STATISTICS_MAXIMUM">0.9388148188591</MDI>
      <MDI key="STATISTICS_MEAN">0.87069345729037</MDI>
      <MDI key="STATISTICS_MEDIAN">0.879221</MDI>
      <MDI key="STATISTICS_MINIMUM">0.68124997615814</MDI>
      <MDI key="STATISTICS_SKIPFACTORX">1</MDI>
      <MDI key="STATISTICS_SKIPFACTORY">1</MDI>
      <MDI key="STATISTICS_STDDEV">0.046814666507172</MDI>
    </Metadata>
  </PAMRasterBand>
  <PAMRasterBand band="2">
    <Description>Band_2</Description>
    <Histograms>
      <HistItem>
        <HistMin>0.08124999701976776</HistMin>
        <HistMax>0.3637500107288361</HistMax>
        <BucketCount>256</BucketCount>
        <IncludeOutOfRange>1</IncludeOutOfRange>
        <Approximate>0</Approximate>
        <HistCounts>1|0|0|0|0|0|0|1|0|0|0|0|1|0|0|0|0|0|0|0|0|0|0|0|2|2|1|2|0|0|3|2|0|0|0|2|1|0|2|0|5|1|0|1|6|3|3|9|5|4|5|4|6|9|10|3|5|6|0|6|5|2|11|5|8|1|5|10|3|9|10|10|4|5|14|9|4|5|14|9|3|7|5|12|5|6|11|6|16|5|7|13|15|16|10|16|6|17|13|21|14|16|16|11|28|15|32|17|24|8|28|32|12|28|10|27|24|23|25|32|27|15|43|29|19|27|27|32|27|39|23|23|30|21|40|13|32|21|14|29|16|26|29|27|28|21|19|16|17|18|17|7|21|11|16|16|5|9|9|2|11|2|7|2|3|2|1|2|0|6|0|0|2|2|0|2|0|0|0|1|0|1|0|0|0|0|0|1|1|2|0|0|0|0|0|2|0|0|1|0|1|1|0|1|1|1|0|0|0|0|0|0|0|0|0|1|1|0|2|0|0|0|1|0|0|1|0|1|0|0|0|1|2|1|0|0|0|0|0|1|0|0|0|0|0|1|2|0|0|0|0|0|0|0|1|1</HistCounts>
      </HistItem>
    </Histograms>
    <Metadata>
      <MDI key="BandName">Band_2</MDI>
      <MDI key="RepresentationType">ATHEMATIC</MDI>
      <MDI key="STATISTICS_COVARIANCES">-0.0005861796029520428,0.001267284812163166,0.0007528798567060125</MDI>
      <MDI key="STATISTICS_EXCLUDEDVALUES"></MDI>
      <MDI key="STATISTICS_MAXIMUM">0.36375001072884</MDI>
      <MDI key="STATISTICS_MEAN">0.21071785693313</MDI>
      <MDI key="STATISTICS_MEDIAN">0.214191</MDI>
      <MDI key="STATISTICS_MINIMUM">0.081249997019768</MDI>
      <MDI key="STATISTICS_SKIPFACTORX">1</MDI>
      <MDI key="STATISTICS_SKIPFACTORY">1</MDI>
      <MDI key="STATISTICS_STDDEV">0.035598943975393</MDI>
    </Metadata>
  </PAMRasterBand>
  <PAMRasterBand band="3">
    <Description>Band_3</Description>
    <Histograms>
      <HistItem>
        <HistMin>0.1467500030994415</HistMin>
        <HistMax>0.3120000064373016</HistMax>
        <BucketCount>256</BucketCount>
        <IncludeOutOfRange>1</IncludeOutOfRange>
        <Approximate>0</Approximate>
        <HistCounts>1|1|0|0|0|0|1|0|1|1|0|0|0|0|2|0|0|0|1|2|0|0|2|3|2|0|3|0|0|0|1|4|0|1|1|5|4|1|3|4|3|3|4|7|1|3|4|5|5|0|7|5|11|1|10|7|5|12|6|16|10|7|7|8|14|7|7|10|8|8|6|4|13|6|14|8|7|7|8|8|8|14|13|10|19|9|13|10|9|21|8|13|22|11|23|14|22|15|16|31|17|23|27|18|28|14|25|16|18|33|22|28|18|27|29|14|32|29|26|31|21|24|17|28|22|23|28|18|17|16|33|32|9|32|21|18|25|20|23|13|33|21|8|13|15|11|15|15|22|4|16|11|3|8|7|8|5|5|5|1|1|1|2|5|1|0|2|0|7|1|0|0|0|0|0|0|0|0|0|1|1|1|0|2|1|0|0|0|0|0|1|2|1|2|0|0|0|0|1|1|0|0|1|0|0|0|0|0|0|1|0|0|1|0|1|0|1|0|1|1|0|0|0|0|0|1|0|1|0|0|0|1|2|0|0|0|0|0|1|0|0|1|0|1|0|0|1|0|0|0|0|1|0|0|0|1</HistCounts>
      </HistItem>
    </Histograms>
    <Metadata>
      <MDI key="BandName">Band_3</MDI>
      <MDI key="RepresentationType">ATHEMATIC</MDI>
      <MDI key="STATISTICS_COVARIANCES">-0.0002670530991871327,0.0007528798567060125,0.0004639514168060771</MDI>
      <MDI key="STATISTICS_EXCLUDEDVALUES"></MDI>
      <MDI key="STATISTICS_MAXIMUM">0.3120000064373</MDI>
      <MDI key="STATISTICS_MEAN">0.21773228005066</MDI>
      <MDI key="STATISTICS_MEDIAN">0.219330</MDI>
      <MDI key="STATISTICS_MINIMUM">0.14675000309944</MDI>
      <MDI key="STATISTICS_SKIPFACTORX">1</MDI>
      <MDI key="STATISTICS_SKIPFACTORY">1</MDI>
      <MDI key="STATISTICS_STDDEV">0.021539531489939</MDI>
    </Metadata>
  </PAMRasterBand>
</PAMDataset>
