<PAMDataset>
  <Metadata>
    <MDI key="DataType">Generic</MDI>
  </Metadata>
  <PAMRasterBand band="1">
    <Description>Band_1</Description>
    <Histograms>
      <HistItem>
        <HistMin>0.6499999761581421</HistMin>
        <HistMax>0.9297222495079041</HistMax>
        <BucketCount>256</BucketCount>
        <IncludeOutOfRange>1</IncludeOutOfRange>
        <Approximate>0</Approximate>
        <HistCounts>1|0|0|0|0|0|0|0|0|0|0|0|0|0|0|0|0|0|0|0|0|0|0|0|1|0|0|2|1|0|0|1|0|0|0|0|0|1|0|2|0|2|0|2|1|0|1|0|0|2|1|2|1|1|0|0|2|3|1|0|0|0|0|0|5|3|2|0|2|2|0|0|1|1|2|3|1|1|0|2|0|0|5|1|0|1|0|0|0|0|1|1|0|2|1|0|0|0|0|0|2|1|0|1|1|0|1|0|1|1|0|1|0|2|0|2|3|0|0|0|1|0|0|0|0|2|0|0|0|4|3|3|2|0|1|2|2|0|0|5|1|3|1|2|3|0|3|6|3|0|4|2|4|2|2|2|4|8|8|8|0|3|4|6|3|19|3|10|13|8|14|13|15|6|3|10|20|9|9|11|9|9|8|17|9|11|9|9|8|9|3|2|8|7|7|12|11|5|8|19|7|5|7|9|9|6|8|3|12|19|4|5|2|7|3|2|1|1|2|1|3|4|3|0|3|3|2|6|0|2|1|0|2|3|0|0|0|3|2|0|3|2|5|2|1|0|27|42|52|47|33|16|11|9|2|2</HistCounts>
      </HistItem>
    </Histograms>
    <Metadata>
      <MDI key="BandName">Band_1</MDI>
      <MDI key="RepresentationType">ATHEMATIC</MDI>
      <MDI key="STATISTICS_COVARIANCES">0.003113553052753007,-0.0007177903345880771,-0.000273319696994635</MDI>
      <MDI key="STATISTICS_EXCLUDEDVALUES"></MDI>
      <MDI key="STATISTICS_MAXIMUM">0.9297222495079</MDI>
      <MDI key="STATISTICS_MEAN">0.86021409200475</MDI>
      <MDI key="STATISTICS_MEDIAN">0.861711</MDI>
      <MDI key="STATISTICS_MINIMUM">0.64999997615814</MDI>
      <MDI key="STATISTICS_SKIPFACTORX">1</MDI>
      <MDI key="STATISTICS_SKIPFACTORY">1</MDI>
      <MDI key="STATISTICS_STDDEV">0.055799220897366</MDI>
    </Metadata>
  </PAMRasterBand>
  <PAMRasterBand band="2">
    <Description>Band_2</Description>
    <Histograms>
      <HistItem>
        <HistMin>0.07625000178813934</HistMin>
        <HistMax>0.356249988079071</HistMax>
        <BucketCount>256</BucketCount>
        <IncludeOutOfRange>1</IncludeOutOfRange>
        <Approximate>0</Approximate>
        <HistCounts>5|7|27|31|46|85|61|71|61|56|54|50|74|35|32|34|25|23|18|13|5|6|5|4|3|4|5|4|5|5|16|2|5|4|1|2|0|1|2|2|2|2|1|1|0|1|0|1|0|3|0|0|1|0|0|0|0|0|0|0|0|0|0|0|0|0|0|0|0|0|0|0|0|0|1|0|0|0|0|0|0|0|0|0|1|2|0|2|0|0|1|1|1|0|1|0|1|0|0|0|0|0|2|0|1|2|0|1|0|1|0|0|0|0|0|0|0|1|0|1|0|0|0|1|0|0|0|1|0|0|0|1|0|0|0|0|0|0|0|0|0|1|0|0|0|0|0|0|0|0|0|0|0|0|0|0|1|0|0|0|0|0|0|0|0|0|0|0|0|0|0|0|0|0|1|0|0|1|0|0|0|0|0|0|1|0|0|0|2|0|0|0|0|0|0|0|0|0|0|0|0|0|0|0|0|0|0|0|0|0|0|0|0|0|0|0|0|0|0|0|0|0|0|0|0|0|0|0|0|0|0|0|0|0|0|0|0|0|0|0|0|2|0|0|0|0|0|1|0|0|0|0|0|0|0|1</HistCounts>
      </HistItem>
    </Histograms>
    <Metadata>
      <MDI key="BandName">Band_2</MDI>
      <MDI key="RepresentationType">ATHEMATIC</MDI>
      <MDI key="STATISTICS_COVARIANCES">-0.0007177903345880771,0.0008156379642816897,0.0005073982418299405</MDI>
      <MDI key="STATISTICS_EXCLUDEDVALUES"></MDI>
      <MDI key="STATISTICS_MAXIMUM">0.35624998807907</MDI>
      <MDI key="STATISTICS_MEAN">0.094001604377586</MDI>
      <MDI key="STATISTICS_MEDIAN">0.087230</MDI>
      <MDI key="STATISTICS_MINIMUM">0.076250001788139</MDI>
      <MDI key="STATISTICS_SKIPFACTORX">1</MDI>
      <MDI key="STATISTICS_SKIPFACTORY">1</MDI>
      <MDI key="STATISTICS_STDDEV">0.028559376118566</MDI>
    </Metadata>
  </PAMRasterBand>
  <PAMRasterBand band="3">
    <Description>Band_3</Description>
    <Histograms>
      <HistItem>
        <HistMin>0.1252499967813492</HistMin>
        <HistMax>0.2980000078678131</HistMax>
        <BucketCount>256</BucketCount>
        <IncludeOutOfRange>1</IncludeOutOfRange>
        <Approximate>0</Approximate>
        <HistCounts>2|4|12|7|32|37|23|34|42|46|28|35|44|31|23|17|18|12|15|22|13|20|24|35|15|22|31|20|35|19|29|13|22|29|9|19|13|5|14|8|0|3|4|5|2|3|0|0|0|1|0|0|0|0|1|2|1|0|0|0|0|0|0|0|0|0|0|0|0|0|0|0|0|0|0|0|0|1|0|0|0|0|0|0|0|0|0|0|1|0|0|0|0|0|0|0|0|0|0|0|2|0|0|1|4|0|0|0|0|0|1|1|1|0|1|1|0|0|0|0|0|0|1|0|0|0|0|0|1|0|0|0|0|1|0|0|1|0|0|0|1|1|1|1|0|0|0|0|0|0|0|1|0|0|0|0|0|0|0|1|0|0|0|0|0|0|0|0|1|0|0|0|1|0|0|0|0|0|0|1|0|0|0|0|0|0|0|0|1|0|2|0|0|0|0|0|0|0|0|0|0|0|0|0|0|0|0|0|0|0|0|0|0|0|0|0|0|0|0|0|0|0|0|0|0|0|0|0|0|2|0|0|0|0|0|0|0|0|0|0|0|0|0|0|0|0|1|0|0|0|0|0|0|0|0|1</HistCounts>
      </HistItem>
    </Histograms>
    <Metadata>
      <MDI key="BandName">Band_3</MDI>
      <MDI key="RepresentationType">ATHEMATIC</MDI>
      <MDI key="STATISTICS_COVARIANCES">-0.000273319696994635,0.0005073982418299405,0.0003404317492281268</MDI>
      <MDI key="STATISTICS_EXCLUDEDVALUES"></MDI>
      <MDI key="STATISTICS_MAXIMUM">0.29800000786781</MDI>
      <MDI key="STATISTICS_MEAN">0.14148582892622</MDI>
      <MDI key="STATISTICS_MEDIAN">0.138122</MDI>
      <MDI key="STATISTICS_MINIMUM">0.12524999678135</MDI>
      <MDI key="STATISTICS_SKIPFACTORX">1</MDI>
      <MDI key="STATISTICS_SKIPFACTORY">1</MDI>
      <MDI key="STATISTICS_STDDEV">0.018450792644982</MDI>
    </Metadata>
  </PAMRasterBand>
</PAMDataset>
