<PAMDataset>
  <Metadata>
    <MDI key="DataType">Generic</MDI>
  </Metadata>
  <PAMRasterBand band="1">
    <Description>Band_1</Description>
    <Histograms>
      <HistItem>
        <HistMin>0.6970000267028809</HistMin>
        <HistMax>0.927314817905426</HistMax>
        <BucketCount>256</BucketCount>
        <IncludeOutOfRange>1</IncludeOutOfRange>
        <Approximate>0</Approximate>
        <HistCounts>2|0|0|0|0|0|0|0|0|0|0|0|0|0|0|0|0|0|0|0|0|1|0|1|1|1|1|0|0|2|3|1|2|0|1|2|0|2|0|1|2|2|1|2|2|6|0|0|1|0|2|2|2|5|1|2|3|1|3|1|1|0|1|4|0|3|1|1|0|4|5|9|3|0|1|4|6|2|4|4|1|7|5|6|0|3|13|5|8|9|11|10|6|16|9|11|5|11|9|7|10|10|9|8|14|4|17|15|9|8|15|7|9|6|11|5|3|7|8|5|11|8|8|4|11|10|5|9|5|6|6|9|6|8|5|8|4|12|13|7|6|0|2|7|4|1|3|3|1|1|14|3|7|1|0|6|0|2|3|2|0|2|3|3|6|3|5|4|2|0|3|6|4|4|5|3|1|3|1|3|1|4|2|2|2|1|3|3|4|0|2|2|1|0|0|2|0|2|5|2|1|1|2|1|0|4|0|5|4|0|1|0|3|2|0|0|3|1|0|2|0|1|2|0|1|5|3|1|0|1|0|0|0|2|0|2|3|0|0|2|0|2|3|1|0|0|6|4|5|3|0|1|2|1|6|1</HistCounts>
      </HistItem>
    </Histograms>
    <Metadata>
      <MDI key="BandName">Band_1</MDI>
      <MDI key="RepresentationType">ATHEMATIC</MDI>
      <MDI key="STATISTICS_COVARIANCES">0.002038907683633233,-0.0001829859548510672,-8.834979684065042e-05</MDI>
      <MDI key="STATISTICS_EXCLUDEDVALUES"></MDI>
      <MDI key="STATISTICS_MAXIMUM">0.92731481790543</MDI>
      <MDI key="STATISTICS_MEAN">0.8111673522863</MDI>
      <MDI key="STATISTICS_MEDIAN">0.802674</MDI>
      <MDI key="STATISTICS_MINIMUM">0.69700002670288</MDI>
      <MDI key="STATISTICS_SKIPFACTORX">1</MDI>
      <MDI key="STATISTICS_SKIPFACTORY">1</MDI>
      <MDI key="STATISTICS_STDDEV">0.045154265398002</MDI>
    </Metadata>
  </PAMRasterBand>
  <PAMRasterBand band="2">
    <Description>Band_2</Description>
    <Histograms>
      <HistItem>
        <HistMin>0.09925000369548798</HistMin>
        <HistMax>0.3747499883174896</HistMax>
        <BucketCount>256</BucketCount>
        <IncludeOutOfRange>1</IncludeOutOfRange>
        <Approximate>0</Approximate>
        <HistCounts>1|4|0|4|7|2|11|5|3|6|13|17|21|9|16|21|15|27|20|19|9|24|12|12|39|17|18|16|24|27|18|31|14|16|22|17|25|27|24|18|21|14|8|18|13|3|14|9|3|9|3|9|8|5|2|5|2|1|9|3|2|2|2|2|1|2|0|1|0|5|0|0|0|0|4|1|0|5|0|0|0|1|0|0|0|0|0|0|0|2|0|2|2|0|0|0|2|0|0|0|1|0|0|0|0|0|0|0|0|2|2|0|0|0|0|0|2|0|0|0|0|0|0|0|0|0|0|2|0|0|1|2|0|0|1|0|2|0|1|0|0|1|0|0|0|0|0|0|0|0|0|0|2|0|1|0|0|0|0|0|0|0|0|0|0|0|1|0|0|0|0|0|0|0|0|0|0|0|0|0|0|0|0|0|1|0|0|0|0|0|0|0|0|0|0|0|0|0|0|0|0|0|0|0|0|0|0|0|0|0|0|0|0|0|0|0|0|0|0|0|2|0|0|0|0|0|0|0|0|0|0|0|0|1|0|0|0|0|0|0|0|0|0|0|0|0|0|0|0|0|0|0|0|0|0|1</HistCounts>
      </HistItem>
    </Histograms>
    <Metadata>
      <MDI key="BandName">Band_2</MDI>
      <MDI key="RepresentationType">ATHEMATIC</MDI>
      <MDI key="STATISTICS_COVARIANCES">-0.0001829859548510672,0.0008147004756922519,0.000608880666070011</MDI>
      <MDI key="STATISTICS_EXCLUDEDVALUES"></MDI>
      <MDI key="STATISTICS_MAXIMUM">0.37474998831749</MDI>
      <MDI key="STATISTICS_MEAN">0.13667429574359</MDI>
      <MDI key="STATISTICS_MEDIAN">0.131662</MDI>
      <MDI key="STATISTICS_MINIMUM">0.099250003695488</MDI>
      <MDI key="STATISTICS_SKIPFACTORX">1</MDI>
      <MDI key="STATISTICS_SKIPFACTORY">1</MDI>
      <MDI key="STATISTICS_STDDEV">0.028542958425718</MDI>
    </Metadata>
  </PAMRasterBand>
  <PAMRasterBand band="3">
    <Description>Band_3</Description>
    <Histograms>
      <HistItem>
        <HistMin>0.1375000029802322</HistMin>
        <HistMax>0.3440000116825104</HistMax>
        <BucketCount>256</BucketCount>
        <IncludeOutOfRange>1</IncludeOutOfRange>
        <Approximate>0</Approximate>
        <HistCounts>3|0|2|1|3|3|0|6|8|14|8|9|22|17|9|12|26|10|11|6|30|16|18|11|20|19|19|17|19|29|36|18|26|22|17|28|25|28|23|26|15|18|19|9|20|13|8|7|7|5|16|4|4|11|8|4|1|3|13|1|0|0|1|5|2|2|1|0|1|1|0|0|1|0|0|1|0|0|0|0|0|0|2|0|0|0|0|1|0|0|0|0|0|0|0|0|0|0|2|0|2|0|0|0|0|2|0|0|2|0|0|0|0|4|0|0|0|0|0|0|0|0|0|0|2|0|0|0|0|0|1|0|0|2|0|0|0|0|1|0|0|0|0|0|0|1|2|0|0|1|0|0|0|0|1|0|0|0|0|0|0|0|0|0|0|0|0|0|0|2|0|0|0|1|0|0|0|0|0|0|0|0|0|0|0|0|0|0|0|1|0|0|0|0|0|0|0|0|0|0|0|0|0|0|0|0|0|0|0|0|0|0|0|0|0|0|0|0|0|0|0|0|0|0|0|0|0|0|0|0|0|0|0|0|0|0|0|0|0|0|0|0|0|0|0|0|0|0|1|0|0|0|0|2|0|1</HistCounts>
      </HistItem>
    </Histograms>
    <Metadata>
      <MDI key="BandName">Band_3</MDI>
      <MDI key="RepresentationType">ATHEMATIC</MDI>
      <MDI key="STATISTICS_COVARIANCES">-8.834979684065042e-05,0.000608880666070011,0.0004743306285654858</MDI>
      <MDI key="STATISTICS_EXCLUDEDVALUES"></MDI>
      <MDI key="STATISTICS_MAXIMUM">0.34400001168251</MDI>
      <MDI key="STATISTICS_MEAN">0.16648767599967</MDI>
      <MDI key="STATISTICS_MEDIAN">0.163414</MDI>
      <MDI key="STATISTICS_MINIMUM">0.13750000298023</MDI>
      <MDI key="STATISTICS_SKIPFACTORX">1</MDI>
      <MDI key="STATISTICS_SKIPFACTORY">1</MDI>
      <MDI key="STATISTICS_STDDEV">0.021779132869917</MDI>
    </Metadata>
  </PAMRasterBand>
</PAMDataset>
