<PAMDataset>
  <Metadata>
    <MDI key="DataType">Generic</MDI>
  </Metadata>
  <PAMRasterBand band="1">
    <Description>Band_1</Description>
    <Histograms>
      <HistItem>
        <HistMin>0.7434999942779541</HistMin>
        <HistMax>0.9403333067893982</HistMax>
        <BucketCount>256</BucketCount>
        <IncludeOutOfRange>1</IncludeOutOfRange>
        <Approximate>0</Approximate>
        <HistCounts>2|0|0|0|0|0|0|0|0|0|0|0|0|0|0|0|0|0|2|2|0|0|0|0|0|0|0|0|0|0|0|0|0|0|0|0|0|0|0|1|0|0|0|0|0|0|0|1|0|0|1|0|0|0|0|0|0|0|0|0|2|0|0|0|0|0|0|0|0|0|0|0|0|0|0|0|0|0|0|0|0|1|0|0|0|0|0|0|0|0|0|2|0|0|0|0|0|0|0|0|0|0|0|0|2|2|0|0|0|0|0|0|0|2|0|0|0|0|0|0|0|0|0|0|0|0|0|0|0|0|1|0|0|0|1|1|1|2|0|0|0|0|0|2|0|2|0|0|0|2|0|0|4|0|0|0|1|0|0|0|0|0|0|0|0|1|0|1|0|0|0|1|0|0|2|1|1|0|3|0|0|0|0|3|1|0|1|0|1|0|0|0|2|0|3|1|0|2|0|1|2|1|2|0|0|0|2|0|1|2|1|0|0|0|1|0|0|0|0|2|0|0|2|1|0|0|0|0|5|9|16|20|10|30|19|56|59|59|73|75|78|64|63|44|36|29|24|28|19|16|4|8|1|1|0|2</HistCounts>
      </HistItem>
    </Histograms>
    <Metadata>
      <MDI key="BandName">Band_1</MDI>
      <MDI key="RepresentationType">ATHEMATIC</MDI>
      <MDI key="STATISTICS_COVARIANCES">0.0005657692353591547,-0.0001538345139354818,-4.654500404973739e-05</MDI>
      <MDI key="STATISTICS_EXCLUDEDVALUES"></MDI>
      <MDI key="STATISTICS_MAXIMUM">0.9403333067894</MDI>
      <MDI key="STATISTICS_MEAN">0.92290601015348</MDI>
      <MDI key="STATISTICS_MEDIAN">0.927983</MDI>
      <MDI key="STATISTICS_MINIMUM">0.74349999427795</MDI>
      <MDI key="STATISTICS_SKIPFACTORX">1</MDI>
      <MDI key="STATISTICS_SKIPFACTORY">1</MDI>
      <MDI key="STATISTICS_STDDEV">0.023785904131631</MDI>
    </Metadata>
  </PAMRasterBand>
  <PAMRasterBand band="2">
    <Description>Band_2</Description>
    <Histograms>
      <HistItem>
        <HistMin>0.0560000017285347</HistMin>
        <HistMax>0.3089999854564667</HistMax>
        <BucketCount>256</BucketCount>
        <IncludeOutOfRange>1</IncludeOutOfRange>
        <Approximate>0</Approximate>
        <HistCounts>3|0|0|4|0|2|4|8|2|11|5|7|17|12|21|12|18|28|42|26|21|34|32|37|45|35|48|48|46|42|20|22|23|27|23|14|20|18|12|11|3|5|6|2|5|4|14|3|5|4|3|1|2|5|2|1|2|4|1|3|0|0|1|2|3|0|0|0|0|0|0|2|0|2|2|0|0|0|1|1|1|0|5|1|2|0|0|0|1|0|0|0|0|0|0|0|0|0|0|0|0|0|0|0|0|0|0|0|2|0|0|0|0|1|0|0|0|0|0|0|0|0|0|0|0|0|0|0|1|0|0|2|1|0|0|0|0|0|1|0|0|0|0|0|0|0|1|0|0|0|0|0|1|1|0|0|0|1|1|1|0|0|0|0|0|1|0|2|1|0|0|0|0|0|2|0|0|0|0|0|2|0|0|0|0|0|0|3|0|0|0|0|0|0|0|0|0|0|0|0|0|0|0|1|0|0|0|0|0|0|0|0|0|0|0|0|0|0|0|0|0|0|0|0|0|0|0|0|0|0|0|0|0|0|0|0|0|0|0|0|0|0|0|0|0|0|0|0|0|0|0|0|0|0|0|2</HistCounts>
      </HistItem>
    </Histograms>
    <Metadata>
      <MDI key="BandName">Band_2</MDI>
      <MDI key="RepresentationType">ATHEMATIC</MDI>
      <MDI key="STATISTICS_COVARIANCES">-0.0001538345139354818,0.0007216176393823815,0.0004794610779527692</MDI>
      <MDI key="STATISTICS_EXCLUDEDVALUES"></MDI>
      <MDI key="STATISTICS_MAXIMUM">0.30899998545647</MDI>
      <MDI key="STATISTICS_MEAN">0.087880798182506</MDI>
      <MDI key="STATISTICS_MEDIAN">0.081796</MDI>
      <MDI key="STATISTICS_MINIMUM">0.056000001728535</MDI>
      <MDI key="STATISTICS_SKIPFACTORX">1</MDI>
      <MDI key="STATISTICS_SKIPFACTORY">1</MDI>
      <MDI key="STATISTICS_STDDEV">0.026862941748483</MDI>
    </Metadata>
  </PAMRasterBand>
  <PAMRasterBand band="3">
    <Description>Band_3</Description>
    <Histograms>
      <HistItem>
        <HistMin>0.1059999987483025</HistMin>
        <HistMax>0.2917500138282776</HistMax>
        <BucketCount>256</BucketCount>
        <IncludeOutOfRange>1</IncludeOutOfRange>
        <Approximate>0</Approximate>
        <HistCounts>2|0|0|0|0|0|3|2|0|0|2|1|6|4|4|4|1|4|7|10|4|3|7|8|17|11|25|29|18|22|20|23|35|27|13|20|31|23|36|28|35|44|27|34|21|25|18|26|24|19|17|10|19|12|23|13|2|4|1|5|6|2|8|6|5|2|3|2|2|1|0|1|4|4|3|2|1|0|0|1|0|1|1|2|2|0|1|1|0|0|0|1|0|0|2|0|0|2|2|0|0|1|0|1|0|0|0|0|0|0|2|0|0|0|0|0|1|0|0|0|0|0|0|0|1|0|0|0|0|0|0|0|1|2|0|0|1|0|0|0|0|0|0|0|0|1|0|0|0|0|0|1|1|0|1|0|0|3|1|1|0|0|2|1|2|0|0|1|0|0|0|0|0|0|0|0|0|0|0|0|0|0|0|2|0|0|0|0|0|0|0|0|0|0|0|0|0|0|1|0|0|0|0|0|0|0|0|0|0|0|0|0|0|0|0|0|0|0|0|0|0|0|0|0|0|0|0|0|0|0|0|0|0|0|0|0|0|0|0|0|0|0|0|0|0|0|0|0|0|0|0|0|0|0|0|2</HistCounts>
      </HistItem>
    </Histograms>
    <Metadata>
      <MDI key="BandName">Band_3</MDI>
      <MDI key="RepresentationType">ATHEMATIC</MDI>
      <MDI key="STATISTICS_COVARIANCES">-4.654500404973739e-05,0.0004794610779527692,0.0003406447535079821</MDI>
      <MDI key="STATISTICS_EXCLUDEDVALUES"></MDI>
      <MDI key="STATISTICS_MAXIMUM">0.29175001382828</MDI>
      <MDI key="STATISTICS_MEAN">0.13815911551445</MDI>
      <MDI key="STATISTICS_MEDIAN">0.135137</MDI>
      <MDI key="STATISTICS_MINIMUM">0.1059999987483</MDI>
      <MDI key="STATISTICS_SKIPFACTORX">1</MDI>
      <MDI key="STATISTICS_SKIPFACTORY">1</MDI>
      <MDI key="STATISTICS_STDDEV">0.018456563968084</MDI>
    </Metadata>
  </PAMRasterBand>
</PAMDataset>
