<PAMDataset>
  <Metadata>
    <MDI key="DataType">Generic</MDI>
  </Metadata>
  <PAMRasterBand band="1">
    <Description>Band_1</Description>
    <Histograms>
      <HistItem>
        <HistMin>0.5487499833106995</HistMin>
        <HistMax>0.9274259209632874</HistMax>
        <BucketCount>256</BucketCount>
        <IncludeOutOfRange>1</IncludeOutOfRange>
        <Approximate>0</Approximate>
        <HistCounts>2|0|0|0|0|0|0|0|0|0|0|0|0|1|0|0|0|0|0|0|0|0|0|0|0|0|0|0|0|1|0|0|0|0|0|0|0|0|0|0|0|0|0|0|0|0|0|2|0|0|0|0|0|0|0|0|0|1|0|0|1|0|2|0|0|1|0|0|0|0|0|0|0|1|1|0|2|2|3|2|1|3|0|0|0|1|1|0|1|0|1|1|0|1|2|0|1|1|1|2|1|4|2|1|0|2|0|2|0|1|2|0|1|0|2|7|0|1|3|4|1|4|3|4|4|2|1|2|2|6|3|1|3|0|4|1|3|5|3|4|2|3|6|9|5|9|11|9|1|2|5|10|1|17|7|15|24|18|20|22|15|12|16|24|30|19|14|19|19|29|34|36|31|42|32|36|38|40|23|43|30|49|47|35|21|35|39|29|30|42|28|20|28|40|33|25|22|34|26|36|33|28|26|22|19|31|18|25|17|22|19|15|18|16|20|14|10|14|13|15|16|9|10|5|8|8|5|1|5|7|10|3|1|3|3|2|3|4|3|2|1|0|0|4|0|0|1|2|1|5|9|7|6|0|4|1</HistCounts>
      </HistItem>
    </Histograms>
    <Metadata>
      <MDI key="BandName">Band_1</MDI>
      <MDI key="RepresentationType">ATHEMATIC</MDI>
      <MDI key="STATISTICS_COVARIANCES">0.001936505489253359,-0.0005466477471875011,-0.0002918440435605393</MDI>
      <MDI key="STATISTICS_EXCLUDEDVALUES"></MDI>
      <MDI key="STATISTICS_MAXIMUM">0.92742592096329</MDI>
      <MDI key="STATISTICS_MEAN">0.82051845997529</MDI>
      <MDI key="STATISTICS_MEDIAN">0.820506</MDI>
      <MDI key="STATISTICS_MINIMUM">0.5487499833107</MDI>
      <MDI key="STATISTICS_SKIPFACTORX">1</MDI>
      <MDI key="STATISTICS_SKIPFACTORY">1</MDI>
      <MDI key="STATISTICS_STDDEV">0.044005743821158</MDI>
    </Metadata>
  </PAMRasterBand>
  <PAMRasterBand band="2">
    <Description>Band_2</Description>
    <Histograms>
      <HistItem>
        <HistMin>0.09125000238418579</HistMin>
        <HistMax>0.2832500040531158</HistMax>
        <BucketCount>256</BucketCount>
        <IncludeOutOfRange>1</IncludeOutOfRange>
        <Approximate>0</Approximate>
        <HistCounts>4|3|6|3|8|3|2|3|12|6|5|7|5|12|10|23|19|15|26|20|12|23|9|12|19|28|15|19|22|18|31|32|34|12|29|25|32|43|28|38|48|23|31|35|32|46|22|27|27|38|35|29|23|20|33|27|25|25|24|29|25|19|23|22|18|25|19|20|12|22|11|27|23|19|18|16|10|22|17|18|11|6|3|5|13|10|8|6|13|5|14|8|14|6|6|7|5|5|8|4|13|2|5|7|5|8|5|3|3|2|9|4|7|5|1|4|8|3|6|6|4|5|4|3|2|5|4|7|8|6|5|2|2|0|2|2|2|2|7|3|1|1|3|3|0|2|5|3|0|2|0|3|2|2|0|4|2|1|3|0|1|1|0|5|0|0|0|3|0|0|2|0|1|1|0|0|1|0|0|0|0|0|0|0|1|2|0|0|0|0|1|0|0|2|0|1|0|1|0|0|0|2|0|0|1|0|0|0|2|0|1|0|0|0|0|0|0|0|0|0|0|0|0|0|0|0|0|0|1|0|1|0|1|0|1|0|0|0|0|0|1|0|0|0|0|0|0|0|0|0|0|1|0|0|0|1</HistCounts>
      </HistItem>
    </Histograms>
    <Metadata>
      <MDI key="BandName">Band_2</MDI>
      <MDI key="RepresentationType">ATHEMATIC</MDI>
      <MDI key="STATISTICS_COVARIANCES">-0.0005466477471875011,0.0007348623642602901,0.0004906259993825343</MDI>
      <MDI key="STATISTICS_EXCLUDEDVALUES"></MDI>
      <MDI key="STATISTICS_MAXIMUM">0.28325000405312</MDI>
      <MDI key="STATISTICS_MEAN">0.13564548105246</MDI>
      <MDI key="STATISTICS_MEDIAN">0.128897</MDI>
      <MDI key="STATISTICS_MINIMUM">0.091250002384186</MDI>
      <MDI key="STATISTICS_SKIPFACTORX">1</MDI>
      <MDI key="STATISTICS_SKIPFACTORY">1</MDI>
      <MDI key="STATISTICS_STDDEV">0.027108344919236</MDI>
    </Metadata>
  </PAMRasterBand>
  <PAMRasterBand band="3">
    <Description>Band_3</Description>
    <Histograms>
      <HistItem>
        <HistMin>0.1362500041723251</HistMin>
        <HistMax>0.2664999961853027</HistMax>
        <BucketCount>256</BucketCount>
        <IncludeOutOfRange>1</IncludeOutOfRange>
        <Approximate>0</Approximate>
        <HistCounts>2|1|4|4|5|0|9|1|2|5|4|7|10|5|13|10|8|4|18|21|9|11|9|25|16|17|12|19|14|16|18|11|28|17|26|11|21|26|16|27|24|28|25|30|35|36|47|26|34|38|27|32|31|30|20|31|39|23|30|20|18|17|21|26|26|39|32|22|17|33|16|15|22|22|26|18|14|16|19|16|22|14|10|18|16|17|9|13|14|5|13|7|15|6|8|4|8|15|5|9|8|21|11|5|6|8|13|9|7|7|8|5|3|5|8|10|3|6|0|2|5|7|6|7|4|13|0|3|2|5|6|4|3|9|3|7|5|3|0|1|6|4|1|6|0|1|2|1|3|2|2|0|0|1|3|2|0|0|3|2|0|2|1|2|0|4|0|2|0|2|5|0|0|0|0|2|0|0|3|0|0|0|0|0|0|1|0|0|0|0|0|0|0|0|3|0|1|0|1|0|2|1|0|2|0|0|0|0|0|0|0|0|0|0|0|1|0|0|0|0|0|0|0|0|1|0|0|0|1|0|0|0|0|0|0|0|0|0|0|0|0|0|0|0|0|0|0|0|2|0|0|0|1|0|0|1</HistCounts>
      </HistItem>
    </Histograms>
    <Metadata>
      <MDI key="BandName">Band_3</MDI>
      <MDI key="RepresentationType">ATHEMATIC</MDI>
      <MDI key="STATISTICS_COVARIANCES">-0.0002918440435605393,0.0004906259993825343,0.0003356279854437246</MDI>
      <MDI key="STATISTICS_EXCLUDEDVALUES"></MDI>
      <MDI key="STATISTICS_MAXIMUM">0.2664999961853</MDI>
      <MDI key="STATISTICS_MEAN">0.16939076851133</MDI>
      <MDI key="STATISTICS_MEDIAN">0.165365</MDI>
      <MDI key="STATISTICS_MINIMUM">0.13625000417233</MDI>
      <MDI key="STATISTICS_SKIPFACTORX">1</MDI>
      <MDI key="STATISTICS_SKIPFACTORY">1</MDI>
      <MDI key="STATISTICS_STDDEV">0.018320152440515</MDI>
    </Metadata>
  </PAMRasterBand>
</PAMDataset>
