<PAMDataset>
  <Metadata>
    <MDI key="DataType">Generic</MDI>
  </Metadata>
  <PAMRasterBand band="1">
    <Description>Band_1</Description>
    <Histograms>
      <HistItem>
        <HistMin>0.703499972820282</HistMin>
        <HistMax>0.9469074010848999</HistMax>
        <BucketCount>256</BucketCount>
        <IncludeOutOfRange>1</IncludeOutOfRange>
        <Approximate>0</Approximate>
        <HistCounts>1|0|0|0|0|0|0|0|0|0|0|0|0|0|0|0|0|0|0|0|0|0|0|0|0|0|0|0|0|0|0|0|0|0|0|0|0|0|0|0|0|0|0|0|0|0|0|0|0|0|0|0|0|0|1|0|0|0|0|0|0|0|0|0|0|0|0|0|0|1|0|0|0|0|0|0|0|0|0|0|0|0|0|0|0|0|0|0|0|0|0|0|0|0|0|0|0|0|0|0|0|0|0|0|0|0|0|0|1|0|0|0|0|0|0|0|0|0|0|0|2|0|1|0|0|0|1|0|0|0|0|0|1|0|0|2|2|0|0|0|0|1|0|0|0|0|0|0|0|0|0|0|1|0|0|0|0|3|0|1|1|0|0|0|0|1|2|0|2|0|2|0|1|0|1|0|2|0|0|4|0|0|3|2|0|1|2|0|4|0|2|2|1|6|6|1|4|2|3|4|0|8|8|10|5|9|10|5|15|10|5|10|12|7|9|15|7|7|13|6|8|8|2|7|10|8|26|96|122|95|79|67|40|27|27|28|16|15|13|4|6|0|0|0|0|0|0|1|0|0|0|0|0|0|0|1</HistCounts>
      </HistItem>
    </Histograms>
    <Metadata>
      <MDI key="BandName">Band_1</MDI>
      <MDI key="RepresentationType">ATHEMATIC</MDI>
      <MDI key="STATISTICS_COVARIANCES">0.0003654139814667389,-0.0003021759339298835,-0.0001691811310568964</MDI>
      <MDI key="STATISTICS_EXCLUDEDVALUES"></MDI>
      <MDI key="STATISTICS_MAXIMUM">0.9469074010849</MDI>
      <MDI key="STATISTICS_MEAN">0.91536339902129</MDI>
      <MDI key="STATISTICS_MEDIAN">0.921135</MDI>
      <MDI key="STATISTICS_MINIMUM">0.70349997282028</MDI>
      <MDI key="STATISTICS_SKIPFACTORX">1</MDI>
      <MDI key="STATISTICS_SKIPFACTORY">1</MDI>
      <MDI key="STATISTICS_STDDEV">0.019115804494364</MDI>
    </Metadata>
  </PAMRasterBand>
  <PAMRasterBand band="2">
    <Description>Band_2</Description>
    <Histograms>
      <HistItem>
        <HistMin>0.04625000059604645</HistMin>
        <HistMax>0.3002499938011169</HistMax>
        <BucketCount>256</BucketCount>
        <IncludeOutOfRange>1</IncludeOutOfRange>
        <Approximate>0</Approximate>
        <HistCounts>1|0|0|0|0|1|0|0|4|2|4|1|2|2|1|2|1|0|1|4|0|0|1|1|3|2|1|0|0|2|3|1|0|5|4|1|3|1|4|0|2|0|7|3|1|3|4|5|2|2|2|2|6|2|2|1|3|4|5|0|4|1|7|2|4|8|1|2|10|3|1|4|4|6|3|5|6|3|6|12|2|8|2|6|12|7|7|6|11|10|1|11|7|7|6|7|7|15|7|9|9|15|9|13|7|14|13|15|13|7|10|13|8|10|11|12|5|8|7|7|5|11|11|7|8|4|7|2|6|9|4|11|6|7|7|8|7|7|13|10|7|4|5|2|8|6|6|8|1|4|4|6|7|4|3|7|4|4|9|3|3|6|2|5|2|2|4|3|4|2|2|5|9|10|3|3|3|1|3|2|4|3|3|3|1|4|1|1|3|1|0|0|4|1|3|2|4|2|0|0|0|0|0|0|2|0|0|3|0|1|0|1|1|1|0|0|0|2|0|0|2|1|0|0|1|2|0|0|1|2|0|0|0|0|0|0|0|0|0|0|2|0|2|0|2|0|0|0|0|0|0|0|0|1|1|1</HistCounts>
      </HistItem>
    </Histograms>
    <Metadata>
      <MDI key="BandName">Band_2</MDI>
      <MDI key="RepresentationType">ATHEMATIC</MDI>
      <MDI key="STATISTICS_COVARIANCES">-0.0003021759339298835,0.002073241513429582,0.001320084476156014</MDI>
      <MDI key="STATISTICS_EXCLUDEDVALUES"></MDI>
      <MDI key="STATISTICS_MAXIMUM">0.30024999380112</MDI>
      <MDI key="STATISTICS_MEAN">0.15905340288556</MDI>
      <MDI key="STATISTICS_MEDIAN">0.155819</MDI>
      <MDI key="STATISTICS_MINIMUM">0.046250000596046</MDI>
      <MDI key="STATISTICS_SKIPFACTORX">1</MDI>
      <MDI key="STATISTICS_SKIPFACTORY">1</MDI>
      <MDI key="STATISTICS_STDDEV">0.045532861906864</MDI>
    </Metadata>
  </PAMRasterBand>
  <PAMRasterBand band="3">
    <Description>Band_3</Description>
    <Histograms>
      <HistItem>
        <HistMin>0.1019999980926514</HistMin>
        <HistMax>0.261000007390976</HistMax>
        <BucketCount>256</BucketCount>
        <IncludeOutOfRange>1</IncludeOutOfRange>
        <Approximate>0</Approximate>
        <HistCounts>3|0|0|2|0|0|1|2|0|0|2|0|1|2|0|2|2|2|1|0|4|3|2|0|2|3|1|1|0|0|3|1|3|0|4|0|2|0|1|2|3|2|4|1|3|3|4|3|0|3|2|3|0|2|2|1|5|0|8|6|9|4|2|1|5|4|2|1|4|6|5|2|7|2|5|4|4|5|8|5|8|6|5|1|7|5|7|5|5|12|5|7|4|11|6|8|7|16|7|14|3|17|13|12|12|13|9|15|6|12|8|9|7|6|6|6|11|7|10|8|6|11|11|4|5|8|12|7|2|4|8|17|4|6|6|10|3|9|6|12|4|6|5|16|7|7|1|2|4|8|2|12|3|5|4|4|5|3|6|6|3|3|1|6|0|4|2|11|5|4|2|5|3|4|0|0|8|2|6|5|9|2|4|1|3|3|2|3|2|0|2|1|4|6|1|2|2|1|0|1|1|4|1|0|3|2|0|0|1|0|0|1|0|3|1|0|0|0|4|0|2|1|3|0|0|0|3|0|0|1|0|0|0|0|5|0|0|0|0|0|1|0|1|0|0|0|0|2|0|0|0|2|0|0|0|1</HistCounts>
      </HistItem>
    </Histograms>
    <Metadata>
      <MDI key="BandName">Band_3</MDI>
      <MDI key="RepresentationType">ATHEMATIC</MDI>
      <MDI key="STATISTICS_COVARIANCES">-0.0001691811310568964,0.001320084476156014,0.0008630898647980944</MDI>
      <MDI key="STATISTICS_EXCLUDEDVALUES"></MDI>
      <MDI key="STATISTICS_MAXIMUM">0.26100000739098</MDI>
      <MDI key="STATISTICS_MEAN">0.1747468584261</MDI>
      <MDI key="STATISTICS_MEDIAN">0.172459</MDI>
      <MDI key="STATISTICS_MINIMUM">0.10199999809265</MDI>
      <MDI key="STATISTICS_SKIPFACTORX">1</MDI>
      <MDI key="STATISTICS_SKIPFACTORY">1</MDI>
      <MDI key="STATISTICS_STDDEV">0.029378391119973</MDI>
    </Metadata>
  </PAMRasterBand>
</PAMDataset>
