<PAMDataset>
  <Metadata>
    <MDI key="DataType">Generic</MDI>
  </Metadata>
  <PAMRasterBand band="1">
    <Description>Band_1</Description>
    <Histograms>
      <HistItem>
        <HistMin>0.6732500195503235</HistMin>
        <HistMax>0.9379444718360901</HistMax>
        <BucketCount>256</BucketCount>
        <IncludeOutOfRange>1</IncludeOutOfRange>
        <Approximate>0</Approximate>
        <HistCounts>1|0|0|0|0|0|0|0|0|2|1|2|0|0|2|0|0|1|1|0|1|0|1|0|4|2|1|2|0|0|0|0|1|1|0|0|3|0|1|2|1|0|1|0|0|0|1|0|0|0|0|0|2|0|1|0|0|0|0|0|0|1|1|0|0|1|0|0|2|0|1|0|0|1|1|0|0|2|2|2|0|0|1|0|1|1|6|2|0|1|1|2|0|0|7|5|4|2|2|2|2|3|2|1|4|2|3|1|3|0|2|4|2|3|5|3|1|5|2|2|5|6|6|6|5|7|3|5|4|5|10|3|9|3|5|11|3|11|6|8|4|7|12|12|19|9|18|9|12|11|15|9|16|19|14|11|20|20|23|8|15|19|11|19|12|19|19|5|4|22|18|24|24|16|15|19|18|27|15|18|14|17|25|20|22|19|12|21|22|19|29|14|27|29|27|34|28|47|24|13|13|29|24|31|21|13|15|21|18|30|31|12|10|22|22|11|17|18|15|11|12|14|8|17|20|15|14|16|7|14|18|20|17|8|9|7|14|33|139|88|80|56|52|69|38|15|17|4|9|7|5|0|0|0|0|1</HistCounts>
      </HistItem>
    </Histograms>
    <Metadata>
      <MDI key="BandName">Band_1</MDI>
      <MDI key="RepresentationType">ATHEMATIC</MDI>
      <MDI key="STATISTICS_COVARIANCES">0.00205432981312568,-0.0008741974492798341,-0.0004474390334897053</MDI>
      <MDI key="STATISTICS_EXCLUDEDVALUES"></MDI>
      <MDI key="STATISTICS_MAXIMUM">0.93794447183609</MDI>
      <MDI key="STATISTICS_MEAN">0.87407934572329</MDI>
      <MDI key="STATISTICS_MEDIAN">0.877739</MDI>
      <MDI key="STATISTICS_MINIMUM">0.67325001955032</MDI>
      <MDI key="STATISTICS_SKIPFACTORX">1</MDI>
      <MDI key="STATISTICS_SKIPFACTORY">1</MDI>
      <MDI key="STATISTICS_STDDEV">0.045324715256973</MDI>
    </Metadata>
  </PAMRasterBand>
  <PAMRasterBand band="2">
    <Description>Band_2</Description>
    <Histograms>
      <HistItem>
        <HistMin>0.07299999892711639</HistMin>
        <HistMax>0.3422499895095825</HistMax>
        <BucketCount>256</BucketCount>
        <IncludeOutOfRange>1</IncludeOutOfRange>
        <Approximate>0</Approximate>
        <HistCounts>12|19|20|17|30|40|53|60|98|57|46|62|56|90|59|98|110|135|126|95|83|54|91|52|40|28|32|21|10|13|13|13|14|4|5|13|4|4|4|0|11|4|15|9|11|7|21|14|20|32|22|24|23|24|25|31|32|36|33|22|28|18|11|22|11|16|16|17|13|8|13|12|13|12|4|4|6|1|5|6|3|0|3|3|2|2|0|0|1|0|3|1|1|0|1|1|1|1|0|2|0|0|0|1|0|0|0|0|0|0|1|1|0|0|0|0|2|0|3|0|1|0|0|4|6|1|2|3|3|2|4|1|4|5|2|0|1|1|0|0|1|0|0|2|0|2|0|0|0|1|1|1|5|1|1|3|0|1|0|1|0|0|5|0|1|0|0|1|0|4|2|0|1|3|0|1|0|0|0|0|0|0|0|0|0|0|0|0|0|0|0|0|0|0|0|0|0|0|0|0|1|0|0|0|0|0|1|0|0|0|0|0|0|0|0|0|0|2|0|1|0|0|0|0|0|0|0|0|0|0|0|0|0|0|0|1|0|0|0|0|0|1|0|0|0|0|0|0|0|0|0|0|0|2|0|1</HistCounts>
      </HistItem>
    </Histograms>
    <Metadata>
      <MDI key="BandName">Band_2</MDI>
      <MDI key="RepresentationType">ATHEMATIC</MDI>
      <MDI key="STATISTICS_COVARIANCES">-0.0008741974492798341,0.001110197260101628,0.0006882092352437157</MDI>
      <MDI key="STATISTICS_EXCLUDEDVALUES"></MDI>
      <MDI key="STATISTICS_MAXIMUM">0.34224998950958</MDI>
      <MDI key="STATISTICS_MEAN">0.10737911118785</MDI>
      <MDI key="STATISTICS_MEDIAN">0.093062</MDI>
      <MDI key="STATISTICS_MINIMUM">0.072999998927116</MDI>
      <MDI key="STATISTICS_SKIPFACTORX">1</MDI>
      <MDI key="STATISTICS_SKIPFACTORY">1</MDI>
      <MDI key="STATISTICS_STDDEV">0.033319622748489</MDI>
    </Metadata>
  </PAMRasterBand>
  <PAMRasterBand band="3">
    <Description>Band_3</Description>
    <Histograms>
      <HistItem>
        <HistMin>0.1267500072717667</HistMin>
        <HistMax>0.2977499961853027</HistMax>
        <BucketCount>256</BucketCount>
        <IncludeOutOfRange>1</IncludeOutOfRange>
        <Approximate>0</Approximate>
        <HistCounts>2|3|2|11|20|6|9|14|15|27|25|47|39|66|68|50|67|91|56|70|54|72|49|63|51|35|83|53|36|81|74|45|71|55|46|42|21|22|23|20|15|13|11|9|8|11|8|3|7|4|8|8|11|12|11|15|7|10|8|10|16|13|20|13|34|19|15|36|22|19|34|32|25|39|30|23|31|24|12|8|15|7|25|7|15|6|9|5|4|4|6|1|3|4|3|4|2|0|0|0|0|0|1|0|0|1|3|0|0|1|0|0|2|0|0|0|0|0|4|5|2|2|1|3|1|1|2|2|3|3|4|2|2|0|2|2|0|0|0|0|0|2|1|3|2|2|1|2|4|0|0|0|1|0|0|3|0|0|1|3|3|0|1|1|0|2|0|0|3|0|0|1|1|0|0|0|0|0|0|0|0|0|0|0|0|0|0|0|0|0|0|0|0|0|0|0|0|0|0|0|0|0|1|0|0|1|0|0|0|0|0|0|0|0|0|1|0|0|0|0|2|0|0|0|0|0|0|0|0|0|0|0|0|0|1|0|0|0|0|0|0|0|0|1|0|0|0|0|0|0|0|0|0|2|0|1</HistCounts>
      </HistItem>
    </Histograms>
    <Metadata>
      <MDI key="BandName">Band_3</MDI>
      <MDI key="RepresentationType">ATHEMATIC</MDI>
      <MDI key="STATISTICS_COVARIANCES">-0.0004474390334897053,0.0006882092352437157,0.0004460378305369727</MDI>
      <MDI key="STATISTICS_EXCLUDEDVALUES"></MDI>
      <MDI key="STATISTICS_MAXIMUM">0.2977499961853</MDI>
      <MDI key="STATISTICS_MEAN">0.15426536809913</MDI>
      <MDI key="STATISTICS_MEDIAN">0.146868</MDI>
      <MDI key="STATISTICS_MINIMUM">0.12675000727177</MDI>
      <MDI key="STATISTICS_SKIPFACTORX">1</MDI>
      <MDI key="STATISTICS_SKIPFACTORY">1</MDI>
      <MDI key="STATISTICS_STDDEV">0.021119607726873</MDI>
    </Metadata>
  </PAMRasterBand>
</PAMDataset>
