<PAMDataset>
  <Metadata>
    <MDI key="DataType">Generic</MDI>
  </Metadata>
  <PAMRasterBand band="1">
    <Description>Band_1</Description>
    <Histograms>
      <HistItem>
        <HistMin>0.7637500166893005</HistMin>
        <HistMax>0.936462938785553</HistMax>
        <BucketCount>256</BucketCount>
        <IncludeOutOfRange>1</IncludeOutOfRange>
        <Approximate>0</Approximate>
        <HistCounts>1|0|0|0|0|0|0|0|0|0|0|0|0|0|0|0|0|0|0|0|0|0|0|1|0|0|0|0|2|0|0|0|0|0|1|0|0|0|0|0|0|0|1|0|0|1|0|0|0|0|0|0|0|0|0|0|0|0|0|1|0|0|0|0|0|2|1|1|0|2|0|0|0|1|0|0|0|2|0|2|0|0|0|1|3|0|0|3|0|0|0|0|0|0|2|2|0|0|2|2|1|1|0|0|0|2|0|0|2|1|0|0|0|0|0|4|2|0|0|0|0|1|0|0|0|2|0|0|0|0|0|0|0|1|0|2|2|0|1|0|0|3|1|1|0|0|1|0|0|3|2|0|5|1|2|1|4|1|3|1|1|0|2|0|2|2|0|2|0|2|0|3|1|3|3|1|0|3|2|5|0|4|3|4|1|1|2|7|1|5|7|2|2|3|1|0|2|1|4|12|0|4|5|6|11|1|4|1|5|6|2|4|4|5|8|2|4|5|2|4|0|4|7|0|6|2|5|4|5|2|21|69|74|86|86|108|120|77|118|92|90|98|86|67|61|49|49|32|21|2|5|1|0|3|2|2</HistCounts>
      </HistItem>
    </Histograms>
    <Metadata>
      <MDI key="BandName">Band_1</MDI>
      <MDI key="RepresentationType">ATHEMATIC</MDI>
      <MDI key="STATISTICS_COVARIANCES">0.0004552726655888509,-0.000264712070853757,-0.0001397907779373368</MDI>
      <MDI key="STATISTICS_EXCLUDEDVALUES"></MDI>
      <MDI key="STATISTICS_MAXIMUM">0.93646293878555</MDI>
      <MDI key="STATISTICS_MEAN">0.91811989563884</MDI>
      <MDI key="STATISTICS_MEDIAN">0.923594</MDI>
      <MDI key="STATISTICS_MINIMUM">0.7637500166893</MDI>
      <MDI key="STATISTICS_SKIPFACTORX">1</MDI>
      <MDI key="STATISTICS_SKIPFACTORY">1</MDI>
      <MDI key="STATISTICS_STDDEV">0.02133711943044</MDI>
    </Metadata>
  </PAMRasterBand>
  <PAMRasterBand band="2">
    <Description>Band_2</Description>
    <Histograms>
      <HistItem>
        <HistMin>0.05424999818205833</HistMin>
        <HistMax>0.3975000083446503</HistMax>
        <BucketCount>256</BucketCount>
        <IncludeOutOfRange>1</IncludeOutOfRange>
        <Approximate>0</Approximate>
        <HistCounts>5|6|8|8|14|16|26|34|55|73|82|70|60|82|71|76|81|79|59|61|47|50|45|55|39|39|58|34|32|40|23|34|25|32|14|19|21|18|16|16|5|11|4|10|3|4|1|0|7|1|1|2|4|0|0|1|0|0|0|0|0|1|2|0|0|1|1|1|1|0|0|2|0|0|0|0|0|0|0|0|1|0|0|2|0|0|0|0|0|1|1|2|0|0|2|1|0|0|0|0|0|0|0|0|0|0|0|0|0|0|0|0|0|0|0|0|0|0|0|0|0|0|0|0|0|0|0|1|0|0|0|0|0|0|0|0|0|0|0|0|0|0|0|0|0|0|1|0|0|0|0|0|0|0|0|0|0|0|0|0|0|0|0|0|0|0|0|0|0|0|1|0|0|0|1|0|0|0|0|1|0|0|0|0|0|0|2|0|0|0|0|0|0|1|0|0|0|0|0|0|0|0|1|1|0|0|0|2|0|1|0|0|0|0|0|0|0|0|0|0|1|0|0|0|0|0|0|1|0|0|0|1|0|0|3|0|0|0|0|0|0|0|0|0|0|0|0|0|0|0|0|0|0|0|0|1</HistCounts>
      </HistItem>
    </Histograms>
    <Metadata>
      <MDI key="BandName">Band_2</MDI>
      <MDI key="RepresentationType">ATHEMATIC</MDI>
      <MDI key="STATISTICS_COVARIANCES">-0.000264712070853757,0.0009465621193134187,0.0006440595980373342</MDI>
      <MDI key="STATISTICS_EXCLUDEDVALUES"></MDI>
      <MDI key="STATISTICS_MAXIMUM">0.39750000834465</MDI>
      <MDI key="STATISTICS_MEAN">0.084723921863922</MDI>
      <MDI key="STATISTICS_MEDIAN">0.078479</MDI>
      <MDI key="STATISTICS_MINIMUM">0.054249998182058</MDI>
      <MDI key="STATISTICS_SKIPFACTORX">1</MDI>
      <MDI key="STATISTICS_SKIPFACTORY">1</MDI>
      <MDI key="STATISTICS_STDDEV">0.030766249679046</MDI>
    </Metadata>
  </PAMRasterBand>
  <PAMRasterBand band="3">
    <Description>Band_3</Description>
    <Histograms>
      <HistItem>
        <HistMin>0.1017500013113022</HistMin>
        <HistMax>0.3779999911785126</HistMax>
        <BucketCount>256</BucketCount>
        <IncludeOutOfRange>1</IncludeOutOfRange>
        <Approximate>0</Approximate>
        <HistCounts>1|0|2|1|5|3|3|3|6|28|16|25|37|24|17|43|36|31|61|59|69|76|82|62|111|93|98|96|86|66|68|63|42|43|44|30|37|26|19|17|12|10|7|3|3|2|3|0|1|2|0|1|3|1|1|0|3|1|1|0|1|0|0|0|0|0|3|0|0|0|0|0|0|0|3|0|0|0|2|0|1|0|3|0|0|0|0|0|0|0|0|0|0|0|0|0|0|0|0|0|0|0|0|0|0|0|0|0|0|0|0|0|0|0|0|0|0|0|0|0|0|0|1|0|0|0|0|0|0|0|0|0|0|0|0|0|0|0|0|0|0|0|0|0|0|0|0|0|0|1|0|0|0|0|0|0|1|1|0|0|0|0|0|0|0|1|0|0|0|0|0|0|0|0|0|2|0|0|0|0|0|0|1|1|0|0|0|0|0|0|2|1|0|0|0|1|0|0|0|0|0|1|0|1|0|0|0|0|0|0|0|0|1|0|0|0|2|0|0|0|0|0|0|0|0|0|0|0|1|0|0|0|0|0|0|0|0|0|0|0|0|0|0|0|0|0|0|0|0|0|0|0|0|0|0|1</HistCounts>
      </HistItem>
    </Histograms>
    <Metadata>
      <MDI key="BandName">Band_3</MDI>
      <MDI key="RepresentationType">ATHEMATIC</MDI>
      <MDI key="STATISTICS_COVARIANCES">-0.0001397907779373368,0.0006440595980373342,0.0004673804556391759</MDI>
      <MDI key="STATISTICS_EXCLUDEDVALUES"></MDI>
      <MDI key="STATISTICS_MAXIMUM">0.37799999117851</MDI>
      <MDI key="STATISTICS_MEAN">0.13165136946404</MDI>
      <MDI key="STATISTICS_MEDIAN">0.128833</MDI>
      <MDI key="STATISTICS_MINIMUM">0.1017500013113</MDI>
      <MDI key="STATISTICS_SKIPFACTORX">1</MDI>
      <MDI key="STATISTICS_SKIPFACTORY">1</MDI>
      <MDI key="STATISTICS_STDDEV">0.021618983686547</MDI>
    </Metadata>
  </PAMRasterBand>
</PAMDataset>
