<PAMDataset>
  <Metadata>
    <MDI key="DataType">Generic</MDI>
  </Metadata>
  <PAMRasterBand band="1">
    <Description>Band_1</Description>
    <Histograms>
      <HistItem>
        <HistMin>0.6057500243186951</HistMin>
        <HistMax>0.9291666746139526</HistMax>
        <BucketCount>256</BucketCount>
        <IncludeOutOfRange>1</IncludeOutOfRange>
        <Approximate>0</Approximate>
        <HistCounts>1|0|0|0|0|0|0|0|0|0|0|0|0|0|0|0|0|0|0|0|0|0|0|0|0|0|0|0|0|0|0|0|0|0|0|0|0|1|0|0|0|0|0|0|0|2|0|0|0|0|0|0|0|0|0|0|0|1|0|1|0|0|0|0|0|0|0|1|0|0|0|1|1|0|1|0|0|0|0|0|1|1|1|0|1|0|0|0|0|0|2|0|0|1|1|2|0|0|0|0|0|0|0|0|1|1|2|0|3|1|1|0|0|2|0|0|1|1|1|0|0|0|0|1|1|0|1|0|0|2|1|3|0|0|0|0|0|0|2|1|0|2|5|1|0|2|3|1|2|0|4|2|0|0|1|3|2|8|1|0|3|0|1|0|2|2|3|2|0|0|0|2|3|1|1|2|1|4|0|0|2|2|2|3|5|6|3|4|5|2|6|4|9|4|0|4|2|4|1|3|1|1|10|4|3|1|3|7|4|2|9|4|0|7|4|3|3|4|11|10|3|5|9|5|9|12|7|7|3|6|8|3|7|14|1|10|12|11|7|5|7|15|15|5|14|19|12|49|186|129|172|130|71|20|2|2</HistCounts>
      </HistItem>
    </Histograms>
    <Metadata>
      <MDI key="BandName">Band_1</MDI>
      <MDI key="RepresentationType">ATHEMATIC</MDI>
      <MDI key="STATISTICS_COVARIANCES">0.002096948525949247,-0.0009182516254730104,-0.00045187421562113</MDI>
      <MDI key="STATISTICS_EXCLUDEDVALUES"></MDI>
      <MDI key="STATISTICS_MAXIMUM">0.92916667461395</MDI>
      <MDI key="STATISTICS_MEAN">0.89889617815991</MDI>
      <MDI key="STATISTICS_MEDIAN">0.920289</MDI>
      <MDI key="STATISTICS_MINIMUM">0.6057500243187</MDI>
      <MDI key="STATISTICS_SKIPFACTORX">1</MDI>
      <MDI key="STATISTICS_SKIPFACTORY">1</MDI>
      <MDI key="STATISTICS_STDDEV">0.045792450534441</MDI>
    </Metadata>
  </PAMRasterBand>
  <PAMRasterBand band="2">
    <Description>Band_2</Description>
    <Histograms>
      <HistItem>
        <HistMin>0.1022500023245811</HistMin>
        <HistMax>0.395249992609024</HistMax>
        <BucketCount>256</BucketCount>
        <IncludeOutOfRange>1</IncludeOutOfRange>
        <Approximate>0</Approximate>
        <HistCounts>3|4|6|12|13|22|30|22|34|44|75|62|43|69|54|65|81|48|59|49|60|19|25|32|24|26|27|17|28|17|15|13|3|9|6|8|13|1|8|7|1|3|3|2|6|6|6|0|1|2|3|3|0|3|0|1|2|0|1|2|0|0|0|0|0|1|0|2|1|1|0|0|0|0|0|0|0|1|0|0|0|0|0|0|0|0|0|0|0|0|2|0|0|1|0|4|0|7|0|0|1|0|5|0|0|1|0|0|2|0|0|0|1|3|0|1|0|1|0|1|0|1|1|1|3|1|2|1|0|0|2|0|0|0|2|1|0|2|0|0|0|1|0|0|0|1|0|0|1|0|0|0|0|1|0|0|0|0|0|0|0|0|0|0|0|0|0|0|0|0|0|0|0|0|0|0|0|0|0|0|0|0|0|0|0|0|0|0|0|0|0|0|0|1|0|0|0|0|0|1|0|0|1|0|0|1|0|0|0|0|0|0|0|0|0|0|0|0|0|0|0|0|0|0|0|0|1|0|0|0|0|0|0|0|0|0|0|0|0|0|0|1|0|0|2|0|0|0|0|0|0|0|0|0|0|1</HistCounts>
      </HistItem>
    </Histograms>
    <Metadata>
      <MDI key="BandName">Band_2</MDI>
      <MDI key="RepresentationType">ATHEMATIC</MDI>
      <MDI key="STATISTICS_COVARIANCES">-0.0009182516254730104,0.001005337376647838,0.0005782194542858774</MDI>
      <MDI key="STATISTICS_EXCLUDEDVALUES"></MDI>
      <MDI key="STATISTICS_MAXIMUM">0.39524999260902</MDI>
      <MDI key="STATISTICS_MEAN">0.12978164551049</MDI>
      <MDI key="STATISTICS_MEDIAN">0.120634</MDI>
      <MDI key="STATISTICS_MINIMUM">0.10225000232458</MDI>
      <MDI key="STATISTICS_SKIPFACTORX">1</MDI>
      <MDI key="STATISTICS_SKIPFACTORY">1</MDI>
      <MDI key="STATISTICS_STDDEV">0.0317070556288</MDI>
    </Metadata>
  </PAMRasterBand>
  <PAMRasterBand band="3">
    <Description>Band_3</Description>
    <Histograms>
      <HistItem>
        <HistMin>0.1457500010728836</HistMin>
        <HistMax>0.320250004529953</HistMax>
        <BucketCount>256</BucketCount>
        <IncludeOutOfRange>1</IncludeOutOfRange>
        <Approximate>0</Approximate>
        <HistCounts>5|4|4|5|10|7|10|8|19|21|28|14|30|29|50|21|49|60|67|37|49|54|38|49|55|61|15|41|44|32|20|23|25|27|21|16|18|12|9|10|14|13|9|9|8|4|4|4|5|2|8|0|5|4|3|3|3|0|0|1|0|0|4|1|0|0|0|1|0|1|0|1|0|0|0|0|0|0|0|0|0|0|0|0|0|0|1|0|0|0|2|0|0|0|3|0|0|0|1|1|0|2|1|2|0|0|0|0|3|2|1|3|1|0|1|0|0|1|0|0|0|0|2|2|2|2|0|2|1|1|1|2|1|0|0|2|0|0|0|0|2|0|0|1|1|0|0|1|0|0|0|1|0|0|0|0|0|1|0|0|0|1|0|0|0|0|0|0|0|0|0|0|0|0|0|0|0|0|0|0|0|0|0|0|0|0|0|0|0|0|1|0|0|1|1|1|0|0|0|0|0|0|0|0|0|0|0|0|0|0|0|0|0|0|0|0|0|0|0|0|0|0|1|0|0|0|0|0|0|0|0|0|0|0|0|0|0|0|1|0|0|0|2|0|0|0|0|0|0|0|0|0|0|0|0|1</HistCounts>
      </HistItem>
    </Histograms>
    <Metadata>
      <MDI key="BandName">Band_3</MDI>
      <MDI key="RepresentationType">ATHEMATIC</MDI>
      <MDI key="STATISTICS_COVARIANCES">-0.00045187421562113,0.0005782194542858774,0.0003492808119314021</MDI>
      <MDI key="STATISTICS_EXCLUDEDVALUES"></MDI>
      <MDI key="STATISTICS_MAXIMUM">0.32025000452995</MDI>
      <MDI key="STATISTICS_MEAN">0.16570055405786</MDI>
      <MDI key="STATISTICS_MEDIAN">0.161489</MDI>
      <MDI key="STATISTICS_MINIMUM">0.14575000107288</MDI>
      <MDI key="STATISTICS_SKIPFACTORX">1</MDI>
      <MDI key="STATISTICS_SKIPFACTORY">1</MDI>
      <MDI key="STATISTICS_STDDEV">0.018689055940079</MDI>
    </Metadata>
  </PAMRasterBand>
</PAMDataset>
