<PAMDataset>
  <Metadata>
    <MDI key="DataType">Generic</MDI>
  </Metadata>
  <PAMRasterBand band="1">
    <Description>Band_1</Description>
    <Histograms>
      <HistItem>
        <HistMin>0.7599999904632568</HistMin>
        <HistMax>0.9351111054420471</HistMax>
        <BucketCount>256</BucketCount>
        <IncludeOutOfRange>1</IncludeOutOfRange>
        <Approximate>0</Approximate>
        <HistCounts>1|0|0|0|0|0|0|0|0|0|0|0|0|0|0|0|0|0|0|0|0|0|0|0|0|0|0|0|0|0|0|0|0|0|0|0|1|0|0|0|0|0|0|0|0|0|2|0|0|0|0|0|0|0|0|0|1|0|1|0|0|1|0|0|0|1|0|0|0|0|0|0|0|1|0|0|0|1|0|0|0|0|0|0|0|0|0|2|0|0|0|0|0|0|0|0|0|0|0|0|0|1|0|0|0|0|0|0|1|0|0|1|0|3|3|1|0|5|5|0|3|0|0|3|2|2|1|1|2|3|0|5|4|4|2|4|3|7|4|2|0|3|3|2|2|1|1|3|3|6|0|3|3|3|4|0|1|5|2|6|1|1|3|5|3|6|3|2|5|9|3|6|4|3|1|7|4|0|2|2|11|6|6|7|5|4|8|9|7|8|12|5|4|2|8|7|6|3|2|10|4|0|3|4|6|5|5|1|13|2|3|11|5|9|3|7|6|7|11|11|4|2|10|6|4|3|3|3|7|5|7|7|12|89|84|70|56|52|66|36|37|32|17|14|21|11|8|4|0|2|2|1|0|1|0|1</HistCounts>
      </HistItem>
    </Histograms>
    <Metadata>
      <MDI key="BandName">Band_1</MDI>
      <MDI key="RepresentationType">ATHEMATIC</MDI>
      <MDI key="STATISTICS_COVARIANCES">0.0006824337885318769,-1.523737234646077e-05,2.867394523416267e-05</MDI>
      <MDI key="STATISTICS_EXCLUDEDVALUES"></MDI>
      <MDI key="STATISTICS_MAXIMUM">0.93511110544205</MDI>
      <MDI key="STATISTICS_MEAN">0.90544492909883</MDI>
      <MDI key="STATISTICS_MEDIAN">0.920003</MDI>
      <MDI key="STATISTICS_MINIMUM">0.75999999046326</MDI>
      <MDI key="STATISTICS_SKIPFACTORX">1</MDI>
      <MDI key="STATISTICS_SKIPFACTORY">1</MDI>
      <MDI key="STATISTICS_STDDEV">0.026123433704854</MDI>
    </Metadata>
  </PAMRasterBand>
  <PAMRasterBand band="2">
    <Description>Band_2</Description>
    <Histograms>
      <HistItem>
        <HistMin>0.08349999785423279</HistMin>
        <HistMax>0.2207500040531158</HistMax>
        <BucketCount>256</BucketCount>
        <IncludeOutOfRange>1</IncludeOutOfRange>
        <Approximate>0</Approximate>
        <HistCounts>2|2|0|1|1|0|0|0|1|2|3|0|0|6|0|3|1|3|6|5|0|7|9|7|8|7|21|12|3|12|15|18|17|19|10|16|25|20|16|31|23|9|15|13|19|22|5|15|15|7|20|9|23|14|22|20|19|11|23|21|13|18|13|19|8|21|21|10|17|18|13|25|7|6|16|14|6|7|14|9|4|17|10|14|3|10|4|3|8|5|4|7|7|5|6|7|3|7|7|0|2|2|5|2|5|2|1|2|0|0|1|3|4|4|2|2|3|2|1|4|0|1|0|0|0|2|0|1|1|3|1|3|2|0|0|2|0|3|0|0|0|4|0|2|0|0|0|0|0|0|1|0|1|0|0|1|2|1|1|0|1|0|1|0|0|0|0|0|0|0|0|0|0|0|0|1|0|0|0|0|0|1|0|0|0|0|0|0|0|0|0|0|0|0|0|0|0|0|0|0|0|0|0|0|0|0|0|0|0|0|0|0|0|0|0|0|0|0|0|0|0|0|0|0|0|0|0|0|0|0|0|0|0|0|0|0|2|0|0|0|0|0|0|0|0|0|0|0|0|0|0|1|0|0|0|2</HistCounts>
      </HistItem>
    </Histograms>
    <Metadata>
      <MDI key="BandName">Band_2</MDI>
      <MDI key="RepresentationType">ATHEMATIC</MDI>
      <MDI key="STATISTICS_COVARIANCES">-1.523737234646077e-05,0.0002625467444975669,0.0001679536385385034</MDI>
      <MDI key="STATISTICS_EXCLUDEDVALUES"></MDI>
      <MDI key="STATISTICS_MAXIMUM">0.22075000405312</MDI>
      <MDI key="STATISTICS_MEAN">0.11586724285776</MDI>
      <MDI key="STATISTICS_MEDIAN">0.113641</MDI>
      <MDI key="STATISTICS_MINIMUM">0.083499997854233</MDI>
      <MDI key="STATISTICS_SKIPFACTORX">1</MDI>
      <MDI key="STATISTICS_SKIPFACTORY">1</MDI>
      <MDI key="STATISTICS_STDDEV">0.016203294248318</MDI>
    </Metadata>
  </PAMRasterBand>
  <PAMRasterBand band="3">
    <Description>Band_3</Description>
    <Histograms>
      <HistItem>
        <HistMin>0.1342500001192093</HistMin>
        <HistMax>0.2214999943971634</HistMax>
        <BucketCount>256</BucketCount>
        <IncludeOutOfRange>1</IncludeOutOfRange>
        <Approximate>0</Approximate>
        <HistCounts>2|2|0|0|0|1|0|0|1|1|3|0|0|1|1|0|2|2|6|1|1|1|2|5|1|1|5|9|7|9|3|5|10|12|6|12|10|18|7|10|21|9|13|15|7|9|12|8|35|9|17|11|9|13|15|14|20|18|7|20|8|8|17|3|10|15|14|33|7|13|27|8|10|33|12|20|9|8|15|14|4|26|11|16|17|11|14|4|14|20|16|8|21|1|9|7|9|13|11|13|7|2|2|11|4|8|1|3|7|4|1|11|2|5|4|2|7|1|0|4|6|0|1|0|5|4|0|5|3|0|2|4|4|1|0|4|0|1|2|1|0|2|2|1|0|1|1|1|1|0|2|0|0|0|0|0|0|4|0|0|1|0|2|1|0|0|0|1|0|1|0|0|1|0|0|0|0|0|0|0|0|0|0|1|1|0|0|2|0|0|0|0|0|0|0|0|0|0|0|0|0|0|0|0|0|0|0|0|0|0|0|0|0|0|0|0|0|0|0|0|0|0|0|0|0|0|0|0|0|0|0|0|0|0|0|0|2|0|0|0|0|0|0|0|0|0|0|2|0|0|0|0|0|0|0|1</HistCounts>
      </HistItem>
    </Histograms>
    <Metadata>
      <MDI key="BandName">Band_3</MDI>
      <MDI key="RepresentationType">ATHEMATIC</MDI>
      <MDI key="STATISTICS_COVARIANCES">2.867394523416267e-05,0.0001679536385385034,0.0001178658635326125</MDI>
      <MDI key="STATISTICS_EXCLUDEDVALUES"></MDI>
      <MDI key="STATISTICS_MAXIMUM">0.22149999439716</MDI>
      <MDI key="STATISTICS_MEAN">0.15884640972718</MDI>
      <MDI key="STATISTICS_MEDIAN">0.157859</MDI>
      <MDI key="STATISTICS_MINIMUM">0.13425000011921</MDI>
      <MDI key="STATISTICS_SKIPFACTORX">1</MDI>
      <MDI key="STATISTICS_SKIPFACTORY">1</MDI>
      <MDI key="STATISTICS_STDDEV">0.010856604604231</MDI>
    </Metadata>
  </PAMRasterBand>
</PAMDataset>
