<PAMDataset>
  <Metadata>
    <MDI key="DataType">Generic</MDI>
  </Metadata>
  <PAMRasterBand band="1">
    <Description>Band_1</Description>
    <Histograms>
      <HistItem>
        <HistMin>0.4597499966621399</HistMin>
        <HistMax>0.9239259362220764</HistMax>
        <BucketCount>256</BucketCount>
        <IncludeOutOfRange>1</IncludeOutOfRange>
        <Approximate>0</Approximate>
        <HistCounts>2|0|0|0|0|0|0|0|0|0|0|0|0|0|0|0|0|0|0|0|0|0|1|0|0|0|0|2|0|0|1|0|0|0|0|0|0|0|0|0|0|0|0|0|0|0|0|0|0|0|0|0|0|0|0|0|2|1|0|2|2|0|0|1|0|1|0|0|0|0|0|0|0|0|0|0|0|0|0|0|1|1|0|0|0|1|0|1|0|1|0|0|2|0|0|0|0|2|1|0|0|0|0|0|0|0|1|2|1|1|0|0|2|2|0|1|3|2|1|2|0|0|0|6|0|2|2|4|0|5|0|4|2|0|2|1|5|1|5|2|4|5|2|3|1|4|2|4|6|5|6|4|6|3|4|9|6|12|9|7|10|4|11|10|5|15|7|14|13|12|17|11|14|20|14|12|19|16|16|16|14|15|15|21|25|20|22|15|20|23|14|23|19|17|20|25|25|24|12|15|23|19|15|10|16|12|23|15|15|9|14|11|6|13|6|5|6|6|15|11|7|5|3|0|14|7|5|5|6|4|9|2|6|4|8|5|7|6|7|7|3|4|0|0|3|3|6|2|1|2|4|3|12|20|8|2</HistCounts>
      </HistItem>
    </Histograms>
    <Metadata>
      <MDI key="BandName">Band_1</MDI>
      <MDI key="RepresentationType">ATHEMATIC</MDI>
      <MDI key="STATISTICS_COVARIANCES">0.003901970994781711,-0.0005750851859530671,-0.0002370335572015444</MDI>
      <MDI key="STATISTICS_EXCLUDEDVALUES"></MDI>
      <MDI key="STATISTICS_MAXIMUM">0.92392593622208</MDI>
      <MDI key="STATISTICS_MEAN">0.80301113052391</MDI>
      <MDI key="STATISTICS_MEDIAN">0.805607</MDI>
      <MDI key="STATISTICS_MINIMUM">0.45974999666214</MDI>
      <MDI key="STATISTICS_SKIPFACTORX">1</MDI>
      <MDI key="STATISTICS_SKIPFACTORY">1</MDI>
      <MDI key="STATISTICS_STDDEV">0.062465758578454</MDI>
    </Metadata>
  </PAMRasterBand>
  <PAMRasterBand band="2">
    <Description>Band_2</Description>
    <Histograms>
      <HistItem>
        <HistMin>0.07050000131130219</HistMin>
        <HistMax>0.3097499907016754</HistMax>
        <BucketCount>256</BucketCount>
        <IncludeOutOfRange>1</IncludeOutOfRange>
        <Approximate>0</Approximate>
        <HistCounts>1|2|2|4|2|2|5|6|4|3|2|11|4|11|7|4|5|12|16|3|11|20|14|18|15|19|17|18|13|21|17|25|9|32|38|38|15|30|36|29|18|29|35|36|21|31|36|33|22|19|21|23|17|17|20|24|19|17|26|7|18|11|10|9|6|10|8|13|9|15|12|4|9|4|1|3|5|5|5|3|1|6|2|3|0|2|2|2|2|1|1|4|4|0|1|1|3|1|4|0|1|0|2|0|1|0|0|0|0|0|0|4|0|0|0|2|2|0|0|2|4|0|0|0|1|0|0|0|0|1|1|0|0|0|0|0|0|0|1|1|0|0|0|0|0|1|0|1|1|1|0|1|0|0|0|0|0|0|0|0|3|0|0|2|0|0|0|0|0|0|0|0|0|0|0|0|0|0|0|1|0|0|0|1|0|0|0|0|0|0|0|1|0|0|0|0|2|2|0|0|0|0|2|0|0|0|1|0|1|0|0|1|0|0|0|1|0|0|2|0|1|1|1|0|0|0|0|0|0|0|0|0|0|0|0|0|0|0|0|1|0|0|0|0|0|0|0|1|0|0|0|0|0|0|0|1</HistCounts>
      </HistItem>
    </Histograms>
    <Metadata>
      <MDI key="BandName">Band_2</MDI>
      <MDI key="RepresentationType">ATHEMATIC</MDI>
      <MDI key="STATISTICS_COVARIANCES">-0.0005750851859530671,0.0008450649304146536,0.000587373937781191</MDI>
      <MDI key="STATISTICS_EXCLUDEDVALUES"></MDI>
      <MDI key="STATISTICS_MAXIMUM">0.30974999070168</MDI>
      <MDI key="STATISTICS_MEAN">0.11585663513267</MDI>
      <MDI key="STATISTICS_MEDIAN">0.110844</MDI>
      <MDI key="STATISTICS_MINIMUM">0.070500001311302</MDI>
      <MDI key="STATISTICS_SKIPFACTORX">1</MDI>
      <MDI key="STATISTICS_SKIPFACTORY">1</MDI>
      <MDI key="STATISTICS_STDDEV">0.029070000523128</MDI>
    </Metadata>
  </PAMRasterBand>
  <PAMRasterBand band="3">
    <Description>Band_3</Description>
    <Histograms>
      <HistItem>
        <HistMin>0.1155000030994415</HistMin>
        <HistMax>0.2787500023841858</HistMax>
        <BucketCount>256</BucketCount>
        <IncludeOutOfRange>1</IncludeOutOfRange>
        <Approximate>0</Approximate>
        <HistCounts>6|6|2|3|3|10|7|2|3|1|8|2|9|6|12|6|20|21|19|16|17|13|17|37|23|28|31|29|27|16|40|21|37|37|32|40|30|41|16|18|29|34|27|17|20|13|29|13|23|24|22|15|10|13|13|11|7|9|11|8|13|6|16|6|16|10|9|15|6|8|0|5|4|3|6|0|6|2|1|0|1|2|1|1|2|3|0|0|0|2|1|4|3|0|0|0|2|0|0|2|0|2|0|2|0|0|2|0|0|0|0|0|4|1|0|0|0|0|0|0|0|0|0|0|0|0|1|0|0|1|0|1|0|0|0|1|0|0|0|0|0|0|0|0|0|1|0|0|2|0|2|1|0|0|0|0|0|0|0|0|0|0|5|0|0|0|0|0|1|0|0|0|1|0|0|0|0|0|0|0|0|0|0|1|0|0|0|0|0|0|1|0|0|0|0|1|1|0|0|1|0|1|0|0|0|0|0|0|0|2|1|0|0|0|0|0|0|0|0|2|1|0|0|0|2|1|1|1|1|0|0|0|0|0|0|0|1|0|0|0|0|0|0|0|1|1|0|0|0|0|0|0|0|0|0|1</HistCounts>
      </HistItem>
    </Histograms>
    <Metadata>
      <MDI key="BandName">Band_3</MDI>
      <MDI key="RepresentationType">ATHEMATIC</MDI>
      <MDI key="STATISTICS_COVARIANCES">-0.0002370335572015444,0.000587373937781191,0.0004298477582671988</MDI>
      <MDI key="STATISTICS_EXCLUDEDVALUES"></MDI>
      <MDI key="STATISTICS_MAXIMUM">0.27875000238419</MDI>
      <MDI key="STATISTICS_MEAN">0.14337579000265</MDI>
      <MDI key="STATISTICS_MEDIAN">0.138547</MDI>
      <MDI key="STATISTICS_MINIMUM">0.11550000309944</MDI>
      <MDI key="STATISTICS_SKIPFACTORX">1</MDI>
      <MDI key="STATISTICS_SKIPFACTORY">1</MDI>
      <MDI key="STATISTICS_STDDEV">0.020732770154208</MDI>
    </Metadata>
  </PAMRasterBand>
</PAMDataset>
